<?xml version="1.0" encoding="UTF-8"?>
<!DOCTYPE PAPER
  SYSTEM "paper-structure-annotation.dtd">
<PAPER><mode2 name="b105514n" hasDoc="yes" version="1085"/><TITLE><s sid="1"><CoreSc1 atype="GSC" type="Obj" conceptID="Obj1" novelty="New" advantage="None"/><text>Ar scattering on Ru (0001): a comparison to the washboard model<XREF ID="fn1" TYPE="FOOTNOTE_MARKER"/></text></s></TITLE><ABSTRACT><s sid="2"><CoreSc1 atype="GSC" type="Obj" conceptID="Obj1" novelty="New" advantage="None"/><text>The scattering of Ar atoms on a Ru (0001) surface has been studied by applying supersonic molecular beam techniques.</text></s> <s sid="3"><CoreSc1 atype="GSC" type="Obs" conceptID="Obs1" novelty="None" advantage="None"/><text>Variation of the incidence energy (Ei) results in a rich variety of angular and energy distributions.</text></s> <s sid="4"><CoreSc1 atype="GSC" type="Res" conceptID="Res1" novelty="None" advantage="None"/><text>At a low energy, clear zero-order diffraction has been identified.</text></s> <s sid="5"><CoreSc1 atype="GSC" type="Con" conceptID="Con1" novelty="None" advantage="None"/><text>At higher energies (≥1 eV), argon scattering of Ru (0001), however, seems to be dominated by a totally different mechanism, which appears to be almost quantitatively reproduced by the washboard model, developed by Tully (J. C. Tully, J. Chem.</text></s> <s sid="6"><CoreSc1 atype="GSC" type="Con" conceptID="Con1" novelty="None" advantage="None"/><text>Phys., 1990, 92, 680, <REF ID="R-0" REFID="cit1"/>).</text></s> <s sid="7"><CoreSc1 atype="GSC" type="Con" conceptID="Con1" novelty="None" advantage="None"/><text>This is surprising since his comparison of the washboard model to a reference of classical trajectory calculations for the Ar/Pt (111) system showed essential deviations.</text></s> <s sid="8"><CoreSc1 atype="GSC" type="Con" conceptID="Con2" novelty="None" advantage="None"/><text>Our attempt to reproduce the experimental Ar/Ru (0001) data by similar simulations was unsuccessful, most likely due to shortcomings in the description of the solid state.</text></s></ABSTRACT><BODY><DIV DEPTH="1"><HEADER HEADER_MARKER="I.">Introduction</HEADER><P><s sid="9"><CoreSc1 atype="GSC" type="Met" conceptID="Met1" novelty="Old" advantage="None"/><text>Scattering atoms from surfaces with the help of molecular beam techniques has been successfully applied to a study of the fundamentals of gas–surface interaction.</text></s> <s sid="10"><CoreSc1 atype="GSC" type="Met" conceptID="Met1" novelty="Old" advantage="No"/><text>Though a lot has been achieved over the last decades, simple systems with noble gases scattering from crystalline metallic surfaces are still non-trivial to analyse.</text></s> <s sid="11"><CoreSc1 atype="GSC" type="Met" conceptID="Met1" novelty="Old" advantage="None"/><text>(Semi-) classical trajectory calculations have proven to yield substantial insight but are obviously limited due to simplifications of the (pair) potentials as well as the large number of surface atoms necessary to generate a realistic phonon bath.<REF ID="R-1" REFID="cit2"/><REF ID="R-2" REFID="cit3"/></text></s> <s sid="12"><CoreSc1 atype="GSC" type="Met" conceptID="Met1" novelty="Old" advantage="No"/><text>Even if the simulation reproduces the data set, a full understanding of the essential mechanisms is not directly obtained.</text></s> <s sid="13"><CoreSc1 atype="GSC" type="Met" conceptID="Met1" novelty="Old" advantage="None"/><text>Furthermore the quantized phonon can have a large influence on the character of the interaction.</text></s> <s sid="14"><CoreSc1 atype="GSC" type="Bac" conceptID="Bac1" novelty="None" advantage="None"/><text>For instance, the diffraction of argon on W (100)-2H, observed by Schweizer et al.,<REF ID="R-3" REFID="cit4"/><REF ID="R-4" REFID="cit5"/> has been found to occur without phonon excitation.</text></s> <s sid="15"><CoreSc1 atype="GSC" type="Bac" conceptID="Bac1" novelty="None" advantage="None"/><text>A wide variety of scattering effects has been explained by them in terms of classical and quantum models.</text></s> <s sid="16"><CoreSc1 atype="GSC" type="Obj" conceptID="Obj2" novelty="New" advantage="None"/><text>We report a similar zero order diffraction peak for the scattering of thermal argon from the Ru (0001) surface.</text></s></P><P><s sid="17"><CoreSc1 atype="GSC" type="Mot" conceptID="Mot1" novelty="None" advantage="None"/><text>Basic models are desirable in order to rationalize and feed intuition on basic trends in gas–surface interaction.</text></s> <s sid="18"><CoreSc1 atype="GSC" type="Bac" conceptID="Bac2" novelty="None" advantage="None"/><text>A combination of the simplest models, the binary collision model for sub-specular and the hard cube model for super-specular deflection angles often suffices for qualitative analyses.</text></s> <s sid="19"><CoreSc1 atype="GSC" type="Bac" conceptID="Bac2" novelty="None" advantage="None"/><text>The washboard model, the simplest corrugated extension to the flat hard cube model, developed by Tully,<REF ID="R-5" REFID="cit1"/> serves as a useful tool to elucidate trends in the scattering from corrugated surfaces.</text></s> <s sid="20"><CoreSc1 atype="GSC" type="Bac" conceptID="Bac2" novelty="None" advantage="None"/><text>In this model a ripple is introduced to allow off-normal momentum transfer to the surface.</text></s> <s sid="21"><CoreSc1 atype="GSC" type="Bac" conceptID="Bac2" novelty="None" advantage="None"/><text>This simple corrugated extension to the flat hard cube model permits (double) rainbow structures to emerge in the angular distributions.</text></s> <s sid="22"><CoreSc1 atype="GSC" type="Bac" conceptID="Bac2" novelty="None" advantage="None"/><text>When applying the washboard model to argon scattering from various crystal faces of platinum, almost quantitative agreement with stochastic trajectory calculations was reported by Tully.<REF ID="R-6" REFID="cit1"/></text></s> <s sid="23"><CoreSc1 atype="GSC" type="Bac" conceptID="Bac2" novelty="None" advantage="None"/><text>Only the smooth (111) surface gave rise to some remarkable deviations in the velocity distribution.</text></s> <s sid="24"><CoreSc1 atype="GSC" type="Bac" conceptID="Bac2" novelty="None" advantage="None"/><text>Tully attributed this malfunction to an overestimated corrugation parameter αm.</text></s></P><P><s sid="25"><CoreSc1 atype="GSC" type="Goa" conceptID="Goa1" novelty="None" advantage="None"/><text>In this paper we present angular and velocity distributions of argon scattered from Ru (0001) for a range of beam energies.</text></s> <s sid="26"><CoreSc1 atype="GSC" type="Res" conceptID="Res2" novelty="None" advantage="None"/><text>Energy distributions for relatively high incidence energies (≥2 eV) show exactly those washboard features that Tully found to be doubtful for the (111) face of platinum.</text></s> <s sid="27"><CoreSc1 atype="GSC" type="Con" conceptID="Con3" novelty="None" advantage="None"/><text>Two solutions seem possible: either the Ru (0001) surface possesses a larger surface corrugation than Pt (111), or Tully's trajectory calculations do not accurately represent the real system.</text></s> <s sid="28"><CoreSc1 atype="GSC" type="Con" conceptID="Con3" novelty="None" advantage="None"/><text>The second option should be considered since our similar trajectory calculations on the Ar/Ru (0001) system failed to reproduce the experimental data.</text></s> <s sid="29"><CoreSc1 atype="GSC" type="Con" conceptID="Con3" novelty="None" advantage="None"/><text>Especially the competition between energy transfer to the surface through (binary) collisions and energy uptake from the warm surface from phonons seems subtle.</text></s></P></DIV><DIV DEPTH="1"><HEADER HEADER_MARKER="II.">Scattering experiments</HEADER><DIV DEPTH="2"><HEADER HEADER_MARKER="A.">Experimental set-up</HEADER><P><s sid="30"><CoreSc1 atype="GSC" type="Exp" conceptID="Exp1" novelty="None" advantage="None"/><text>The experiments were carried out in a UHV scattering chamber described in detail in a number of earlier studies.<REF ID="R-7" REFID="cit6"/></text></s> <s sid="31"><CoreSc1 atype="GSC" type="Exp" conceptID="Exp1" novelty="None" advantage="None"/><text>It consists of a main chamber with a base pressure of 1 × 10−10 mbar, which contains the sample, mounted on a 3-axis goniometer<REF ID="R-8" REFID="cit7"/> enabling the study of azimuthal dependences.</text></s> <s sid="32"><CoreSc1 atype="GSC" type="Exp" conceptID="Exp1" novelty="None" advantage="None"/><text>To this chamber is attached a 3-stage supersonic molecular beam source with an 80 mm alumina (Al2O3) nozzle.</text></s> <s sid="33"><CoreSc1 atype="GSC" type="Exp" conceptID="Exp1" novelty="None" advantage="None"/><text>A rotating disc chopper, positioned in the second stage, provides pulses of 0.5 to 50percent duty cycle duration at up to 500 Hz.</text></s> <s sid="34"><CoreSc1 atype="GSC" type="Exp" conceptID="Exp1" novelty="None" advantage="None"/><text>The translational energy of the Ar was varied between 0.1 and 2.5 eV by changing the seeding ratio of Ar in either H2 or He and heating the nozzle; this was done by electron bombardment (500 V) of a tungsten tube around the nozzle.</text></s> <s sid="35"><CoreSc1 atype="GSC" type="Exp" conceptID="Exp1" novelty="None" advantage="None"/><text>For the H2-seeded beam the nozzle temperature was restricted to ∼1300 K, since a higher temperature would allow the H2 to reduce the Al2O3 nozzle.</text></s></P><P><s sid="36"><CoreSc1 atype="GSC" type="Exp" conceptID="Exp2" novelty="None" advantage="None"/><text>Beam energies were determined by measuring the time-of-flight (TOF) of a short pulse (10 ms) of gas from the chopper to a differentially pumped rotatable quadrupole mass spectrometer (QMS) in the scattering chamber.</text></s> <s sid="37"><CoreSc1 atype="GSC" type="Exp" conceptID="Exp2" novelty="None" advantage="None"/><text>The final energy of the scattered molecules was obtained by deconvolution of their TOF signals with the direct beam profiles, as described elsewhere.<REF ID="R-9" REFID="cit6"/><REF ID="R-10" REFID="cit8"/></text></s> <s sid="38"><CoreSc1 atype="GSC" type="Exp" conceptID="Exp2" novelty="None" advantage="None"/><text>Angular resolved scattered beam intensities were measured using a 50∶50 modulated beam fitting the output of the multi-channel scaler (MCS) with a modified square wavefunction in order to obtain directly the background corrected signal (Signl): MCSi = Backgr + (Signl − Backgr)/(e[(Δ−i)/τ] × e−[(Δ+Topen−i)/τ]), with Topen the open time of the chopper.</text></s> <s sid="39"><CoreSc1 atype="GSC" type="Exp" conceptID="Exp2" novelty="None" advantage="None"/><text>The quadrupole mass spectrometer used for these measurements (Extranuclear Labs.) is mounted on a doubly differentially pumped rotatable cover in order to provide angular resolution.</text></s></P><P><s sid="40"><CoreSc1 atype="GSC" type="Exp" conceptID="Exp3" novelty="None" advantage="None"/><text>The Ru sample was aligned and polished to within 0.1° of the (0001) crystal face.</text></s> <s sid="41"><CoreSc1 atype="GSC" type="Exp" conceptID="Exp3" novelty="None" advantage="None"/><text>It could be heated by electron bombardment (600 V, 80 mA) at up to 25 K s−1, regulated by a programmable controller (Eurotherm 900 EPC) and cooled to ∼100 K with liquid nitrogen.</text></s> <s sid="42"><CoreSc1 atype="GSC" type="Exp" conceptID="Exp3" novelty="None" advantage="None"/><text>The sample temperature was measured with a type C thermocouple.</text></s> <s sid="43"><CoreSc1 atype="GSC" type="Exp" conceptID="Exp3" novelty="None" advantage="None"/><text>This was calibrated against a type K thermocouple for temperatures below 273 K. Cleaning was performed in situ by repeated cycles of flashing in a background pressure of oxygen (2 × 10−8 mbar) to 1500 K. An oxygen free surface could be obtained by a single flash to 1600 K in ultra-high vacuum (UHV).</text></s> <s sid="44"><CoreSc1 atype="GSC" type="Exp" conceptID="Exp3" novelty="None" advantage="None"/><text>Helium thermal energy atom scattering (TEAS) was found to be an extremely sensitive probe of the surface cleanliness and order.</text></s> <s sid="45"><CoreSc1 atype="GSC" type="Exp" conceptID="Exp3" novelty="None" advantage="None"/><text>This proved to be particularly useful because the main contaminant (C) is difficult to detect in small concentrations by Auger electron spectroscopy (AES) due to overlap with the ruthenium peaks.<REF ID="R-11" REFID="cit9"/><REF ID="R-12" REFID="cit10"/></text></s> <s sid="46"><CoreSc1 atype="GSC" type="Exp" conceptID="Exp3" novelty="None" advantage="None"/><text>Low energy electron diffraction is available for calibration of the azimuthal orientation of the crystal surface.</text></s></P></DIV><DIV DEPTH="2"><HEADER HEADER_MARKER="B.">Angular distributions</HEADER><P><s sid="47"><CoreSc1 atype="GSC" type="Bac" conceptID="Bac3" novelty="None" advantage="None"/><text>Depending on the incidence energy and surface temperature, the angular distributions of argon scattered from the (0001)-face of ruthenium show scattering phenomena qualitatively similar to those observed for the Ar/W (100)-2H system by Schweizer et al.<REF ID="R-13" REFID="cit5"/></text></s> <s sid="48"><CoreSc1 atype="GSC" type="Res" conceptID="Res3" novelty="None" advantage="None"/><text>For the 140 K Ru surface, scattering the lowest energy beam (80 meV) revealed a diffraction peak positioned on top of a broad background of collision events in which phonons are excited (see <XREF ID="fig1" TYPE="FIGURE-REF">Fig. 1</XREF>).</text></s> <s sid="49"><CoreSc1 atype="GSC" type="Mod" conceptID="Mod1" novelty="None" advantage="None"/><text>For this energy, the higher order diffraction peaks are expected at θspec ± 1.6° n (n = 1, 2, 3, ...).</text></s> <s sid="50"><CoreSc1 atype="GSC" type="Res" conceptID="Res4" novelty="None" advantage="None"/><text>This separation is smaller than the experimental resolution of ≈2° but might explain the repeatedly observed shoulders around the zero-order diffraction peak (inset of <XREF ID="fig1" TYPE="FIGURE-REF">Fig. 1</XREF>).</text></s> <s sid="51"><CoreSc1 atype="GSC" type="Met" conceptID="Met2" novelty="New" advantage="None"/><text>A liquid-nitrogen cooled nozzle, as used by Schweizer et al<REF ID="R-14" REFID="cit5"/>. will produce a slower Ar beam with a sharper velocity distribution which will result in more pronounced diffraction peaks with larger angular separation.</text></s> <s sid="52"><CoreSc1 atype="GSC" type="Obs" conceptID="Obs2" novelty="None" advantage="None"/><text>Upon increasing the beam energy the diffraction peak disappears.</text></s> <s sid="53"><CoreSc1 atype="GSC" type="Obs" conceptID="Obs2" novelty="None" advantage="None"/><text>The broad background sharpens from a FWHM of about 22° at 0.08 eV to 15° at Ei = 0.56 eV.</text></s> <s sid="54"><CoreSc1 atype="GSC" type="Res" conceptID="Res5" novelty="None" advantage="None"/><text>At this energy the surface corrugation experienced at this surface temperature causes a double rainbow structure to develop which is absent for the comparable Ts = 550 K data of <XREF ID="fig2" TYPE="FIGURE-REF">Fig. 2</XREF>, the origin of which will become clear in Section III.</text></s> <s sid="55"><CoreSc1 atype="GSC" type="Obs" conceptID="Obs3" novelty="None" advantage="None"/><text>At even higher energies, 1.40 eV, a single peak with a FWHM of 8.5° is formed.</text></s> <s sid="56"><CoreSc1 atype="GSC" type="Res" conceptID="Res6" novelty="None" advantage="None"/><text>Note the presence of a super specular shift of the distributions increasing the incoming collision energy, indicative of an increasing amount of normal momentum being transferred to the surface.</text></s></P></DIV><DIV DEPTH="2"><HEADER HEADER_MARKER="C.">Time of flight distributions</HEADER><P><s sid="57"><CoreSc1 atype="GSC" type="Res" conceptID="Res7" novelty="None" advantage="None"/><text>The most surprising part of the data set consists of the final energy distributions obtained by TOF measurements of argon scattered from the Ru (0001) surface.</text></s> <s sid="58"><CoreSc1 atype="GSC" type="Res" conceptID="Res7" novelty="None" advantage="None"/><text>This energy distribution <XREF ID="fig2" TYPE="FIGURE-REF">(Fig. 2)</XREF> shows a peculiar pattern for the highest incoming energy of 1.56 eV.</text></s> <s sid="59"><CoreSc1 atype="GSC" type="Res" conceptID="Res7" novelty="None" advantage="None"/><text>A remarkable transition on scattering mechanisms is clearly observed for energies in the range 0.44 ≤ Ei eV ≤ 1.56.</text></s> <s sid="60"><CoreSc1 atype="GSC" type="Res" conceptID="Res7" novelty="None" advantage="None"/><text>The lower incidence energy results in an energy distribution which can qualitatively be understood by combining the binary collision model for the sub-specular (θf &lt; θi), and the parallel momentum conservation for super-specular scattering (θf &gt; θi).</text></s> <s sid="61"><CoreSc1 atype="GSC" type="Res" conceptID="Res8" novelty="None" advantage="None"/><text>Upon increasing the beam energy this simple trend no longer holds and other mechanisms seem to dominate energy transfer and uptake.</text></s></P><P><s sid="62"><CoreSc1 atype="GSC" type="Res" conceptID="Res9" novelty="None" advantage="None"/><text>Sub-specular (θf = 35°), nearly elastic collisions are observed for both the lowest and the highest energy, while the intermediate shows substantial energy loss.</text></s> <s sid="63"><CoreSc1 atype="GSC" type="Res" conceptID="Res10" novelty="None" advantage="None"/><text>The broadness of thermal Ar TOF spectra caused severe problems with the analysis for low energies, and only spectra for Ei ≥ 0.2 eV could be deconvoluted.</text></s> <s sid="64"><CoreSc1 atype="GSC" type="Con" conceptID="Con4" novelty="None" advantage="None"/><text>The raw TOF data presented in <XREF ID="fig3" TYPE="FIGURE-REF">Fig. 3</XREF> however clearly illustrates momentum gain of the Ar atoms from hot surface phonons.</text></s> <s sid="65"><CoreSc1 atype="GSC" type="Con" conceptID="Con5" novelty="None" advantage="None"/><text>The bending down of the sub-specular scattering for the intermediate energy (Ei = 1.05 eV) is probably due to relatively hard collisions with a turning point closer to the surface.</text></s> <s sid="66"><CoreSc1 atype="GSC" type="Con" conceptID="Con6" novelty="None" advantage="None"/><text>This allows more momentum transfer to individual atoms instead of a heavier surface cluster, as is the case for softer super-specular scattering where generally the momentum transfer only takes place in the direction normal to the surface while leaving the parallel component conserved.</text></s> <s sid="67"><CoreSc1 atype="GSC" type="Con" conceptID="Con7" novelty="None" advantage="None"/><text>These are common trends, but apparently do not hold for the higher energy particles of the 1.56 eV curve, where effective energy uptake from surface phonons seems to compensate for the expected momentum transfer.</text></s> <s sid="68"><CoreSc1 atype="GSC" type="Res" conceptID="Res11" novelty="None" advantage="None"/><text>The super-specular scattering again shows remarkable deviations, while the low and intermediate energy curves follow the parallel momentum conservation curve nicely.</text></s></P><P><s sid="69"><CoreSc1 atype="GSC" type="Con" conceptID="Con8" novelty="None" advantage="None"/><text>When considering the coupling to phonons, the interaction time could be the crucial parameter.</text></s> <s sid="70"><CoreSc1 atype="GSC" type="Obs" conceptID="Obs4" novelty="None" advantage="None"/><text>The influence of surface temperature at high energy is shown in <XREF ID="fig4" TYPE="FIGURE-REF">Fig. 4</XREF>.</text></s> <s sid="71"><CoreSc1 atype="GSC" type="Res" conceptID="Res12" novelty="None" advantage="None"/><text>Surprisingly the lowest temperature curves Ts = 140 K (H-covered surface) and 300 K follow the binary collision trend fairly well over the entire angular region.</text></s> <s sid="72"><CoreSc1 atype="GSC" type="Con" conceptID="Con9" novelty="None" advantage="None"/><text>The resemblance over these two curves might be due to partial hydrogen coverage at Ts = 300 K from the H2/Ar mixed beam.</text></s> <s sid="73"><CoreSc1 atype="GSC" type="Res" conceptID="Res13" novelty="None" advantage="None"/><text>Above the hydrogen desorption temperature, the Ts = 450, 550 and 850 K curves appear within the expected error bars.</text></s></P></DIV></DIV><DIV DEPTH="1"><HEADER HEADER_MARKER="III.">Comparison to the washboard model</HEADER><P><s sid="74"><CoreSc1 atype="GSC" type="Bac" conceptID="Bac4" novelty="None" advantage="None"/><text>As mentioned in the Introduction, the washboard model is a simple extension of the hard cube model which allows off-normal momentum transfer.</text></s> <s sid="75"><CoreSc1 atype="GSC" type="Bac" conceptID="Bac4" novelty="None" advantage="None"/><text>Diffraction will not be observed since quantized energy transfer to surface phonons is not included.</text></s> <s sid="76"><CoreSc1 atype="GSC" type="Res" conceptID="Res14" novelty="None" advantage="None"/><text>The appearance of the double peak structure in the 0.56 eV curve of <XREF ID="fig1" TYPE="FIGURE-REF">Fig. 1</XREF> however can clearly be understood by the introduction of the surface corrugation, as can be observed in the top-right panel of <XREF ID="fig5" TYPE="FIGURE-REF">Fig. 5</XREF>.</text></s> <s sid="77"><CoreSc1 atype="GSC" type="Res" conceptID="Res15" novelty="None" advantage="None"/><text>When focusing on the energy distribution measured for the highest beam energy (2.32 eV) presented in <XREF ID="fig6" TYPE="FIGURE-REF">Fig. 6</XREF>, quite surprisingly, almost quantitative correspondence of the washboard model to the experimental data is achieved, with very reasonable input parameters (αm = 6° and mAr/Mcube = 40/303).</text></s> <s sid="78"><CoreSc1 atype="GSC" type="Res" conceptID="Res16" novelty="None" advantage="None"/><text>However this agreement is not accompanied by optimum correspondence in the angular distribution.</text></s> <s sid="79"><CoreSc1 atype="GSC" type="Obj" conceptID="Obj3" novelty="New" advantage="None"/><text>We choose however to focus on the qualitative analysis of the unconventional energy distribution.</text></s></P><P><s sid="80"><CoreSc1 atype="GSC" type="Mod" conceptID="Mod2" novelty="None" advantage="None"/><text><XREF ID="fig5" TYPE="FIGURE-REF">Fig. 5</XREF> shows the response of the output of the washboard model upon variation of the essential input parameters.</text></s> <s sid="81"><CoreSc1 atype="GSC" type="Mod" conceptID="Mod2" novelty="None" advantage="None"/><text>In the specular region Ef/Ei follows the binary collision curve.</text></s> <s sid="82"><CoreSc1 atype="GSC" type="Mod" conceptID="Mod2" novelty="None" advantage="None"/><text>Scattering to outgoing angles beyond the sub- and super specular rainbow maxima (θf, sub = 35.8° and θf, sup = 61.2°) is prohibited for the 0 K surface.</text></s> <s sid="83"><CoreSc1 atype="GSC" type="Mod" conceptID="Mod2" novelty="None" advantage="None"/><text>Only specific thermal fluctuations of the washboard can result in these scattering angles (bottom row <XREF ID="fig5" TYPE="FIGURE-REF">Fig. 5</XREF>).</text></s> <s sid="84"><CoreSc1 atype="GSC" type="Mod" conceptID="Mod2" novelty="None" advantage="None"/><text>Outgoing angles of θf &lt; θf, sub can be achieved by scattering off a maximum backwards tilted rising cube.</text></s> <s sid="85"><CoreSc1 atype="GSC" type="Mod" conceptID="Mod2" novelty="None" advantage="None"/><text>Similarly θf &gt; θf, sup is possible when scattering off a maximum forward tilted dropping cube.</text></s> <s sid="86"><CoreSc1 atype="GSC" type="Mod" conceptID="Mod2" novelty="None" advantage="None"/><text>The subsequent energy gain or loss with respect to the binary collision result is clearly reflected in the left column of <XREF ID="fig5" TYPE="FIGURE-REF">Fig. 5</XREF>.</text></s> <s sid="87"><CoreSc1 atype="GSC" type="Mod" conceptID="Mod2" novelty="None" advantage="None"/><text>For sub-specular angles the final energy is determined by competing mechanisms.</text></s> <s sid="88"><CoreSc1 atype="GSC" type="Mod" conceptID="Mod2" novelty="None" advantage="None"/><text>The balance between energy uptake from the surface phonons vs. the transfer of momentum to the surface due to binary collisions is largely determined by the velocity and mass of the surface cube.</text></s> <s sid="89"><CoreSc1 atype="GSC" type="Mod" conceptID="Mod2" novelty="None" advantage="None"/><text>Furthermore, larger deflection angles, i.e. harder collisions, are generally concomitant with turning points to the trajectories closer to the surface, leading to interaction with less surface atoms simultaneously and thus relatively light cube masses.</text></s> <s sid="90"><CoreSc1 atype="GSC" type="Mod" conceptID="Mod2" novelty="None" advantage="None"/><text>A dependence of the cube mass on the deflection angle is not invoked in the cube model which therefore overemphasizes the influence of the surface vibrations.</text></s> <s sid="91"><CoreSc1 atype="GSC" type="Mod" conceptID="Mod2" novelty="None" advantage="None"/><text>Moreover, it must be noted that the temperature invoked in the washboard model makes the entire ripple vibrate as a whole.</text></s> <s sid="92"><CoreSc1 atype="GSC" type="Mod" conceptID="Mod2" novelty="None" advantage="None"/><text>In reality the coupling between the surface atoms will allow thermal vibrations, causing the shape of the unit cell to be distorted.</text></s> <s sid="93"><CoreSc1 atype="GSC" type="Mod" conceptID="Mod2" novelty="None" advantage="None"/><text>Also, differences in the Debye temperatures are not included.</text></s></P></DIV><DIV DEPTH="1"><HEADER HEADER_MARKER="IV.">Classical trajectory calculations</HEADER><DIV DEPTH="2"><HEADER HEADER_MARKER="A.">Computational method</HEADER><P><s sid="94"><CoreSc1 atype="GSC" type="Met" conceptID="Met3" novelty="New" advantage="None"/><text>The computational code used to simulate the Ar/Ru (0001) system has been described in great detail elsewhere.<REF ID="R-15" REFID="cit2"/></text></s> <s sid="95"><CoreSc1 atype="GSC" type="Exp" conceptID="Exp4" novelty="None" advantage="None"/><text>In short the classical trajectory calculations consist of solving the classical molecular dynamics by integrating the Newtonian mechanical equations using the Verlet algorithm.</text></s> <s sid="96"><CoreSc1 atype="GSC" type="Exp" conceptID="Exp4" novelty="None" advantage="None"/><text>The pair potential describing the forces between the nearest neighbours in the solid is of the following form:<XREF ID="@" TYPE="EQN_POS"/><XREF ID="@" TYPE="EQN_POS"/>with the anharmonic force constants k2 and k3 determined from a Taylor expansion of a Lennard-Jones potential.</text></s> <s sid="97"><CoreSc1 atype="GSC" type="Exp" conceptID="Exp4" novelty="None" advantage="None"/><text>The surface Debye temperature is accounted for by an additional set of force constants for all atoms connected to a surface atom according to the same <XREF ID="eqn1 eqn2" TYPE="EQUATION-REF">eqns. (1) and (2)</XREF>.</text></s> <s sid="98"><CoreSc1 atype="GSC" type="Exp" conceptID="Exp4" novelty="None" advantage="None"/><text>A finite surface temperature is introduced by initially imposing a Maxwell–Boltzmann velocity distribution on the crystal atoms in their equilibrium position.</text></s> <s sid="99"><CoreSc1 atype="GSC" type="Exp" conceptID="Exp4" novelty="None" advantage="None"/><text>With evolving time, half of the kinetic energy is transferred to potential energy.</text></s> <s sid="100"><CoreSc1 atype="GSC" type="Exp" conceptID="Exp4" novelty="None" advantage="None"/><text>The potential of the gas–solid interaction is a combined repulsive Born–Mayer pair potential and an attractive van der Waals-like z-dependent interaction:<XREF ID="@" TYPE="EQN_POS"/><XREF ID="@" TYPE="EQN_POS"/>With R, the position of the Ar atom and ri the position of each ith crystal atom, {C} and {S} denote the ensemble of crystal and surface atoms, respectively.</text></s></P><P><s sid="101"><CoreSc1 atype="GSC" type="Exp" conceptID="Exp5" novelty="None" advantage="None"/><text>In the fitting the potential energy data, as calculated by standard LDA-techniques, to the form of <XREF ID="eqn3" TYPE="EQUATION-REF">eqn. (3)</XREF>, emphasis has been put on the agreement for the atop position.</text></s> <s sid="102"><CoreSc1 atype="GSC" type="Exp" conceptID="Exp5" novelty="None" advantage="None"/><text>The resulting parameters are: A = 120 664 eV, α = 3.80363 Å−1, B = 2.520 eV Å−1, z0 = 2.514 Å and γ = 0.0304 Å−4.</text></s> <s sid="103"><CoreSc1 atype="GSC" type="Exp" conceptID="Exp5" novelty="None" advantage="None"/><text>The range of the attractive potential is set to be about 10 surface atoms (σ = 0.149 Å−2).</text></s></P></DIV><DIV DEPTH="2"><HEADER HEADER_MARKER="B.">Results of simulation</HEADER><P><s sid="104"><CoreSc1 atype="GSC" type="Res" conceptID="Res17" novelty="None" advantage="None"/><text>Running classical trajectory calculations for the best known set of input parameters (see <XREF ID="tab1" TYPE="TABLE-REF">Table 1</XREF>) did not result in quantitative correspondence with the experimental data.</text></s> <s sid="105"><CoreSc1 atype="GSC" type="Res" conceptID="Res17" novelty="None" advantage="None"/><text>As can be seen in <XREF ID="fig7" TYPE="FIGURE-REF">Fig. 7</XREF>(△), even qualitative washboard-like similarities are mostly absent.</text></s> <s sid="106"><CoreSc1 atype="GSC" type="Obj" conceptID="Obj4" novelty="New" advantage="None"/><text>In order to gain insight into the mechanisms responsible for the malfunctioning of the simulation code, various input parameters have been tested.</text></s> <s sid="107"><CoreSc1 atype="GSC" type="Res" conceptID="Res18" novelty="None" advantage="None"/><text>A more accurately calculated pair potential of the Ar/Ru pair potential appeared to have minor influence on the results.</text></s> <s sid="108"><CoreSc1 atype="GSC" type="Res" conceptID="Res19" novelty="None" advantage="None"/><text>Increasing the bulk and surface Debye temperatures of ruthenium (415 and 216 K respectively) turned out to be more effective.</text></s> <s sid="109"><CoreSc1 atype="GSC" type="Res" conceptID="Res20" novelty="None" advantage="None"/><text>As shown in <XREF ID="fig8" TYPE="FIGURE-REF">Fig. 8</XREF> a trend similar to the washboard model develops when increasing both the Debye temperatures of the crystal by a factor of 1.5–2.0.</text></s> <s sid="110"><CoreSc1 atype="GSC" type="Con" conceptID="Con10" novelty="None" advantage="None"/><text>The increased lattice stiffness invoked by the stronger links between the crystal atoms increases the effective surface mass, explaining the reduced average energy transfer in the collisions.</text></s> <s sid="111"><CoreSc1 atype="GSC" type="Res" conceptID="Res21" novelty="None" advantage="None"/><text>Furthermore, double rainbow structures appear in the angular distributions due to the lesser thermal disordering of the crystal.</text></s> <s sid="112"><CoreSc1 atype="GSC" type="Res" conceptID="Res22" novelty="None" advantage="None"/><text>This trend can also be observed when comparing the scattering data on the Ts = 140 and 550 K surfaces shown in <XREF ID="fig1 fig2" TYPE="FIGURE-REF">Fig. 1 and 2</XREF>.</text></s></P><P><s sid="113"><CoreSc1 atype="GSC" type="Res" conceptID="Res23" novelty="None" advantage="None"/><text>A significantly better correspondence to the data is obtained when limiting the impact parameters to a string over the atop sites, as shown in <XREF ID="fig8" TYPE="FIGURE-REF">Fig. 8</XREF>.</text></s> <s sid="114"><CoreSc1 atype="GSC" type="Res" conceptID="Res23" novelty="None" advantage="None"/><text>In this way the scattering is mostly in-plane, excluding chattering between rows of surface atoms.</text></s> <s sid="115"><CoreSc1 atype="GSC" type="Res" conceptID="Res23" novelty="None" advantage="None"/><text>This especially affects the behaviour of the specular region.</text></s> <s sid="116"><CoreSc1 atype="GSC" type="Con" conceptID="Con11" novelty="None" advantage="None"/><text>The overlapping curves in the wings indicate that the more extreme sub- and super-specular angular regions are hardly reached by particles with impact parameters lying outside the atop string.</text></s></P></DIV></DIV><DIV DEPTH="1"><HEADER HEADER_MARKER="V.">Discussion</HEADER><P><s sid="117"><CoreSc1 atype="GSC" type="Con" conceptID="Con12" novelty="None" advantage="None"/><text>Highest incoming energies yield the most surprising result: the washboard model reproduces the peculiar experimentally obtained energy distributions, while both Tully's trajectory calculations for the Ar/Pt (111) as well as ours for the Ar/Ru (0001) system failed to do so.</text></s> <s sid="118"><CoreSc1 atype="GSC" type="Con" conceptID="Con13" novelty="None" advantage="None"/><text>Comparison of the experimental data, washboard model and classical trajectory calculations raises several questions.</text></s> <s sid="119"><CoreSc1 atype="GSC" type="Con" conceptID="Con13" novelty="None" advantage="None"/><text>Could the washboard model, despite its simplicity, contain all the essential physics on energy transfer processes, or is the agreement more a coincidence?</text></s> <s sid="120"><CoreSc1 atype="GSC" type="Con" conceptID="Con13" novelty="None" advantage="None"/><text>Though Tully showed the washboard model to work surprisingly well (almost quantitatively) for various corrugated faces of platinum, the model is meant only to elucidate simple trends in gas–surface scattering.</text></s> <s sid="121"><CoreSc1 atype="GSC" type="Bac" conceptID="Bac5" novelty="None" advantage="None"/><text>When comparing the washboard model to the calculations for the relatively smooth Pt (111) system, Tully observed effects in the energy distribution that did not seem to have any physical meaning<REF ID="R-16" REFID="cit1"/> (similar to <XREF ID="fig6" TYPE="FIGURE-REF">Fig. 6</XREF>).</text></s> <s sid="122"><CoreSc1 atype="GSC" type="Res" conceptID="Res24" novelty="None" advantage="None"/><text>Much to our surprise, the Ar/Ru (0001) measurements show exactly those unexpected washboard features that seemed erroneous for the Ar/Pt (111) system.</text></s></P><P><s sid="123"><CoreSc1 atype="GSC" type="Con" conceptID="Con14" novelty="None" advantage="None"/><text>Direct comparison of the trajectory calculations with the washboard is facilitated by limiting the impact parameters to the atop string; thus performing pseudo-2-dimensional calculations.</text></s> <s sid="124"><CoreSc1 atype="GSC" type="Con" conceptID="Con14" novelty="None" advantage="None"/><text>A sinusoidal approximation of the washboard ripple seems valid in this situation.</text></s> <s sid="125"><CoreSc1 atype="GSC" type="Con" conceptID="Con15" novelty="None" advantage="None"/><text>The results, depicted in <XREF ID="fig8" TYPE="FIGURE-REF">Fig. 8</XREF>, clearly show different trends in the specular region for the 2 and 3-dimensional simulations, probably caused by a substantial amount of multiple collisions and scattering from the heavy hollow sites.</text></s> <s sid="126"><CoreSc1 atype="GSC" type="Bac" conceptID="Bac5" novelty="None" advantage="None"/><text>Surface phonons are treated fundamentally differently by the washboard model and our simulation code TACO.</text></s> <s sid="127"><CoreSc1 atype="GSC" type="Bac" conceptID="Bac5" novelty="None" advantage="None"/><text>The washboard oscillates as a whole maintaining the sinusoid shape, whereas the more realistic trajectory calculations include thermal distortion of the lattice.</text></s> <s sid="128"><CoreSc1 atype="GSC" type="Bac" conceptID="Bac5" novelty="None" advantage="None"/><text>Furthermore, the Debye temperature is not accounted for in the washboard model; a conventional Maxwellian distribution of vibration frequencies and amplitudes is assumed.</text></s> <s sid="129"><CoreSc1 atype="GSC" type="Con" conceptID="Con16" novelty="None" advantage="None"/><text>Other possible sources of discrepancies are the hard collisions and the constant cube mass for all scattering angles (Section 3).</text></s> <s sid="130"><CoreSc1 atype="GSC" type="Con" conceptID="Con17" novelty="None" advantage="None"/><text>Especially for the larger scattering angles (sub-specular scattering), the closer approach of the surface causes the argon atom to interact with less surface atoms simultaneously, i.e. a lower cube mass.</text></s> <s sid="131"><CoreSc1 atype="GSC" type="Con" conceptID="Con18" novelty="None" advantage="None"/><text>Note that extending the washboard model for such details could improve quantitative agreement with experiments but at the expense of the accessibility for intuition.</text></s> <s sid="132"><CoreSc1 atype="GSC" type="Con" conceptID="Con18" novelty="None" advantage="None"/><text>Deducing the crucial problem in the simulation method could lead us to the difference between the Ar/Ru (0001) and the Ar/ Pt (111) systems.</text></s> <s sid="133"><CoreSc1 atype="GSC" type="Con" conceptID="Con18" novelty="None" advantage="None"/><text>The observed effective tuning of the Debye temperature suggests that the main reason why our trajectory simulations fail to reproduce the experiment lies in the implementation of the interactions in the solid state.</text></s> <s sid="134"><CoreSc1 atype="GSC" type="Con" conceptID="Con19" novelty="None" advantage="None"/><text>The oscillation amplitude and frequency of (real) surface atoms is likely to result in an interaction-time-dependent coupling to the surface phonons.</text></s> <s sid="135"><CoreSc1 atype="GSC" type="Con" conceptID="Con19" novelty="None" advantage="None"/><text>In this way changes made in the incidence energy will affect the balance between energy loss or uptake.</text></s></P><P><s sid="136"><CoreSc1 atype="GSC" type="Con" conceptID="Con20" novelty="None" advantage="None"/><text>This raises the question: why does Ru (0001) scatter argon in a qualitatively different way than Pt (111), behaving so much like a washboard?</text></s> <s sid="137"><CoreSc1 atype="GSC" type="Obs" conceptID="Obs5" novelty="None" advantage="None"/><text>In order to facilitate comparison, the most important parameters describing the two crystals are presented in <XREF ID="tab1" TYPE="TABLE-REF">Table 1</XREF>.</text></s> <s sid="138"><CoreSc1 atype="GSC" type="Obs" conceptID="Obs5" novelty="None" advantage="None"/><text>Both the atomic masses and the Debye temperatures differ by a factor of two.</text></s> <s sid="139"><CoreSc1 atype="GSC" type="Con" conceptID="Con21" novelty="None" advantage="None"/><text>Our trajectory calculations showed the effect of the Debye temperatures on the energy distributions <XREF ID="fig7" TYPE="FIGURE-REF">(Fig. 7)</XREF> which could account for the difference in the observed sub-specular energy distributions.</text></s></P></DIV><DIV DEPTH="1"><HEADER HEADER_MARKER="VI.">Conclusions</HEADER><P><s sid="140"><CoreSc1 atype="GSC" type="Res" conceptID="Res25" novelty="None" advantage="None"/><text>As simple as scattering of a noble gas atom from a single crystalline surface might seem, we observe multiple scattering mechanisms for Ar/Ru (0001).</text></s> <s sid="141"><CoreSc1 atype="GSC" type="Res" conceptID="Res25" novelty="None" advantage="None"/><text>Zero-order diffraction at the lowest incidence energy, rainbow scattering at intermediate and washboard-like energy transfers for the highest attainable energy.</text></s> <s sid="142"><CoreSc1 atype="GSC" type="Res" conceptID="Res25" novelty="None" advantage="None"/><text>In particular, these peculiar energy distributions, qualitatively different from the Ar/Pt (111)-system, are nicely reproduced by the washboard model.</text></s> <s sid="143"><CoreSc1 atype="GSC" type="Con" conceptID="Con22" novelty="None" advantage="None"/><text>While not too much significance should be attached to the quantitative aspect of the output, this simple model does prove to be a powerful tool in the straightforward analysis of the competing mechanisms behind the energy exchange of gases and surfaces.</text></s></P><P><s sid="144"><CoreSc1 atype="GSC" type="Res" conceptID="Res26" novelty="None" advantage="None"/><text>Comparison of pseudo-2-d and full 3-d classical trajectory simulations show the 1-d washboard ripple to be clearly insufficient to describe the Ru (0001) surface corrugation.</text></s> <s sid="145"><CoreSc1 atype="GSC" type="Con" conceptID="Con23" novelty="None" advantage="None"/><text>Satisfactory correspondence to the experimentally determined energy distributions was however not obtained, most likely due to shortcomings in the representation of the phonon bath in our simulation code (TACO).</text></s></P></DIV></BODY><cmlPile/></PAPER>