<?xml version="1.0" encoding="UTF-8"?>
<!DOCTYPE PAPER
  SYSTEM "paper-structure-annotation.dtd">
<PAPER><mode2 name="b108236c" hasDoc="yes" version="1085"/><TITLE><s sid="1"><CoreSc1 atype="GSC" type="Obj" conceptID="Obj1" novelty="New" advantage="None"/><text>Thermodynamics and kinetics of RuIII(edta) as an efficient scavenger for nitric oxide in aqueous solution</text></s></TITLE><ABSTRACT><s sid="2"><CoreSc1 atype="GSC" type="Bac" conceptID="Bac1" novelty="None" advantage="None"/><text>The edta complex of RuIII reacts very rapidly with NO in aqueous solution at pH = 5 to form a stable nitrosyl complex.</text></s> <s sid="3"><CoreSc1 atype="GSC" type="Bac" conceptID="Bac2" novelty="None" advantage="None"/><text>The results from FT-IR (ATR) and 15N-NMR studies clearly support the NO+ character of coordinated NO, such that the nitrosyl product can be formulated as [RuII(edta)NO]+.</text></s> <s sid="4"><CoreSc1 atype="GSC" type="Goa" conceptID="Goa1" novelty="None" advantage="None"/><text>A combination of UV-Vis spectroscopy and electrochemical detection of NO was used to determine the overall equilibrium constant KNO as (9.1 ± 1.2) × 107 M−1 at 25 °C and pH = 5.0.</text></s> <s sid="5"><CoreSc1 atype="GSC" type="Res" conceptID="Res1" novelty="None" advantage="None"/><text>Stopped-flow kinetic studies on the reaction of acetate-buffered solutions of [RuIII(edta)H2O]− with NO gave kon values two orders of magnitude lower than that reported in the literature as a result of buffer effects.</text></s> <s sid="6"><CoreSc1 atype="GSC" type="Res" conceptID="Res2" novelty="None" advantage="None"/><text>The values of kon determined at low and high pH, viz.</text></s> <s sid="7"><CoreSc1 atype="GSC" type="Res" conceptID="Res2" novelty="None" advantage="None"/><text>3.8 × 104 and 1.2 × 105 M−1 s−1, respectively, are significantly smaller than that found at pH = 5.0, and in agreement with that observed for the substitution reactions of RuIII(edta) with other entering nucleophiles.</text></s> <s sid="8"><CoreSc1 atype="GSC" type="Res" conceptID="Res3" novelty="None" advantage="None"/><text>Attempts to determine kon for the binding of NO to [RuIII(edta)H2O]− using laser flash photolysis failed due to the occurrence of side reactions.</text></s> <s sid="9"><CoreSc1 atype="GSC" type="Res" conceptID="Res4" novelty="None" advantage="None"/><text>Under specific conditions (NO in excess and NO2− as impurity), the formation of the disubstituted [RuII(edta)(NO+)(NO2−)]2− species was detected using 15N-NMR spectroscopy.</text></s> <s sid="10"><CoreSc1 atype="GSC" type="Con" conceptID="Con1" novelty="None" advantage="None"/><text>Laser flash photolysis of this complex leads to multiple chemical reaction steps as a result of the formation of two primary photoproducts, which decay with different rate constants to the starting complex.</text></s> <s sid="11"><CoreSc1 atype="GSC" type="Bac" conceptID="Bac3" novelty="None" advantage="None"/><text>Possible mechanisms for these photoinduced reactions are proposed and compared to related systems reported in the literature.</text></s></ABSTRACT><BODY><DIV DEPTH="1"><HEADER>Introduction</HEADER><P><s sid="12"><CoreSc1 atype="GSC" type="Mot" conceptID="Mot1" novelty="None" advantage="None"/><text>The potential application of ruthenium nitrosyl complexes as metallopharmaceuticals (e.g. as antitumor and antisepsis agents),<REF ID="R-0" REFID="cit1"/> has generated new interest in the reactions of ruthenium(iii) polyaminocarboxylate complexes with nitric oxide.</text></s> <s sid="13"><CoreSc1 atype="GSC" type="Bac" conceptID="Bac4" novelty="None" advantage="None"/><text>Studies during the past decade have shown that the family of ruthenium(iii) polyaminocarboxylate complexes satisfies most of the requirements for effective scavengers of NO in biological systems.<REF ID="R-1" REFID="cit3"/><REF ID="R-2" REFID="cit4"/><REF ID="R-3" REFID="cit5"/></text></s> <s sid="14"><CoreSc1 atype="GSC" type="Bac" conceptID="Bac5" novelty="None" advantage="None"/><text>One of the most promising complexes appears to be [RuIII(edta)H2O]−.</text></s> <s sid="15"><CoreSc1 atype="GSC" type="Bac" conceptID="Bac5" novelty="None" advantage="None"/><text>This ethylenediaminetetraacetate (edta4−) complex has been shown to be pentadentate in aqueous solution with the sixth coordination site being occupied by either a water molecule or a hydroxide ion.<REF ID="R-4" REFID="cit6"/></text></s> <s sid="16"><CoreSc1 atype="GSC" type="Bac" conceptID="Bac6" novelty="None" advantage="None"/><text>In aqueous solution, the complex exists in three forms, viz.</text></s> <s sid="17"><CoreSc1 atype="GSC" type="Bac" conceptID="Bac6" novelty="None" advantage="None"/><text>[RuIII(Hedta)H2O], [RuIII(edta)H2O]− and [RuIII(edta)OH]2−, depending on the pH, according to <XREF ID="eqn1" TYPE="EQUATION-REF">eqn. 1</XREF> and <XREF ID="eqn2" TYPE="EQUATION-REF">2</XREF>.</text></s></P><P><s sid="18"><CoreSc1 atype="GSC" type="Bac" conceptID="Bac7" novelty="None" advantage="None"/><text>The pK1 value corresponds to the deprotonation of the uncoordinated carboxylic acid group of the Hedta3− ligand, and the more basic pK2 corresponds to the deprotonation of coordinated water.</text></s></P><P><s sid="19"><CoreSc1 atype="GSC" type="Bac" conceptID="Bac1" novelty="None" advantage="None"/><text>Kinetic studies on the substitution behaviour of this complex revealed its extreme lability in comparison to other nonchelated complexes of RuIII, with the maximum reactivity reached at 4 &lt; pH &lt; 6.<REF ID="R-5" REFID="cit7"/><REF ID="R-6" REFID="cit8"/><REF ID="R-7" REFID="cit9"/><REF ID="R-8" REFID="cit10"/></text></s> <s sid="20"><CoreSc1 atype="GSC" type="Bac" conceptID="Bac8" novelty="None" advantage="None"/><text>This is ascribed to the participation of the very labile [RuIII(edta)H2O]− complex.</text></s> <s sid="21"><CoreSc1 atype="GSC" type="Bac" conceptID="Bac9" novelty="None" advantage="None"/><text>Since displacement of H2O by L (L = nucleophile) is kinetically more favourable than displacement of OH− by L, the lower reactivity of [RuIII(edta)OH]2− (at pH &gt; 8) compared to [RuIII(edta)H2O]− is not surprising.</text></s> <s sid="22"><CoreSc1 atype="GSC" type="Mot" conceptID="Mot2" novelty="None" advantage="None"/><text>However, there is no rationalisation for the low reactivity of [RuIII(Hedta)H2O] compared to that of [RuIII(edta)H2O]−.</text></s> <s sid="23"><CoreSc1 atype="GSC" type="Bac" conceptID="Bac10" novelty="None" advantage="None"/><text>Matsubara and Creutz demonstrated that both a coordinated water molecule and a pendant free carboxylate arm are required for the extreme lability of [RuIII(edta)H2O]−.<REF ID="R-9" REFID="cit6"/></text></s> <s sid="24"><CoreSc1 atype="GSC" type="Bac" conceptID="Bac11" novelty="None" advantage="None"/><text>There is evidence that suggests that the maximum reactivity in this case can be ascribed to steric activation of an associative process (hydrogen bonding between coordinated water and an oxygen of the free carboxylate arm has the net effect of distorting all the metal–ligand bonds slightly, creating an accessible site for attack by the entering ligand).</text></s> <s sid="25"><CoreSc1 atype="GSC" type="Bac" conceptID="Bac12" novelty="None" advantage="None"/><text>In order to understand this high lability, systematic kinetic studies of the substitution behaviour of this complex with a series of nucleophiles were undertaken, and the results support the operation of an associative ligand substitution mechanism.<REF ID="R-10" REFID="cit12"/><REF ID="R-11" REFID="cit13"/></text></s></P><P><s sid="26"><CoreSc1 atype="GSC" type="Mot" conceptID="Mot3" novelty="None" advantage="None"/><text>The thermodynamics and kinetics of the interaction of RuIII(edta) with NO appears to be especially interesting from a medical, catalytic and kinetic point of view.</text></s> <s sid="27"><CoreSc1 atype="GSC" type="Bac" conceptID="Bac13" novelty="None" advantage="None"/><text>In this respect, Davies et al. have studied the kinetics of NO binding to [RuIII(edta)H2O]− using stopped-flow techniques.<REF ID="R-12" REFID="cit5"/></text></s> <s sid="28"><CoreSc1 atype="GSC" type="Bac" conceptID="Bac13" novelty="None" advantage="None"/><text>They showed that [RuIII(edta)H2O]− scavenges NO rapidly (k = 2.6 × 107 M−1 s−1 at 7 °C) to form [RuIII(edta)NO]−.</text></s> <s sid="29"><CoreSc1 atype="GSC" type="Bac" conceptID="Bac14" novelty="None" advantage="None"/><text>On the other hand, Meyer et al. have used [RuIII(edta)H2O]− to catalyse the electrochemical reduction of NO2− to NH4+, NH2OH, and N2O.<REF ID="R-13" REFID="cit14"/></text></s> <s sid="30"><CoreSc1 atype="GSC" type="Bac" conceptID="Bac15" novelty="None" advantage="None"/><text>[RuIII(edta)NO] has been characterised using different physicochemical methods.<REF ID="R-14" REFID="cit16"/><REF ID="R-15" REFID="cit17"/></text></s> <s sid="31"><CoreSc1 atype="GSC" type="Bac" conceptID="Bac16" novelty="None" advantage="None"/><text>Recently, an X-ray structural characterisation of [RuIII(edta)NO], prepared through the reaction of [RuIII(edta)H2O]− with NOCl, revealed that the edta ligand is pentadentate, with the free carboxylate arm deprotonated to balance the charge due to NO+, which binds at the sixth position of the distorted octahedron of RuIII in a linear manner.<REF ID="R-16" REFID="cit18"/></text></s></P><P><s sid="32"><CoreSc1 atype="GSC" type="Mot" conceptID="Mot4" novelty="None" advantage="None"/><text>Our interest in the binding of NO to [RuIII(edta)H2O]− arises from recent studies dealing with the reversible binding of NO to metmyoglobin and selected iron(ii) aminocarboxylate complexes in aqueous solution.<REF ID="R-17" REFID="cit19"/><REF ID="R-18" REFID="cit20"/></text></s> <s sid="33"><CoreSc1 atype="GSC" type="Bac" conceptID="Bac17" novelty="None" advantage="None"/><text>In these studies, RuIII(edta) was used as a trap for NO in order to measure the dissociation rate constant of NO in a direct manner.</text></s> <s sid="34"><CoreSc1 atype="GSC" type="Bac" conceptID="Bac18" novelty="None" advantage="None"/><text>We found that [RuIII(edta)H2O]−, due to its high affinity for NO and suitable chemical properties (such as a relatively high stability and oxygen insensitivity), is a promising candidate for practical application as a very efficient NO scavenger in a wide variety of trapping experiments.</text></s></P><P><s sid="35"><CoreSc1 atype="GSC" type="Goa" conceptID="Goa2" novelty="None" advantage="None"/><text>The present study was undertaken to determine the stability constant and rate constants for the binding and release of NO, in order to throw more light on the intimate nature of the underlying reaction mechanism for the formation and dissociation of the [RuIII(edta)NO]− complex.</text></s> <s sid="36"><CoreSc1 atype="GSC" type="Met" conceptID="Met1" novelty="None" advantage="None"/><text>We wanted to achieve this goal by using two different fast kinetics techniques, viz. stopped-flow and laser flash photolysis.</text></s> <s sid="37"><CoreSc1 atype="GSC" type="Bac" conceptID="Bac19" novelty="None" advantage="None"/><text>Despite all our efforts to resolve the kinetics of this reaction, of which a detailed account is given, unanswered mechanistic questions still remain.</text></s></P></DIV><DIV DEPTH="1"><HEADER>Results and discussion</HEADER><DIV DEPTH="2"><HEADER>Spectroscopic studies</HEADER><P><s sid="38"><CoreSc1 atype="GSC" type="Obs" conceptID="Obs1" novelty="None" advantage="None"/><text>The UV-Vis spectrum of [RuIII(edta)H2O]− measured in 0.2 M acetate buffer solution at pH = 5.0 exhibits a band maximum at 280 nm (ε = 2800 M−1 cm−1) and a shoulder at 350 nm (ε = 680 M−1 cm−1).</text></s> <s sid="39"><CoreSc1 atype="GSC" type="Obs" conceptID="Obs2" novelty="None" advantage="None"/><text>Exposure of a degassed solution of [RuIII(edta)H2O]− to excess NO led to a significant decrease in absorbance in the range 270–410 nm and an increase in absorbance below 270 nm.</text></s> <s sid="40"><CoreSc1 atype="GSC" type="Obs" conceptID="Obs3" novelty="None" advantage="None"/><text>Difference spectra recorded during titration of [RuIII(edta)H2O]− in aqueous solution at pH = 5.0 against a buffered NO solution (<XREF ID="fig1" TYPE="FIGURE-REF">Fig. 1</XREF>) indicated an isosbestic point at 271 nm.</text></s> <s sid="41"><CoreSc1 atype="GSC" type="Res" conceptID="Res5" novelty="None" advantage="None"/><text>The uptake of NO appears to be irreversible as judged from experiments in which a stream of Ar was used to remove NO from solution, consistent with <XREF ID="eqn3" TYPE="EQUATION-REF">eqn. 3</XREF>.</text></s></P><P><s sid="42"><CoreSc1 atype="GSC" type="Mod" conceptID="Mod1" novelty="None" advantage="None"/><text><EQN ID="eqn3">[RuIII(edta)H2O]− + NO → [RuIII(edta)NO]− ↔ [RuII(edta)NO+]−</EQN></text></s></P><P><s sid="43"><CoreSc1 atype="GSC" type="Hyp" conceptID="Hyp1" novelty="None" advantage="None"/><text>It is suggested that the formation of the nitrosyl complex is accompanied by charge transfer from NO to RuIII, and the electronic configuration of the RuIII–NO center may be described as RuII–NO+.</text></s> <s sid="44"><CoreSc1 atype="GSC" type="Res" conceptID="Res6" novelty="None" advantage="None"/><text>All these findings are consistent with the high value of the equilibrium constant KNO determined from the spectral changes coupled to the detection of free NO using a potentiometric technique.</text></s> <s sid="45"><CoreSc1 atype="GSC" type="Res" conceptID="Res6" novelty="None" advantage="None"/><text>The value of KNO was found to be (9.1 ± 1.2) × 107 M−1 at 25 °C and pH = 5.0, which is 2 to 3 orders of magnitude larger than that reported in the literature for related systems.<REF ID="R-19" REFID="cit6"/></text></s></P><P><s sid="46"><CoreSc1 atype="GSC" type="Bac" conceptID="Bac20" novelty="None" advantage="None"/><text>IR spectroscopy is considered to be a useful tool for the determination of the binding mode and oxidation state of NO in metal-based complexes.</text></s> <s sid="47"><CoreSc1 atype="GSC" type="Obs" conceptID="Obs4" novelty="None" advantage="None"/><text>A vibration for coordinated NO was found at 1900 cm−1 for an aqueous solution of [RuIII(edta)NO]− using an ATR cell.</text></s> <s sid="48"><CoreSc1 atype="GSC" type="Res" conceptID="Res7" novelty="None" advantage="None"/><text>This value is in good agreement with literature values<REF ID="R-20" REFID="cit22"/><REF ID="R-21" REFID="cit23"/> and suggests that NO is coordinated in a linear fashion as RuII–NO+.</text></s> <s sid="49"><CoreSc1 atype="GSC" type="Bac" conceptID="Bac21" novelty="None" advantage="None"/><text>Further information on the nature of this complex comes from the 15N-NMR measurements reported below.</text></s></P></DIV><DIV DEPTH="2"><HEADER>Kinetic studies: stopped-flow experiments, determination of kon</HEADER><P><s sid="50"><CoreSc1 atype="GSC" type="Bac" conceptID="Bac22" novelty="None" advantage="None"/><text>Recently, kinetic studies revealed that NO binds very rapidly to [RuIII(edta)H2O]− with a second-order rate constant of ca.</text></s> <s sid="51"><CoreSc1 atype="GSC" type="Bac" conceptID="Bac22" novelty="None" advantage="None"/><text>1 × 107 M−1 s−1 in phosphate buffer at pH = 7.4 and 7.3 °C.<REF ID="R-22" REFID="cit5"/></text></s> <s sid="52"><CoreSc1 atype="GSC" type="Bac" conceptID="Bac22" novelty="None" advantage="None"/><text>This value was determined using stopped-flow techniques, working under second-order conditions at low concentrations of both reactants and at a low temperature.</text></s></P><P><s sid="53"><CoreSc1 atype="GSC" type="Exp" conceptID="Exp1" novelty="None" advantage="None"/><text>Similar kinetic measurements on the [RuIII(edta)H2O]−/NO system were performed in 0.2 M acetate buffer at pH = 5.0 and 8 °C under pseudo-first-order conditions (i.e. at least a seven-fold excess of NO).</text></s> <s sid="54"><CoreSc1 atype="GSC" type="Obs" conceptID="Obs5" novelty="None" advantage="None"/><text>As can be seen from the absorbance–time plot shown in <XREF ID="fig1" TYPE="FIGURE-REF">Fig. 1</XREF> (inset), complete NO binding to [RuIII(edta)H2O]− occurs within 0.5 s with kobs = 21 s−1 under the selected conditions.</text></s> <s sid="55"><CoreSc1 atype="GSC" type="Hyp" conceptID="Hyp2" novelty="None" advantage="None"/><text><XREF ID="eqn4" TYPE="EQUATION-REF">Reaction (4)</XREF> is expected to follow (pseudo) first-order kinetics in the presence of a large excess of NO, to give a rate constant kobs expressed as shown in <XREF ID="eqn5" TYPE="EQUATION-REF">eqn. (5)</XREF>.</text></s></P><P><s sid="56"><CoreSc1 atype="GSC" type="Mod" conceptID="Mod2" novelty="None" advantage="None"/><text><EQN ID="eqn5">kobs = kon[NO] + koff</EQN></text></s></P><P><s sid="57"><CoreSc1 atype="GSC" type="Obs" conceptID="Obs6" novelty="None" advantage="None"/><text>The plot of kobs vs. [NO] was found to be linear with a very small intercept (<XREF ID="fig2" TYPE="FIGURE-REF">Fig. 2</XREF>).</text></s> <s sid="58"><CoreSc1 atype="GSC" type="Res" conceptID="Res8" novelty="None" advantage="None"/><text>The slope of the line resulted in kon = 1 × 105 M−1 s−1 at 8 °C, which is 100 times slower than that reported by Davies et al.<REF ID="R-23" REFID="cit5"/></text></s> <s sid="59"><CoreSc1 atype="GSC" type="Bac" conceptID="Bac23" novelty="None" advantage="None"/><text>Different experiments were performed in an effort to resolve this apparent discrepancy.</text></s></P><P><s sid="60"><CoreSc1 atype="GSC" type="Hyp" conceptID="Hyp3" novelty="None" advantage="None"/><text>Since it is practically impossible to prepare aqueous solutions of NO totally free of nitrite,<REF ID="R-24" REFID="cit24"/><REF ID="R-25" REFID="cit25"/> it is possible that nitrite impurities can interfere with the studied reaction and affect the value of kon.</text></s> <s sid="61"><CoreSc1 atype="GSC" type="Exp" conceptID="Exp2" novelty="None" advantage="None"/><text>For that reason, the rate constant for the reaction between [RuIII(edta)H2O]− and nitrite was determined under the same experimental conditions.</text></s> <s sid="62"><CoreSc1 atype="GSC" type="Obs" conceptID="Obs7" novelty="None" advantage="None"/><text>As can be seen from the spectral changes recorded for the binding of nitrite to [RuIII(edta)H2O]− in 0.2 M acetate buffer solution (<XREF ID="fig3" TYPE="FIGURE-REF">Fig. 3</XREF>), the formation of [RuIII(edta)(NO2)]2− is accompanied by a significant absorbance increase in the range 250–400 nm.</text></s> <s sid="63"><CoreSc1 atype="GSC" type="Exp" conceptID="Exp3" novelty="None" advantage="None"/><text>The kinetics of this reaction were studied by stopped-flow spectroscopy with nitrite in at least a 10-fold excess by following the absorbance changes at 290 nm.</text></s> <s sid="64"><CoreSc1 atype="GSC" type="Res" conceptID="Res9" novelty="None" advantage="None"/><text>As can be seen from <XREF ID="fig3" TYPE="FIGURE-REF">Fig. 3</XREF> (inset), nitrite binding to [RuIII(edta)H2O]− is significantly slower as compared to the reaction with NO and occurs with kobs = 8.39 × 10−2 s−1 at 5 × 10−4 M nitrite and 8 °C.</text></s> <s sid="65"><CoreSc1 atype="GSC" type="Obs" conceptID="Obs8" novelty="None" advantage="None"/><text>The plot of kobs vs. [NO2−] gives a straight line with no meaningful intercept (<XREF ID="fig4" TYPE="FIGURE-REF">Fig. 4</XREF>).</text></s> <s sid="66"><CoreSc1 atype="GSC" type="Res" conceptID="Res10" novelty="None" advantage="None"/><text>The second-order rate constant was calculated to be k(NO2−) = 169 M−1 s−1 at 8 °C.</text></s> <s sid="67"><CoreSc1 atype="GSC" type="Res" conceptID="Res10" novelty="None" advantage="None"/><text>This rate constant is 500 times slower than that determined for the reaction with nitric oxide, such that trace impurities of nitrite will not affect the NO binding kinetics.</text></s></P><P><s sid="68"><CoreSc1 atype="GSC" type="Res" conceptID="Res10" novelty="None" advantage="None"/><text>The apparent discrepancy in the kon values for the reaction with NO could be resolved in terms of buffer effects.</text></s> <s sid="69"><CoreSc1 atype="GSC" type="Res" conceptID="Res11" novelty="None" advantage="None"/><text>It turned out that the buffer should not be present in the RuIII solution, but only in the NO solution prior to mixing in the stopped-flow instrument.</text></s> <s sid="70"><CoreSc1 atype="GSC" type="Hyp" conceptID="Hyp4" novelty="None" advantage="None"/><text>It is suggested that the labile water molecule in [RuIII(edta)H2O]− is substituted by an acetate ion when the complex is dissolved in the acetate buffer, according to <XREF ID="eqn6" TYPE="EQUATION-REF">equilibrium (6)</XREF>, to produce a less reactive complex.</text></s></P><P><s sid="71"><CoreSc1 atype="GSC" type="Mod" conceptID="Mod3" novelty="None" advantage="None"/><text><EQN ID="eqn6">[RuIII(edta)H2O]− + Ac− ⇄ [RuIII(edta)(Ac)]2− + H2O</EQN></text></s></P><P><s sid="72"><CoreSc1 atype="GSC" type="Obs" conceptID="Obs9" novelty="None" advantage="None"/><text>Experiments performed in more concentrated acetate buffer solutions (0.2, 0.4, and 1.0 M) gave practically the same value of kobs.</text></s> <s sid="73"><CoreSc1 atype="GSC" type="Res" conceptID="Res12" novelty="None" advantage="None"/><text>This means that under conditions where [Ac−] ≥ 0.2 M, [RuIII(edta)H2O]− is converted to the less labile [RuIII(edta)(Ac)]2− complex, which undergoes a substitution reaction with NO much slower than the very labile [RuIII(edta)H2O]− species.</text></s> <s sid="74"><CoreSc1 atype="GSC" type="Obs" conceptID="Obs10" novelty="None" advantage="None"/><text>As expected, the reaction of NO with [RuIII(edta)H2O]− carried out under the same conditions, but in the absence of a buffer, occurs extremely fast within the dead time of the stopped-flow apparatus (<XREF ID="fig5" TYPE="FIGURE-REF">Fig. 5</XREF>).</text></s> <s sid="75"><CoreSc1 atype="GSC" type="Obs" conceptID="Obs11" novelty="None" advantage="None"/><text>Similar results were obtained when the buffer was added only to the NO solution, since on mixing with [RuIII(edta)H2O]−, NO coordinates much faster to RuIII than the acetate buffer, and prevents the interference of the latter.</text></s> <s sid="76"><CoreSc1 atype="GSC" type="Res" conceptID="Res13" novelty="None" advantage="None"/><text>It follows that the rate constant reported in the literature<REF ID="R-26" REFID="cit5"/> must be correct, and it is assumed that the authors followed a procedure in which the RuIII complex was not in contact with the buffer prior to the reaction with NO.</text></s></P><P><s sid="77"><CoreSc1 atype="GSC" type="Bac" conceptID="Bac24" novelty="None" advantage="None"/><text>The pH dependence of the reaction of RuIII(edta) with NO can reveal further information on the rate of this reaction.</text></s> <s sid="78"><CoreSc1 atype="GSC" type="Bac" conceptID="Bac6" novelty="None" advantage="None"/><text>In aqueous solution, RuIII(edta) exists in three different forms, as shown in <XREF ID="eqn1" TYPE="EQUATION-REF">reactions (1)</XREF> and <XREF ID="eqn2" TYPE="EQUATION-REF">(2)</XREF>.</text></s> <s sid="79"><CoreSc1 atype="GSC" type="Bac" conceptID="Bac25" novelty="None" advantage="None"/><text>Each of these forms can undergo a substitution reaction with NO at very different rates, as shown in <XREF ID="sch1" TYPE="SCHEME-REF">Scheme 1</XREF>, based on our earlier experiences with such ligand substitution reactions.<REF ID="R-27" REFID="cit12"/><REF ID="R-28" REFID="cit13"/></text></s> <s sid="80"><CoreSc1 atype="GSC" type="Mod" conceptID="Mod4" novelty="None" advantage="None"/><text>For this reaction scheme, the overall rate expression is given by <XREF ID="eqn7" TYPE="EQUATION-REF">eqn. 7</XREF>.</text></s></P><P><s sid="81"><CoreSc1 atype="GSC" type="Mod" conceptID="Mod4" novelty="None" advantage="None"/><text>Under limiting conditions, <XREF ID="eqn7" TYPE="EQUATION-REF">eqn. 7</XREF> reduces to kobs = k1[NO] and kobs = k3[NO] at low and high pH, respectively.</text></s> <s sid="82"><CoreSc1 atype="GSC" type="Hyp" conceptID="Hyp5" novelty="None" advantage="None"/><text>This means that the pH dependence of kobs should enable the determination of k1 and k3, since these rate constants are usually much lower than k2 (k2 ∼ 1 × 108 M−1 s−1 at 25 °C)<REF ID="R-29" REFID="cit5"/> due to the extreme lability of [RuIII(edta)H2O]−.</text></s> <s sid="83"><CoreSc1 atype="GSC" type="Goa" conceptID="Goa3" novelty="None" advantage="None"/><text>In order to determine k1 and k3, kinetic measurements were performed at pH = 1.0 and 9.1, respectively.</text></s></P><P><s sid="84"><CoreSc1 atype="GSC" type="Obs" conceptID="Obs12" novelty="None" advantage="None"/><text><XREF ID="fig6" TYPE="FIGURE-REF">Fig. 6</XREF> shows the spectral changes recorded for the reaction of the less labile [RuIII(edta)OH]2− complex with NO at pH = 9.1.</text></s> <s sid="85"><CoreSc1 atype="GSC" type="Exp" conceptID="Exp4" novelty="None" advantage="None"/><text>The RuIII(edta) solution was prepared in water in the absence of buffer (pH adjusted with NaOH), whereas the NO solution contained 0.1 M Tris buffer.</text></s> <s sid="86"><CoreSc1 atype="GSC" type="Obs" conceptID="Obs13" novelty="None" advantage="None"/><text>A typical stopped-flow trace recorded for this reaction is shown in <XREF ID="fig6" TYPE="FIGURE-REF">Fig. 6</XREF> (inset).</text></s> <s sid="87"><CoreSc1 atype="GSC" type="Obs" conceptID="Obs14" novelty="None" advantage="None"/><text>The observed rate constant was found to be 63 s−1 at 25 °C and 5 × 10−4 M NO.</text></s> <s sid="88"><CoreSc1 atype="GSC" type="Mod" conceptID="Mod5" novelty="None" advantage="None"/><text>According to the reaction sequence shown in <XREF ID="sch1" TYPE="SCHEME-REF">Scheme 1</XREF>, kobs at pH = 9.1 (i.e. at approximately a 30-fold excess of the hydroxo complex based on the quoted pKa values) can be expressed as in <XREF ID="eqn8" TYPE="EQUATION-REF">eqn. (8)</XREF>.</text></s></P><P><s sid="89"><CoreSc1 atype="GSC" type="Hyp" conceptID="Hyp6" novelty="None" advantage="None"/><text>In principle, it should be possible from the above equation to calculate the k3 value, since kobs, k2 and K2 are known.</text></s> <s sid="90"><CoreSc1 atype="GSC" type="Mod" conceptID="Mod6" novelty="None" advantage="None"/><text>However, our attempt to determine the k3 value in this way failed because the protonation/deprotonation rate was not taken into consideration (<XREF ID="eqn9" TYPE="EQUATION-REF">eqn. 9</XREF>).</text></s></P><P><s sid="91"><CoreSc1 atype="GSC" type="Obs" conceptID="Obs15" novelty="None" advantage="None"/><text>At pH = 9.1, the protonation and deprotonation rate constants were calculated to be ca.</text></s> <s sid="92"><CoreSc1 atype="GSC" type="Obs" conceptID="Obs15" novelty="None" advantage="None"/><text>8 s−1 (kprot[H+] ≈ 1010 × 10−9.1) and ca.</text></s> <s sid="93"><CoreSc1 atype="GSC" type="Obs" conceptID="Obs15" novelty="None" advantage="None"/><text>250 s−1 (kdeprot = K2kprot ≈ 10−7.6 × 1010), respectively.</text></s> <s sid="94"><CoreSc1 atype="GSC" type="Obs" conceptID="Obs16" novelty="None" advantage="None"/><text>Thus the protonation at pH = 9.1 is very slow, too slow to favour the aqua complex pathway, and the observed rate constant must be due to the k3 pathway only, i.e. k3 ≈ 1.2 × 105 M−1 s−1 at 25 °C.</text></s></P><P><s sid="95"><CoreSc1 atype="GSC" type="Mod" conceptID="Mod7" novelty="None" advantage="None"/><text>At higher [H+] (pH &lt; 5) it is reasonable to neglect contributions from the hydroxo pathway and in this case <XREF ID="eqn7" TYPE="EQUATION-REF">eqn. 7</XREF> reduces to <XREF ID="eqn10" TYPE="EQUATION-REF">eqn. 10</XREF>.</text></s></P><P><s sid="96"><CoreSc1 atype="GSC" type="Obs" conceptID="Obs17" novelty="None" advantage="None"/><text>Spectral changes recorded for NO binding to RuIII(edta) at pH = 1.0 (i.e. ca.</text></s> <s sid="97"><CoreSc1 atype="GSC" type="Obs" conceptID="Obs17" novelty="None" advantage="None"/><text>25-fold excess of complex in the protonated form [RuIII(Hedta)H2O]) are shown in <XREF ID="fig7" TYPE="FIGURE-REF">Fig. 7</XREF>.</text></s> <s sid="98"><CoreSc1 atype="GSC" type="Exp" conceptID="Exp5" novelty="None" advantage="None"/><text>The solutions of [RuIII(Hedta)H2O] and NO were prepared in water and the pH adjusted with HClO4.</text></s> <s sid="99"><CoreSc1 atype="GSC" type="Obs" conceptID="Obs18" novelty="None" advantage="None"/><text>Kinetic measurements performed at pH = 1.0 using stopped-flow techniques gave kobs = 18.5 s−1 at 25 °C and 4.5 × 10−4 M NO.</text></s> <s sid="100"><CoreSc1 atype="GSC" type="Mod" conceptID="Mod8" novelty="None" advantage="None"/><text>At pH = 1.0, the protonation and deprotonation rate constants (<XREF ID="eqn11" TYPE="EQUATION-REF">eqn. 11</XREF>) were calculated to be 109 s−1 (kprot[H+] = 1010 × 10−1)</text></s></P><P><s sid="101"><CoreSc1 atype="GSC" type="Mod" conceptID="Mod8" novelty="None" advantage="None"/><text>and 107.6 s−1 (kdeprot = K1kprot = 10−2.4 × 1010), respectively.</text></s> <s sid="102"><CoreSc1 atype="GSC" type="Mod" conceptID="Mod7" novelty="None" advantage="None"/><text>Due to the much slower rate of deprotonation in comparison to protonation of RuIII(edta) at pH = 1.0, the contribution from the k2 pathway (<XREF ID="eqn10" TYPE="EQUATION-REF">eqn. 10</XREF>) can be neglected and the value of k1 calculated in this way is 3.8 × 104 M−1 s−1.</text></s> <s sid="103"><CoreSc1 atype="GSC" type="Obs" conceptID="Obs19" novelty="None" advantage="None"/><text>It follows that the k1 and k3 values are significantly smaller than k2 (k2 ≈ 1 × 108 M−1 s−1).</text></s> <s sid="104"><CoreSc1 atype="GSC" type="Bac" conceptID="Bac26" novelty="None" advantage="None"/><text>A similar trend was also observed for the substitution reactions of RuIII(edta) with other entering nucleophiles; for instance k1 = 130 M−1 s−1 and k3 = 75 M−1 s−1 compared to k2 = 1.42 × 103 M−1 s−1 for substitution by dimethylthiourea.<REF ID="R-30" REFID="cit11"/></text></s> <s sid="105"><CoreSc1 atype="GSC" type="Con" conceptID="Con2" novelty="None" advantage="None"/><text>All of these results clearly demonstrate the much higher lability of [RuIII(edta)H2O]− as compared to [RuIII(Hedta)H2O] and [RuIII(edta)OH]2−.</text></s></P></DIV><DIV DEPTH="2"><HEADER>Determination of koff by using the NO-trapping technique</HEADER><P><s sid="106"><CoreSc1 atype="GSC" type="Bac" conceptID="Bac27" novelty="None" advantage="None"/><text>The most suitable method for the direct measurement of koff is to use the NO-trapping technique.<REF ID="R-31" REFID="cit19"/><REF ID="R-32" REFID="cit20"/></text></s> <s sid="107"><CoreSc1 atype="GSC" type="Bac" conceptID="Bac27" novelty="None" advantage="None"/><text>In such a case the nitrosyl complex is treated with another complex that binds NO more rapidly than the system under investigation.</text></s> <s sid="108"><CoreSc1 atype="GSC" type="Bac" conceptID="Bac27" novelty="None" advantage="None"/><text>When an excess of the trapping complex is employed, NO release from the nitrosyl complex becomes the rate-limiting step and the observed rate constant equals koff.</text></s></P><P><s sid="109"><CoreSc1 atype="GSC" type="Exp" conceptID="Exp6" novelty="None" advantage="None"/><text>In the present case, [FeII(edta)(H2O)]2− was used to trap NO released from [RuIII(edta)NO]−, since it reacts rapidly with NO (kon = 2.4 × 108 M−1 s−1 at pH = 5.0 and 25 °C)<REF ID="R-33" REFID="cit20"/> to form the corresponding nitrosyl complex.</text></s> <s sid="110"><CoreSc1 atype="GSC" type="Obs" conceptID="Obs20" novelty="None" advantage="None"/><text>However, under the selected conditions, the treatment of [RuIII(edta)NO]− with a 20-fold excess of [FeII(edta)(H2O)]2− resulted in no absorbance change that would indicate the formation of [FeII(edta)(NO)]2− or the aquation of [RuIII(edta)NO]−.</text></s> <s sid="111"><CoreSc1 atype="GSC" type="Obs" conceptID="Obs20" novelty="None" advantage="None"/><text>Attempts to use much higher concentrations (200-fold escess) of the trapping complex also failed and, in all cases, no reaction was observed.</text></s> <s sid="112"><CoreSc1 atype="GSC" type="Res" conceptID="Res14" novelty="None" advantage="None"/><text>This indicates that [RuIII(edta)H2O]− binds NO very strongly, such that koff must be very small.</text></s> <s sid="113"><CoreSc1 atype="GSC" type="Res" conceptID="Res14" novelty="None" advantage="None"/><text>These findings are in good agreement with the spectroscopic observations and the high value of the overall binding constant KNO (&gt; 9 × 107 M−1).</text></s></P></DIV><DIV DEPTH="2"><HEADER>Laser flash photolysis studies</HEADER><P><s sid="114"><CoreSc1 atype="GSC" type="Bac" conceptID="Bac28" novelty="None" advantage="None"/><text>Laser flash photolysis can be employed to study the kinetics of reactions on a significantly faster time scale than the stopped-flow technique.</text></s> <s sid="115"><CoreSc1 atype="GSC" type="Bac" conceptID="Bac28" novelty="None" advantage="None"/><text>It was, therefore, expected to be possible to measure the value of kon for the binding of NO to the most labile form of the RuIII(edta) complex, viz.</text></s> <s sid="116"><CoreSc1 atype="GSC" type="Bac" conceptID="Bac28" novelty="None" advantage="None"/><text>[RuIII(edta)H2O]−, directly using this technique.</text></s> <s sid="117"><CoreSc1 atype="GSC" type="Mod" conceptID="Mod9" novelty="None" advantage="None"/><text>Irradiation at 355 nm should induce the release of NO from the nitrosyl complex [RuIII(edta)NO]−, followed by relaxation to the original equilibrium position (<XREF ID="sch2" TYPE="SCHEME-REF">Scheme 2</XREF>).</text></s> <s sid="118"><CoreSc1 atype="GSC" type="Mod" conceptID="Mod2" novelty="None" advantage="None"/><text>The rate of the reaction approaching equilibrium with one of the components (in our case NO) in large excess, is expected to follow (pseudo) first-order kinetics to give an observed rate constant (kobs) expressed by <XREF ID="eqn5" TYPE="EQUATION-REF">eqn. 5</XREF>.</text></s></P><P><s sid="119"><CoreSc1 atype="GSC" type="Exp" conceptID="Exp7" novelty="None" advantage="None"/><text>All flash photolysis experiments were performed at pH = 5.0 with at least a 7-fold excess of NO.</text></s> <s sid="120"><CoreSc1 atype="GSC" type="Bac" conceptID="Bac29" novelty="None" advantage="None"/><text>An absorbance decrease at 290 nm ascribed to relaxation to the original equilibrium position (i.e. re-formation of [RuIII(edta)NO]−) was expected following the laser flash at 355nm.</text></s> <s sid="121"><CoreSc1 atype="GSC" type="Obs" conceptID="Obs21" novelty="None" advantage="None"/><text>However, flash photolysis experiments performed under these conditions gave unexpected results, as shown in <XREF ID="fig8" TYPE="FIGURE-REF">Fig. 8</XREF>.</text></s> <s sid="122"><CoreSc1 atype="GSC" type="Res" conceptID="Res15" novelty="None" advantage="None"/><text>A typical kinetic trace clearly indicated multiple processes, i.e. two reactions occurring on the microsecond and one on the millisecond time scale [see <XREF ID="fig8" TYPE="FIGURE-REF">Fig. 8(a)</XREF> and <XREF ID="fig8" TYPE="FIGURE-REF">(b)</XREF>, respectively].</text></s> <s sid="123"><CoreSc1 atype="GSC" type="Obs" conceptID="Obs22" novelty="None" advantage="None"/><text>Furthermore, although the flash-induced absorbance changes decayed to values close to zero (i.e. to the original spectrum) within 1–2 ms, residual absorbance differences still remained.</text></s> <s sid="124"><CoreSc1 atype="GSC" type="Obs" conceptID="Obs23" novelty="None" advantage="None"/><text>It was observed that the residual spectrum decayed back to the baseline on a substantially longer time scale (20 to 30 ms).</text></s> <s sid="125"><CoreSc1 atype="GSC" type="Res" conceptID="Res15" novelty="None" advantage="None"/><text>The time-resolved optical (TRO) spectra recorded during photolysis of [RuIII(edta)NO]− for the short and long time scales [see <XREF ID="fig9" TYPE="FIGURE-REF">Fig. 9(a)</XREF> and <XREF ID="fig9" TYPE="FIGURE-REF">(b)</XREF>] also confirmed the occurrence of multiple chemical reaction steps.</text></s> <s sid="126"><CoreSc1 atype="GSC" type="Obs" conceptID="Obs24" novelty="None" advantage="None"/><text>Immediately after the photolysis flash, the TRO spectra are characterized by a prompt transient absorption centered at 285 nm.</text></s> <s sid="127"><CoreSc1 atype="GSC" type="Obs" conceptID="Obs25" novelty="None" advantage="None"/><text>The spectra collected after delays of 0.1–4.5 µs clearly show the disappearance of much of the transient absorption, accompanied by a slight shift in λmax to 290 nm.</text></s> <s sid="128"><CoreSc1 atype="GSC" type="Obs" conceptID="Obs26" novelty="None" advantage="None"/><text>Subsequently, the transient spectra decay almost back to the baseline within 1.8 ms (with an isosbestic point at 265 nm), although a significant residual spectrum remains, indicating the presence of much longer-lived species.</text></s></P><P><s sid="129"><CoreSc1 atype="GSC" type="Res" conceptID="Res16" novelty="None" advantage="None"/><text>These findings clearly indicate that flash photolysis of [Ru(edta)NO]− does not lead to the simple photoinduced release of NO from the nitrosyl complex followed by the re-binding of NO, as expected.</text></s> <s sid="130"><CoreSc1 atype="GSC" type="Res" conceptID="Res17" novelty="None" advantage="None"/><text>In view of the fact that after the flash the transient absorption decays to re-form the initial spectrum, the possibility of a photoinduced degradation of the studied complex can be excluded.</text></s> <s sid="131"><CoreSc1 atype="GSC" type="Res" conceptID="Res18" novelty="None" advantage="None"/><text>Furthermore, it was observed that while the parent RuIII(edta) complex undergoes photoinduced decomposition during irradiation at 355 nm, accompanied by a significant decrease in absorbance in the range 330–412 nm (<XREF ID="fig10" TYPE="FIGURE-REF">Fig. 10</XREF>), flash photolysis of the nitrosyl complex (under excess NO) does not lead to such irreversible spectral changes, demonstrating the much higher photostability of the nitrosyl complex.</text></s></P><P><s sid="132"><CoreSc1 atype="GSC" type="Obs" conceptID="Obs27" novelty="None" advantage="None"/><text>As can be seen from the data reported in <XREF ID="tab1" TYPE="TABLE-REF">Table 1</XREF>, the rate constants determined at 290 nm and 25 °C for the three photo-induced reaction steps exhibit no meaningful NO concentration dependence.</text></s> <s sid="133"><CoreSc1 atype="GSC" type="Hyp" conceptID="Hyp7" novelty="None" advantage="None"/><text>This could be due to the fact that, because of the low solubility of NO in water, only a small range of NO concentrations could be investigated.</text></s> <s sid="134"><CoreSc1 atype="GSC" type="Met" conceptID="Met2" novelty="None" advantage="None"/><text>The temperature and pressure dependence was evaluated only for the fastest and slowest steps, since extraction of rate constants for the intermediate step from the multi-exponential decay caused some difficulties and resulted in large fitting errors.</text></s> <s sid="135"><CoreSc1 atype="GSC" type="Obs" conceptID="Obs28" novelty="None" advantage="None"/><text>The Eyring plots were found to be linear for both reactions (<XREF ID="fig11" TYPE="FIGURE-REF">Fig. 11</XREF>), from which the activation parameters ΔH≠ and ΔS≠ were determined.</text></s> <s sid="136"><CoreSc1 atype="GSC" type="Obs" conceptID="Obs29" novelty="None" advantage="None"/><text>The values for the first reaction are ΔH≠ = 36.7 ± 1.0 kJ mol−1 and ΔS≠ = −4 ± 3 J K−1 mol−1, and for the third reaction are ΔH≠ = 17.1 ± 1.5 kJ mol−1 and ΔS≠ = −76 ± 5 J K−1 mol−1.</text></s> <s sid="137"><CoreSc1 atype="GSC" type="Obs" conceptID="Obs30" novelty="None" advantage="None"/><text>The effect of pressure on these reactions results in a rather poor correlation of plots of ln(kobs) vs. pressure (<XREF ID="fig12" TYPE="FIGURE-REF">Fig. 12</XREF>), but the activation volumes can nevertheless be estimated to be +10 ± 3 cm3 mol−1 and −12.8 ± 1.0 cm3 mol−1 for the fastest and slowest steps, respectively.</text></s> <s sid="138"><CoreSc1 atype="GSC" type="Res" conceptID="Res19" novelty="None" advantage="None"/><text>The activation parameters found for the fast reaction exhibit a rather high activation enthalpy and a significantly positive activation volume, suggesting that this reaction most probably occurs according to a dissociative ligand substitution mechanism.</text></s> <s sid="139"><CoreSc1 atype="GSC" type="Res" conceptID="Res19" novelty="None" advantage="None"/><text>In contrast, the slowest reaction displays a relatively low activation enthalpy, accompanied by significantly large and negative values for the activation entropy and activation volume, supporting the operation of an associative ligand substitution mechanism.</text></s></P><P><s sid="140"><CoreSc1 atype="GSC" type="Res" conceptID="Res20" novelty="None" advantage="None"/><text>It follows from this analysis that flash photolysis at 355 nm is not a suitable technique to determine kinetic data for the binding of NO to [RuIII(edta)H2O]−, mainly due to the absence of an expected dependence on the concentration of NO.</text></s> <s sid="141"><CoreSc1 atype="GSC" type="Bac" conceptID="Bac30" novelty="None" advantage="None"/><text>Since UV irradiation often leads to reduction of the metal centre, it is possible that flash photolysis of [RuIII(edta)NO]− at 355 nm can lead to the partial formation of RuII complexes, along with the dissociation of NO.</text></s> <s sid="142"><CoreSc1 atype="GSC" type="Bac" conceptID="Bac31" novelty="None" advantage="None"/><text>It was not possible to repeat the flash photolysis experiments using a less reductive irradiation wavelength (viz.</text></s> <s sid="143"><CoreSc1 atype="GSC" type="Bac" conceptID="Bac31" novelty="None" advantage="None"/><text>532 nm for the present system) due to the absence of suitable spectral characteristics of [RuIII(edta)NO]− in this range.</text></s> <s sid="144"><CoreSc1 atype="GSC" type="Bac" conceptID="Bac32" novelty="None" advantage="None"/><text>The possible photo-reduction of [RuIII(edta)NO]− was therefore investigated in more detail.</text></s></P></DIV><DIV DEPTH="2"><HEADER>Laser flash photolysis of [RuII(edta)NO]2−</HEADER><P><s sid="145"><CoreSc1 atype="GSC" type="Goa" conceptID="Goa4" novelty="None" advantage="None"/><text>In order to investigate the role of the photo-induced reduction of [RuIII(edta)NO]− to [RuII(edta)NO]2−, the reaction of RuII(edta) with NO was studied under the same experimental conditions.</text></s> <s sid="146"><CoreSc1 atype="GSC" type="Obs" conceptID="Obs31" novelty="None" advantage="None"/><text>As can be seen from <XREF ID="fig13" TYPE="FIGURE-REF">Fig. 13</XREF>, UV-Vis spectra recorded during the reduction of [RuIII(edta)H2O]− to [RuII(edta)H2O]2−, exhibit three isosbestic points at 270, 350 and 412 nm.</text></s> <s sid="147"><CoreSc1 atype="GSC" type="Obs" conceptID="Obs31" novelty="None" advantage="None"/><text>In aqueous solution at pH = 5.0, [RuII(edta)H2O]2− exhibits band maxima at 282 (ε = 2900) and 427 nm (ε = 260 M−1 cm−1).</text></s> <s sid="148"><CoreSc1 atype="GSC" type="Res" conceptID="Res21" novelty="None" advantage="None"/><text>In contrast to the RuIII complex, [RuII(edta)H2O]2− is very stable following flash irradiation at 355 nm and does not undergo photoinduced decomposition (compare insets in <XREF ID="fig10" TYPE="FIGURE-REF">Fig. 10</XREF> and <XREF ID="fig13" TYPE="FIGURE-REF">13</XREF>).</text></s> <s sid="149"><CoreSc1 atype="GSC" type="Obs" conceptID="Obs32" novelty="None" advantage="None"/><text>Exposure of a degassed solution to an excess of NO led to significant loss in absorbance in the range 270–500 nm due to the formation of [RuII(edta)NO]2− (<XREF ID="fig14" TYPE="FIGURE-REF">Fig. 14</XREF>).</text></s> <s sid="150"><CoreSc1 atype="GSC" type="Res" conceptID="Res22" novelty="None" advantage="None"/><text>Typical kinetic traces recorded during the flash photolysis of [RuII(edta)NO]2− at pH = 5.0 clearly indicate that at least two reactions occur under the selected conditions [<XREF ID="fig15" TYPE="FIGURE-REF">Fig. 15(a)</XREF> and <XREF ID="fig15" TYPE="FIGURE-REF">(b)</XREF>].</text></s> <s sid="151"><CoreSc1 atype="GSC" type="Obs" conceptID="Obs33" novelty="None" advantage="None"/><text>The first, very fast reaction occurs within 5 µs and the second within 1 ms.</text></s> <s sid="152"><CoreSc1 atype="GSC" type="Res" conceptID="Res23" novelty="None" advantage="None"/><text>These results are similar to that observed for the RuIII(edta) complex.</text></s> <s sid="153"><CoreSc1 atype="GSC" type="Res" conceptID="Res23" novelty="None" advantage="None"/><text>These findings indicate that the occurrence of multiple reaction steps following 355 nm laser flash photolysis of [RuIII(edta)NO]− can in part be accounted for in terms of the reduction of RuIII(edta)NO to RuII(edta)NO.</text></s></P></DIV><DIV DEPTH="2"><HEADER>Binding constant for [RuII(edta)NO]2−</HEADER><P><s sid="154"><CoreSc1 atype="GSC" type="Mod" conceptID="Mod10" novelty="None" advantage="None"/><text>The stability constant for the binding of NO to [RuII(edta)H2O]2− (<XREF ID="eqn12" TYPE="EQUATION-REF">eqn. 12</XREF>),</text></s></P><P><s sid="155"><CoreSc1 atype="GSC" type="Mod" conceptID="Mod10" novelty="None" advantage="None"/><text>can, in principle, be determined in the same way as that for the reaction of [RuIII(edta)H2O]− with NO, i.e. from a combination of UV-Vis spectroscopy and electrochemical detection of free NO in solution.</text></s> <s sid="156"><CoreSc1 atype="GSC" type="Mod" conceptID="Mod10" novelty="None" advantage="None"/><text>However, for the equilibrium expressed in <XREF ID="eqn12" TYPE="EQUATION-REF">eqn. (12)</XREF>, it was difficult to determine KNO accurately, since the reaction product, [RuII(edta)NO]2−, appeared to be insufficiently stable.</text></s> <s sid="157"><CoreSc1 atype="GSC" type="Obs" conceptID="Obs34" novelty="None" advantage="None"/><text>Accordingly, the value of the equilibrium constant for the binding of NO to [RuII(edta)H2O]2− was approximately estimated to be larger than 6 × 105 M−1.</text></s> <s sid="158"><CoreSc1 atype="GSC" type="Bac" conceptID="Bac33" novelty="None" advantage="None"/><text>According to Meyer et al.,<REF ID="R-34" REFID="cit26"/> the instability of [RuII(edta)NO]2− can be ascribed to disproportionation reactions such as</text></s></P><P><s sid="159"><CoreSc1 atype="GSC" type="Mod" conceptID="Mod11" novelty="None" advantage="None"/><text><EQN ID="eqn13">2[RuII(edta)(NO)]2− → [RuII(edta)(NO+)]− + [RuII(edta)(NO−)]3−</EQN></text></s><s sid="160"><CoreSc1 atype="GSC" type="Mod" conceptID="Mod11" novelty="None" advantage="None"/><text><EQN ID="eqn14">2[RuII(edta)(NO−)]3− + 2H+ → 2[RuII(edta)H2O]2− + N2O</EQN></text></s></P></DIV><DIV DEPTH="2"><HEADER>15N-NMR studies</HEADER><P><s sid="161"><CoreSc1 atype="GSC" type="Goa" conceptID="Goa5" novelty="None" advantage="None"/><text>The unexpected flash photolysis results reported above stimulated the search for more direct information on the nature of the nitrosyl complex formed during the reaction of [RuIII(edta)H2O]− with an excess of NO.</text></s> <s sid="162"><CoreSc1 atype="GSC" type="Exp" conceptID="Exp8" novelty="None" advantage="None"/><text>15N-NMR studies were performed on aqueous solutions of [RuIII(edta)H2O]− (pH = 5.0) saturated with 15NO (Na15NO2 reduced with ascorbic acid), using nitromethane as an external standard.</text></s> <s sid="163"><CoreSc1 atype="GSC" type="Obs" conceptID="Obs35" novelty="None" advantage="None"/><text>As can be seen from <XREF ID="fig16" TYPE="FIGURE-REF">Fig. 16</XREF>, the 15N-NMR spectrum exhibits two almost equally intense resonances at −17.6 and 52.4 ppm and one minor resonance at 228.5 ppm.</text></s> <s sid="164"><CoreSc1 atype="GSC" type="Obs" conceptID="Obs35" novelty="None" advantage="None"/><text>The positions of the two main resonances are indicative of coordinated 15NO+ and coordinated 15NO2−, respectively, whereas the weak resonance at 228.5 ppm indicates the presence of free 15NO2− in solution.<REF ID="R-35" REFID="cit27a"/><REF ID="R-36" REFID="cit27b"/></text></s> <s sid="165"><CoreSc1 atype="GSC" type="Res" conceptID="Res4" novelty="None" advantage="None"/><text>This means that under the selected experimental conditions (i.e. in the presence of an excess of NO, and possibly NO2− impurities), the reaction of [RuIII(edta)H2O]− with NO does not lead to the formation of only the monosubstituted [RuII(edta)(NO+)]− complex, but also to the disubstituted [RuII(edta)(NO+)(NO2−)]2− complex.</text></s> <s sid="166"><CoreSc1 atype="GSC" type="Bac" conceptID="Bac34" novelty="None" advantage="None"/><text>Labilization by coordinated NO often leads to the subsequent formation of another substitution product, that does not require the stabilization of coordinated NO, through the reduction or oxidation of the metal center, a requirement that is fulfilled with nitrite as the entering ligand.<REF ID="R-37" REFID="cit28"/></text></s></P><P><s sid="167"><CoreSc1 atype="GSC" type="Bac" conceptID="Bac34" novelty="None" advantage="None"/><text>This suggestion is supported by the results obtained recently by Shepherd et al. on the related [RuII(hedta)(NO+)(NO2−)]− system, where hedta3− = N-(hydroxyethyl)ethylenediaminetriacetate.<REF ID="R-38" REFID="cit28"/></text></s> <s sid="168"><CoreSc1 atype="GSC" type="Bac" conceptID="Bac34" novelty="None" advantage="None"/><text>They showed, on the basis of 15N-NMR and IR measurements, that the formation of the disubstituted [RuII(hedta)(NO+)(NO2−)]− complex strongly depends on the ratio of reactants used in the reaction.</text></s> <s sid="169"><CoreSc1 atype="GSC" type="Bac" conceptID="Bac34" novelty="None" advantage="None"/><text>For a ratio of NO2− ∶ [RuII(hedta)]− = 0.81 ∶ 1, the monosubstituted [RuII(hedta)(NO+)] complex exists as the main species in solution, whereas an excess of NO2− (3 ∶ 1) causes the amount of the disubstituted complex to grow virtually to 100percent of the species present in solution.</text></s> <s sid="170"><CoreSc1 atype="GSC" type="Bac" conceptID="Bac34" novelty="None" advantage="None"/><text>Comprehensive investigations (NMR, IR, and electrochemistry)<REF ID="R-39" REFID="cit28"/> enabled the authors to characterise the nature of coordinated NO in the disubstituted complexes of RuII(hedta) in more detail.</text></s> <s sid="171"><CoreSc1 atype="GSC" type="Hyp" conceptID="Hyp8" novelty="None" advantage="None"/><text>In view of the fact that the NO+ ligand is a strong π-acceptor, it is not surprising that its binding to the metal center of aminocarboxylate complexes will promote the labilization of one cis in-plane carboxylate moiety and lead to the formation of the disubstituted complex.</text></s> <s sid="172"><CoreSc1 atype="GSC" type="Hyp" conceptID="Hyp8" novelty="None" advantage="None"/><text>The attachment of NO2− to the RuII center probably occurs through N as the donor atom, since the N-bound form can participate in both σ and π bonding to the metal center.</text></s> <s sid="173"><CoreSc1 atype="GSC" type="Bac" conceptID="Bac34" novelty="None" advantage="None"/><text>The IR studies clearly confirmed this assumption.<REF ID="R-40" REFID="cit28"/></text></s> <s sid="174"><CoreSc1 atype="GSC" type="Res" conceptID="Res24" novelty="None" advantage="None"/><text>The similarity between the [RuII(hedta)(NO+)(NO2−)]− and [RuII(edta)(NO+)(NO2−)]2− complex ions leads to the suggestion that the nitrite ligand in the latter complex is also attached through N and not through O as the donor atom to the RuII centre.</text></s></P></DIV><DIV DEPTH="2"><HEADER>Explanation offered for the multi-step reactions observed during flash photolysis</HEADER><P><s sid="175"><CoreSc1 atype="GSC" type="Bac" conceptID="Bac35" novelty="None" advantage="None"/><text>The finding that the principal product of the reaction of [RuIII(edta)H2O]− with an excess of NO is the disubstituted complex [RuII(edta)(NO+)(NO2−)]2−, enabled a clarification of the results obtained from the flash photolysis studies.</text></s> <s sid="176"><CoreSc1 atype="GSC" type="Bac" conceptID="Bac36" novelty="None" advantage="None"/><text>In this respect, it should be noted that the flash photolysis of the related nitrosyl nitrito complexes RuII(Por)(NO)(ONO) (Por = model porphyrins) was recently studied by Ford et al.<REF ID="R-41" REFID="cit29"/></text></s> <s sid="177"><CoreSc1 atype="GSC" type="Bac" conceptID="Bac36" novelty="None" advantage="None"/><text>They found that flash photolysis of ruthenium nitrosyl nitrito complexes results in multiple reaction steps, which are ascribed to the prompt formation of two primary photoproducts, viz.</text></s> <s sid="178"><CoreSc1 atype="GSC" type="Bac" conceptID="Bac36" novelty="None" advantage="None"/><text>RuII(Por)(ONO) and RuII(Por)(NO), that decay at different rates to regenerate the starting complex.</text></s></P><P><s sid="179"><CoreSc1 atype="GSC" type="Res" conceptID="Res25" novelty="None" advantage="None"/><text>These results are consistent with our observations on the [RuII(edta)(NO+)(NO2−)]2− system.</text></s> <s sid="180"><CoreSc1 atype="GSC" type="Res" conceptID="Res15" novelty="None" advantage="None"/><text>The TRO spectra recorded on the short time scale (0.1–4.5 µs) clearly indicate the prompt formation of more than one primary photoproduct.</text></s> <s sid="181"><CoreSc1 atype="GSC" type="Res" conceptID="Res15" novelty="None" advantage="None"/><text>This is confirmed by two parallel exponential decays of the transient absorbance change recorded on the microsecond time scale at 290 nm.</text></s> <s sid="182"><CoreSc1 atype="GSC" type="Mod" conceptID="Mod12" novelty="None" advantage="None"/><text>The formation of two photo-produced intermediates may occur along two pathways (see <XREF ID="sch3" TYPE="SCHEME-REF">Scheme 3</XREF>).</text></s> <s sid="183"><CoreSc1 atype="GSC" type="Mod" conceptID="Mod12" novelty="None" advantage="None"/><text>One of these involves photodissociation of NO from [RuII(edta)(NO+)(NO2−)]2− to give RuIII(edta)(NO2−), which reacts rapidly (kobs ∼ 106 s−1) with excess NO to regenerate the starting complex.</text></s> <s sid="184"><CoreSc1 atype="GSC" type="Mod" conceptID="Mod12" novelty="None" advantage="None"/><text>A second pathway involves photodissociation of NO2 to give [RuII(edta)(NO)]2−, which is trapped by excess NO (kobs ∼ 104 s−1) to form the longer-lived dinitrosyl complex, [RuII(edta)(NO)2]2−.</text></s> <s sid="185"><CoreSc1 atype="GSC" type="Mod" conceptID="Mod12" novelty="None" advantage="None"/><text>This complex subsequently reacts (kobs ∼ 103–102 s−1) with NO to regenerate [RuII(edta)(NO+)(NO2−)]2−.</text></s> <s sid="186"><CoreSc1 atype="GSC" type="Res" conceptID="Res26" novelty="None" advantage="None"/><text>The TRO spectra recorded after delays of 0.1–1.8 ms [see <XREF ID="fig9" TYPE="FIGURE-REF">Fig. 9(b)</XREF>] exhibit an isosbestic point at 265 nm ascribed to the conversion of the dinitrosyl to the starting complex.</text></s> <s sid="187"><CoreSc1 atype="GSC" type="Obs" conceptID="Obs36" novelty="None" advantage="None"/><text>The suggested reactions are expected to exhibit a dependence on the concentration of NO in solution, which was not observed (see <XREF ID="tab1" TYPE="TABLE-REF">Table 1</XREF>).</text></s> <s sid="188"><CoreSc1 atype="GSC" type="Con" conceptID="Con3" novelty="None" advantage="None"/><text>This can only mean that either the limited concentration range that could be selected in these experiments is not sufficient to show this dependence, or that the re-binding of NO follows a limiting D mechanism, i.e. an NO concentration independent pathway.</text></s> <s sid="189"><CoreSc1 atype="GSC" type="Bac" conceptID="Bac37" novelty="None" advantage="None"/><text>In fact, a number of cases are now known where binding of NO to a metal center indeed follows a dissociative mechanism<REF ID="R-42" REFID="cit19"/><REF ID="R-43" REFID="cit30"/><REF ID="R-44" REFID="cit31"/> and is, in some cases, controlled by the rate and mechanism of water exchange on the metal center.<REF ID="R-45" REFID="cit31"/><REF ID="R-46" REFID="cit32"/></text></s> <s sid="190"><CoreSc1 atype="GSC" type="Con" conceptID="Con4" novelty="None" advantage="None"/><text>In the present case, this suggestion would mean that the photo-generated species rapidly bind solvent water molecules prior to the displacement by NO, that will then follow a dissociative mechanism.</text></s> <s sid="191"><CoreSc1 atype="GSC" type="Con" conceptID="Con4" novelty="None" advantage="None"/><text>In light of the activation parameters found in the present study for the rapid photo-induced reaction, which support the operation of a dissociative mechanism, we presently prefer the latter interpretation of the kinetic data.</text></s></P><P><s sid="192"><CoreSc1 atype="GSC" type="Res" conceptID="Res27" novelty="None" advantage="None"/><text>The third reaction, representing the slow conversion of the dinitrosyl complex to the starting nitrosyl nitro complex can be best described by an associative mechanism based on the large and negative values of ΔS≠ and ΔV≠.</text></s> <s sid="193"><CoreSc1 atype="GSC" type="Res" conceptID="Res28" novelty="None" advantage="None"/><text>This mechanism seems to be in good agreement with that proposed previously by Ford et al. to account for the formation of nitrosyl nitrito complexes of the type Ru(Por)(NO)(ONO).<REF ID="R-47" REFID="cit33"/></text></s> <s sid="194"><CoreSc1 atype="GSC" type="Con" conceptID="Con5" novelty="None" advantage="None"/><text>According to this mechanism, the metal center serves as a template for the assembly of several NO equivalents that then can decompose to nitrous oxide and coordinated NO2.</text></s> <s sid="195"><CoreSc1 atype="GSC" type="Bac" conceptID="Bac38" novelty="None" advantage="None"/><text>Such a disproportionation pathway also seems to be possible in the studied case.</text></s> <s sid="196"><CoreSc1 atype="GSC" type="Bac" conceptID="Bac39" novelty="None" advantage="None"/><text>However, in view of the fact that the slow reaction exhibits no NO concentration dependence, acceptance of this mechanism awaits further evidence.</text></s></P></DIV></DIV><DIV DEPTH="1"><HEADER>Conclusions</HEADER><P><s sid="197"><CoreSc1 atype="GSC" type="Con" conceptID="Con6" novelty="None" advantage="None"/><text>Nitric oxide binds rapidly to [RuIII(edta)H2O]− to form a very stable nitrosyl complex, characterized by a high complex-formation constant and a very small dissociation rate constant.</text></s> <s sid="198"><CoreSc1 atype="GSC" type="Con" conceptID="Con6" novelty="None" advantage="None"/><text>The complex-formation reaction (kon) is extremely fast and occurs within the dead time of the stopped-flow instrument.</text></s> <s sid="199"><CoreSc1 atype="GSC" type="Con" conceptID="Con7" novelty="None" advantage="None"/><text>Acetate buffer can interfere with this reaction and cause much slower complex formation with NO.</text></s> <s sid="200"><CoreSc1 atype="GSC" type="Con" conceptID="Con8" novelty="None" advantage="None"/><text>The [RuIII(edta)H2O]− complex is an ideal and versatile scavenger for NO.</text></s> <s sid="201"><CoreSc1 atype="GSC" type="Con" conceptID="Con1" novelty="None" advantage="None"/><text>Attempts to determine the complex-formation rate constant (kon) using laser flash photolysis techniques were complicated due to the occurrence of unwanted side reactions.</text></s></P><P><s sid="202"><CoreSc1 atype="GSC" type="Res" conceptID="Res14" novelty="None" advantage="None"/><text>The lower limit of the stability constant for the [RuIII(edta)NO]− complex was experimentally found to be KNO(RuIII) ≥ 9 × 107 M−1.</text></s> <s sid="203"><CoreSc1 atype="GSC" type="Res" conceptID="Res14" novelty="None" advantage="None"/><text>This value is in good agreement with the KNO(RuIII) value calculated on the basis of a Born–Haber-type cycle using the electrochemical<REF ID="R-48" REFID="cit26"/> and thermodynamic data for the [RuII/III(edta)H2O]2−/− and [RuII/III(edta)(NO)]2−/− couples (see <XREF ID="sch4" TYPE="SCHEME-REF">Scheme 4</XREF>).</text></s> <s sid="204"><CoreSc1 atype="GSC" type="Mod" conceptID="Mod13" novelty="None" advantage="None"/><text>Based on these data, the value of the equilibrium constant for the binding of NO to [RuIII(edta)H2O]− can be determined from the following expression:</text></s></P><P><s sid="205"><CoreSc1 atype="GSC" type="Mod" conceptID="Mod13" novelty="None" advantage="None"/><text><EQN ID="eqn15">KNO(RuIII) = KNO(RuII)/exp(nFΔE/RT)</EQN></text></s></P><P><s sid="206"><CoreSc1 atype="GSC" type="Res" conceptID="Res29" novelty="None" advantage="None"/><text>Since KNO(RuII) was experimentally found to be larger than 6 × 105 M−1, the KNO(RuIII) value can thus be calculated to be ≥ 3 × 108 M−1, which is in good agreement with the experimental value.</text></s></P></DIV><DIV DEPTH="1"><HEADER>Experimental</HEADER><DIV DEPTH="2"><HEADER>Materials</HEADER><P><s sid="207"><CoreSc1 atype="GSC" type="Exp" conceptID="Exp9" novelty="None" advantage="None"/><text>K[Ru(Hedta)Cl]·2H2O was prepared from K2[RuCl5(H2O)] as described in the literature.<REF ID="R-49" REFID="cit34"/></text></s> <s sid="208"><CoreSc1 atype="GSC" type="Bac" conceptID="Bac40" novelty="None" advantage="None"/><text>The complex was characterised by using spectroscopic (UV-Vis) and analytical techniques.</text></s> <s sid="209"><CoreSc1 atype="GSC" type="Exp" conceptID="Exp10" novelty="None" advantage="None"/><text>All other chemicals were of analytical reagent grade, and deionized water was used throughout this study.</text></s> <s sid="210"><CoreSc1 atype="GSC" type="Exp" conceptID="Exp11" novelty="None" advantage="None"/><text>Acetate (Aldrich) and 2-amino-2-(hydroxymethyl)-1,3-propanodiol (Tris, Sigma Chemicals) buffers were used to control the pH of the test solutions at pH = 5.0 and 9.0, respectively.</text></s> <s sid="211"><CoreSc1 atype="GSC" type="Exp" conceptID="Exp12" novelty="None" advantage="None"/><text>The pH was adjusted by addition of hydrochloric acid (Titrisol, Merck) or sodium hydroxide.</text></s> <s sid="212"><CoreSc1 atype="GSC" type="Exp" conceptID="Exp13" novelty="None" advantage="None"/><text>[RuII(edta)H2O]2− was prepared in aqueous solution (pH = 5.0) by the reduction of [RuIII(edta)H2O]− with zinc amalgam.</text></s></P><P><s sid="213"><CoreSc1 atype="GSC" type="Exp" conceptID="Exp14" novelty="None" advantage="None"/><text>All experiments were performed under strict exclusion of oxygen.</text></s> <s sid="214"><CoreSc1 atype="GSC" type="Exp" conceptID="Exp15" novelty="None" advantage="None"/><text>Buffer solutions were deaerated for extended periods (in general, 1 min per mL of solution) with pure N2 or Ar before they were brought in contact with the RuIII and FeII complexes or nitric oxide; in some cases, freeze–thaw cycles were performed under vacuum in order to completely remove the dissolved oxygen from the solution.</text></s> <s sid="215"><CoreSc1 atype="GSC" type="Exp" conceptID="Exp16" novelty="None" advantage="None"/><text>A stock solution of nitric oxide was prepared in a gas-tight syringe by degassing a buffer solution, followed by saturation with nitric oxide to a final NO concentration of 1.9 × 10−3 M at 23 °C.</text></s> <s sid="216"><CoreSc1 atype="GSC" type="Exp" conceptID="Exp16" novelty="None" advantage="None"/><text>Dilutions of known concentration were prepared from this saturated solution by the use of a syringe technique.</text></s> <s sid="217"><CoreSc1 atype="GSC" type="Exp" conceptID="Exp17" novelty="None" advantage="None"/><text>Nitric oxide gas was purchased as commercially available NO bottles (Linde 93 and Riessner) and cleaned of traces of higher nitrogen oxides, such as N2O3 and NO2, by passing the gas through an Ascarite II column and then bubbling through a gas scrubbing bottle containing 5 M NaOH.</text></s> <s sid="218"><CoreSc1 atype="GSC" type="Exp" conceptID="Exp17" novelty="None" advantage="None"/><text>A second scrubbing bottle with water was used to prevent aerosol contamination.</text></s> <s sid="219"><CoreSc1 atype="GSC" type="Exp" conceptID="Exp18" novelty="None" advantage="None"/><text>The whole system was purged with oxygen-free argon to remove residual oxygen.</text></s></P></DIV><DIV DEPTH="2"><HEADER>Measurements</HEADER><P><s sid="220"><CoreSc1 atype="GSC" type="Exp" conceptID="Exp19" novelty="None" advantage="None"/><text>pH measurements were performed on a Metrohm 623 pH meter with a Sigma glass electrode or on a Mettler Delta 340 pH meter.</text></s> <s sid="221"><CoreSc1 atype="GSC" type="Exp" conceptID="Exp20" novelty="None" advantage="None"/><text>The concentration of free NO in solution was determined with an ISO-NOP electrode connected to an ISO-NO Mark II NO sensor from World Precision Instruments.</text></s> <s sid="222"><CoreSc1 atype="GSC" type="Exp" conceptID="Exp20" novelty="None" advantage="None"/><text>The NO electrode was calibrated daily with fresh solutions of sodium nitrite and potassium iodide, according to the method suggested by the manufacturers.</text></s> <s sid="223"><CoreSc1 atype="GSC" type="Exp" conceptID="Exp21" novelty="None" advantage="None"/><text>The determination of the stability constant KNO was performed as described elsewhere.<REF ID="R-50" REFID="cit35"/></text></s></P><P><s sid="224"><CoreSc1 atype="GSC" type="Exp" conceptID="Exp22" novelty="None" advantage="None"/><text>UV-Vis spectra were recorded on a Shimadzu UV-2100 spectrophotometer equipped with a thermostated cell compartment CPS-260.</text></s> <s sid="225"><CoreSc1 atype="GSC" type="Exp" conceptID="Exp23" novelty="None" advantage="None"/><text>IR spectra were recorded using a two-mirror ATR cell on a ATI Mattson FTIR Infinity spectrophotometer.</text></s> <s sid="226"><CoreSc1 atype="GSC" type="Exp" conceptID="Exp24" novelty="None" advantage="None"/><text>The reflection instrument utilizes a Ge crystal as an internal reflection plate with a size of 50 × 20 × 2 mm and 45° angle of incidence.</text></s> <s sid="227"><CoreSc1 atype="GSC" type="Exp" conceptID="Exp25" novelty="None" advantage="None"/><text>For the nitrosyl complex, four independent measurements of 100 scans each were performed under inert gas atmosphere.</text></s></P><P><s sid="228"><CoreSc1 atype="GSC" type="Exp" conceptID="Exp26" novelty="None" advantage="None"/><text>15N-NMR spectra were recorded on a Bruker Avance DRX400 WB spectrometer at 40.56 MHz.</text></s> <s sid="229"><CoreSc1 atype="GSC" type="Exp" conceptID="Exp26" novelty="None" advantage="None"/><text>Neat nitromethane was used as an external reference standard.</text></s> <s sid="230"><CoreSc1 atype="GSC" type="Exp" conceptID="Exp27" novelty="None" advantage="None"/><text>15N-enriched [RuIII(edta)15NO] was prepared by the reduction of Na15NO2 with ascorbic acid to produce 15NO, which was brought in contact with the edta complex of RuIII.</text></s> <s sid="231"><CoreSc1 atype="GSC" type="Exp" conceptID="Exp28" novelty="None" advantage="None"/><text>The pH of the solution was carefully adjusted to the desired value with deoxygenated NaOH or HClO4 under nitrogen atmosphere.</text></s> <s sid="232"><CoreSc1 atype="GSC" type="Exp" conceptID="Exp29" novelty="None" advantage="None"/><text>Formation of the nitrosyl complex was confirmed by the UV-Vis spectrum of a diluted sample.</text></s></P><P><s sid="233"><CoreSc1 atype="GSC" type="Exp" conceptID="Exp30" novelty="None" advantage="None"/><text>Kinetic measurements were performed by rapidly mixing solutions of RuIII/II complexes with solutions of NO (or NaNO2) using a SX-18·MV (Applied Photophysic) stopped-flow spectrometer.</text></s> <s sid="234"><CoreSc1 atype="GSC" type="Exp" conceptID="Exp31" novelty="None" advantage="None"/><text>The changes in absorbance were monitored at 290 nm.</text></s> <s sid="235"><CoreSc1 atype="GSC" type="Exp" conceptID="Exp32" novelty="None" advantage="None"/><text>All stopped-flow experiments were performed under pseudo-first-order conditions and the reported rate constants are the mean values from at least five kinetic runs.</text></s></P><P><s sid="236"><CoreSc1 atype="GSC" type="Exp" conceptID="Exp33" novelty="None" advantage="None"/><text>Laser flash photolysis kinetic studies were carried out using a LKS·60 spectrometer from Applied Photophysics for detection and a Nd: YAG laser (SURLITE I-10 Continuum) pump source operating in the third harmonic (λexc = 355 nm; 100 mJ pulses with ca.</text></s> <s sid="237"><CoreSc1 atype="GSC" type="Exp" conceptID="Exp33" novelty="None" advantage="None"/><text>7 ns pulse widths).</text></s> <s sid="238"><CoreSc1 atype="GSC" type="Exp" conceptID="Exp34" novelty="None" advantage="None"/><text>Spectral changes at 290 nm were monitored using a 100 W Xenon arc lamp, a monochromator, and a PMT-1P22 photomultiplier tube.</text></s> <s sid="239"><CoreSc1 atype="GSC" type="Exp" conceptID="Exp35" novelty="None" advantage="None"/><text>The absorbance reading was balanced to zero before the flash, and data were recorded on a DSO HP 54522A digital storage oscilloscope and then transferred to a computer for subsequent analysis.</text></s> <s sid="240"><CoreSc1 atype="GSC" type="Exp" conceptID="Exp36" novelty="None" advantage="None"/><text>Gas-tight quartz cuvettes and a pill-box cell combined with high pressure equipment<REF ID="R-51" REFID="cit36"/> were used at ambient and under high pressure (up to 170 MPa), respectively.</text></s> <s sid="241"><CoreSc1 atype="GSC" type="Exp" conceptID="Exp37" novelty="None" advantage="None"/><text>At least 30 kinetic runs were recorded under all conditions, and the reported rate constants represent the mean values of these.</text></s></P></DIV></DIV></BODY></PAPER>