<?xml version="1.0" encoding="UTF-8"?>
<!DOCTYPE PAPER
  SYSTEM "paper-structure-annotation.dtd">
<PAPER><mode2 name="b209460f" hasDoc="yes" version="1168"/><TITLE><s sid="1"><CoreSc1 atype="GSC" type="Obj" conceptID="Obj1" novelty="New" advantage="None"/><text>Non-photochemical spectral hole-burning mediated by water molecules in interligand pockets of [Cr(terpy)<SB>2</SB>]<SP>3+</SP></text></s></TITLE><ABSTRACT><s sid="2"><CoreSc1 atype="GSC" type="Met" conceptID="Met1" novelty="Old" advantage="None"/><text>Low temperature fluorescence line-narrowing (FLN) and spectral hole-burning experiments (SHB) were performed in the <SP>2</SP>E←<SP>4</SP>A<SB>2</SB> spin–flip transition of [Cr(2,2′:6′,2″-terpyridine)<SB>2</SB>]<SP>3+</SP> in frozen ethylene glycol/water (2 ∶ 1) and DMSO/water (2 ∶ 1) glasses.</text></s> <s sid="3"><CoreSc1 atype="GSC" type="Res" conceptID="Res1" novelty="None" advantage="None"/><text>In the FLN experiments an average <SP>2</SP>E splitting of 23 cm<SP>−1</SP> is observed.</text></s> <s sid="4"><CoreSc1 atype="GSC" type="Con" conceptID="Con1" novelty="None" advantage="None"/><text>It is concluded that the interaction with water molecules in pockets provided by the ligands is most likely to be responsible for the relatively efficient non-photochemical hole-burning.</text></s> <s sid="5"><CoreSc1 atype="GSC" type="Con" conceptID="Con2" novelty="None" advantage="None"/><text>Fast spectral diffusion and spontaneous hole-filling prevent the observation of holes above 20 K. The FLN and SHB experiments were performed by using a diode laser.</text></s></ABSTRACT><BODY><DIV DEPTH="1"><HEADER HEADER_MARKER="1">Introduction</HEADER><P><s sid="6"><CoreSc1 atype="GSC" type="Bac" conceptID="Bac1" novelty="None" advantage="None"/><text>Electronic transitions are inhomogeneously broadened in condensed phases due to the variation of local fields.</text></s> <s sid="7"><CoreSc1 atype="GSC" type="Bac" conceptID="Bac1" novelty="None" advantage="None"/><text>This broadening obscures valuable spectroscopic information at low temperatures.</text></s> <s sid="8"><CoreSc1 atype="GSC" type="Met" conceptID="Met2" novelty="Old" advantage="None"/><text>Often it can be overcome by the application of laser techniques such as fluorescence line narrowing (FLN) and spectral hole-burning (SHB).<REF TYPE="P" ID="cit1 cit2 cit3">1–3</REF></text></s> <s sid="9"><CoreSc1 atype="GSC" type="Bac" conceptID="Bac2" novelty="None" advantage="None"/><text>Laser techniques facilitate investigations of subtle details of the electronic structure of molecules or molecular ions.<REF TYPE="P" ID="cit3 cit4">3,4</REF></text></s> <s sid="10"><CoreSc1 atype="GSC" type="Bac" conceptID="Bac3" novelty="None" advantage="None"/><text>Non-photochemical spectral hole-burning is a general phenomenon in amorphous systems.</text></s> <s sid="11"><CoreSc1 atype="GSC" type="Bac" conceptID="Bac3" novelty="None" advantage="None"/><text>It is based on some rearrangement of host–guest interactions upon photoexcitation, resulting in a slight shift of the transition frequency of the laser-selected subset of chromophores.</text></s></P><P><s sid="12"><CoreSc1 atype="GSC" type="Bac" conceptID="Bac4" novelty="None" advantage="None"/><text>Recently, metal complexes of the 2,2′:6′,2″-terpyridine ligand (abbreviated as terpy in the following) and its derivatives have obtained a great deal of attention.<REF TYPE="P" ID="cit5">5</REF></text></s> <s sid="13"><CoreSc1 atype="GSC" type="Bac" conceptID="Bac4" novelty="None" advantage="None"/><text>The [Cr(terpy)<SB>2</SB>]<SP>3+</SP> complex displays a very strong nephelauxetic effect in comparison with very similar systems such as [Cr(bpy)<SB>3</SB>]<SP>3+</SP> (bpy = 2,2′-bipyridine).</text></s> <s sid="14"><CoreSc1 atype="GSC" type="Bac" conceptID="Bac4" novelty="None" advantage="None"/><text>This follows from the 760 cm<SP>−1</SP> shift of the <IT>R</IT> lines from ≈729 nm for [Cr(bpy)<SB>3</SB>]<SP>3+</SP> to 772 nm for [Cr(terpy)<SB>2</SB>]<SP>3+</SP>.<REF TYPE="P" ID="cit6">6</REF></text></s> <s sid="15"><CoreSc1 atype="GSC" type="Bac" conceptID="Bac4" novelty="None" advantage="None"/><text>The latter complex assumes a distorted meridional geometry, resulting in interligand pockets which facilitate a solvation of the chromium(iii) ion.<REF TYPE="P" ID="cit7">7</REF></text></s> <s sid="16"><CoreSc1 atype="GSC" type="Bac" conceptID="Bac4" novelty="None" advantage="None"/><text>Efficient non-photochemical hole-burning processes can be expected due to the interaction of the solvent molecules with the terpy ligands.</text></s></P><P><s sid="17"><CoreSc1 atype="GSC" type="Mot" conceptID="Mot1" novelty="None" advantage="None"/><text>Terpy, like bpy, can stabilise the +2 oxidation state of chromium and hence its complexes have some potential as optical recording materials.</text></s> <s sid="18"><CoreSc1 atype="GSC" type="Obj" conceptID="Obj1" novelty="New" advantage="None"/><text>Here we present preliminary results of fluorescence line-narrowing (FLN) and spectral hole-burning (SHB) studies of the <SP>2</SP>E←<SP>4</SP>A<SB>2</SB> spin–flip transition in [Cr(terpy)<SB>2</SB>]<SP>3+</SP>.</text></s></P></DIV><DIV DEPTH="1"><HEADER HEADER_MARKER="2">Experimental</HEADER><P><s sid="19"><CoreSc1 atype="GSC" type="Exp" conceptID="Exp1" novelty="None" advantage="None"/><text>2,2′:6′,2″-terpyridine (terpy) was used as obtained from Aldrich.</text></s> <s sid="20"><CoreSc1 atype="GSC" type="Exp" conceptID="Exp2" novelty="None" advantage="None"/><text>[Cr(terpy)<SB>2</SB>](PF<SB>6</SB>)<SB>3</SB> was synthesised from CrCl<SB>3</SB>·6H<SB>2</SB>O and terpy following modified literature procedures.<REF TYPE="P" ID="cit8 cit9">8,9</REF></text></s> <s sid="21"><CoreSc1 atype="GSC" type="Exp" conceptID="Exp2" novelty="None" advantage="None"/><text>CrCl<SB>3</SB>·6H<SB>2</SB>O was treated with zinc amalgam to form a solution of Cr(ii),<REF TYPE="P" ID="cit8">8</REF> and a portion of this solution was added to a deoxygenated solution of terpy in methanol.</text></s> <s sid="22"><CoreSc1 atype="GSC" type="Exp" conceptID="Exp2" novelty="None" advantage="None"/><text>The resulting red–brown [Cr(terpy)<SB>2</SB>]<SP>2+</SP> solution was bubbled through with oxygen to produce yellow [Cr(terpy)<SB>2</SB>]<SP>3+</SP>, which was then isolated as the hexafluorophosphate salt by treatment with NaPF<SB>6</SB>(aq).</text></s></P><P><s sid="23"><CoreSc1 atype="GSC" type="Exp" conceptID="Exp2" novelty="None" advantage="None"/><text>The chromium(iii) concentration in the ethylene glycol/water (2 ∶ 1) and DMSO/water (2 ∶ 1) glasses was ≈ 0.005 M. The samples were cooled to 2.5 K by a closed-cycle refrigerator (Janis/Sumitomo SHI-4.5).</text></s> <s sid="24"><CoreSc1 atype="GSC" type="Exp" conceptID="Exp3" novelty="None" advantage="None"/><text>Non-selective luminescence spectra were excited by the 488-nm line of an Ar<SP>+</SP> laser (Spectra Physics Stabilite 2017).</text></s> <s sid="25"><CoreSc1 atype="GSC" type="Exp" conceptID="Exp3" novelty="None" advantage="None"/><text>The luminescence was dispersed by a Spex 1704 monochromator (1200 grooves mm<SP>−1</SP> holographic grating) and detected by a cooled RCA31034 photomultiplier.</text></s> <s sid="26"><CoreSc1 atype="GSC" type="Exp" conceptID="Exp3" novelty="None" advantage="None"/><text>After current–voltage conversion by a broadband preamplifier (Products-For-Research) the signal was processed by a lock-in-amplifier (EG&amp;G 5210).</text></s> <s sid="27"><CoreSc1 atype="GSC" type="Exp" conceptID="Exp4" novelty="None" advantage="None"/><text>The FLN spectra were excited by a current- and temperature-stabilised (Thorlabs LDC500 and TEC2000 controllers with TCLDM9 thermoelectric mounts) single frequency laser diode (Sharp LT025MD0).</text></s> <s sid="28"><CoreSc1 atype="GSC" type="Exp" conceptID="Exp4" novelty="None" advantage="None"/><text>Two frequency and phase locked optical choppers (Thorlabs MC1000) with custom-made blades) were used in tandem with a phase shift of 180° for the resonant FLN experiments.</text></s> <s sid="29"><CoreSc1 atype="GSC" type="Exp" conceptID="Exp4" novelty="None" advantage="None"/><text>The first chopper employed a blade with a duty cycle of about 20% to modulate the laser and the second chopper was used at the entrance slit of the monochromator.</text></s> <s sid="30"><CoreSc1 atype="GSC" type="Exp" conceptID="Exp4" novelty="None" advantage="None"/><text>This experimental arrangement prevents laser light from entering the monochromator.</text></s> <s sid="31"><CoreSc1 atype="GSC" type="Exp" conceptID="Exp5" novelty="None" advantage="None"/><text>In the hole-burning spectra the wavelength of the laser was kept constant for the burn period and subsequently scanned by modulating the current (triangle ramp).</text></s> <s sid="32"><CoreSc1 atype="GSC" type="Exp" conceptID="Exp5" novelty="None" advantage="None"/><text>The hole-burning spectra were measured in excitation and the monochromator was used in zeroth order with a RG715 filter.</text></s> <s sid="33"><CoreSc1 atype="GSC" type="Exp" conceptID="Exp5" novelty="None" advantage="None"/><text>To reject laser light, the tandem chopper configuration (see above) was employed.</text></s> <s sid="34"><CoreSc1 atype="GSC" type="Exp" conceptID="Exp5" novelty="None" advantage="None"/><text>In the hole-burning spectra the output of the lock-in amplifier was averaged by a digital storage oscilloscope (Tektronix TDS210).</text></s> <s sid="35"><CoreSc1 atype="GSC" type="Exp" conceptID="Exp5" novelty="None" advantage="None"/><text>The laser scans were calibrated by a spectrum analyser (Coherent model 240) with a free spectral range of 1.5 GHz.</text></s></P></DIV><DIV DEPTH="1"><HEADER HEADER_MARKER="3">Results and discussion</HEADER><P><s sid="36"><CoreSc1 atype="GSC" type="Obs" conceptID="Obs1" novelty="None" advantage="None"/><text>Fig. 1 shows the non-selectively excited luminescence spectra of [Cr(terpy)<SB>2</SB>]<SP>3+</SP> in ethylene glycol/water (2 ∶ 1) and DMSO/water (2 ∶ 1) at 2.5 K in comparison with the resonantly narrowed luminescence spectrum in the DMSO/water (2 ∶ 1) glass at 20 K.</text></s></P><P><s sid="37"><CoreSc1 atype="GSC" type="Exp" conceptID="Exp6" novelty="None" advantage="None"/><text>The FLN spectrum was measured at 20 K to avoid hole-burning.</text></s> <s sid="38"><CoreSc1 atype="GSC" type="Res" conceptID="Res2" novelty="None" advantage="None"/><text>The <SP>4</SP>A<SB>2</SB>←<SP>2</SP>E emission is strongly red-shifted in [Cr(terpy)<SB>2</SB>]<SP>3+</SP> due to a pronounced nephelauxetic effect (reduction of the Racah <IT>B</IT> parameter caused by electron delocalisation onto the ligands) and peaks at ≈772 nm.</text></s> <s sid="39"><CoreSc1 atype="GSC" type="Res" conceptID="Res3" novelty="None" advantage="None"/><text>The inhomogeneous linewidth of the electronic origin (<IT>R</IT><SB>1</SB>) is ≈90 cm<SP>−1</SP> in both systems.</text></s> <s sid="40"><CoreSc1 atype="GSC" type="Obs" conceptID="Obs2" novelty="None" advantage="None"/><text>This is comparable to the value reported for [Cr(bpy)<SB>3</SB>]<SP>3+</SP>.<REF TYPE="P" ID="cit10">10</REF></text></s> <s sid="41"><CoreSc1 atype="GSC" type="Obs" conceptID="Obs3" novelty="None" advantage="None"/><text>In the FLN spectrum well defined vibrational sidelines are observed at –121, −206, −327, −209 and −455 cm<SP>−1</SP>.</text></s></P><P><s sid="42"><CoreSc1 atype="GSC" type="Bac" conceptID="Bac5" novelty="None" advantage="None"/><text>The laser predominantly excites chromophores <IT>via</IT> the <IT>R</IT><SB>1</SB> line.</text></s> <s sid="43"><CoreSc1 atype="GSC" type="Bac" conceptID="Bac5" novelty="None" advantage="None"/><text>However, some molecular cations get excited <IT>via</IT> the <IT>R</IT><SB>2</SB> line.</text></s> <s sid="44"><CoreSc1 atype="GSC" type="Res" conceptID="Res4" novelty="None" advantage="None"/><text>This leads to relatively broad <IT>R</IT><SB>1</SB>-emission at longer wavelength (see inset of Fig. 1) since molecules excited into the <IT>R</IT><SB>2</SB> line will relax to <IT>R</IT><SB>1</SB> and energy levels of transition metal complexes in amorphous hosts are poorly correlated (the <SP>2</SP>E splitting varies within the inhomogeneous distribution).<REF TYPE="P" ID="cit10">10</REF></text></s> <s sid="45"><CoreSc1 atype="GSC" type="Obs" conceptID="Obs4" novelty="None" advantage="None"/><text>Note that the resonant line in the inset of Fig. 1 is truncated.</text></s> <s sid="46"><CoreSc1 atype="GSC" type="Res" conceptID="Res5" novelty="None" advantage="None"/><text>The average <SP>2</SP>E splitting is ≈ 23 cm<SP>−1</SP> with a standard deviation of ≈ 15 cm<SP>−1</SP>.</text></s> <s sid="47"><CoreSc1 atype="GSC" type="Res" conceptID="Res5" novelty="None" advantage="None"/><text>Thus the <SP>2</SP>E splitting is better defined than in [Cr(bpy)<SB>3</SB>]<SP>3+</SP>.<REF TYPE="P" ID="cit10">10</REF></text></s> <s sid="48"><CoreSc1 atype="GSC" type="Con" conceptID="Con3" novelty="None" advantage="None"/><text>We partly assign this difference to the nominal <IT>D</IT><SB>2d</SB> symmetry of the [Cr(terpy)<SB>2</SB>]<SP>3+</SP> complex but particularly to the higher rigidity of terpy compared to bpy.</text></s> <s sid="49"><CoreSc1 atype="GSC" type="Con" conceptID="Con3" novelty="None" advantage="None"/><text>We have found that the <SP>2</SP>E splitting in trigonal complexes may vary drastically in amorphous systems due to low symmetry perturbations.<REF TYPE="P" ID="cit10">10</REF></text></s></P><P><s sid="50"><CoreSc1 atype="GSC" type="Res" conceptID="Res6" novelty="None" advantage="None"/><text>At 2.5 K the excited state lifetime is 584 ± 1 µs in the ethylene glycol/water glass and 694 ± 1 µs in nafion.</text></s> <s sid="51"><CoreSc1 atype="GSC" type="Con" conceptID="Con4" novelty="None" advantage="None"/><text>This indicates that solvent molecules are present in the interligand pockets providing an efficient pathway for the non-radiative deactivation of the <SP>2</SP>E state by direct energy transfer to high frequency acceptor modes.<REF TYPE="P" ID="cit11">11</REF></text></s> <s sid="52"><CoreSc1 atype="GSC" type="Con" conceptID="Con4" novelty="None" advantage="None"/><text>It is important to realize that this electronic to vibrational energy transfer is facilitated by the coincidence of the luminescence of [Cr(terpy)<SB>2</SB>]<SP>3+</SP> with the absorption spectrum of the fourth overtones of O–H and C–H stretch frequencies.</text></s> <s sid="53"><CoreSc1 atype="GSC" type="Obs" conceptID="Obs5" novelty="None" advantage="None"/><text>Fig. 2 presents a ≈30% deep spectral hole burnt into the <SP>2</SP>E←<SP>4</SP>A<SB>2</SB> transition of [Cr(terpy)<SB>2</SB>]<SP>3+</SP> in ethylene glycol/water (2 ∶ 1).</text></s> <s sid="54"><CoreSc1 atype="GSC" type="Res" conceptID="Res7" novelty="None" advantage="None"/><text>The initial hole-burning efficiency is estimated to be ≈0.3%.</text></s> <s sid="55"><CoreSc1 atype="GSC" type="Con" conceptID="Con5" novelty="None" advantage="None"/><text>We tentatively assign this <IT>relatively</IT> efficient hole-burning process to rearrangements of solvent molecules in the interligand pockets.</text></s> <s sid="56"><CoreSc1 atype="GSC" type="Obs" conceptID="Obs6" novelty="None" advantage="None"/><text>The holewidth is strongly dependent on the hole depth.<REF TYPE="P" ID="cit12">12</REF></text></s> <s sid="57"><CoreSc1 atype="GSC" type="Res" conceptID="Res8" novelty="None" advantage="None"/><text>For example, a 10% deep hole has a width of 400 MHz compared to the 780-MHz width of the 30% hole.</text></s> <s sid="58"><CoreSc1 atype="GSC" type="Res" conceptID="Res9" novelty="None" advantage="None"/><text>Taking into account the 70-MHz laser linewidth an upper limit of an effective homogeneous linewidth <IT>Γ</IT><SB>h</SB> of 130 MHz results by using eqn. (1).<IT>Γ</IT><SB>hole</SB> = 2<IT>Γ</IT><SB>h</SB> + 2<IT>Γ</IT><SB>laser</SB>This is orders of magnitude larger than the lifetime-limited linewidth of <IT>Γ</IT><SB>h</SB> = 1/2π<IT>T</IT><SB>1</SB> (<IT>T</IT><SB>1</SB> is the excited state lifetime).<REF TYPE="P" ID="cit3">3</REF></text></s> <s sid="59"><CoreSc1 atype="GSC" type="Con" conceptID="Con6" novelty="None" advantage="None"/><text>Fast spectral diffusion caused by rearrangements of host–guest interactions, and electronic and nuclear spin fluctuations must be responsible for the observed holewidth.</text></s> <s sid="60"><CoreSc1 atype="GSC" type="Con" conceptID="Con6" novelty="None" advantage="None"/><text>For example, the <IT>indirect</IT> electronic spin–spin interactions may contribute significantly to the holewidth for the concentration used in the present experiment.</text></s> <s sid="61"><CoreSc1 atype="GSC" type="Con" conceptID="Con6" novelty="None" advantage="None"/><text>Furthermore, superhyperfine interactions with the proton spins of the water molecules in the interligand pockets provides another mechanism for the broadening.</text></s> <s sid="62"><CoreSc1 atype="GSC" type="Bac" conceptID="Bac6" novelty="None" advantage="None"/><text>Sample heating can be excluded since the optical density at the laser frequency is very low (&lt;0.001) and relatively low laser powers were used.</text></s></P><P><s sid="63"><CoreSc1 atype="GSC" type="Res" conceptID="Res10" novelty="None" advantage="None"/><text>Relatively fast spontaneous hole-filling occurs.</text></s> <s sid="64"><CoreSc1 atype="GSC" type="Res" conceptID="Res10" novelty="None" advantage="None"/><text>For example, the hole area of an initially 20% deep spectral hole decreases by 30% in 500 s.</text></s> <s sid="65"><CoreSc1 atype="GSC" type="Res" conceptID="Res11" novelty="None" advantage="None"/><text>Spectral holes cannot be burnt at temperatures above 20 K. These observations are indicative of a non-photochemical hole-burning mechanism and two-level systems with relatively low activation barriers enabling fast spontaneous hole-filling at higher temperatures.<REF TYPE="P" ID="cit1 cit2 cit3">1–3</REF></text></s></P><P><s sid="66"><CoreSc1 atype="GSC" type="Obs" conceptID="Obs7" novelty="None" advantage="None"/><text>If deep spectral holes in the [Cr(terpy)<SB>2</SB>]<SP>3+</SP>/ethylene glycol/water system are cycled from 2.5 to 20 to 2.5 K over 10 minutes a significant increase of the holewidth is observed (0.8 to 2.55 GHz).</text></s> <s sid="67"><CoreSc1 atype="GSC" type="Con" conceptID="Con7" novelty="None" advantage="None"/><text>This is a direct indication of thermally activated spectral diffusion by the dynamic rearrangement of host–guest interactions.</text></s></P><P><s sid="68"><CoreSc1 atype="GSC" type="Bac" conceptID="Bac7" novelty="None" advantage="None"/><text>It has been suggested that in frozen solutions the parameters <IT>D</IT> and <IT>E</IT> of the spin Hamiltonian of the <SP>4</SP>A<SB>2</SB> ground state are subject to a statistical distribution caused by the solvent molecules in the interligand pockets.<REF TYPE="P" ID="cit13">13</REF></text></s> <s sid="69"><CoreSc1 atype="GSC" type="Con" conceptID="Con8" novelty="None" advantage="None"/><text>This idea is supported by the present SHB experiments: no distinct sideholes are measurable in the range of the reported zero field splitting, 0.28–0.34 cm<SP>−1</SP>, of [Co(terpy)<SB>2</SB>](ClO<SB>4</SB>)<SB>2</SB>·2.5H<SB>2</SB>O ∶ Cr(iii).</text></s></P></DIV><DIV DEPTH="1"><HEADER HEADER_MARKER="4">Conclusions</HEADER><P><s sid="70"><CoreSc1 atype="GSC" type="Obj" conceptID="Obj2" novelty="New" advantage="None"/><text>We have applied an inexpensive laser diode in FLN and SHB studies of a coordination compound in an amorphous host.</text></s> <s sid="71"><CoreSc1 atype="GSC" type="Res" conceptID="Res12" novelty="None" advantage="None"/><text>The [Cr(terpy)<SB>2</SB>]<SP>3+</SP> system shows a relatively high efficiency of the non-photochemical hole-burning process.</text></s> <s sid="72"><CoreSc1 atype="GSC" type="Con" conceptID="Con9" novelty="None" advantage="None"/><text>We <IT>tentatively</IT> assign this to <IT>the interaction of solvent molecules in interligand pockets.</IT> Further investigations of the solvent–ligand interactions by laser techniques and deuteration effects are currently undertaken.</text></s></P></DIV></BODY></PAPER>