<?xml version="1.0" encoding="UTF-8"?>
<!DOCTYPE PAPER
  SYSTEM "paper-structure-annotation.dtd">
<PAPER><mode2 name="b304951e" hasDoc="yes" version="1085"/><TITLE><s sid="1"><CoreSc1 atype="GSC" type="Obj" conceptID="Obj1" novelty="New" advantage="None"/><text>A fluorescence study of (4-{(1E,3E)-4-[4-(dimethylamino)phenyl]buta-1,3-dienyl}phenyl)methanol and its bioconjugates with bovine and human serum albumins</text></s></TITLE><ABSTRACT><s sid="2"><CoreSc1 atype="GSC" type="Obj" conceptID="Obj1" novelty="None" advantage="None"/><text>Electronic absorption and fluorescence properties of (4-{(1E,3E)-4-[4-(dimethylamino)phenyl]buta-1,3-dienyl}phenyl)methanol in different media, including organic solvents of varying polarity at 298 K, an ethanol–methanol matrix at 77 K and protein environments, have been examined.</text></s> <s sid="3"><CoreSc1 atype="GSC" type="Res" conceptID="Res1" novelty="None" advantage="None"/><text>The diene shows solvatochromic fluorescence, which is correlated with empirical solvent polarity parameters.</text></s> <s sid="4"><CoreSc1 atype="GSC" type="Con" conceptID="Con1" novelty="None" advantage="None"/><text>The red-shifted fluorescence emission of the diene is attributed to a polar, conformationally relaxed intramolecular charge transfer excited state.</text></s> <s sid="5"><CoreSc1 atype="GSC" type="Obj" conceptID="Obj2" novelty="None" advantage="None"/><text>Further, the diene has been covalently attached to bovine serum albumin and human serum albumin and the fluorescence probe properties of the protein-diene conjugates have been examined in phosphate buffer.</text></s></ABSTRACT><BODY><DIV DEPTH="1"><HEADER>Introduction</HEADER><P><s sid="6"><CoreSc1 atype="GSC" type="Bac" conceptID="Bac1" novelty="None" advantage="None"/><text>The strategy of studying the stereoelectronic nature of biomolecular binding sites by critically examining spectroscopic changes in a probe when bound to the binding site is well-known.<REF ID="R-0" REFID="cit1"/><REF ID="R-1" REFID="cit2"/><REF ID="R-2" REFID="cit3"/><REF ID="R-3" REFID="cit4"/><REF ID="R-4" REFID="cit5"/><REF ID="R-5" REFID="cit6"/><REF ID="R-6" REFID="cit7"/><REF ID="R-7" REFID="cit8"/><REF ID="R-8" REFID="cit9"/></text></s> <s sid="7"><CoreSc1 atype="GSC" type="Met" conceptID="Met1" novelty="Old" advantage="None"/><text>Fluorescence spectroscopy and probe molecules that exhibit solvatochromic fluorescence have been particularly useful for this purpose.<REF ID="R-9" REFID="cit10"/><REF ID="R-10" REFID="cit11"/><REF ID="R-11" REFID="cit12"/><REF ID="R-12" REFID="cit13"/><REF ID="R-13" REFID="cit14"/><REF ID="R-14" REFID="cit15"/></text></s> <s sid="8"><CoreSc1 atype="GSC" type="Met" conceptID="Met1" novelty="Old" advantage="Yes"/><text>Since the intensity and the maximum wavelength of the fluorescence emission also depends on solvent polarity, compounds exhibiting solvatochromic dual fluorescence emission can be used as probes of environmental polarity.</text></s> <s sid="9"><CoreSc1 atype="GSC" type="Met" conceptID="Met2" novelty="Old" advantage="None"/><text>We have recently reported that certain diphenylbutadienes are capable of solvatochromic fluorescence emission and that these can be used as fluorescence probes for studying the microenvironment of organised assemblies.<REF ID="R-15" REFID="cit16"/><REF ID="R-16" REFID="cit17"/><REF ID="R-17" REFID="cit18"/><REF ID="R-18" REFID="cit19"/><REF ID="R-19" REFID="cit20"/></text></s> <s sid="10"><CoreSc1 atype="GSC" type="Met" conceptID="Met2" novelty="Old" advantage="None"/><text>The large red shift in the fluorescence emission of such compounds bearing strong donor or acceptor groups on the phenyl ring has been attributed to conformational relaxation of the excited state and intramolecular charge transfer.</text></s></P><P><s sid="11"><CoreSc1 atype="GSC" type="Met" conceptID="Met3" novelty="New" advantage="None"/><text>Herein we report a new fluorescence probe, namely (4-{(1E,3E)-4-[4-(dimethylamino)phenyl]buta-1,3-dienyl}phenyl)methanol (6) that can be used to study the microenvironment of proteins.</text></s> <s sid="12"><CoreSc1 atype="GSC" type="Met" conceptID="Met3" novelty="New" advantage="None"/><text>The fluorescence probe properties of 6 are based on its solvent polarity dependence and novel substituent-tuned fluorescence emission behaviour.</text></s> <s sid="13"><CoreSc1 atype="GSC" type="Met" conceptID="Met3" novelty="New" advantage="None"/><text>Its excited state is characterised by charge transfer process.</text></s> <s sid="14"><CoreSc1 atype="GSC" type="Met" conceptID="Met3" novelty="New" advantage="Yes"/><text>It shows large Stokes' shifts and its fluorescence quantum yield (Φf) is greater than that of other known probe dienes (e.g., the nitro diphenyldienes),<REF ID="R-20" REFID="cit18"/> particularly in biologically significant aqueous medium.</text></s> <s sid="15"><CoreSc1 atype="GSC" type="Obj" conceptID="Obj3" novelty="New" advantage="None"/><text>To examine the usefulness of this diene as a fluorescence probe for proteins, it has been covalently attached to bovine serum albumin (BSA) and human serum albumin (HSA) and the fluorescence characteristics of the resulting protein conjugates 8 and 9 have been investigated.</text></s></P></DIV><DIV DEPTH="1"><HEADER>Experimental</HEADER><DIV DEPTH="2"><HEADER>Materials and general procedures</HEADER><P><s sid="16"><CoreSc1 atype="GSC" type="Exp" conceptID="Exp1" novelty="None" advantage="None"/><text>Starting materials for the synthesis, BSA and quinine sulfate, were procured from local suppliers and used as received.</text></s> <s sid="17"><CoreSc1 atype="GSC" type="Exp" conceptID="Exp1" novelty="None" advantage="None"/><text>Fatty-acid-free HSA was obtained from Sigma Chemical Company (USA).</text></s> <s sid="18"><CoreSc1 atype="GSC" type="Exp" conceptID="Exp1" novelty="None" advantage="None"/><text>Diphosgene was procured from IICT (Hyderabad, India).</text></s> <s sid="19"><CoreSc1 atype="GSC" type="Exp" conceptID="Exp1" novelty="None" advantage="None"/><text>Sephadex-G50 used for gel filtrations was from Pharmacia Biotechnology (Sweden).</text></s> <s sid="20"><CoreSc1 atype="GSC" type="Exp" conceptID="Exp2" novelty="None" advantage="None"/><text>Solvents used for the synthesis of dienes and for photophysical studies were from Spectrochem India Ltd. (Mumbai) and were freshly dried and distilled prior to use.</text></s> <s sid="21"><CoreSc1 atype="GSC" type="Exp" conceptID="Exp3" novelty="None" advantage="None"/><text>Thin layer chromatography (TLC) and column chromatography were run on silica gel and neutral alumina, respectively.</text></s> <s sid="22"><CoreSc1 atype="GSC" type="Exp" conceptID="Exp3" novelty="None" advantage="None"/><text>Deionised and double-distilled water was used for the preparation of all aqueous solutions.</text></s> <s sid="23"><CoreSc1 atype="GSC" type="Exp" conceptID="Exp3" novelty="None" advantage="None"/><text>Phosphate buffer used was 0.1 M (pH 7.4).</text></s></P><P><s sid="24"><CoreSc1 atype="GSC" type="Exp" conceptID="Exp4" novelty="None" advantage="None"/><text>Melting points were determined on Veego melting point apparatus by the capillary method and are uncorrected.</text></s> <s sid="25"><CoreSc1 atype="GSC" type="Exp" conceptID="Exp5" novelty="None" advantage="None"/><text>UV-vis measurements were carried out on a Shimadzu UV-160 spectrophotometer.</text></s> <s sid="26"><CoreSc1 atype="GSC" type="Exp" conceptID="Exp6" novelty="None" advantage="None"/><text>IR spectra in KBr discs were recorded on an Impact 400 Nicolet FTIR spectrophotometer.</text></s> <s sid="27"><CoreSc1 atype="GSC" type="Exp" conceptID="Exp7" novelty="None" advantage="None"/><text>1H-NMR (300 MHz) spectra in CDCl3 as solvent and TMS as internal standard were measured on a Varian VXR 300 FT NMR spectrometer.</text></s> <s sid="28"><CoreSc1 atype="GSC" type="Exp" conceptID="Exp8" novelty="None" advantage="None"/><text>Elemental analyses were done on a Thermoquest CE instrument-1112 series CHNS autoanalyser.</text></s> <s sid="29"><CoreSc1 atype="GSC" type="Exp" conceptID="Exp9" novelty="None" advantage="None"/><text>Steady state fluorescence measurements were carried out on a DM1B microprocessor controlled Spex-112 Fluorolog spectrofluorimeter with slit widths of 1 and 1.5 mm for the excitation and emission monochromators, respectively.</text></s> <s sid="30"><CoreSc1 atype="GSC" type="Exp" conceptID="Exp9" novelty="None" advantage="None"/><text>The low temperature fluorescence studies were done using an ethanol–methanol (1∶1, v/v) glass at 77 K using a Spex-112 Fluorolog equipped with Spex-1932 F accessories.</text></s> <s sid="31"><CoreSc1 atype="GSC" type="Exp" conceptID="Exp9" novelty="None" advantage="None"/><text>The fluorescence quantum yields (Φf) at ambient temperature were determined using quinine sulfate as the standard<REF ID="R-21" REFID="cit21"/> (Φf = 0.55, the revised value is 0.53).<REF ID="R-22" REFID="cit22"/></text></s> <s sid="32"><CoreSc1 atype="GSC" type="Exp" conceptID="Exp9" novelty="None" advantage="None"/><text>The low temperature Φf are relative to the quinine sulfate Φf at ambient temperature.</text></s></P></DIV><DIV DEPTH="2"><HEADER>Syntheses</HEADER><P><s sid="33"><CoreSc1 atype="GSC" type="Met" conceptID="Met4" novelty="New" advantage="None"/><text>The synthetic routes for diene 6 and protein conjugates 8 and 9 are outlined in Scheme 1 and the details are described below.</text></s></P><DIV DEPTH="3"><HEADER>(4-{(1E,3E)-4-[4-(Dimethylamino)phenyl]buta-1,3-dienyl}phenyl)methanol, 6</HEADER><P><s sid="34"><CoreSc1 atype="GSC" type="Exp" conceptID="Exp10" novelty="None" advantage="None"/><text>In a typical experiment, a mixture of 4-carbomethoxy benzyl bromide (1, 0.05 g, 0.23 mM) and triethylphosphite (2, 0.21 g, 1.1 mM) was refluxed for 2 h to give the corresponding phosphonate (3).</text></s> <s sid="35"><CoreSc1 atype="GSC" type="Exp" conceptID="Exp10" novelty="None" advantage="None"/><text>The phosphonate was slowly added to a stirred suspension of sodium hydride (pre-washed with dry petroleum ether (60–80°C)) in THF at 0 °C under N2 atmosphere.</text></s> <s sid="36"><CoreSc1 atype="GSC" type="Exp" conceptID="Exp10" novelty="None" advantage="None"/><text>4-N,N-Dimethylamino cinnamaldehyde (4) taken up in dry THF was added dropwise to the stirred reaction mixture.</text></s> <s sid="37"><CoreSc1 atype="GSC" type="Exp" conceptID="Exp10" novelty="None" advantage="None"/><text>The reaction mixture was slowly brought to room temperature and the stirring was allowed to continue until most of the aldehyde had disappeared, as indicated by TLC in 10percent ethyl acetate in petroleum ether (60–80°C).</text></s> <s sid="38"><CoreSc1 atype="GSC" type="Exp" conceptID="Exp10" novelty="None" advantage="None"/><text>After completion of the reaction, the reaction mixture was quenched with brine and taken up in diethyl ether.</text></s> <s sid="39"><CoreSc1 atype="GSC" type="Exp" conceptID="Exp10" novelty="None" advantage="None"/><text>The ether layer was washed with water and dried over anhydrous sodium sulfate.</text></s> <s sid="40"><CoreSc1 atype="GSC" type="Exp" conceptID="Exp10" novelty="None" advantage="None"/><text>Removal of ether on a rotary evaporator yielded solid material, which was purified by column chromatography using 20percent ethyl acetate in petroleum ether (60–80 °C) as eluent; methyl 4-{(1E,3E)-4-[4-(dimethylamino)phenyl]buta-1,3-dienyl}benzoate (5) was obtained in 62percent yield.</text></s> <datasection id="o860" type="dataSection"><s sid="41"><CoreSc1 atype="GSC" type="Obs" conceptID="Obs1" novelty="None" advantage="None"/><text>M.p.</text></s> <s sid="42"><CoreSc1 atype="GSC" type="Obs" conceptID="Obs1" novelty="None" advantage="None"/><text>209–210 °C.</text></s> <s sid="43"><CoreSc1 atype="GSC" type="Obs" conceptID="Obs2" novelty="None" advantage="None"/><text>UV-vis (MeOH) λmax/nm: 395 (ε 26 644 mol−1 cm−1 l).</text></s> <s sid="44"><CoreSc1 atype="GSC" type="Obs" conceptID="Obs3" novelty="None" advantage="None"/><text>IR νmax/cm−1: 1726 (–CO str), 1606 (–CC str), 1368 (–C–N str of –Ar–N), 958 (–C–H def of trans alkene).</text></s> <s sid="45"><CoreSc1 atype="GSC" type="Obs" conceptID="Obs4" novelty="None" advantage="None"/><text>1H NMR (CDCl3, 300 MHz) δ: 2.99 (6H, s, NMe2), 3.91 (3H, s, –COOMe), 6.58 (1H, d, J = 15.48, NMe2–C6H4–CHCH–), 6.67 (1H, d, J = 15.56 Hz, MeOOC–C6H4–CHCH–), 6.69 (2H, d, AB coupling J = 8.79 Hz, NMe2–C6H4–), 6.79 (1H, dd, J = 15.65, 10.05 Hz, Me2N–C6H4–CHCH–CH), 7.05 (1H, dd, J = 15.36, 9.92 Hz, MeOOC–C6H4–CHCH–), 7.35 (2H, d, AB coupling J = 8.79 Hz Me2N–C6H4–), 7.45 (2H, d of AB coupling, J = 8.24 Hz, MeOOC–C6H4–), 7.98 (2H, dd of aromatic quartet, J = 8.24, 1.83 Hz, MeOOC–C6H4–).</text></s> <s sid="46"><CoreSc1 atype="GSC" type="Obs" conceptID="Obs5" novelty="None" advantage="None"/><text>Anal. calcd for C20H21NO2 (307.40): C, 78.15; H, 6.89; N, 4.56; found: C, 78.19; H, 6.74; N, 4.63.</text></s></datasection></P><P><s sid="47"><CoreSc1 atype="GSC" type="Exp" conceptID="Exp11" novelty="None" advantage="None"/><text>The ester 5 prepared as above was converted to the corresponding alcohol 6 by reducing it with lithium aluminium hydride.</text></s> <s sid="48"><CoreSc1 atype="GSC" type="Exp" conceptID="Exp11" novelty="None" advantage="None"/><text>In a typical reaction, lithium aluminium hydride (0.036 g, 9.6 mM) was added into 10 mL dry THF under nitrogen atmosphere and stirred for 10 min.</text></s> <s sid="49"><CoreSc1 atype="GSC" type="Exp" conceptID="Exp11" novelty="None" advantage="None"/><text>To this was added ester 5 (0.1 g, 3.2 mM) taken up in 10 mL dry THF and the reaction mixture was stirred at room temperature for 3 h.</text></s> <s sid="50"><CoreSc1 atype="GSC" type="Exp" conceptID="Exp11" novelty="None" advantage="None"/><text>The progress of the reaction was monitored by TLC in 40percent ethyl acetate in petroleum ether (60–80 °C) and, after completion of the reaction, the reaction mixture was cooled to 0 °C and was slowly neutralised with 50 mL saturated ammonium chloride solution.</text></s> <s sid="51"><CoreSc1 atype="GSC" type="Exp" conceptID="Exp11" novelty="None" advantage="None"/><text>The quenched reaction mixture was extracted with ethyl acetate and the organic layer was dried over anhydrous sodium sulfate.</text></s> <s sid="52"><CoreSc1 atype="GSC" type="Exp" conceptID="Exp11" novelty="None" advantage="None"/><text>Evaporation of ethyl acetate under reduced pressure yielded a yellow solid, which was further purified by column chromatography using 30percent ethyl acetate in petroleum ether (60–80°C) as eluent; (4-{(1E,3E)-4-[4-(dimethylamino)phenyl]buta-1,3-dienyl}phenyl)methanol (6) was obtained in 67percent yield.</text></s> <datasection id="o861" type="dataSection"><s sid="53"><CoreSc1 atype="GSC" type="Obs" conceptID="Obs6" novelty="None" advantage="None"/><text>M.p.</text></s> <s sid="54"><CoreSc1 atype="GSC" type="Obs" conceptID="Obs6" novelty="None" advantage="None"/><text>215–218 °C.</text></s> <s sid="55"><CoreSc1 atype="GSC" type="Obs" conceptID="Obs7" novelty="None" advantage="None"/><text>UV-vis (1,4-dioxane) λmax/nm: 372 (ε 40 300 mol−1 cm−1 l).</text></s> <s sid="56"><CoreSc1 atype="GSC" type="Obs" conceptID="Obs8" novelty="None" advantage="None"/><text>IR (KBr) νmax/cm−1: 3400–3500 (–OH), 1599 (–CC–), 1365 (–C–N str of –Ar–N).</text></s> <s sid="57"><CoreSc1 atype="GSC" type="Obs" conceptID="Obs9" novelty="None" advantage="None"/><text>1H NMR (CDCl3, 300 MHz) δ: 2.98 (6H, s, NMe2), 4.67 (2H, d, –CH2OH) 7.41 (2H, d, AB coupling, J = 8.24, 2.01 Hz, HOH2C–C6H4–), 7.31 (2H, d, AB coupling, J = 8.24, 2.01 Hz, HOH2C–C6H4–), 7.35 (2H, d, AB coupling, J = 8.97, 2.01 Hz, Me2N–C6H4–), 6.69 (2H, d, AB coupling, J = 8.97, 2.01 Hz, NMe2–C6H4–), 6.95 (1H, dd, J = 15.19, 8.08 Hz, HOH2C–C6H4–CHCH–), 6.76 (1H, dd, J = 15.19, 8.05 Hz, Me2N–C6H4–CHCH–), 6.60 (1H, d, J = 15.19 Hz, HOH2C–C6H4–CH–), 6.56 (1H, d, J = 15.19 Hz, Me2N–C6H4–CH–).</text></s> <s sid="58"><CoreSc1 atype="GSC" type="Obs" conceptID="Obs10" novelty="None" advantage="None"/><text>Anal. calcd for C19H21NO (279.39): C, 81.68; H, 7.58; N, 5.01; found: C, 81.74; H, 7.51; N, 5.78.</text></s></datasection></P></DIV><DIV DEPTH="3"><HEADER>Preparation of protein conjugates 8 and 9</HEADER><P><s sid="59"><CoreSc1 atype="GSC" type="Met" conceptID="Met5" novelty="Old" advantage="None"/><text>The protein conjugates were prepared as described elsewhere for immunoglobulin.<REF ID="R-23" REFID="cit23"/></text></s> <s sid="60"><CoreSc1 atype="GSC" type="Met" conceptID="Met5" novelty="Old" advantage="None"/><text>Thus, diene 6 was treated with diphosgene and the resulting chloro compound 7 was allowed to react with HSA and BSA to obtain the desired conjugates.</text></s> <s sid="61"><CoreSc1 atype="GSC" type="Exp" conceptID="Exp12" novelty="None" advantage="None"/><text>In a typical procedure, 6 (0.010 g) was reacted with 15 µL diphosgene in 1 mL dry 1,4-dioxane in the presence of 5 µL pyridine as a catalyst.</text></s> <s sid="62"><CoreSc1 atype="GSC" type="Obs" conceptID="Obs11" novelty="None" advantage="None"/><text>A white precipitate immediately appeared.</text></s> <s sid="63"><CoreSc1 atype="GSC" type="Obs" conceptID="Obs12" novelty="None" advantage="None"/><text>After stirring for 30 min, TLC showed total disappearance of diene 6.</text></s> <s sid="64"><CoreSc1 atype="GSC" type="Exp" conceptID="Exp12" novelty="None" advantage="None"/><text>Unreacted materials were evaporated away under a stream of nitrogen.</text></s> <s sid="65"><CoreSc1 atype="GSC" type="Obs" conceptID="Obs13" novelty="None" advantage="None"/><text>The residue by FTIR analysis showed a peak at 1775 cm−1 corresponding to the carbonyl group of chloride 7.</text></s> <s sid="66"><CoreSc1 atype="GSC" type="Exp" conceptID="Exp12" novelty="None" advantage="None"/><text>Ethanol (5 mL) was added to the mixture and this solution of 7 was used for reaction with the proteins.</text></s></P><P><s sid="67"><CoreSc1 atype="GSC" type="Exp" conceptID="Exp12" novelty="None" advantage="None"/><text>Aliquots of an ethanolic solution of the chloride 7 (20–80 µL) were added to 2 mg of the proteins taken up in 1 mL aq.</text></s> <s sid="68"><CoreSc1 atype="GSC" type="Exp" conceptID="Exp12" novelty="None" advantage="None"/><text>NaHCO3 (0.1 M) solution.</text></s> <s sid="69"><CoreSc1 atype="GSC" type="Exp" conceptID="Exp12" novelty="None" advantage="None"/><text>The mixture was kept overnight at 4 °C.</text></s> <s sid="70"><CoreSc1 atype="GSC" type="Exp" conceptID="Exp12" novelty="None" advantage="None"/><text>After this, the reaction mixture was passed through a Sephadex-G50 column to remove unreacted diene.</text></s> <s sid="71"><CoreSc1 atype="GSC" type="Exp" conceptID="Exp12" novelty="None" advantage="None"/><text>The protein-diene conjugates were further dialysed for 6 h against 1 L of phosphate buffer at 4 °C to ensure total removal of unreacted diene.</text></s> <s sid="72"><CoreSc1 atype="GSC" type="Exp" conceptID="Exp12" novelty="None" advantage="None"/><text>The mixture was diluted to 5 mL with phosphate buffer and then its UV-vis absorption spectrum was measured.</text></s> <s sid="73"><CoreSc1 atype="GSC" type="Mod" conceptID="Mod1" novelty="None" advantage="None"/><text>The average number of diene residues bound to the protein was estimated by known procedures from the concentration of the protein and the concentration of the diene in the conjugates using the following equation:<REF ID="R-24" REFID="cit24"/> D/P = Cd/Cp where Cd = Aλmax/εd, Cp = [A280 − (A λmaxF)]/εp, and F = Ad(280)/Ad.</text></s> <s sid="74"><CoreSc1 atype="GSC" type="Mod" conceptID="Mod1" novelty="None" advantage="None"/><text>In this equation D/P is the number of chromophores bound to the protein, Cd is the concentration of chromophore in the conjugate (mol L−1), Cp is the concentration of protein in the conjugate (mol L−1), Aλmax is the absorbance of chromophore in the conjugate at λmax ( = 325 nm), εd is the absorption coefficient due to diene chromophore at 325 nm, Ad(280) is absorbance of free chromophore at 280 nm, Ad is the absorbance of diene chromophore at 325 nm, A280 is the absorbance of protein in conjugate at 280 nm, and εp is the extinction coefficient of protein at 280 nm.</text></s></P><P><s sid="75"><CoreSc1 atype="GSC" type="Met" conceptID="Met6" novelty="Old" advantage="None"/><text>Five conjugates (8, 8a–8d, and 9, 9a–9d) of each protein having a different number of diene units were prepared.</text></s> <s sid="76"><CoreSc1 atype="GSC" type="Met" conceptID="Met6" novelty="Old" advantage="None"/><text>The number of diene units bound to the proteins depended on the aliquot of diene solution added to the protein during the coupling reaction.</text></s> <s sid="77"><CoreSc1 atype="GSC" type="Obs" conceptID="Obs14" novelty="None" advantage="None"/><text>Conjugate 8 and 9 were found to contain a maximum of 4.6 and 4.25 units of the diene chromophore.</text></s> <s sid="78"><CoreSc1 atype="GSC" type="Obs" conceptID="Obs15" novelty="None" advantage="None"/><text>The other protein conjugates were found to contain the following concentrations of the diene units: 8a, 1.9 × 10−5 M (D/P ∼0.99); 8b, 2.7 × 10−5 M (D/P ∼1.42); 8c, 5.0 × 10−5 M (D/P ∼2.7); 8d, 7.7 × 10−5 M (D/P ∼4.1); 9a, 2.1 × 10−5 M (D/P ∼1.27); 9b, 2.8 × 10−5 M (D/P ∼1.7); 9c, 5.0 × 10−5 M (D/P ∼03.03); 9d, 6.4 × 10−5 M (D/P ∼3.88).</text></s></P></DIV></DIV></DIV><DIV DEPTH="1"><HEADER>Results and discussion</HEADER><DIV DEPTH="2"><HEADER>Electronic absorption and fluorescence properties of 6 in organic solvents and 1,4-dioxane–water mixtures</HEADER><P><s sid="79"><CoreSc1 atype="GSC" type="Obs" conceptID="Obs16" novelty="None" advantage="None"/><text>The UV-vis absorption and fluorescence spectral data of diene 6 in homogeneous media (organic solvents) and in 1,4-dioxane–water mixtures are summarised in Tables 1 and 2.</text></s> <s sid="80"><CoreSc1 atype="GSC" type="Obs" conceptID="Obs16" novelty="None" advantage="None"/><text>For comparison purposes the absorption and fluorescence spectral data of the parent diene N,N-dimethyl-N-[4-phenylbuta-(1E,3E)-dienyl]phenylamine in organic solvents are also given in Table 1, while the data in 1,4-dioxane–water mixtures was already reported.<REF ID="R-25" REFID="cit20"/></text></s> <s sid="81"><CoreSc1 atype="GSC" type="Res" conceptID="Res2" novelty="None" advantage="None"/><text>Similar to the parent diene, no significant changes are observed in the absorption and fluorescence excitation spectra of 6 in the various solvents examined, except that in aprotic polar solvents the absorption maximum is slightly red-shifted while in protic solvents like methanol and water it experiences a blue shift.</text></s> <s sid="82"><CoreSc1 atype="GSC" type="Obs" conceptID="Obs17" novelty="None" advantage="None"/><text>In 1,4-dioxane–water mixtures a similar trend is observed, that is the absorption maximum tends to decrease as the water content is increased.</text></s> <s sid="83"><CoreSc1 atype="GSC" type="Obs" conceptID="Obs17" novelty="None" advantage="None"/><text>However, the fluorescence excitation wavelength does not change.</text></s> <s sid="84"><CoreSc1 atype="GSC" type="Con" conceptID="Con2" novelty="None" advantage="None"/><text>These absorption spectral features can be due to ground state hydrogen bond interactions and aggregate formation, particularly in water in which the diene is not freely soluble.</text></s></P><P><s sid="85"><CoreSc1 atype="GSC" type="Obs" conceptID="Obs18" novelty="None" advantage="None"/><text>In contrast to a very moderate solvent polarity effect on the absorption maximum and almost no effect on the fluorescence excitation spectrum, there is a marked influence of the solvent polarity on the fluorescence emission behaviour of the diene (Fig. 1).</text></s> <s sid="86"><CoreSc1 atype="GSC" type="Res" conceptID="Res3" novelty="None" advantage="None"/><text>The fluorescence emission gets red-shifted by 91 nm when the diene is in a polar protic medium like water as compared to that in a non-polar solvent like heptane.</text></s> <s sid="87"><CoreSc1 atype="GSC" type="Obs" conceptID="Obs19" novelty="None" advantage="None"/><text>In the relatively non-polar media of heptane, 1,4-dioxane and THF, the diene shows two fluorescence bands centred at around 430 and 470 nm.</text></s> <s sid="88"><CoreSc1 atype="GSC" type="Obs" conceptID="Obs19" novelty="None" advantage="None"/><text>With increase in solvent polarity the peak at 430 nm disappears and there is red shift in the longer wavelength peak.</text></s> <s sid="89"><CoreSc1 atype="GSC" type="Obs" conceptID="Obs20" novelty="None" advantage="None"/><text>Even though in water there is large blue shift in the absorption maximum, the fluorescence emission maximum is highly red-shifted.</text></s> <s sid="90"><CoreSc1 atype="GSC" type="Obs" conceptID="Obs21" novelty="None" advantage="None"/><text>The fluorescence excitation maximum in organic solvents is similar to the absorption maximum in the same solvents.</text></s> <s sid="91"><CoreSc1 atype="GSC" type="Obs" conceptID="Obs21" novelty="None" advantage="None"/><text>However, in water the excitation maximum is considerably red-shifted as compared to its absorption maximum in water, and it is similar to that of the excitation maximum observed in organic solvents.</text></s> <s sid="92"><CoreSc1 atype="GSC" type="Obs" conceptID="Obs22" novelty="None" advantage="None"/><text>The excitation spectrum was found to be independent of emission wavelength in all the media studied.</text></s> <s sid="93"><CoreSc1 atype="GSC" type="Obs" conceptID="Obs23" novelty="None" advantage="None"/><text>Similarly, the emission spectrum is also independent of excitation wavelength except that the fluorescence intensity is reduced when excitation is done at a wavelength other than the absorption maximum.</text></s></P><P><s sid="94"><CoreSc1 atype="GSC" type="Obs" conceptID="Obs24" novelty="None" advantage="None"/><text>Φf decreases with increase in solvent polarity.</text></s> <s sid="95"><CoreSc1 atype="GSC" type="Mod" conceptID="Mod2" novelty="None" advantage="None"/><text>The change in the excited state dipole moment of 6 was determined from Lippert–Mataga analysis using the equation:<REF ID="R-26" REFID="cit25"/><REF ID="R-27" REFID="cit26"/> νa − νf = {[2(µe − µg)2/hca3]F(D,n)}, where νa − νf is the Stokes' shift, µe − µg = Δµ is the change in dipole moment, h is Planck's constant, c is the velocity of light, a is the Onsagar radius and F(D,n) = Δf = (D − 1)/(2D + 1) − (n2 − 1)/(2n2 + 1), where D is the dielectric constant and n is the refractive index of the solvent.</text></s> <s sid="96"><CoreSc1 atype="GSC" type="Mod" conceptID="Mod2" novelty="None" advantage="None"/><text>The Onsager radius has been taken as approximately 9 Å, a value that has been used for a similar diene, 1-p-N,N-dimethylaminophenyl-4-p-nitrophenylbuta-(1E, 3E)-diene.<REF ID="R-28" REFID="cit27"/></text></s> <s sid="97"><CoreSc1 atype="GSC" type="Res" conceptID="Res4" novelty="None" advantage="None"/><text>The Lippert–Mataga correlation plot is characterised by a straight line with a slope of 10 634 and an R2 value of 0.9528, where R is the linear correlation.</text></s> <s sid="98"><CoreSc1 atype="GSC" type="Res" conceptID="Res4" novelty="None" advantage="None"/><text>The change in excited state dipole moment (Δµ) is determined to be 22.54 D, indicating the polar nature of the fluorescent excited state of 6.</text></s></P><P><s sid="99"><CoreSc1 atype="GSC" type="Met" conceptID="Met7" novelty="New" advantage="None"/><text>The dependence of the Stokes’ shifts on solvent polarity has also been correlated with the empirical solvent polarity parameters ET(30) and π*.</text></s> <s sid="100"><CoreSc1 atype="GSC" type="Met" conceptID="Met8" novelty="Old" advantage="None"/><text>ET(30) is a solvent polarity parameter proposed by Dimroth, Reichardt and coworkers, based on the transition energy for the longest wavelength solvatochromic absorption band of the pyridinium-N-phenoxide betain dye.<REF ID="R-29" REFID="cit28"/><REF ID="R-30" REFID="cit29"/></text></s> <s sid="101"><CoreSc1 atype="GSC" type="Met" conceptID="Met8" novelty="Old" advantage="None"/><text>The ET(30) value for a solvent is defined as the transition energy of the dissolved betaine dye, measured in kcal mol−1, and is recognised as one of the most comprehensive solvent polarity scales.</text></s> <s sid="102"><CoreSc1 atype="GSC" type="Met" conceptID="Met9" novelty="Old" advantage="None"/><text>The π* scale, proposed by Kamlet, Abboud and Taft, is derived from solvent effects on the π–π* transition of a variety of nitroaromatics.<REF ID="R-31" REFID="cit29"/><REF ID="R-32" REFID="cit30"/></text></s> <s sid="103"><CoreSc1 atype="GSC" type="Met" conceptID="Met9" novelty="Old" advantage="None"/><text>These solvent polarity correlations were made in various organic solvents, including 1,4-dioxane--water mixtures.</text></s> <s sid="104"><CoreSc1 atype="GSC" type="Obs" conceptID="Obs25" novelty="None" advantage="None"/><text>When ET(30) is plotted against the Stokes' shifts in nonpolar, polar aprotic and polar protic solvents, good correlations are not obtained.</text></s> <s sid="105"><CoreSc1 atype="GSC" type="Obs" conceptID="Obs25" novelty="None" advantage="None"/><text>However, good correlations are obtained when ET(30) is plotted against the Stokes' shifts in 1,4-dioxane–water mixtures.</text></s> <s sid="106"><CoreSc1 atype="GSC" type="Res" conceptID="Res5" novelty="None" advantage="None"/><text>This can be due to the specific hydrogen bond interactions between protic solvents and excited diene.</text></s> <s sid="107"><CoreSc1 atype="GSC" type="Bac" conceptID="Bac2" novelty="None" advantage="None"/><text>The ET(30) scale is known to show a strong dependence on hydrogen bond interactions.</text></s> <s sid="108"><CoreSc1 atype="GSC" type="Con" conceptID="Con3" novelty="None" advantage="None"/><text>This can be the reason for the relatively poor correlations observed when ET(30) is plotted against the Stokes' shifts in apolar and protic solvents together.</text></s> <s sid="109"><CoreSc1 atype="GSC" type="Res" conceptID="Res6" novelty="None" advantage="None"/><text>The ET(30) correlation plot for eight data points is characterised by a straight line slope of 162.7 and an R2 value of 0.9874.</text></s> <s sid="110"><CoreSc1 atype="GSC" type="Obs" conceptID="Obs26" novelty="None" advantage="None"/><text>On the other hand, reasonable correlations with π* in aprotic as well as in protic solvents is observed.</text></s> <s sid="111"><CoreSc1 atype="GSC" type="Res" conceptID="Res7" novelty="None" advantage="None"/><text>The π* correlation plot for eleven data points is characterised by a straight line slope of −0.0004 and an R2 value of 0.8326.</text></s> <s sid="112"><CoreSc1 atype="GSC" type="Con" conceptID="Con4" novelty="None" advantage="None"/><text>Apparently, the fluorescent excited state of 6 has polar character and it undergoes hydrogen bond interactions with protic polar solvents.</text></s></P><P><s sid="113"><CoreSc1 atype="GSC" type="Con" conceptID="Con4" novelty="None" advantage="None"/><text>The blue-shifted fluorescence emission of 6 in non-polar solvents can be from the locally excited state, while the longer wavelength emission can be from an intramolecular charge transfer excited state, which is more polar and lower in energy than the locally excited state.</text></s> <s sid="114"><CoreSc1 atype="GSC" type="Con" conceptID="Con4" novelty="None" advantage="None"/><text>The intramolecular charge transfer excited state can involve conformational relaxation of the single bonds connecting the donor group to the acceptor group.</text></s> <s sid="115"><CoreSc1 atype="GSC" type="Con" conceptID="Con4" novelty="None" advantage="None"/><text>Hence, the polar solvents stabilise the excited state, resulting in red-shifted fluorescence emission.</text></s> <s sid="116"><CoreSc1 atype="GSC" type="Con" conceptID="Con4" novelty="None" advantage="None"/><text>The conformational relaxation of the excited state is possible by bond rotation at a number of sites, including carbon-carbon bonds between the aromatic centres as well as the bond between the donor dialkylamino group and the aromatic ring.</text></s></P></DIV><DIV DEPTH="2"><HEADER>Low temperature fluorescence studies</HEADER><P><s sid="117"><CoreSc1 atype="GSC" type="Obs" conceptID="Obs27" novelty="None" advantage="None"/><text>The fluorescence spectral features of 6 in a 1∶1 (v/v) ethanol–methanol mixture at 298 and 77 K are shown in Fig. 2 and the corresponding data are summarised in Table 3.</text></s> <s sid="118"><CoreSc1 atype="GSC" type="Obs" conceptID="Obs28" novelty="None" advantage="None"/><text>An examination of this data reveals that as compared to emission at 298 K, the emission of 6 is blue-shifted by 56 nm at 77 K. At 298 K, the diene exhibits fluorescence emission at 485 nm with a shoulder peak at 433 nm whereas at 77 K there is total disappearance of longer wavelength emission and the spectrum is characterised by well-defined structure with a maximum at 429 nm.</text></s> <s sid="119"><CoreSc1 atype="GSC" type="Obs" conceptID="Obs28" novelty="None" advantage="None"/><text>Furthermore, as compared to 298 K, there is an approximately eight-fold increase in Φf at 77 K. The low temperature fluorescence observations point towards conformational relaxation in the excited state of diene 6.</text></s> <s sid="120"><CoreSc1 atype="GSC" type="Hyp" conceptID="Hyp1" novelty="None" advantage="None"/><text>In a rigid matrix at 77 K, molecular motions and related geometrical changes in the fluorophores are expected to be reduced.</text></s> <s sid="121"><CoreSc1 atype="GSC" type="Hyp" conceptID="Hyp1" novelty="None" advantage="None"/><text>This will result in a minimisation of solvent effects on the excited state.</text></s> <s sid="122"><CoreSc1 atype="GSC" type="Hyp" conceptID="Hyp1" novelty="None" advantage="None"/><text>In the absence of solvent effects, a blue shift in the fluorescence emission is expected.</text></s> <s sid="123"><CoreSc1 atype="GSC" type="Con" conceptID="Con5" novelty="None" advantage="None"/><text>At low temperature, non-radiative transitions are expected to be weak, hence the increase in Φf.</text></s> <s sid="124"><CoreSc1 atype="GSC" type="Con" conceptID="Con5" novelty="None" advantage="None"/><text>It may, however, be mentioned that several other factors like a change in solvent density, a decrease in the population of some vibrational states, etc. may also need to be considered for a complete description of the blue shift observed at low temperature.</text></s></P><P><s sid="125"><CoreSc1 atype="GSC" type="Obs" conceptID="Obs29" novelty="None" advantage="None"/><text>It is also interesting to note that in heptane and 1,4-dioxane at 298 K the intensity of the shorter wavelength fluorescence emission band is greater than that of the longer wavelength fluorescence emission band.</text></s> <s sid="126"><CoreSc1 atype="GSC" type="Obs" conceptID="Obs29" novelty="None" advantage="None"/><text>In THF and ethanol–methanol mixtures, however, the intensity of the longer wavelength fluorescence emission band becomes much greater.</text></s> <s sid="127"><CoreSc1 atype="GSC" type="Obs" conceptID="Obs30" novelty="None" advantage="None"/><text>Also, the fluorescence emission spectrum in methanol is characterised by the presence of only the CT band whereas that in 1∶1 ethanol–methanol is characterised by the presence of dual fluorescence emission bands.</text></s></P><P><s sid="128"><CoreSc1 atype="GSC" type="Res" conceptID="Res8" novelty="None" advantage="None"/><text>It seems that the protic solvents influence the excited species more strongly when compared to the aprotic solvents.</text></s> <s sid="129"><CoreSc1 atype="GSC" type="Con" conceptID="Con6" novelty="None" advantage="None"/><text>In protic solvents the hydrogen bond interactions may be important, affecting the fluorescence excited state and, hence, the fluorescence emission spectra.</text></s> <s sid="130"><CoreSc1 atype="GSC" type="Hyp" conceptID="Hyp2" novelty="None" advantage="None"/><text>At low temperature in an ethanol–methanol (1∶1) matrix the excited state of diene is expected to have conformationally restricted geometries.</text></s> <s sid="131"><CoreSc1 atype="GSC" type="Hyp" conceptID="Hyp2" novelty="None" advantage="None"/><text>On the other hand, at ambient temperature the excited diene can undergo conformational relaxation and occur in geometries that are different from the excited state geometries at low temperature.</text></s> <s sid="132"><CoreSc1 atype="GSC" type="Hyp" conceptID="Hyp2" novelty="None" advantage="None"/><text>Therefore, the interactions between solvent and excited diene are expected to be different at the two temperatures.</text></s> <s sid="133"><CoreSc1 atype="GSC" type="Hyp" conceptID="Hyp2" novelty="None" advantage="None"/><text>This may also contribute to the observed fluorescence excitation and emission features of 6.</text></s></P><P><s sid="134"><CoreSc1 atype="GSC" type="Obs" conceptID="Obs31" novelty="None" advantage="None"/><text>Furthermore, in solvents having a dielectric constant (ε) greater than 30, such as methanol (ε = 33), acetonitrile (36.6), DMF (38.3), and water (80) only the longer wavelength fluorescence emission band is seen for 6.</text></s> <s sid="135"><CoreSc1 atype="GSC" type="Obs" conceptID="Obs31" novelty="None" advantage="None"/><text>However, two fluorescence bands for 6 are observed in a 1∶1 ethanol–methanol mixture.</text></s> <s sid="136"><CoreSc1 atype="GSC" type="Con" conceptID="Con7" novelty="None" advantage="None"/><text>This may be due to the intermediate polarity of the mixed alcohols.</text></s> <s sid="137"><CoreSc1 atype="GSC" type="Bac" conceptID="Bac3" novelty="None" advantage="None"/><text>The dielectric constant of ethanol is 24 and that of methanol is 33.</text></s> <s sid="138"><CoreSc1 atype="GSC" type="Bac" conceptID="Bac3" novelty="None" advantage="None"/><text>So, a 1∶1 mixture of ethanol and methanol is expected to have dielectric constant between 24 and 33.</text></s> <s sid="139"><CoreSc1 atype="GSC" type="Res" conceptID="Res9" novelty="None" advantage="None"/><text>Thus, while in solvents of high dielectric constant only the CT band is observed, in solvents of relatively lower dielectric constant (∼&lt;30) both CT as well as non-CT bands appear.</text></s></P></DIV><DIV DEPTH="2"><HEADER>Electronic absorption and fluorescence properties of the protein conjugates 8 and 9</HEADER><P><s sid="140"><CoreSc1 atype="GSC" type="Obs" conceptID="Obs32" novelty="None" advantage="None"/><text>The UV-vis absorption and fluorescence spectra of BSA and the corresponding protein conjugate 8 with diene 6 are presented in Figs. 3 and 4, respectively.</text></s> <s sid="141"><CoreSc1 atype="GSC" type="Obs" conceptID="Obs33" novelty="None" advantage="None"/><text>The fluorescence excitation spectra of diene 6 and its conjugate with BSA (8) are shown in Fig. 5.</text></s> <s sid="142"><CoreSc1 atype="GSC" type="Obs" conceptID="Obs34" novelty="None" advantage="None"/><text>HSA showed similar absorption and fluorescence spectra.</text></s> <s sid="143"><CoreSc1 atype="GSC" type="Res" conceptID="Res10" novelty="None" advantage="None"/><text>These absorption and fluorescence data are summarised in Table 4.</text></s></P><P><s sid="144"><CoreSc1 atype="GSC" type="Obs" conceptID="Obs35" novelty="None" advantage="None"/><text>Conjugates 8 and 9 show absorption bands at around 280 nm (due to the protein part) and at 325 with a shoulder at around 365–368 nm due to the diene moiety.</text></s> <s sid="145"><CoreSc1 atype="GSC" type="Res" conceptID="Res11" novelty="None" advantage="None"/><text>Thus, the absorption of the diene in the protein medium is blue-shifted as compared to its absorption in both organic solvents.</text></s> <s sid="146"><CoreSc1 atype="GSC" type="Obs" conceptID="Obs36" novelty="None" advantage="None"/><text>We have noted that the absorption of diene 6 in aqueous medium is drastically blue-shifted.</text></s> <s sid="147"><CoreSc1 atype="GSC" type="Res" conceptID="Res12" novelty="None" advantage="None"/><text>The relatively short wavelength absorption of 6 in water (310 nm as compared to an ∼370 nm absorption by 6 in organic solvents) can be due to the poor solubility of 6 in water and also due to ground state hydrogen bond interactions between 6 and water.</text></s> <s sid="148"><CoreSc1 atype="GSC" type="Con" conceptID="Con8" novelty="None" advantage="None"/><text>Since the diene is not freely soluble in water, there is a chance of aggregation, which can reduce the absorption wavelength.</text></s> <s sid="149"><CoreSc1 atype="GSC" type="Con" conceptID="Con8" novelty="None" advantage="None"/><text>Therefore, it can be said that in the protein conjugates 8 and 9, the coupled diene 6 is partially exposed to a relatively protic polar environment where it can participate in hydrogen bond interactions, resulting in a blue shift of its absorption maximum.</text></s> <s sid="150"><CoreSc1 atype="GSC" type="Con" conceptID="Con8" novelty="None" advantage="None"/><text>This is also evident from the absorption maximum of 6 in methanol (354 nm) in which there is possibility of hydrogen bonding between the diene and the solvent.</text></s></P><P><s sid="151"><CoreSc1 atype="GSC" type="Met" conceptID="Met10" novelty="Old" advantage="None"/><text>The number of diene molecules coupled to BSA and HSA was determined by following the absorbance of the modified protein at 325 nm (ε 18 400 mol−1 cm−1 l in 80percent phosphate buffer + 20percent methanol) due to the diene moiety and 280 nm due to the protein residues.</text></s> <s sid="152"><CoreSc1 atype="GSC" type="Obs" conceptID="Obs37" novelty="None" advantage="None"/><text>The absorption coefficients, ε, for BSA and HSA in phosphate buffer at 280 nm are 39 080 and 36 600 mol−1 cm−1 l, respectively.</text></s> <s sid="153"><CoreSc1 atype="GSC" type="Res" conceptID="Res13" novelty="None" advantage="None"/><text>The relative concentrations of diene and protein moieties were calculated as discussed in the Experimental and it was found that a maximum of about four diene units could be coupled to BSA and HSA.</text></s> <s sid="154"><CoreSc1 atype="GSC" type="Met" conceptID="Met11" novelty="Old" advantage="None"/><text>It may be mentioned here that the spectra of the conjugates were taken in pure buffer, but the reference spectra with extinction coefficients are taken in a mixed solvent (20percent methanol).</text></s> <s sid="155"><CoreSc1 atype="GSC" type="Met" conceptID="Met11" novelty="Old" advantage="No"/><text>As the compound is not properly soluble in water, its extinction coefficient in pure water could not be calculated.</text></s> <s sid="156"><CoreSc1 atype="GSC" type="Met" conceptID="Met12" novelty="Old" advantage="None"/><text>The extinction coefficient, therefore, was obtained using water containing 20percent methanol, in which 6 is properly soluble.</text></s> <s sid="157"><CoreSc1 atype="GSC" type="Met" conceptID="Met12" novelty="Old" advantage="No"/><text>As said earlier there is a strong dependence of the absorption on alcohol mixture and therefore the values may not be the real ones that one expects in pure water.</text></s></P><P><s sid="158"><CoreSc1 atype="GSC" type="Res" conceptID="Res14" novelty="None" advantage="None"/><text>Both the protein conjugates show similar fluorescence spectral characteristics, indicating that the diene is located in the same region in both the proteins.</text></s> <s sid="159"><CoreSc1 atype="GSC" type="Obs" conceptID="Obs38" novelty="None" advantage="None"/><text>There is no change in the fluorescence emission or excitation maximum with increase in the concentration of the diene in the conjugates.</text></s> <s sid="160"><CoreSc1 atype="GSC" type="Obs" conceptID="Obs38" novelty="None" advantage="None"/><text>However, there are changes in the fluorescence intensity.</text></s> <s sid="161"><CoreSc1 atype="GSC" type="Met" conceptID="Met13" novelty="New" advantage="None"/><text>The fluorescence spectra of conjugates 8 and 9 were recorded by exciting the conjugates at 295, 325 and 365 nm.</text></s> <s sid="162"><CoreSc1 atype="GSC" type="Met" conceptID="Met13" novelty="New" advantage="Yes"/><text>The 295 nm excitation (instead of 280 nm) was chosen since the excitation at 280 nm (an absorption band shown by the conjugates due to protein) can result in fluorescence emission by tyrosine residues of the protein as well.</text></s> <s sid="163"><CoreSc1 atype="GSC" type="Obs" conceptID="Obs39" novelty="None" advantage="None"/><text>Excitation of conjugates 8 and 9 at 295 nm resulted in fluorescence emissions at 342 and 476–478 nm.</text></s> <s sid="164"><CoreSc1 atype="GSC" type="Obs" conceptID="Obs39" novelty="None" advantage="None"/><text>Similarly, excitations of the conjugates at 325 and 375 nm resulted in fluorescence emission with maximum in the range of 475–478 nm.</text></s> <s sid="165"><CoreSc1 atype="GSC" type="Obs" conceptID="Obs39" novelty="None" advantage="None"/><text>Thus, BSA and HSA both show fluorescence emissions at 342 nm when excited at 295 nm.</text></s> <s sid="166"><CoreSc1 atype="GSC" type="Res" conceptID="Res15" novelty="None" advantage="None"/><text>Therefore, it can be said that the fluorescence emission of protein conjugates 8 and 9 at 342 nm is from the tryptophan residue of the modified proteins and the fluorescence emission at 478 nm is due to the diene moiety.</text></s> <s sid="167"><CoreSc1 atype="GSC" type="Obs" conceptID="Obs40" novelty="None" advantage="None"/><text>However, at 295 nm the diene has considerable absorption and hence it can fluoresce.</text></s> <s sid="168"><CoreSc1 atype="GSC" type="Met" conceptID="Met14" novelty="New" advantage="None"/><text>Therefore, the fluorescence emission of the diene was examined by exciting at 275 nm where it has a minimum in the absorption.</text></s> <s sid="169"><CoreSc1 atype="GSC" type="Obs" conceptID="Obs41" novelty="None" advantage="None"/><text>Under these excitation conditions, two emission bands located at 342 and 478 nm were observed.</text></s> <s sid="170"><CoreSc1 atype="GSC" type="Con" conceptID="Con9" novelty="None" advantage="None"/><text>This points towards the possibility of energy transfer interactions between tryptophan and diene moieties in the protein conjugates.</text></s></P><P><s sid="171"><CoreSc1 atype="GSC" type="Res" conceptID="Res16" novelty="None" advantage="None"/><text>With an increase in the concentration of the diene moieties in the protein conjugate, there is a partial quenching of the intrinsic fluorescence of the protein at 342 nm (due to tryptophan residues) and an increase in the fluorescence emission at 478 nm (due to diene moieties) when excited at 295 nm.</text></s> <s sid="172"><CoreSc1 atype="GSC" type="Res" conceptID="Res17" novelty="None" advantage="None"/><text>Since the diene also shows some absorption at 295 nm, an increase in the fluorescence intensity at 478 nm with increase in the concentration of diene molecules can be attributed to the excitation of the diene.</text></s> <s sid="173"><CoreSc1 atype="GSC" type="Obs" conceptID="Obs42" novelty="None" advantage="None"/><text>However, there is a decrease in the fluorescence intensity of tryptophan with increase in the concentration of diene.</text></s> <s sid="174"><CoreSc1 atype="GSC" type="Con" conceptID="Con10" novelty="None" advantage="None"/><text>This indicates that the diene causes quenching of the fluorescence due to tryptophan residues.</text></s> <s sid="175"><CoreSc1 atype="GSC" type="Obs" conceptID="Obs43" novelty="None" advantage="None"/><text>To determine whether energy transfer was taking place from the tryptophan residues to the diene units, the fluorescence excitation spectrum of the protein conjugates 8 and 9 (obtained at 478 nm fluorescence emission) was compared with that of the fluorescence excitation spectrum of the diene in phosphate buffer (Fig. 5).</text></s> <s sid="176"><CoreSc1 atype="GSC" type="Obs" conceptID="Obs43" novelty="None" advantage="None"/><text>The excitation spectrum of diene 6 is characterised by a band at 370 nm.</text></s> <s sid="177"><CoreSc1 atype="GSC" type="Res" conceptID="Res18" novelty="None" advantage="None"/><text>However, the excitation spectrum of the protein conjugates featured bands at 280 as well as 370 nm, clearly indicating the involvement of the protein residue.</text></s> <s sid="178"><CoreSc1 atype="GSC" type="Con" conceptID="Con11" novelty="None" advantage="None"/><text>These observations indicate the possibility of energy transfer from the tryptophan to diene moieties in both the conjugates.</text></s></P><P><s sid="179"><CoreSc1 atype="GSC" type="Obs" conceptID="Obs44" novelty="None" advantage="None"/><text>Compared to the spectra in aqueous medium, the diene in the protein environments shows blue-shifted fluorescence emission and an increase in Φf.</text></s> <s sid="180"><CoreSc1 atype="GSC" type="Con" conceptID="Con12" novelty="None" advantage="None"/><text>These observations indicate that the diene is located in a relatively non-polar environment in the protein.</text></s> <s sid="181"><CoreSc1 atype="GSC" type="Res" conceptID="Res19" novelty="None" advantage="None"/><text>The fluorescence emission of diene in the protein conjugates is similar to that observed for the diene in medium polar solvents like THF in which the diene fluoresces at around 475 nm with a shoulder at 445 nm.</text></s></P><P><s sid="182"><CoreSc1 atype="GSC" type="Bac" conceptID="Bac4" novelty="None" advantage="None"/><text>BSA and HSA are homologous proteins composed of single polypeptide chains with 583 and 585 amino acids, respectively, with a similar sequence and a similar conformation.<REF ID="R-33" REFID="cit31"/></text></s> <s sid="183"><CoreSc1 atype="GSC" type="Bac" conceptID="Bac5" novelty="None" advantage="None"/><text>The three-dimensional structure of HSA reveals that it contains three homologous domains that assemble to form a heart-shaped molecule.<REF ID="R-34" REFID="cit32"/><REF ID="R-35" REFID="cit33"/><REF ID="R-36" REFID="cit34"/></text></s> <s sid="184"><CoreSc1 atype="GSC" type="Bac" conceptID="Bac5" novelty="None" advantage="None"/><text>Each domain is the product of two sub-domains (A and B) that possess common structural motifs.</text></s> <s sid="185"><CoreSc1 atype="GSC" type="Bac" conceptID="Bac5" novelty="None" advantage="None"/><text>It is also believed that the principle regions of ligand binding to HSA are located in hydrophobic cavities of sub-domains IIA and IIIA.</text></s> <s sid="186"><CoreSc1 atype="GSC" type="Bac" conceptID="Bac5" novelty="None" advantage="None"/><text>However, the well-known difference between BSA and HSA is that while BSA has two tryptophans, HSA has only one tryptophan unit.</text></s></P><P><s sid="187"><CoreSc1 atype="GSC" type="Bac" conceptID="Bac6" novelty="None" advantage="None"/><text>The tryptophan residue plays an important role as a chromophore and a fluorophore in optical studies of proteins.</text></s> <s sid="188"><CoreSc1 atype="GSC" type="Bac" conceptID="Bac6" novelty="None" advantage="None"/><text>However, it is generally difficult to examine the behaviour of individual tryptophans in relation to the total conformational change of the protein, which contains the tryptophan(s), since quite a few tryptophans are located at random in most of the proteins.</text></s> <s sid="189"><CoreSc1 atype="GSC" type="Bac" conceptID="Bac6" novelty="None" advantage="None"/><text>In this way, since there is only one tryptophan (Trp-214) unit present in HSA, which has been proposed to be located in a cleft or hydrophobic fold of sub-domain IIA, it provides a unique opportunity to study the energy transfer interactions and binding sites of the protein.</text></s> <s sid="190"><CoreSc1 atype="GSC" type="Hyp" conceptID="Hyp3" novelty="None" advantage="None"/><text>In addition, one of the two tryptophans in BSA (Trp-213) is anticipated to be located in a similar environment as the single tryptophan residue (Trp-214) in HSA, while the additional tryptophan residue (Trp-134) has been proposed to be located on the surface of the molecule.</text></s> <s sid="191"><CoreSc1 atype="GSC" type="Con" conceptID="Con13" novelty="None" advantage="None"/><text>The diene moiety can be located in the hydrophobic environment of sub-domain IIA of HSA, and in view of the observed similarity between the fluorescence characteristics of protein conjugates 8 and 9, it can be proposed that the diene moiety in BSA is also located in sub-domain IIA of the protein.</text></s></P></DIV></DIV><DIV DEPTH="1"><HEADER>Conclusions</HEADER><P><s sid="192"><CoreSc1 atype="GSC" type="Con" conceptID="Con14" novelty="None" advantage="None"/><text>In conclusion, diene 6 exhibits solvatochromic fluorescence emission due to a polar, conformationally relaxed, intramolecular charge transfer excited state.</text></s> <s sid="193"><CoreSc1 atype="GSC" type="Con" conceptID="Con15" novelty="None" advantage="None"/><text>The fluorescence behaviour of 6 can be used to investigate the micropolarity, binding site and energy transfer interactions in proteins.</text></s> <s sid="194"><CoreSc1 atype="GSC" type="Con" conceptID="Con16" novelty="None" advantage="None"/><text>Thus, the present studies provide new directions for the development of fluorescence probes, based on charge transfer diphenylpolyenes, for organised structures in chemistry and biology.</text></s></P></DIV></BODY><cmlPile><cml xmlns="http://www.xml-cml.org/schema" id="cml1"><molecule id="m1"><name>diphenylbutadiene</name><atomArray><atom id="a1" elementType="C"/><atom id="a2" elementType="C"/><atom id="a3" elementType="C"/><atom id="a4" elementType="C"/><atom id="a5" elementType="C"/><atom id="a6" elementType="C"/><atom id="a7" elementType="C"/><atom id="a8" elementType="C"/><atom id="a9" elementType="C"/><atom id="a10" elementType="C"/><atom id="a11" elementType="C"/><atom id="a12" elementType="C"/><atom id="a13" elementType="C"/><atom id="a14" elementType="C"/><atom id="a15" elementType="C"/><atom id="a16" elementType="C"/></atomArray><bondArray><bond atomRefs2="a1 a2" order="2"/><bond atomRefs2="a2 a3" order="1"/><bond atomRefs2="a3 a4" order="2"/><bond atomRefs2="a5 a6" order="2"/><bond atomRefs2="a6 a7" order="1"/><bond atomRefs2="a7 a8" order="2"/><bond atomRefs2="a8 a9" order="1"/><bond atomRefs2="a9 a10" order="2"/><bond atomRefs2="a10 a5" order="1"/><bond atomRefs2="a11 a12" order="2"/><bond atomRefs2="a12 a13" order="1"/><bond atomRefs2="a13 a14" order="2"/><bond atomRefs2="a14 a15" order="1"/><bond atomRefs2="a15 a16" order="2"/><bond atomRefs2="a16 a11" order="1"/><bond atomRefs2="a5 a1" order="1"/><bond atomRefs2="a11 a1" order="1"/></bondArray></molecule></cml><cmlUrlEnc idRef="cml1">%3Ccml+xmlns%3D%22http%3A%2F%2Fwww.xml-cml.org%2Fschema%22+id%3D%22cml
1%22%3E%3Cmolecule+id%3D%22m1%22%3E%3Cname%3Ediphenylbutadiene%3C%2Fname
%3E%3CatomArray%3E%3Catom+id%3D%22a1%22+elementType%3D%22C%22+%2F%3E%3Catom+
id%3D%22a2%22+elementType%3D%22C%22+%2F%3E%3Catom+id%3D%22a3%22+elementTyp
e%3D%22C%22+%2F%3E%3Catom+id%3D%22a4%22+elementType%3D%22C%22+%2F%3E%3Catom+id%3D%22
a5%22+elementType%3D%22C%22+%2F%3E%3Catom+id%3D%22a6%22+elementType%3D%22C
%22+%2F%3E%3Catom+id%3D%22a7%22+elementType%3D%22C%22+%2F%3E%3Catom+id%3D%22a8%22+
elementType%3D%22C%22+%2F%3E%3Catom+id%3D%22a9%22+elementType%3D%22C%22+%2F%3E
%3Catom+id%3D%22a10%22+elementType%3D%22C%22+%2F%3E%3Catom+id%3D%22a11%22+el
ementType%3D%22C%22+%2F%3E%3Catom+id%3D%22a12%22+elementType%3D%22C%22+%2F%3E%3C
atom+id%3D%22a13%22+elementType%3D%22C%22+%2F%3E%3Catom+id%3D%22a14%22+ele
mentType%3D%22C%22+%2F%3E%3Catom+id%3D%22a15%22+elementType%3D%22C%22+%2F%3E%3Ca
tom+id%3D%22a16%22+elementType%3D%22C%22+%2F%3E%3C%2FatomArray%3E%3CbondAr
ray%3E%3Cbond+atomRefs2%3D%22a1+a2%22+order%3D%222%22+%2F%3E%3Cbond+atom
Refs2%3D%22a2+a3%22+order%3D%221%22+%2F%3E%3Cbond+atomRefs2%3D%22a3+a4%22+
order%3D%222%22+%2F%3E%3Cbond+atomRefs2%3D%22a5+a6%22+order%3D%222%22+%2F%3E%3Cb
ond+atomRefs2%3D%22a6+a7%22+order%3D%221%22+%2F%3E%3Cbond+atomRefs2%3D
%22a7+a8%22+order%3D%222%22+%2F%3E%3Cbond+atomRefs2%3D%22a8+a9%22+order%3D
%221%22+%2F%3E%3Cbond+atomRefs2%3D%22a9+a10%22+order%3D%222%22+%2F%3E%3Cbond+a
tomRefs2%3D%22a10+a5%22+order%3D%221%22+%2F%3E%3Cbond+atomRefs2%3D%22a11
+a12%22+order%3D%222%22+%2F%3E%3Cbond+atomRefs2%3D%22a12+a13%22+order%3D
%221%22+%2F%3E%3Cbond+atomRefs2%3D%22a13+a14%22+order%3D%222%22+%2F%3E%3Cbond+
atomRefs2%3D%22a14+a15%22+order%3D%221%22+%2F%3E%3Cbond+atomRefs2%3D%22a
15+a16%22+order%3D%222%22+%2F%3E%3Cbond+atomRefs2%3D%22a16+a11%22+orde
r%3D%221%22+%2F%3E%3Cbond+atomRefs2%3D%22a5+a1%22+order%3D%221%22+%2F%3E%3Cbond+
atomRefs2%3D%22a11+a1%22+order%3D%221%22+%2F%3E%3C%2FbondArray%3E%3C%2Fmolec
ule%3E%3C%2Fcml%3E</cmlUrlEnc></cmlPile></PAPER>