<?xml version="1.0" encoding="UTF-8"?>
<!DOCTYPE PAPER
  SYSTEM "paper-structure-annotation.dtd">
<PAPER><mode2 name="b306564b" hasDoc="yes" version="1085"/><TITLE><s sid="1"><CoreSc1 atype="GSC" type="Hyp" conceptID="Hyp1" novelty="None" advantage="None"/><text>Exposure to multiple doses of UVB radiation reduces the numbers of epidermal Langerhans cells and lymph node dendritic cells in mice</text></s></TITLE><ABSTRACT><s sid="2"><CoreSc1 atype="GSC" type="Obj" conceptID="Obj1" novelty="New" advantage="None"/><text>Immune suppression following UVB irradiation is partly attributed to the effects of the exposure on antigen-presenting cells.</text></s> <s sid="3"><CoreSc1 atype="GSC" type="Obj" conceptID="Obj1" novelty="New" advantage="None"/><text>Following a single UVB irradiation, there is a decrease in epidermal Langerhans cell numbers; this is accompanied by an increase in the number of dendritic cells (DC) in lymph nodes draining the irradiated site.</text></s> <s sid="4"><CoreSc1 atype="GSC" type="Goa" conceptID="Goa1" novelty="None" advantage="None"/><text>We investigated whether a similar effect occurred following multiple UVB exposures.</text></s> <s sid="5"><CoreSc1 atype="GSC" type="Exp" conceptID="Exp1" novelty="None" advantage="None"/><text>Mice were irradiated on their ears and shaved dorsal skin twice a week for 3 weeks.</text></s> <s sid="6"><CoreSc1 atype="GSC" type="Res" conceptID="Res1" novelty="None" advantage="None"/><text>After the final exposure, the number of ATPase+ Langerhans cells in epidermal sheets prepared from the ears was found to be decreased by 33percent compared to unirradiated controls.</text></s> <s sid="7"><CoreSc1 atype="GSC" type="Res" conceptID="Res2" novelty="None" advantage="None"/><text>The number of DC in the draining lymph nodes (DLN) did not increase as might have been expected; rather, a significant decrease of approximately 30percent in DC numbers in the DLN of UVB-irradiated mice compared with unirradiated controls occurred.</text></s> <s sid="8"><CoreSc1 atype="GSC" type="Con" conceptID="Con1" novelty="None" advantage="None"/><text>This decrease in antigen-presenting cells in both the epidermis and the DLN may be an important contributing factor to the immune suppression that follows multiple UVB exposures.</text></s></ABSTRACT><BODY><DIV DEPTH="1"><HEADER>Introduction</HEADER><P><s sid="9"><CoreSc1 atype="GSC" type="Bac" conceptID="Bac1" novelty="None" advantage="None"/><text>Exposure to ultraviolet radiation (UVR) causes suppression of T-cell responses, such as the contact hypersensitivity (CH) response, in both mice and humans.<REF ID="R-0" REFID="cit1"/><REF ID="R-1" REFID="cit2"/></text></s> <s sid="10"><CoreSc1 atype="GSC" type="Bac" conceptID="Bac2" novelty="None" advantage="None"/><text>During contact sensitisation, hapten-bearing Langerhans cells (LC), normally resident in the epidermis, migrate to the draining lymph nodes (DLN) to induce an immune response.<REF ID="R-2" REFID="cit3"/></text></s> <s sid="11"><CoreSc1 atype="GSC" type="Bac" conceptID="Bac3" novelty="None" advantage="None"/><text>There is evidence that UVR-induced suppression of immune responses may be due, at least partly, to effects on antigen-presenting cells of the skin.</text></s> <s sid="12"><CoreSc1 atype="GSC" type="Bac" conceptID="Bac4" novelty="None" advantage="None"/><text>LC are both decreased in number and altered morphologically following UV irradiation.<REF ID="R-3" REFID="cit4"/></text></s> <s sid="13"><CoreSc1 atype="GSC" type="Bac" conceptID="Bac5" novelty="None" advantage="None"/><text>UV exposure of human skin results in increased numbers of LC in suction blister fluid, indicating that UV-induced migration takes place.<REF ID="R-4" REFID="cit5"/></text></s> <s sid="14"><CoreSc1 atype="GSC" type="Bac" conceptID="Bac6" novelty="None" advantage="None"/><text>In another study, UV irradiation [1 minimal erythemal dose (MED)] of the skin of human volunteers increased the lymph flow and cell output in an afferent lymph vessel.<REF ID="R-5" REFID="cit6"/></text></s> <s sid="15"><CoreSc1 atype="GSC" type="Bac" conceptID="Bac7" novelty="None" advantage="None"/><text>Moodycliffe et al<REF ID="R-6" REFID="cit7"/>. demonstrated that the number of dendritic cells (DC) in the skin DLN of unsensitised mice increased as a result of irradiation with 1 MED UVB, with a peak at 42 h after the exposure.</text></s> <s sid="16"><CoreSc1 atype="GSC" type="Bac" conceptID="Bac8" novelty="None" advantage="None"/><text>Taken together, these studies suggest that, following a single dose of UV, some LC migrate from the epidermis through the afferent lymph and accumulate in the DLN.</text></s> <s sid="17"><CoreSc1 atype="GSC" type="Mot" conceptID="Mot1" novelty="None" advantage="None"/><text>How this change relates to the immune suppression that follows UV exposure is unclear.</text></s> <s sid="18"><CoreSc1 atype="GSC" type="Bac" conceptID="Bac9" novelty="None" advantage="None"/><text>One consequence could be a decrease in the numbers of LC in the skin available to take up antigen.</text></s> <s sid="19"><CoreSc1 atype="GSC" type="Bac" conceptID="Bac10" novelty="None" advantage="None"/><text>Alternatively, some LC migrating from UV-irradiated skin show DNA damage<REF ID="R-7" REFID="cit5"/> which might lead to altered antigen presentation by these cells.</text></s> <s sid="20"><CoreSc1 atype="GSC" type="Bac" conceptID="Bac11" novelty="None" advantage="None"/><text>In vitro UV exposure of LC affects the expression of co-stimulatory molecules such as CD86 (B7.2) and intercellular adhesion molecule-1;<REF ID="R-8" REFID="cit8"/><REF ID="R-9" REFID="cit9"/> a decrease in these molecules could result in a tolerogenic, rather than an immunogenic, signal being generated.</text></s> <s sid="21"><CoreSc1 atype="GSC" type="Bac" conceptID="Bac12" novelty="None" advantage="None"/><text>Finally, it has been demonstrated that following UV irradiation, there is an influx of inflammatory cells, including macrophages, into the skin;<REF ID="R-10" REFID="cit10"/> presentation of antigen by these cells gives rise to a suppressive, rather than an active, immune response.<REF ID="R-11" REFID="cit11"/></text></s></P><P><s sid="22"><CoreSc1 atype="GSC" type="Met" conceptID="Met1" novelty="None" advantage="Yes"/><text>Although the effects of a single, frequently erythemogenic, UV exposure on immune responses are useful for examining the complex processes involved in UV-induced immune suppression, multiple exposures over a period of weeks are perhaps more relevant to the sunlight exposure naturally received by humans.</text></s> <s sid="23"><CoreSc1 atype="GSC" type="Met" conceptID="Met1" novelty="None" advantage="Yes"/><text>Such a chronic protocol can also remove the need to use high doses of UV.</text></s> <s sid="24"><CoreSc1 atype="GSC" type="Bac" conceptID="Bac13" novelty="None" advantage="None"/><text>Whereas a single dose of 1250 J m−2 was not sufficient to reduce epidermal LC numbers in C3H mice,<REF ID="R-12" REFID="cit12"/> the numbers were decreased following exposure 3 times weekly to a dose of 500 J m−2 for 1–3 weeks.<REF ID="R-13" REFID="cit13"/></text></s> <s sid="25"><CoreSc1 atype="GSC" type="Mot" conceptID="Mot2" novelty="None" advantage="None"/><text>In the latter study, tanning of the UV exposed mice was seen after 3 weeks exposure, and it is not known at present whether such an adaptive response could affect the induction of suppression.</text></s></P><P><s sid="26"><CoreSc1 atype="GSC" type="Goa" conceptID="Goa2" novelty="None" advantage="None"/><text>The purpose of the present study was to assess whether a 3 week UV protocol had similar effects to an acute UV exposure on the migration of LC in unsensitised mice.</text></s> <s sid="27"><CoreSc1 atype="GSC" type="Obj" conceptID="Obj2" novelty="New" advantage="None"/><text>Following exposure of C3H mice to UVB for 3 weeks, the numbers of both epidermal LC and DC in LN draining the skin were counted.</text></s> <s sid="28"><CoreSc1 atype="GSC" type="Obj" conceptID="Obj3" novelty="New" advantage="None"/><text>The expression of co-stimulatory molecules on the DC was also assessed.</text></s> <s sid="29"><CoreSc1 atype="GSC" type="Obj" conceptID="Obj4" novelty="New" advantage="None"/><text>The in vivo CH response and the ability of LN cells to undergo spontaneous proliferation in vitro were tested as measures of immune function.</text></s></P></DIV><DIV DEPTH="1"><HEADER>Materials and methods</HEADER><DIV DEPTH="2"><HEADER>Mice</HEADER><P><s sid="30"><CoreSc1 atype="GSC" type="Exp" conceptID="Exp2" novelty="None" advantage="None"/><text>Female C3H/HeN (H-2k) mice aged 6–10 weeks were obtained from the Medical Faculty Animal Area, University of Edinburgh; they were housed in a room where ambient light was regulated on a 12 h light/dark cycle and had free access to food and water.</text></s> <s sid="31"><CoreSc1 atype="GSC" type="Exp" conceptID="Exp3" novelty="None" advantage="None"/><text>Room lights were shielded such that any contaminating UV wavelengths were filtered out.</text></s> <s sid="32"><CoreSc1 atype="GSC" type="Exp" conceptID="Exp4" novelty="None" advantage="None"/><text>All experiments were performed according to the ethical guidelines of the University of Edinburgh and the Home Office.</text></s></P></DIV><DIV DEPTH="2"><HEADER>UV exposure</HEADER><P><s sid="33"><CoreSc1 atype="GSC" type="Exp" conceptID="Exp5" novelty="None" advantage="None"/><text>Mice were irradiated under a bank of two Philips TL12 lamps, which emit a broad spectrum of UVB radiation between 280 and 360 nm, with a peak at about 305 nm, and produced an irradiance of 150 J min−1 m−2 at a distance of 20 cm from the source.</text></s> <s sid="34"><CoreSc1 atype="GSC" type="Exp" conceptID="Exp6" novelty="None" advantage="None"/><text>The output of the lamps was determined using a filtered photodiode meter, which was calibrated against measurements made with a UV-visible spectroradiometer (Optronic Laboratories model 724) across the spectral range 250–450 nm.</text></s> <s sid="35"><CoreSc1 atype="GSC" type="Exp" conceptID="Exp7" novelty="None" advantage="None"/><text>The backs of the mice were shaved at least 24 h before the first irradiation, and the mice irradiated with 1500 J m−2 twice a week (Tuesday and Friday) for 3 weeks.</text></s> <s sid="36"><CoreSc1 atype="GSC" type="Exp" conceptID="Exp8" novelty="None" advantage="None"/><text>Mice were placed in a Perspex box for the irradiation, with no more than 4 mice per box to avoid shielding by littermates.</text></s> <s sid="37"><CoreSc1 atype="GSC" type="Exp" conceptID="Exp9" novelty="None" advantage="None"/><text>Control mice were shaved but not irradiated.</text></s></P></DIV><DIV DEPTH="2"><HEADER>Epidermal Langerhans cells</HEADER><P><s sid="38"><CoreSc1 atype="GSC" type="Exp" conceptID="Exp10" novelty="None" advantage="None"/><text>UVB-irradiated and unirradiated control mice were killed by cervical dislocation 24 h after the final irradiation, and their ears removed and split.</text></s> <s sid="39"><CoreSc1 atype="GSC" type="Exp" conceptID="Exp11" novelty="None" advantage="None"/><text>The dorsal side was floated in 0.76percent tetrasodium ethyleneamine tetraacetic acid for 2 h at 37 °C, and the epidermal sheets removed.</text></s> <s sid="40"><CoreSc1 atype="GSC" type="Exp" conceptID="Exp12" novelty="None" advantage="None"/><text>The number of LC in the epidermal sheets was determined by staining for adenine triphosphatase (ATPase), using adenine diphosphate (ADP) as a substrate.<REF ID="R-14" REFID="cit14"/></text></s> <s sid="41"><CoreSc1 atype="GSC" type="Exp" conceptID="Exp13" novelty="None" advantage="None"/><text>Following staining, the sheets were rinsed in tap water and mounted onto a glass slide under a cover slip in 50percent glycerol.</text></s> <s sid="42"><CoreSc1 atype="GSC" type="Exp" conceptID="Exp14" novelty="None" advantage="None"/><text>The number of ATPase+ cells in 10 fields per epidermal sheet was counted (1 field = 0.1 mm2), with 4 sheets per group.</text></s></P></DIV><DIV DEPTH="2"><HEADER>Lymphoproliferation of draining lymph node cells and dendritic cell enrichment</HEADER><P><s sid="43"><CoreSc1 atype="GSC" type="Exp" conceptID="Exp15" novelty="None" advantage="None"/><text>Mice were killed by cervical dislocation 42 h after the final UV irradiation or were unirradiated (8 mice per group).</text></s> <s sid="44"><CoreSc1 atype="GSC" type="Exp" conceptID="Exp16" novelty="None" advantage="None"/><text>Their auricular, axillary and inguinal LN were collected and pooled in RPMI medium (Gibco BRL, Paisley, UK) containing 10percent foetal bovine serum (Gibco BRL) and 10 mM Hepes buffer (Sigma, Poole, UK).</text></s> <s sid="45"><CoreSc1 atype="GSC" type="Exp" conceptID="Exp17" novelty="None" advantage="None"/><text>Single cell suspensions were prepared by mechanical disaggregation through a nylon cell strainer (Fred Baker Scientific, Runcorn, UK) and washed once.</text></s> <s sid="46"><CoreSc1 atype="GSC" type="Exp" conceptID="Exp18" novelty="None" advantage="None"/><text>Viable cells were counted by Trypan Blue exclusion.</text></s> <s sid="47"><CoreSc1 atype="GSC" type="Exp" conceptID="Exp19" novelty="None" advantage="None"/><text>For the lymphoproliferation assay, cells were resuspended to 2 × 106 cells ml−1 and 200 µl of this seeded into wells of a 96-well round-bottom culture plate (Iwaki, Asahi Techno Glass, Tokyo, Japan) (5 replicates per group).</text></s> <s sid="48"><CoreSc1 atype="GSC" type="Exp" conceptID="Exp20" novelty="None" advantage="None"/><text>Cells were radioactively pulsed by adding 0.7 µCi 3H-methyl thymidine (Amersham Life Science, Amersham, UK) per well and incubated for 24 h at 37 °C in a humid atmosphere of 5percent CO2 in air.</text></s> <s sid="49"><CoreSc1 atype="GSC" type="Exp" conceptID="Exp21" novelty="None" advantage="None"/><text>Cells were harvested onto filter mats and 3H-thymidine incorporation measured in counts per minute using a scintillation counter (Canberra Packard, Zurich, Switzerland).</text></s> <s sid="50"><CoreSc1 atype="GSC" type="Exp" conceptID="Exp21" novelty="None" advantage="None"/><text>The mean count of the 5 replicates for each group was calculated.</text></s></P><P><s sid="51"><CoreSc1 atype="GSC" type="Exp" conceptID="Exp22" novelty="None" advantage="None"/><text>The LN cell suspensions were enriched for DC using the method of Macatonia et al.<REF ID="R-15" REFID="cit15"/></text></s> <s sid="52"><CoreSc1 atype="GSC" type="Exp" conceptID="Exp22" novelty="None" advantage="None"/><text>Briefly, 4 × 107 LN cells in 8 ml medium were underlaid with 2 ml metrizamide (14.5percent, Sigma, UK).</text></s> <s sid="53"><CoreSc1 atype="GSC" type="Exp" conceptID="Exp22" novelty="None" advantage="None"/><text>Following 15 min centrifugation at 600g, the interface layer was collected, washed and resuspended in a minimal amount of medium.</text></s> <s sid="54"><CoreSc1 atype="GSC" type="Exp" conceptID="Exp22" novelty="None" advantage="None"/><text>The number of DC was assessed by morphological examination by light microscopy; at least 5 counts for each group were made and the mean number of DC per LN was calculated.</text></s></P></DIV><DIV DEPTH="2"><HEADER>Phenotyping of DC by flow cytometry</HEADER><P><s sid="55"><CoreSc1 atype="GSC" type="Exp" conceptID="Exp23" novelty="None" advantage="None"/><text>DC-enriched LN cell suspensions were prepared as above and 4 × 105 cells incubated on ice for 45 min with an isotype control antibody (rat anti-human CD8, Serotec, Oxford, UK) or monoclonal antibodies recognising Ia or CD86 (rat anti-mouse, Serotec).</text></s> <s sid="56"><CoreSc1 atype="GSC" type="Exp" conceptID="Exp23" novelty="None" advantage="None"/><text>The cells were washed once with 1 ml RPMI–Hepes, resuspended in RPMI–Hepes and incubated with an affinity-purified F(ab')2 goat anti-rat IgG-FITC conjugate (100 µl of 1 ∶ 100 dilution; Serotec) for 45 min on ice.</text></s> <s sid="57"><CoreSc1 atype="GSC" type="Exp" conceptID="Exp23" novelty="None" advantage="None"/><text>Cells were washed again, resuspended in 1 ml phosphate-buffered saline and analysed using a Coulter XL flow cytometer.</text></s> <s sid="58"><CoreSc1 atype="GSC" type="Exp" conceptID="Exp24" novelty="None" advantage="None"/><text>Cells were identified first using forward scatter and side angle light scatter to quantify their size and granularity.</text></s> <s sid="59"><CoreSc1 atype="GSC" type="Exp" conceptID="Exp25" novelty="None" advantage="None"/><text>Gates were placed around the entire cell population and around cells with low forward and side angle scatter (lymphocytes) and around the larger cells.</text></s> <s sid="60"><CoreSc1 atype="GSC" type="Exp" conceptID="Exp25" novelty="None" advantage="None"/><text>The events within each region were displayed on histograms of log fluorescence intensity (x-axis) against cell count (y-axis).</text></s> <s sid="61"><CoreSc1 atype="GSC" type="Exp" conceptID="Exp26" novelty="None" advantage="None"/><text>Isotype controls were routinely set at 1percent and a minimum of 20 000 events was accumulated in the region around the entire cell population.</text></s></P><P><s sid="62"><CoreSc1 atype="GSC" type="Exp" conceptID="Exp27" novelty="None" advantage="None"/><text>Annexin V binding of DC-enriched LN cell populations was determined by incubation of the cells for 3 min at room temperature with FITC-conjugated annexin V (Boehringer, Ingelheim, Germany) diluted 1 ∶ 500 in Hanks' balanced salt solution containing 5 µM CaCl2.</text></s> <s sid="63"><CoreSc1 atype="GSC" type="Exp" conceptID="Exp27" novelty="None" advantage="None"/><text>Cells were analysed immediately by flow cytometry, as described above.</text></s></P></DIV><DIV DEPTH="2"><HEADER>Measurement of CH response</HEADER><P><s sid="64"><CoreSc1 atype="GSC" type="Exp" conceptID="Exp28" novelty="None" advantage="None"/><text>The CH response to oxazalone was measured in irradiated and unirradiated mice by a standard technique, as outlined previously.<REF ID="R-16" REFID="cit16"/></text></s> <s sid="65"><CoreSc1 atype="GSC" type="Exp" conceptID="Exp29" novelty="None" advantage="None"/><text>Six mice per group received a sensitising dose of 50 µl 1percent oxazalone in an acetone–olive oil (4 ∶ 1) vehicle on their shaved backs, 3 days after the final UV exposure.</text></s> <s sid="66"><CoreSc1 atype="GSC" type="Exp" conceptID="Exp29" novelty="None" advantage="None"/><text>An unirradiated negative control group received 50 µl of the vehicle alone.</text></s> <s sid="67"><CoreSc1 atype="GSC" type="Exp" conceptID="Exp29" novelty="None" advantage="None"/><text>Eight days after the sensitisation step, ear thicknesses were measured and all the mice were challenged with 25 µl per ear of 0.25percent oxazalone on the dorsal surface.</text></s> <s sid="68"><CoreSc1 atype="GSC" type="Exp" conceptID="Exp29" novelty="None" advantage="None"/><text>Ear swelling was measured 24 h later and the mean ear increase for each mouse was calculated, followed by the mean increase for each group of mice.</text></s></P></DIV><DIV DEPTH="2"><HEADER>Statistics</HEADER><P><s sid="69"><CoreSc1 atype="GSC" type="Mod" conceptID="Mod1" novelty="None" advantage="None"/><text>Statistical significance between groups was determined using the two-tailed student's t-test for unpaired data.</text></s> <s sid="70"><CoreSc1 atype="GSC" type="Mod" conceptID="Mod1" novelty="None" advantage="None"/><text>A probability of less than (p &lt;) 0.05 of no difference between the groups was considered significant.</text></s></P></DIV></DIV><DIV DEPTH="1"><HEADER>Results</HEADER><DIV DEPTH="2"><HEADER>Exposure to UVB for 3 weeks reduces epidermal LC numbers</HEADER><P><s sid="71"><CoreSc1 atype="GSC" type="Bac" conceptID="Bac14" novelty="None" advantage="None"/><text>It has been reported that a single exposure to 5000 J m−2 UVB (TL-12) reduces the number of LC in the epidermis by around 28percent.<REF ID="R-17" REFID="cit12"/></text></s> <s sid="72"><CoreSc1 atype="GSC" type="Bac" conceptID="Bac15" novelty="None" advantage="None"/><text>This depletion was demonstrated to be dose dependent, with a dose of 1250 J m−2 being insufficient to cause a significant drop in LC numbers.</text></s> <s sid="73"><CoreSc1 atype="GSC" type="Goa" conceptID="Goa3" novelty="None" advantage="None"/><text>To determine the effect of multiple UV doses over a period of 3 weeks on epidermal LC numbers, mice were irradiated twice a week for 3 weeks with 1500 J m−2 broad-band UVB.</text></s> <s sid="74"><CoreSc1 atype="GSC" type="Exp" conceptID="Exp30" novelty="None" advantage="None"/><text>The ears were removed 24 h after the final irradiation and the frequency of LC in the epidermis determined by counting the number of ATPase+ cells with dendritic morphology.</text></s> <s sid="75"><CoreSc1 atype="GSC" type="Res" conceptID="Res3" novelty="None" advantage="None"/><text>Fig. 1 shows that the number of epidermal LC decreased by approximately 33percent, a significant difference compared to the unirradiated control mice.</text></s></P></DIV><DIV DEPTH="2"><HEADER>Exposure to UVB for 3 weeks decreases the number of DC in the DLN</HEADER><P><s sid="76"><CoreSc1 atype="GSC" type="Bac" conceptID="Bac16" novelty="None" advantage="None"/><text>Moodycliffe et al<REF ID="R-18" REFID="cit7"/>. demonstrated that a single exposure of the ears of C3H mice to 1440 J m−2 broad-band UVB induced an increase in the number of DC in the auricular LN, which was maximal at around 42 h following the irradiation.</text></s> <s sid="77"><CoreSc1 atype="GSC" type="Exp" conceptID="Exp31" novelty="None" advantage="None"/><text>In the present study, mice were shaved and exposed to a single dose of 1500 J m−2 UVB.</text></s> <s sid="78"><CoreSc1 atype="GSC" type="Obs" conceptID="Obs1" novelty="None" advantage="None"/><text>This resulted in an increase in the number of DC in the LN draining the irradiated dorsal surface from 4575 to 6595 per LN.</text></s> <s sid="79"><CoreSc1 atype="GSC" type="Exp" conceptID="Exp32" novelty="None" advantage="None"/><text>To determine whether the same effect was seen in mice following multiple UV exposures, mice were exposed to 1500 J m−2 UVB twice a week for 3 weeks and LN draining both the ears and back were pooled and enriched for DC.</text></s> <s sid="80"><CoreSc1 atype="GSC" type="Obs" conceptID="Obs2" novelty="None" advantage="None"/><text>The results of 4 separate experiments are shown in Table 1.</text></s> <s sid="81"><CoreSc1 atype="GSC" type="Res" conceptID="Res4" novelty="None" advantage="None"/><text>The number of DC in the LN from irradiated mice was consistently less than the number in the LN from control mice.</text></s> <s sid="82"><CoreSc1 atype="GSC" type="Res" conceptID="Res5" novelty="None" advantage="None"/><text>The mean for each group was calculated and a t-test showed that exposure of mice to UV for 3 weeks significantly (p &lt; 0.05) decreased the number of DC in the DLN.</text></s></P><P><s sid="83"><CoreSc1 atype="GSC" type="Obj" conceptID="Obj5" novelty="New" advantage="None"/><text>To assess whether the decrease in DC numbers in the LN of irradiated mice was due to increased cell death, the level of annexin V binding by the DC-enriched cell populations was measured.</text></s> <s sid="84"><CoreSc1 atype="GSC" type="Res" conceptID="Res6" novelty="None" advantage="None"/><text>DC from control and irradiated mice demonstrated similar levels of annexin V binding (Fig. 2), with an average (from two experiments) of 72percent positive cells for control DC and 74percent for DC from irradiated mice.</text></s></P></DIV><DIV DEPTH="2"><HEADER>Exposure to UVB for 3 weeks has no effect on DC surface molecules</HEADER><P><s sid="85"><CoreSc1 atype="GSC" type="Bac" conceptID="Bac17" novelty="None" advantage="None"/><text>Lappin et al<REF ID="R-19" REFID="cit17"/>. demonstrated that, in mice that were contact sensitised, prior exposure to a single dose of UVB had no effect on the expression of several cell surface molecules on DC enriched from DLN, compared with unirradiated mice.</text></s> <s sid="86"><CoreSc1 atype="GSC" type="Obj" conceptID="Obj6" novelty="New" advantage="None"/><text>We assessed whether chronic UV exposure affected the expression of cell surface markers involved in antigen presentation in unsensitised mice.</text></s> <s sid="87"><CoreSc1 atype="GSC" type="Exp" conceptID="Exp33" novelty="None" advantage="None"/><text>DLN cells from unirradiated mice and from mice that had been irradiated over a 3 week period were enriched for DC, and the expression of Ia and CD86 determined by flow cytometry.</text></s> <s sid="88"><CoreSc1 atype="GSC" type="Obs" conceptID="Obs3" novelty="None" advantage="None"/><text>No difference was seen in the expression of either Ia [Fig. 3(a)] or CD86 [Fig. 3(b)] between mice exposed to multiple doses of UV and unirradiated controls.</text></s> <s sid="89"><CoreSc1 atype="GSC" type="Exp" conceptID="Exp33" novelty="None" advantage="None"/><text>This experiment was repeated twice with similar results.</text></s></P></DIV><DIV DEPTH="2"><HEADER>Exposure to UVB for 3 weeks has no effect on the spontaneous proliferation of DLN cells</HEADER><P><s sid="90"><CoreSc1 atype="GSC" type="Bac" conceptID="Bac18" novelty="None" advantage="None"/><text>LN cells that are removed from normal mice have a low spontaneous proliferation in vitro; application of a contact sensitiser to the skin results in increased proliferation of cells from LN draining the skin.<REF ID="R-20" REFID="cit18"/></text></s> <s sid="91"><CoreSc1 atype="GSC" type="Obj" conceptID="Obj7" novelty="New" advantage="None"/><text>To assess whether UV irradiation had any effect on the spontaneous proliferation of DLN cells, mice were irradiated twice a week for 3 weeks and their LN removed 42 h after the final irradiation.</text></s> <s sid="92"><CoreSc1 atype="GSC" type="Res" conceptID="Res7" novelty="None" advantage="None"/><text>No difference was seen in the spontaneous proliferation of cells from UV-irradiated mice compared with unirradiated controls (Fig. 4).</text></s> <s sid="93"><CoreSc1 atype="GSC" type="Exp" conceptID="Exp34" novelty="None" advantage="None"/><text>This experiment was repeated 3 times with similar results.</text></s> <s sid="94"><CoreSc1 atype="GSC" type="Exp" conceptID="Exp35" novelty="None" advantage="None"/><text>In one experiment, proliferation of LN cells stimulated with the mitogen concanavalin A (2.5 µg ml−1 for 42 h)<REF ID="R-21" REFID="cit19"/> was measured; the stimulation index (proliferation in response to concanavalin A divided by proliferation without the mitogen) was 37 for both control and irradiated mice.</text></s></P></DIV><DIV DEPTH="2"><HEADER>Exposure to UVB for 3 weeks suppresses the CH response</HEADER><P><s sid="95"><CoreSc1 atype="GSC" type="Bac" conceptID="Bac19" novelty="None" advantage="None"/><text>Suppression of the CH response following multiple UVB exposures has been demonstrated previously.<REF ID="R-22" REFID="cit13"/></text></s> <s sid="96"><CoreSc1 atype="GSC" type="Obj" conceptID="Obj8" novelty="New" advantage="None"/><text>To assess the effect of the UV exposure protocol used in the present study on the ability of mice to mount an immune response, the CH response to oxazalone was measured.</text></s> <s sid="97"><CoreSc1 atype="GSC" type="Res" conceptID="Res8" novelty="None" advantage="None"/><text>As shown in Fig. 5, mice irradiated with multiple UVB doses showed a significantly suppressed CH response compared with unirradiated controls.</text></s></P></DIV></DIV><DIV DEPTH="1"><HEADER>Discussion</HEADER><P><s sid="98"><CoreSc1 atype="GSC" type="Res" conceptID="Res9" novelty="None" advantage="None"/><text>The results of this study show that, following a 3 week UVB radiation protocol, the number of epidermal LC decreased and this decrease was accompanied by a decrease in DC numbers in the DLN, in contrast to the increase that occurred following a single UV exposure.</text></s></P><P><s sid="99"><CoreSc1 atype="GSC" type="Bac" conceptID="Bac20" novelty="None" advantage="None"/><text>The effect of chronic UVB exposure on epidermal LC numbers has been reported previously.<REF ID="R-23" REFID="cit13"/></text></s> <s sid="100"><CoreSc1 atype="GSC" type="Res" conceptID="Res10" novelty="None" advantage="None"/><text>The 3 week UV protocol used in the current study also led to local suppression of the contact hypersensitivity response to oxazalone.</text></s> <s sid="101"><CoreSc1 atype="GSC" type="Con" conceptID="Con2" novelty="None" advantage="None"/><text>A correlation between UV-induced LC depletion and down-regulation of contact hypersensitivity responses has been demonstrated previously,<REF ID="R-24" REFID="cit1"/> suggesting a role for LC in UV-induced immune suppression.</text></s> <s sid="102"><CoreSc1 atype="GSC" type="Con" conceptID="Con3" novelty="None" advantage="None"/><text>The decrease in epidermal LC numbers following UV irradiation could be due to apoptosis of these cells, resulting from UV-induced DNA damage.</text></s> <s sid="103"><CoreSc1 atype="GSC" type="Bac" conceptID="Bac21" novelty="None" advantage="None"/><text>In vitro irradiation of human LC with low dose UVB resulted in increased apoptotic cell death.<REF ID="R-25" REFID="cit8"/></text></s> <s sid="104"><CoreSc1 atype="GSC" type="Bac" conceptID="Bac22" novelty="None" advantage="None"/><text>Following ex vivo UVB exposure of human skin biopsies, the number of LC in the epidermis decreased compared to unirradiated controls.</text></s> <s sid="105"><CoreSc1 atype="GSC" type="Bac" conceptID="Bac22" novelty="None" advantage="None"/><text>This decrease could not be attributed to migration however, as the number of LC found in the culture medium decreased following UV irradiation of the skin.<REF ID="R-26" REFID="cit20"/></text></s> <s sid="106"><CoreSc1 atype="GSC" type="Bac" conceptID="Bac23" novelty="None" advantage="None"/><text>On the other hand, a number of studies has provided evidence that the decrease in LC numbers following UV exposure is due to the migration of LC from the skin, rather than through the induction of apoptosis.</text></s> <s sid="107"><CoreSc1 atype="GSC" type="Bac" conceptID="Bac24" novelty="None" advantage="None"/><text>Experiments involving cannulation of draining afferent lymph vessels have demonstrated an increase in lymph flow and cell output after exposure of human volunteers to UVR,<REF ID="R-27" REFID="cit6"/> and an increase in the number of LC in afferent lymph draining the skin of UV-irradiated sheep.<REF ID="R-28" REFID="cit21"/></text></s> <s sid="108"><CoreSc1 atype="GSC" type="Bac" conceptID="Bac25" novelty="None" advantage="None"/><text>In another human study, suction blisters were raised in skin and the number of LC detected in the blister fluid increased following UVB exposure.<REF ID="R-29" REFID="cit5"/></text></s> <s sid="109"><CoreSc1 atype="GSC" type="Bac" conceptID="Bac25" novelty="None" advantage="None"/><text>Of these, 20–30percent showed evidence of UV-induced DNA damage, indicating that they were derived from the UV-exposed epidermis; additionally, very few apoptotic LC were observed in the epidermis and dermis of the irradiated skin.</text></s> <s sid="110"><CoreSc1 atype="GSC" type="Bac" conceptID="Bac26" novelty="None" advantage="None"/><text>Following a single UV irradiation, mouse cells staining positive for cyclobutane pyrimidine dimers (a specific marker for the commonest form of UV-induced DNA damage) were present in DLN; at least some of these cells had characteristic DC markers, suggesting that they were LC that had migrated from the irradiated skin.<REF ID="R-30" REFID="cit22"/></text></s></P><P><s sid="111"><CoreSc1 atype="GSC" type="Con" conceptID="Con4" novelty="None" advantage="None"/><text>In the current study, as reported previously by Moodycliffe et al.,<REF ID="R-31" REFID="cit7"/> the number of DC in the DLN increased in mice that had received a single dose of UVR, confirming that exposure to UV causes migration of DC.</text></s> <s sid="112"><CoreSc1 atype="GSC" type="Res" conceptID="Res11" novelty="None" advantage="None"/><text>By contrast, following a chronic 3 week UV protocol, the number of DC in DLN decreased compared to unirradiated mice.</text></s> <s sid="113"><CoreSc1 atype="GSC" type="Bac" conceptID="Bac27" novelty="None" advantage="None"/><text>In the study by Moodycliffe et al.,<REF ID="R-32" REFID="cit7"/> the increase in DC numbers in the DLN of irradiated mice reached a maximum at 42 h after the exposure, and then decreased rapidly to the levels found in unirradiated mice by around 60 h.</text></s> <s sid="114"><CoreSc1 atype="GSC" type="Con" conceptID="Con5" novelty="None" advantage="None"/><text>This decrease may be due to the re-circulation of the DC; alternatively, the DC that have migrated from the UV-exposed skin may apoptose upon reaching the LN.</text></s> <s sid="115"><CoreSc1 atype="GSC" type="Bac" conceptID="Bac28" novelty="None" advantage="None"/><text>In vitro studies have demonstrated that UVB-irradiated LC only show increased apoptosis following at least 2 days in culture,<REF ID="R-33" REFID="cit8"/><REF ID="R-34" REFID="cit9"/> leading to the suggestion that LC migrating from the skin apoptose once they have reached the DLN.</text></s> <s sid="116"><CoreSc1 atype="GSC" type="Bac" conceptID="Bac29" novelty="None" advantage="None"/><text>Similarly, following skin painting with an irritant, DC accumulate in the DLN, but disappear rapidly after 2 days,<REF ID="R-35" REFID="cit23"/> an effect attributed to the death of the DC, since no DC have been observed leaving LN via the efferent lymphatics.<REF ID="R-36" REFID="cit24"/></text></s> <s sid="117"><CoreSc1 atype="GSC" type="Bac" conceptID="Bac30" novelty="None" advantage="None"/><text>This is in contrast to DC migrating from the skin in unsensitised mice, which demonstrate a turnover of around 30 days.<REF ID="R-37" REFID="cit23"/></text></s> <s sid="118"><CoreSc1 atype="GSC" type="Bac" conceptID="Bac31" novelty="None" advantage="None"/><text>The death of DC in sensitised mice could result from interaction with antigen-specific T cells, as splenic DC showed increased apoptosis when cultured in vitro with antigen-specific T cells.<REF ID="R-38" REFID="cit25"/></text></s> <s sid="119"><CoreSc1 atype="GSC" type="Con" conceptID="Con6" novelty="None" advantage="None"/><text>No increase in the spontaneous proliferation of cells from the DLN of irradiated mice was seen in the present study, indicating that the DC did not stimulate antigen-specific T cells upon arrival; this is to be expected, since the mice were not sensitised.</text></s> <s sid="120"><CoreSc1 atype="GSC" type="Con" conceptID="Con7" novelty="None" advantage="None"/><text>No difference in the level of cell death in DC isolated from unirradiated and irradiated mice was indicated using the marker annexin V; however, a high level of staining was seen in both groups, possibly as a consequence of the in vitro manipulation of the cells.</text></s> <s sid="121"><CoreSc1 atype="GSC" type="Con" conceptID="Con8" novelty="None" advantage="None"/><text>It may be that the decrease in both epidermal LC and LN DC numbers in irradiated mice resulted from cell death that occurred earlier in the UVB protocol; alternatively some of the migrating LC could have died in the draining lymphatics.</text></s></P><P><s sid="122"><CoreSc1 atype="GSC" type="Res" conceptID="Res12" novelty="None" advantage="None"/><text>Despite the decrease in DC numbers in the DLN of irradiated mice, no difference in expression of the cell surface molecules Ia and CD86 was found on DC from DLN of UV-exposed mice, compared to DC from unirradiated mice.</text></s> <s sid="123"><CoreSc1 atype="GSC" type="Con" conceptID="Con9" novelty="None" advantage="None"/><text>Therefore, the DC that remain in the DLN following multiple UV exposures express normal levels of at least two of the molecules involved in antigen presentation to, and stimulation of, T cells.</text></s> <s sid="124"><CoreSc1 atype="GSC" type="Con" conceptID="Con10" novelty="None" advantage="None"/><text>However this finding does not rule out the possibility that UVB may affect the expression of other DC surface molecules such as CD80, CD40 and CD11c, which were not assessed in the present study.</text></s></P><P><s sid="125"><CoreSc1 atype="GSC" type="Con" conceptID="Con11" novelty="None" advantage="None"/><text>Although we have shown that, following exposure of mice to UV over a 3 week period, the number of LC in the epidermis decreased, there was no evidence that the LC had migrated to the DLN, since the number of DC in the DLN of chronically UV-irradiated mice was significantly decreased compared to unirradiated mice.</text></s> <s sid="126"><CoreSc1 atype="GSC" type="Con" conceptID="Con11" novelty="None" advantage="None"/><text>The ultimate fate of these cells remains to be determined.</text></s> <s sid="127"><CoreSc1 atype="GSC" type="Con" conceptID="Con12" novelty="None" advantage="None"/><text>As seen previously, multiple exposures to UV suppress the contact hypersensitivity response<REF ID="R-39" REFID="cit13"/> and result in enhanced outgrowth of implanted tumours in UV-irradiated mice.<REF ID="R-40" REFID="cit26"/></text></s> <s sid="128"><CoreSc1 atype="GSC" type="Con" conceptID="Con13" novelty="None" advantage="None"/><text>The decrease in both epidermal LC and DC in the DLN suggests that there is a lack of available antigen-presenting cells in chronically UV-irradiated mice, which could either lead to less effective initiation of an immune response, or make antigen presentation by other cells, such as macrophages, more important in these mice.</text></s></P></DIV></BODY></PAPER>