<?xml version="1.0" encoding="UTF-8"?>
<!DOCTYPE PAPER
  SYSTEM "paper-structure-annotation.dtd">
<PAPER><mode2 name="b306702e" hasDoc="yes" version="1153"/><TITLE><s sid="1"><CoreSc1 atype="GSC" type="Obj" conceptID="Obj1" novelty="New" advantage="None"/><text>Photoelectrochemical properties of supramolecular species containing porphyrin and ruthenium complexes on TiO<SB>2</SB> films</text></s></TITLE><ABSTRACT><s sid="2"><CoreSc1 atype="GSC" type="Met" conceptID="Met1" novelty="Old" advantage="None"/><text>Modification of wide band gap semiconductor surfaces by a new generation of supramolecular sensitizers, combining porphyrin and ruthenium–phenanthroline complexes leads to versatile molecular interfaces, allowing the exploitation of photoinduced charge transfer in dye sensitized photoelectrochemical cells. <IT>meso</IT>-Tetrapyridylporphyrin coordinated to two ruthenium complexes converts 21% of the incident photons into current after excitation at the Soret band.</text></s> <s sid="3"><CoreSc1 atype="GSC" type="Obj" conceptID="Obj1" novelty="New" advantage="None"/><text>In this work we discuss the electron/energy transfer mechanisms involved in the TiO<SB>2</SB> sensitization by these supramolecular species, invoking some theoretical calculations.</text></s></ABSTRACT><BODY><DIV DEPTH="1"><HEADER>Introduction</HEADER><P><s sid="4"><CoreSc1 atype="GSC" type="Bac" conceptID="Bac1" novelty="None" advantage="None"/><text>Dye sensitized photoelectrochemical cells (DSSCs) emerge as a promising and interesting alternative to the well established solid state photovoltaic devices to generate cheap and feasible electricity from the Sun.<REF TYPE="P" ID="cit1">1</REF></text></s> <s sid="5"><CoreSc1 atype="GSC" type="Bac" conceptID="Bac1" novelty="None" advantage="None"/><text>Since the announcement of 10% efficiency,<REF TYPE="P" ID="cit2 cit3">2,3</REF> DSSCs have attracted the attention of several research groups that have dedicated their efforts into improving and investigating the fundamental aspects of the cell components.</text></s> <s sid="6"><CoreSc1 atype="GSC" type="Bac" conceptID="Bac2" novelty="None" advantage="None"/><text>One of the most studied topics involves the use of different dyes as sensitizers for the nanoporous TiO<SB>2</SB> network.</text></s> <s sid="7"><CoreSc1 atype="GSC" type="Mot" conceptID="Mot1" novelty="None" advantage="None"/><text>The electrochemical and photophysical properties of the ground and excited state of the dyes play an important role for charge transfer dynamics at the semiconductor interface.</text></s> <s sid="8"><CoreSc1 atype="GSC" type="Bac" conceptID="Bac3" novelty="None" advantage="None"/><text>The study on sensitization has essentially been confined to metal polypyridine complexes and their analogues.<REF TYPE="P" ID="cit2 cit3 cit4 cit5">2–5</REF></text></s></P><P><s sid="9"><CoreSc1 atype="GSC" type="Met" conceptID="Met2" novelty="Old" advantage="None"/><text>The complex <IT>cis</IT>-di(thiocyanato)bis(2,2′-bipyridyl-4,4′-dicarboxylate)ruthenium(ii) (referred as N3) is far the most employed and efficient sensitizer, converting 80–85% of the incident photons into current.<REF TYPE="P" ID="cit2">2</REF></text></s> <s sid="10"><CoreSc1 atype="GSC" type="Met" conceptID="Met2" novelty="Old" advantage="No"/><text>However the main drawback of this dye is the lack of absorption in the infrared region of the spectrum, limiting the overall efficiency.</text></s> <s sid="11"><CoreSc1 atype="GSC" type="Bac" conceptID="Bac4" novelty="None" advantage="None"/><text>Several groups have been focusing on their efforts to overcome this issue.</text></s> <s sid="12"><CoreSc1 atype="GSC" type="Met" conceptID="Met3" novelty="Old" advantage="None"/><text>An interesting approach is the use of polynuclear Ru(ii) complexes in a elaborate supramolecular design, whose properties are based on the <IT>photoinduced charge separation</IT> and <IT>antenna</IT> effect.<REF TYPE="P" ID="cit6 cit7">6,7</REF></text></s> <s sid="13"><CoreSc1 atype="GSC" type="Met" conceptID="Met4" novelty="Old" advantage="None"/><text>In the same direction, in past years a number of organic dyes with high absorption in the infrared region such as porphyrins,<REF TYPE="P" ID="cit3 cit8 cit9 cit10 cit11">3,8–11</REF> phthalocyanines,<REF TYPE="P" ID="cit12">12</REF> perylenes,<REF TYPE="P" ID="cit13">13</REF> and xanthenes<REF TYPE="P" ID="cit14">14</REF> have been employed as sensitizers, however the efficiency remains low in comparison to metal complexes.</text></s> <s sid="14"><CoreSc1 atype="GSC" type="Met" conceptID="Met4" novelty="Old" advantage="No"/><text>It is still unclear why these dyes have limited ability to inject electrons in the conduction band of n-type oxide semiconductors.<REF TYPE="P" ID="cit15 cit16">15,16</REF></text></s> <s sid="15"><CoreSc1 atype="GSC" type="Met" conceptID="Met4" novelty="Old" advantage="No"/><text>One reasonable explanation is that their excited states composed by singlet/triplet states are π–π* and not charge transfer like as in the metal complexes.</text></s> <s sid="16"><CoreSc1 atype="GSC" type="Bac" conceptID="Bac5" novelty="None" advantage="None"/><text>Another interesting issue recently discussed by Odobel <IT>et al</IT><REF TYPE="P" ID="cit17">17</REF>. concerns the range of monochromatic photon-to-electron conversion efficiency (IPCE) values from 10 to 80%.</text></s></P><P><s sid="17"><CoreSc1 atype="GSC" type="Met" conceptID="Met5" novelty="Old" advantage="None"/><text>Porphyrins and related macrocycles such as <IT>meso</IT>-tetrapyridylporphyrins (TpyP) and <IT>meso</IT>-tetraphenylporphyrins (TPP) have been extensively employed as building blocks for assembling supramolecular systems, stimulated by their photochemical, electrochemical and catalytic properties.<REF TYPE="P" ID="cit18 cit19 cit20 cit21">18–21</REF></text></s> <s sid="18"><CoreSc1 atype="GSC" type="Met" conceptID="Met1" novelty="Old" advantage="None"/><text>In the last decade we have dedicated our efforts in the preparation and characterization of these species coordinated to four molecules of [Ru(bipy)<SB>2</SB>Cl]<SP>+</SP>, [Ru(phen)<SB>2</SB>Cl]<SP>+</SP>, and other ruthenium complexes in solution and as thin molecular films.<REF TYPE="P" ID="cit22 cit23 cit24">22–24</REF></text></s> <s sid="19"><CoreSc1 atype="GSC" type="Mot" conceptID="Mot2" novelty="None" advantage="None"/><text>Our motivation to develop such complex supramolecular structures comes from the possibility of combining the excellent properties found in metal complexes and the stability, rich photochemical and photophysical properties of the porphyrins.</text></s> <s sid="20"><CoreSc1 atype="GSC" type="Met" conceptID="Met1" novelty="Old" advantage="Yes"/><text>Our previous studies in solution indicate that the supramolecular species containing four [Ru(bipy)<SB>2</SB>Cl]<SP>+</SP> (bipy = bipyridine) coordinated to TPyP are able to transfer energy from the peripheral ruthenium complexes to the porphyrin ring so promoting their luminescence.<REF TYPE="P" ID="cit25">25</REF></text></s> <s sid="21"><CoreSc1 atype="GSC" type="Met" conceptID="Met1" novelty="Old" advantage="Yes"/><text>Energy transfer from the porphyrin ring to the ruthenium complexes was also observed in the supramolecule composed by four [Ru(bipy)<SB>3</SB>] groups due to the proximity of the porphyrin and ruthenium energy levels.<REF TYPE="P" ID="cit26">26</REF></text></s></P><P><s sid="22"><CoreSc1 atype="GSC" type="Obj" conceptID="Obj1" novelty="New" advantage="None"/><text>In this work we investigated the photoelectrochemical behavior of TPyP coordinated to two and four [Ru(phen)<SB>2</SB>Cl]<SP>+</SP> (phen = phenanthroline) groups (referred as Ru<SB>2</SB>phenTPyP and Ru<SB>4</SB>phenTPyP, Fig. 1).<REF TYPE="P" ID="cit27">27</REF></text></s> <s sid="23"><CoreSc1 atype="GSC" type="Goa" conceptID="Goa1" novelty="None" advantage="None"/><text>We carried out a systematic investigation, focusing on the <IT>photoinduced charge separation</IT> and <IT>antenna effect</IT> effects presented by these supramolecules into assembling molecular electrical interfaces with semiconductor surfaces.</text></s> <s sid="24"><CoreSc1 atype="GSC" type="Goa" conceptID="Goa1" novelty="None" advantage="None"/><text>Our studies are based on their corresponding photoaction response and theoretical calculations.</text></s></P></DIV><DIV DEPTH="1"><HEADER>Experimental</HEADER><DIV DEPTH="2"><HEADER>Materials</HEADER><P><s sid="25"><CoreSc1 atype="GSC" type="Met" conceptID="Met6" novelty="Old" advantage="None"/><text>The synthesis and characterization of the Ru<SB>4</SB>phenTPyP supermolecule containing four [Ru(phen)<SB>2</SB>Cl]<SP>+</SP> complexes is detailed in ref. .<REF TYPE="P" ID="cit27">27</REF></text></s> <s sid="26"><CoreSc1 atype="GSC" type="Obs" conceptID="Obs1" novelty="None" advantage="None"/><text>Analysis for Ru<SB>4</SB>phenTPyP (C<SB>140</SB>H<SB>112</SB>N<SB>24</SB>Ru<SB>4</SB>O<SB>23</SB>S<SB>4</SB>F<SB>12</SB>Cl<SB>4</SB>): found (calc.): C, 49.7 (49.4); N, 9.4 (9.8); H, 3.7 (3.3).</text></s> <s sid="27"><CoreSc1 atype="GSC" type="Met" conceptID="Met7" novelty="New" advantage="None"/><text>The synthesis of the supramolecule containing only two ruthenium complexes was carried out adding half of the amount of ruthenium complexes in a proportion of 2 ∶ 1 [Ru(phen)<SB>2</SB>Cl<SB>2</SB>] ∶ TPyP.</text></s> <s sid="28"><CoreSc1 atype="GSC" type="Met" conceptID="Met7" novelty="New" advantage="Yes"/><text>This strategy allowed the preparation of a supramolecule that contains free pyridyl groups and ruthenium complexes in the same structure.</text></s> <s sid="29"><CoreSc1 atype="GSC" type="Met" conceptID="Met7" novelty="New" advantage="No"/><text>However, the coordination reaction may give rise to a mixture of structures containing 1, 2, or 3 peripheral groups.</text></s> <s sid="30"><CoreSc1 atype="GSC" type="Res" conceptID="Res1" novelty="None" advantage="None"/><text>Elemental analysis and electronic spectrum suggest that the major product is a supermolecule with two complexes.</text></s> <s sid="31"><CoreSc1 atype="GSC" type="Met" conceptID="Met7" novelty="New" advantage="No"/><text>In addition the supermolecule Ru<SB>2</SB>phenTPyP can be obtained as <IT>cis</IT> and <IT>trans</IT> isomers as shown in Fig. 1.</text></s> <s sid="32"><CoreSc1 atype="GSC" type="Obs" conceptID="Obs2" novelty="None" advantage="None"/><text>Analysis for Ru<SB>2</SB>phenTPyP (C<SB>90</SB>H<SB>72</SB>N<SB>16</SB>Ru<SB>2</SB>O<SB>13</SB>S<SB>2</SB>F<SB>6</SB>Cl<SB>2</SB>): found (calc.): C, 53.4 (53.1); N, 10.6 (11.0); H, 4.1 (3.6).</text></s> <s sid="33"><CoreSc1 atype="GSC" type="Exp" conceptID="Exp1" novelty="None" advantage="None"/><text>The TiO<SB>2</SB> powder (P25) was kindly donated by Degussa AG.</text></s> <s sid="34"><CoreSc1 atype="GSC" type="Exp" conceptID="Exp1" novelty="None" advantage="None"/><text>All other reagent grade chemicals were used without further purification.</text></s></P></DIV><DIV DEPTH="2"><HEADER>Preparation of nanoporous TiO<SB>2</SB> films</HEADER><P><s sid="35"><CoreSc1 atype="GSC" type="Exp" conceptID="Exp1" novelty="None" advantage="None"/><text>The nanoporous TiO<SB>2</SB> film deposited onto a sheet of F-doped SnO<SB>2</SB> TEC15 conducting glass (sheet resistance ∼15 Ω cm<SP>–2</SP>) was prepared using a variation of a previously published procedure.<REF TYPE="P" ID="cit2">2</REF></text></s> <s sid="36"><CoreSc1 atype="GSC" type="Exp" conceptID="Exp1" novelty="None" advantage="None"/><text>A colloidal TiO<SB>2</SB> suspension was obtained by grinding 6 g of TiO<SB>2</SB> powder in 2 mL of distilled H<SB>2</SB>O and 0.2 mL of acetylacetone, in a mortar with a pestle, for about 40 min.</text></s> <s sid="37"><CoreSc1 atype="GSC" type="Exp" conceptID="Exp1" novelty="None" advantage="None"/><text>Finally 8.0 mL of distilled water and 0.1 mL of Triton X-100 were slowly added with continuous mixing for 10 min.</text></s></P><P><s sid="38"><CoreSc1 atype="GSC" type="Exp" conceptID="Exp1" novelty="None" advantage="None"/><text>A previously cleaned conductive glass sheet was laid on a flat surface with the conductive side up and the deposition area was delimited with a plastic adhesive tape.</text></s> <s sid="39"><CoreSc1 atype="GSC" type="Exp" conceptID="Exp1" novelty="None" advantage="None"/><text>Several drops of the above TiO<SB>2</SB> suspension were spread as evenly as possible onto the surface using a glass rod.</text></s> <s sid="40"><CoreSc1 atype="GSC" type="Exp" conceptID="Exp1" novelty="None" advantage="None"/><text>The thickness of the TiO<SB>2</SB> coating (∼4 or 8 µm) was determined by the thickness of the adhesive tape.</text></s> <s sid="41"><CoreSc1 atype="GSC" type="Exp" conceptID="Exp1" novelty="None" advantage="None"/><text>The electrodes were then dried in air and fired at 450 °C for 30 min under ambient atmosphere.</text></s></P></DIV><DIV DEPTH="2"><HEADER>Surface treatment with the dye</HEADER><P><s sid="42"><CoreSc1 atype="GSC" type="Exp" conceptID="Exp2" novelty="None" advantage="None"/><text>The electrodes covered by a nanoporous TiO<SB>2</SB> film layer were immersed for 48 h in ∼1 × 10<SP>–4</SP> mol L<SP>–1</SP> solution of the Ru<SB>2</SB>phenTPyP and Ru<SB>4</SB>phenTPyP supramolecular species in ethanol to achieve the adsorption equilibrium condition.</text></s> <s sid="43"><CoreSc1 atype="GSC" type="Exp" conceptID="Exp2" novelty="None" advantage="None"/><text>The surface coverage was roughly estimated by the optical density of the film and color change from white to the color of the attached dye.</text></s> <s sid="44"><CoreSc1 atype="GSC" type="Exp" conceptID="Exp2" novelty="None" advantage="None"/><text>Afterwards, the electrode was washed with the solvent and dried in moisture-free air.</text></s></P></DIV><DIV DEPTH="2"><HEADER>Assembling the cell</HEADER><P><s sid="45"><CoreSc1 atype="GSC" type="Exp" conceptID="Exp3" novelty="None" advantage="None"/><text>The cell (1.0 cm<SP>2</SP> active area) was assembled by transferring about 1 mL of the electrolyte solution (0.5 mol L<SP>–1</SP><IT>tert</IT>-butylpyridine–0.6 mol L<SP>–1</SP> tetrabutylammonium iodide–0.1 mol L<SP>–1</SP> LiI–0.1 mol L<SP>–1</SP> I<SB>2</SB> in 10 mL methoxyproprionitrile) onto the SnO<SB>2</SB>:F<SP>–</SP> glass covered with TiO<SB>2</SB>/attached dye.</text></s> <s sid="46"><CoreSc1 atype="GSC" type="Exp" conceptID="Exp3" novelty="None" advantage="None"/><text>The counter-electrode was then pressed against the TiO<SB>2</SB>/dye film.</text></s> <s sid="47"><CoreSc1 atype="GSC" type="Exp" conceptID="Exp3" novelty="None" advantage="None"/><text>The transparent counter electrode was treated by transferring a drop of 0.05 M solution of H<SB>2</SB>PtCl<SB>6</SB> in isopropanol onto the conducting glass and firing at 400 °C in air for 20 min.</text></s> <s sid="48"><CoreSc1 atype="GSC" type="Exp" conceptID="Exp3" novelty="None" advantage="None"/><text>A PVC film was placed in between the two electrodes to avoid short circuiting and electrolyte leakage.</text></s> <s sid="49"><CoreSc1 atype="GSC" type="Exp" conceptID="Exp3" novelty="None" advantage="None"/><text>The assembly was kept together by a clamp.</text></s> <s sid="50"><CoreSc1 atype="GSC" type="Exp" conceptID="Exp3" novelty="None" advantage="None"/><text>No further sealing was necessary, at least for the tests described in this work.</text></s></P></DIV><DIV DEPTH="2"><HEADER>Measurement of the photoelectrochemical properties</HEADER><P><s sid="51"><CoreSc1 atype="GSC" type="Exp" conceptID="Exp4" novelty="None" advantage="None"/><text>The photoelectrochemical devices were firmly placed in an optical bench for the characterization procedures.</text></s> <s sid="52"><CoreSc1 atype="GSC" type="Exp" conceptID="Exp4" novelty="None" advantage="None"/><text>The IPCE spectra and the current–voltage (<IT>I</IT>–<IT>V</IT>) curves were obtained using an Applied Photophysics 150 W Xenon lamp as a white-light source and a home-made resistor as a variable load.</text></s> <s sid="53"><CoreSc1 atype="GSC" type="Exp" conceptID="Exp4" novelty="None" advantage="None"/><text>Samples were irradiated at 100 mW cm<SP>–2</SP>.</text></s> <s sid="54"><CoreSc1 atype="GSC" type="Exp" conceptID="Exp4" novelty="None" advantage="None"/><text>An Oriel Spectral Luminator was employed as the monochromatic source.</text></s> <s sid="55"><CoreSc1 atype="GSC" type="Exp" conceptID="Exp4" novelty="None" advantage="None"/><text>The light intensity was varied from 1 to 2 mW cm<SP>–2</SP>.</text></s> <s sid="56"><CoreSc1 atype="GSC" type="Exp" conceptID="Exp4" novelty="None" advantage="None"/><text>Measurements of photocurrent and photovoltage were performed using a Keithley 610C electrometer or a calibrated multimeter.</text></s> <s sid="57"><CoreSc1 atype="GSC" type="Exp" conceptID="Exp4" novelty="None" advantage="None"/><text>The sample was always illuminated through the conducting glass substrate and no corrections were made for the 30% reflection and transmission losses in the SnO<SB>2</SB>:F<SP>–</SP> glass.</text></s> <s sid="58"><CoreSc1 atype="GSC" type="Exp" conceptID="Exp4" novelty="None" advantage="None"/><text>The poly- and monochromatic light intensity at the electrode position were measured with a Newport Optical Power Meter model 1830-C.</text></s></P></DIV><DIV DEPTH="2"><HEADER>Electronic and emission spectra</HEADER><P><s sid="59"><CoreSc1 atype="GSC" type="Exp" conceptID="Exp5" novelty="None" advantage="None"/><text>The UV-vis spectra were obtained in a HP-8453A diode array spectrophotometer in ethanol solution.</text></s> <s sid="60"><CoreSc1 atype="GSC" type="Exp" conceptID="Exp5" novelty="None" advantage="None"/><text>The emission spectra were recorded on a Photon Technology Inc. model LS100 spectrofluorimeter in N<SB>2</SB> gas saturated ethanol solution.</text></s></P></DIV><DIV DEPTH="2"><HEADER>Electrochemistry</HEADER><P><s sid="61"><CoreSc1 atype="GSC" type="Exp" conceptID="Exp6" novelty="None" advantage="None"/><text>The electrochemistry was carried out in 0.1 M [(C<SB>2</SB>H<SB>5</SB>)<SB>4</SB>N]ClO<SB>4</SB> acetonitrile solution using a potentiostat/galvanostat from Ecochemie, model AUTOLAB PGSTAT30.</text></s> <s sid="62"><CoreSc1 atype="GSC" type="Exp" conceptID="Exp6" novelty="None" advantage="None"/><text>A conventional three-electrode cell consisting of a platinum disk working electrode, Ag|Ag<SP>+</SP> 0.010 M in acetonitrile (<IT>E</IT><SP>0</SP> = 0.503 V <IT>vs.</IT> NHE) reference electrode and a coiled platinum wire as counter electrode was used.</text></s></P></DIV><DIV DEPTH="2"><HEADER>Theoretical calculations</HEADER><P><s sid="63"><CoreSc1 atype="GSC" type="Met" conceptID="Met8" novelty="Old" advantage="None"/><text>Molecular modeling calculations were carried out for the <IT>cis-</IT>Ru<SB>2</SB>phenTPyP and Ru<SB>4</SB>phenTPyP species, starting with the MM<SP>+</SP> module, a modified MM2 force field<REF TYPE="P" ID="cit28">28</REF> for geometry optimization, within the HyperChem<SP>TM</SP> program,<REF TYPE="P" ID="cit29">29</REF> and using a gradient of 1 × 10<SP>–5</SP> kcal Å<SP>–1</SP> mol<SP>–1</SP> as a convergence criterion in a conjugated gradient method.</text></s> <s sid="64"><CoreSc1 atype="GSC" type="Met" conceptID="Met9" novelty="Old" advantage="None"/><text>SCF molecular orbital calculations were performed at the RHF level, using the ZINDO/S method,<REF TYPE="P" ID="cit30">30</REF> and the default parameters (and scaling factors <IT>k</IT><SB>pσ</SB> = 1.267 and <IT>k</IT><SB>pπ</SB> = 0.585).</text></s> <s sid="65"><CoreSc1 atype="GSC" type="Met" conceptID="Met9" novelty="Old" advantage="None"/><text>Geometry optimization was refined again, using the atomic charge distribution from the semi-empirical calculations, and the procedure repeated many times, until reaching convergence.</text></s> <s sid="66"><CoreSc1 atype="GSC" type="Mod" conceptID="Mod1" novelty="None" advantage="None"/><text>The electronic spectrum was calculated, based on single CI excitations in an active space involving 25 frontier molecular orbitals (15 highest occupied and 10 lowest unoccupied MOs).</text></s></P></DIV></DIV><DIV DEPTH="1"><HEADER>Results and discussion</HEADER><P><s sid="67"><CoreSc1 atype="GSC" type="Mod" conceptID="Mod2" novelty="None" advantage="None"/><text>Fig. 2 shows the energy diagram for nanocrystalline TiO<SB>2</SB> solar cells sensitized by RuphenTPyP species, together with kinetic processes after dye excitation.</text></s> <s sid="68"><CoreSc1 atype="GSC" type="Res" conceptID="Res2" novelty="None" advantage="None"/><text>The potentials of the highest occupied molecular orbital (HOMO) and lowest unoccupied molecular orbital (LUMO) estimated electrochemically are 0.98 and –1.0 V <IT>vs</IT>.</text></s> <s sid="69"><CoreSc1 atype="GSC" type="Res" conceptID="Res2" novelty="None" advantage="None"/><text>NHE, respectively, for Ru<SB>2</SB>phenTPyP and 0.98 and –1.1 V <IT>vs</IT>.</text></s> <s sid="70"><CoreSc1 atype="GSC" type="Res" conceptID="Res2" novelty="None" advantage="None"/><text>NHE, respectively, for Ru<SB>4</SB>phenTPyP.</text></s> <s sid="71"><CoreSc1 atype="GSC" type="Res" conceptID="Res3" novelty="None" advantage="None"/><text>The conduction band of the TiO<SB>2</SB> electrode is at –0.5 V and the redox potential of I<SB>3</SB><SP>–</SP>/I<SP>–</SP> is 0.4 V <IT>vs</IT>.</text></s> <s sid="72"><CoreSc1 atype="GSC" type="Res" conceptID="Res3" novelty="None" advantage="None"/><text>NHE.<REF TYPE="P" ID="cit3 cit15">3,15</REF></text></s> <s sid="73"><CoreSc1 atype="GSC" type="Res" conceptID="Res4" novelty="None" advantage="None"/><text>According to the values in the energy diagram, the electron injection and the regeneration processes are energetically favorable.</text></s> <s sid="74"><CoreSc1 atype="GSC" type="Res" conceptID="Res4" novelty="None" advantage="None"/><text>The free energy calculated for process (2) and (3) are –Δ<IT>G</IT> ≥ 0.5 eV and –Δ<IT>G</IT> = 0.6 eV, respectively.</text></s> <s sid="75"><CoreSc1 atype="GSC" type="Mod" conceptID="Mod3" novelty="None" advantage="None"/><text>The energy levels were calculated from the ground state (Ru(ii)/Ru(iii) potential and <IT>E</IT><SB>0–0</SB> value, considering that after dye excitation (1) and electron injection to TiO<SB>2</SB> (2), the hole is localized on one of the ruthenium moieties of the supramolecular porphyrin, in agreement with electrochemical data.<REF TYPE="P" ID="cit22 cit27">22,27</REF></text></s> <s sid="76"><CoreSc1 atype="GSC" type="Mod" conceptID="Mod3" novelty="None" advantage="None"/><text>Accordingly, the back electron transfer and dye regeneration processes are being carried out by the photochemically generated peripheral Ru(iii) complexes.</text></s> <s sid="77"><CoreSc1 atype="GSC" type="Res" conceptID="Res5" novelty="None" advantage="None"/><text>This is very convenient since ruthenium(iii)–polypyridine complexes are known to be more stable than the porphyrin cation radicals and are able to exchange electrons reversibly.</text></s></P><P><s sid="78"><CoreSc1 atype="GSC" type="Obs" conceptID="Obs3" novelty="None" advantage="None"/><text>Typical AFM images of 4 µm thickness TiO<SB>2</SB> (left) and TiO<SB>2</SB>/Ru<SB>2</SB>phenTPyP (right) nanoporous films deposited onto a F<SP>–</SP>-doped SnO<SB>2</SB> substrate can be seen in Fig. 3.</text></s> <s sid="79"><CoreSc1 atype="GSC" type="Obs" conceptID="Obs3" novelty="None" advantage="None"/><text>Both films show a rather uniform distribution of nanosized TiO<SB>2</SB> pyramid-like crystals characteristic of the anatase structure.</text></s> <s sid="80"><CoreSc1 atype="GSC" type="Obs" conceptID="Obs3" novelty="None" advantage="None"/><text>The TiO<SB>2</SB> film (left) presents particles with diameters from 20 to 50 nm that are agglomerated forming typical “clusters”.</text></s> <s sid="81"><CoreSc1 atype="GSC" type="Obs" conceptID="Obs4" novelty="None" advantage="None"/><text>After deposition of the supramolecule, the nanostructure of the TiO<SB>2</SB>/Ru<SB>2</SB>phenTPyP films is maintained, however, it appears more smooth and uniform showing particles with apparent increase in the average size up to 100 nm.</text></s> <s sid="82"><CoreSc1 atype="GSC" type="Res" conceptID="Res6" novelty="None" advantage="None"/><text>This can be attributed to a coating effect, responsible for the disappearance of boundaries between the nanoparticles that constitute the “clusters”.</text></s> <s sid="83"><CoreSc1 atype="GSC" type="Res" conceptID="Res7" novelty="None" advantage="None"/><text>Taking into account that the radii of the Ru<SB>2</SB>phenTPyP species are 23 and 30 Å for <IT>cis</IT> and <IT>trans</IT> isomers, respectively, and that the average pore dimensions is about 15 nm,<REF TYPE="P" ID="cit3 cit31">3,31</REF> the TiO<SB>2</SB> matrix allows the supramolecules to be effectively incorporated within the pores.</text></s></P><P><s sid="84"><CoreSc1 atype="GSC" type="Obs" conceptID="Obs5" novelty="None" advantage="None"/><text>The UV-vis spectra of the supramolecular species in ethanol solution were similar to the sum of the ruthenium complex and corresponding porphyrin spectra, as shown in Fig. 4, together with emission spectra.</text></s> <s sid="85"><CoreSc1 atype="GSC" type="Obs" conceptID="Obs5" novelty="None" advantage="None"/><text>For Ru<SB>2</SB>phenTPyP, the spectrum (Fig. 4(a)) has an intense Soret band at 415 nm and four Q bands at 510, 551, 589 and 648 nm in addition to the MLCT<SB>2</SB> band of the peripheral ruthenium complexes (Ru<SP>II</SP> (dπ) → phen (pπ*)) at 470 nm (shoulder).</text></s> <s sid="86"><CoreSc1 atype="GSC" type="Obs" conceptID="Obs5" novelty="None" advantage="None"/><text>The Ru<SB>4</SB>phenTPyP spectrum (Fig. 4(b)) has a Soret band, MLCT<SB>2</SB> and four Q bands at 417, 480 (sh), 516, 557, 592 and 650 nm, respectively.</text></s> <s sid="87"><CoreSc1 atype="GSC" type="Res" conceptID="Res8" novelty="None" advantage="None"/><text>As expected, the ratio between the intensity of the phen (pπ) → phen (pπ*) (226 nm for both species) and the Soret band changes as more ruthenium complexes are coordinated to the porphyrin.<REF TYPE="P" ID="cit25">25</REF></text></s> <s sid="88"><CoreSc1 atype="GSC" type="Res" conceptID="Res9" novelty="None" advantage="None"/><text>Both species are fluorescent, exhibiting emission bands at 648 and 712 nm for Ru<SB>2</SB>phenTPyP and 656 and 712 nm for Ru<SB>4</SB>phenTPyP, corresponding to the decay from the low-lying Q<SB><IT>x</IT>(0,0)</SB> and Q<SB><IT>x</IT>(1,0)</SB> π–π* excited states of the porphyrin ring, whatever the exciting absorption band.</text></s> <s sid="89"><CoreSc1 atype="GSC" type="Obs" conceptID="Obs6" novelty="None" advantage="None"/><text>The emission quantum yield decreased dramatically by coordination of the [Ru(phen)<SB>2</SB>Cl]<SP>+</SP> fragment, but the emission profiles remained characteristic of the porphyrin center.</text></s> <s sid="90"><CoreSc1 atype="GSC" type="Res" conceptID="Res10" novelty="None" advantage="None"/><text>Therefore, the luminescent state is expected to be centered on the lowest singlet excited state, S<SB>1</SB> of the porphyrin.</text></s> <s sid="91"><CoreSc1 atype="GSC" type="Res" conceptID="Res11" novelty="None" advantage="None"/><text>From the electronic and emission spectra it is possible to determine the <IT>E</IT><SB>0–0</SB> energy, equal to 617 (2.0 eV) and 588 nm (2.1 eV) for Ru<SB>2</SB>phenTPyP and Ru<SB>4</SB>phenTPyP, respectively.</text></s></P><P><s sid="92"><CoreSc1 atype="GSC" type="Obs" conceptID="Obs7" novelty="None" advantage="None"/><text>The adsorption of the RuphenTPyP species onto nanocrystalline TiO<SB>2</SB> leads to active red–brown films.</text></s> <s sid="93"><CoreSc1 atype="GSC" type="Obs" conceptID="Obs8" novelty="None" advantage="None"/><text>It is important to point out that even without the presence of an anchoring group such as hydroxyl, carboxyl or phosphonate, the dye remains strongly adsorbed onto the oxide films after the photoelectrochemical measurements.</text></s> <s sid="94"><CoreSc1 atype="GSC" type="Obs" conceptID="Obs8" novelty="None" advantage="None"/><text>Dye desorption by solvent or electrolyte that could compromise cell integrity was not observed.</text></s> <s sid="95"><CoreSc1 atype="GSC" type="Obs" conceptID="Obs9" novelty="None" advantage="None"/><text>Fig. 5 shows the monochromatic photon-to-electron conversion efficiency curve as a function of wavelength (IPCE) for the photoelectrochemical cells assembled with TiO<SB>2</SB>/RuphenTPyP films.</text></s> <s sid="96"><CoreSc1 atype="GSC" type="Mod" conceptID="Mod4" novelty="None" advantage="None"/><text>IPCE(<IT>λ</IT>) is defined by eqn. (1). </text></s></P><P><s sid="97"><CoreSc1 atype="GSC" type="Obs" conceptID="Obs9" novelty="None" advantage="None"/><text>IPCE curves resemble the electronic absorption spectra of the supramolecular species, displaying the characteristic porphyrin and ruthenium complex bands.</text></s> <s sid="98"><CoreSc1 atype="GSC" type="Res" conceptID="Res12" novelty="None" advantage="None"/><text>This is an indication that both components are active, participating in the electron transfer to the semiconductor conduction band.</text></s></P><P><s sid="99"><CoreSc1 atype="GSC" type="Obs" conceptID="Obs9" novelty="None" advantage="None"/><text>The IPCE curves for the 4- and 8-µm-Ru<SB>2</SB>phenTPyP films are qualitatively similar, exhibiting Soret, MLCT and three Q bands at 450, 470 (sh), 530, 600 and 660 nm, respectively.</text></s> <s sid="100"><CoreSc1 atype="GSC" type="Obs" conceptID="Obs9" novelty="None" advantage="None"/><text>It was not possible to observe the fourth Q band due to its low photocurrent response.</text></s> <s sid="101"><CoreSc1 atype="GSC" type="Obs" conceptID="Obs9" novelty="None" advantage="None"/><text>The maximum IPCE was obtained with the photoelectrochemical cell assembled with the 4-µm TiO<SB>2</SB>/Ru<SB>2</SB>phenTPyP films and reached about 21% at 450 nm.</text></s> <s sid="102"><CoreSc1 atype="GSC" type="Res" conceptID="Res13" novelty="None" advantage="None"/><text>This value is comparable with other porphyrin-related compounds<REF TYPE="P" ID="cit10 cit11 cit17 cit32">10,11,17,32</REF> but less than for Ru–phen complexes.<REF TYPE="P" ID="cit33 cit34">33,34</REF></text></s> <s sid="103"><CoreSc1 atype="GSC" type="Obs" conceptID="Obs9" novelty="None" advantage="None"/><text>The device assembled with the 8-µm TiO<SB>2</SB>/Ru<SB>2</SB>phenTPyP showed 11% IPCE at 450 nm, almost half of the value obtained with the thinner films.</text></s> <s sid="104"><CoreSc1 atype="GSC" type="Res" conceptID="Res14" novelty="None" advantage="None"/><text>This result is expected for supramolecular species that give rise to better efficiencies when anchored to very thin films due to their low penetration into the deeper voids of the nanoporous film.<REF TYPE="P" ID="cit7">7</REF></text></s></P><P><s sid="105"><CoreSc1 atype="GSC" type="Res" conceptID="Res15" novelty="None" advantage="None"/><text>In both cases only the porphyrin bands are red-shifted with respect to the species in solution (see Fig. 4), indicating that the supramolecular species interact with the TiO<SB>2</SB> surface <IT>via</IT> the TPyP ring.</text></s></P><P><s sid="106"><CoreSc1 atype="GSC" type="Obs" conceptID="Obs10" novelty="None" advantage="None"/><text>To our surprise, the supramolecular species Ru<SB>4</SB>phenTPyP showed negligible photocurrent, <IT>i.e.</IT>, lower than 2.</text></s> <s sid="107"><CoreSc1 atype="GSC" type="Res" conceptID="Res16" novelty="None" advantage="None"/><text>A possible explanation is the saturation of the pyridine groups in the tetrasubstituted porphyrin.</text></s> <s sid="108"><CoreSc1 atype="GSC" type="Bac" conceptID="Bac6" novelty="None" advantage="None"/><text>It should be noticed that the <IT>meso</IT>-tetrapyridylporphyrin (TPyP) is strongly adsorbed onto TiO<SB>2</SB> in contrast to the <IT>meso</IT>-tetraphenylporphyrins (TPP).</text></s> <s sid="109"><CoreSc1 atype="GSC" type="Hyp" conceptID="Hyp1" novelty="None" advantage="None"/><text>Therefore, one can infer that the pyridine groups interact strongly with the TiO<SB>2</SB> surface, due to their Lewis acid–base properties.</text></s> <s sid="110"><CoreSc1 atype="GSC" type="Hyp" conceptID="Hyp1" novelty="None" advantage="None"/><text>Analogously, if the supramolecule also binds preferentially to the oxide surface through the pyridyl groups, the saturation with the ruthenium complexes would have a detrimental effect in the dye coverage and also in the efficiency of the DSSC charge transfer processes.</text></s> <s sid="111"><CoreSc1 atype="GSC" type="Res" conceptID="Res17" novelty="None" advantage="None"/><text>This assumption was confirmed by measuring the optical density (OD) of the films.</text></s> <s sid="112"><CoreSc1 atype="GSC" type="Obs" conceptID="Obs11" novelty="None" advantage="None"/><text>TiO<SB>2</SB>/Ru<SB>2</SB>phenTPyP and TiO<SB>2</SB>/Ru<SB>4</SB>phenTPyP films present OD at 590 nm equal to 1.0 and 0.3, respectively.</text></s> <s sid="113"><CoreSc1 atype="GSC" type="Con" conceptID="Con1" novelty="None" advantage="None"/><text>Thus the supramolecular species containing two ruthenium complexes and two free pyridyl groups shows a ten-times better performance in comparison with the species with no free pyridyl groups.</text></s></P><P><s sid="114"><CoreSc1 atype="GSC" type="Obs" conceptID="Obs12" novelty="None" advantage="None"/><text>The highest efficiency was achieved for the 4-µm TiO<SB>2</SB>/Ru<SB>2</SB>phenTPyP film of around 20% at excitation in the Soret band.</text></s> <s sid="115"><CoreSc1 atype="GSC" type="Mod" conceptID="Mod5" novelty="None" advantage="None"/><text>Neglecting the reflective losses by the transparent electrode, the IPCE can be expressed by the product of three key parameters (eqn. (2)) where LHE is the light harvesting efficiency, <IT>φ</IT><SB>inj</SB> is the electron injection yield and <IT>η</IT> is the electron collecting efficiency in the external circuit. </text></s></P><P><s sid="116"><CoreSc1 atype="GSC" type="Res" conceptID="Res18" novelty="None" advantage="None"/><text>A detrimental effect of the LHE on the IPCE can be ruled out because of the strong absorption of these supramolecules in the visible region (high molar absortivity coefficients ranging from 10<SP>4</SP> to 10<SP>6</SP> M<SP>–1</SP> cm<SP>–1</SP>).</text></s> <s sid="117"><CoreSc1 atype="GSC" type="Obs" conceptID="Obs13" novelty="None" advantage="None"/><text>In addition, the optical density (OD) of the films is higher than 2.0 at the Soret band.</text></s></P><P><s sid="118"><CoreSc1 atype="GSC" type="Mod" conceptID="Mod2" novelty="None" advantage="None"/><text>The electron collecting efficiency (<IT>η</IT>) is essentially controlled by two kinetics process: dye regeneration reaction by the iodide ions (<IT>k</IT><SB>RR</SB>, step (3) in Fig. 2) and by the charge recombination reaction of the supramolecular species with the conduction/trap states electrons (<IT>k</IT><SB>CR</SB>, step (4) in Fig. 2).</text></s> <s sid="119"><CoreSc1 atype="GSC" type="Bac" conceptID="Bac7" novelty="None" advantage="None"/><text>The regeneration reaction is usually very fast (about 100 ns for the polypyridyl ruthenium complexes and zinc porphyrin)<REF TYPE="P" ID="cit35 cit36">35,36</REF> and thermodynamically favorable.</text></s> <s sid="120"><CoreSc1 atype="GSC" type="Res" conceptID="Res4" novelty="None" advantage="None"/><text>The ground state oxidation potentials of the supramolecular species (0.98 V <IT>vs</IT>.</text></s> <s sid="121"><CoreSc1 atype="GSC" type="Res" conceptID="Res4" novelty="None" advantage="None"/><text>NHE) are much more positive than the I<SP>–</SP>/I<SB>3</SB><SP>–</SP> redox couple (0.44 V <IT>vs</IT>.</text></s> <s sid="122"><CoreSc1 atype="GSC" type="Res" conceptID="Res4" novelty="None" advantage="None"/><text>NHE) giving rise to an electron transfer reaction with –Δ<IT>G</IT> &gt; 0.6 eV.</text></s> <s sid="123"><CoreSc1 atype="GSC" type="Bac" conceptID="Bac8" novelty="None" advantage="None"/><text>Recently Durrant and co-workers reported that the rate of the charge recombination between the conduction band/trap states electrons and the oxidized porphyrins dye is in the range of several milliseconds.<REF TYPE="P" ID="cit37">37</REF></text></s> <s sid="124"><CoreSc1 atype="GSC" type="Res" conceptID="Res19" novelty="None" advantage="None"/><text>In our case, preliminary transient absorption measurements (TAS) have revealed that there is a kinetic competition between regeneration and charge recombination processes, in the µs to ms timescale.</text></s> <s sid="125"><CoreSc1 atype="GSC" type="Res" conceptID="Res19" novelty="None" advantage="None"/><text>This result can be explained by the lack of strong electronic connection between Ru<SB>2</SB>phenTPyP and TiO<SB>2</SB>.</text></s> <s sid="126"><CoreSc1 atype="GSC" type="Res" conceptID="Res19" novelty="None" advantage="None"/><text>The charge recombination reaction is expected to be slow by the fact that the distance from the positive hole located at the ruthenium complexes and the conduction band electrons is larger for our supramolecular species than for the porphyrin alone.</text></s> <s sid="127"><CoreSc1 atype="GSC" type="Res" conceptID="Res20" novelty="None" advantage="None"/><text>Thus, the parameter <IT>η</IT> can itself explain in part the low IPCE values.</text></s> <s sid="128"><CoreSc1 atype="GSC" type="Mod" conceptID="Mod6" novelty="None" advantage="None"/><text>The last term controlling the IPCE is the efficiency of electron injection in the oxide conduction band (<IT>φ</IT><SB>inj</SB>) detailed in eqn. (3).</text></s> <s sid="129"><CoreSc1 atype="GSC" type="Mod" conceptID="Mod6" novelty="None" advantage="None"/><text>The parameters <IT>k</IT><SB>inj</SB>, <IT>k</IT><SB>r</SB> and <IT>k</IT><SB>nr</SB> are rates of electron transfer to TiO<SB>2</SB>, radiative decay (determined by the fluorescence and phosphorescence lifetime) and non-radiative decay, respectively, <IT>V</IT> is the electronic coupling between the excited species and the semiconductor, and <IT>ρ</IT>(<IT>E</IT>) is the density of states of the conduction band. </text></s></P><P><s sid="130"><CoreSc1 atype="GSC" type="Hyp" conceptID="Hyp2" novelty="None" advantage="None"/><text>We believe that all factors controlling <IT>φ</IT><SB>inj</SB> contribute to the efficiency of electron injection.</text></s> <s sid="131"><CoreSc1 atype="GSC" type="Obs" conceptID="Obs5" novelty="None" advantage="None"/><text>First, these supramolecular species fluoresces at ambient temperature as shown in Fig. 4.</text></s> <s sid="132"><CoreSc1 atype="GSC" type="Mod" conceptID="Mod7" novelty="None" advantage="None"/><text>Due to their strong tendency to aggregate even in diluted solution, it is possible that the supramolecular species exist as monolayers and aggregate after deposition onto TiO<SB>2</SB> substrate.</text></s> <s sid="133"><CoreSc1 atype="GSC" type="Mod" conceptID="Mod7" novelty="None" advantage="None"/><text>These aggregates can occur isolated from the TiO<SB>2</SB> nanoparticles precluding their direct participation in electron transfer, and consequently, after excitation, these species can undergo fast relaxation <IT>via</IT> radiative and non-radiative decays.</text></s></P><P><s sid="134"><CoreSc1 atype="GSC" type="Bac" conceptID="Bac9" novelty="None" advantage="None"/><text>The rate of electron injection (<IT>k</IT><SB>inj</SB>) from excited molecules adsorbed on the semiconductor surface to the conduction band is one the most important primary processes for the DSSC.</text></s> <s sid="135"><CoreSc1 atype="GSC" type="Bac" conceptID="Bac9" novelty="None" advantage="None"/><text>A recent study showed that the rate of electron transfer for the free base 5,10,15,20-tetrakis(4-carboxyphenyl)porphyrin to a nanoporous TiO<SB>2</SB> occurs within 10 ps.<REF TYPE="P" ID="cit16">16</REF></text></s> <s sid="136"><CoreSc1 atype="GSC" type="Hyp" conceptID="Hyp3" novelty="None" advantage="None"/><text>Assuming that the same is valid for our supramolecules and since the timescale for intersystem crossing from the lowest singlet excited state to the triplet state is several nanoseconds, injection <IT>via</IT> a triplet pathway can be ruled out, at least for the species in intimate contact with the TiO<SB>2</SB> nanoparticles.<REF TYPE="P" ID="cit38">38</REF></text></s> <s sid="137"><CoreSc1 atype="GSC" type="Mod" conceptID="Mod6" novelty="None" advantage="None"/><text>As shown in eqn. (3), <IT>k</IT><SB>inj</SB> involves the electronic coupling between the excited species and the semiconductor and the density of states of the conduction band.</text></s> <s sid="138"><CoreSc1 atype="GSC" type="Bac" conceptID="Bac10" novelty="None" advantage="None"/><text>Argazzi <IT>et al</IT>. have suggested that the presence of an anchoring ligand attached to the chromophore is not required for an efficient electron transfer,<REF TYPE="P" ID="cit39">39</REF> however, it is plausible that a small electronic coupling between the supramolecular excited state and the 3d orbitals of the semiconductor, can decrease considerably the value of <IT>k</IT><SB>inj</SB>.</text></s> <s sid="139"><CoreSc1 atype="GSC" type="Hyp" conceptID="Hyp4" novelty="None" advantage="None"/><text>We believe that in the present study, IPCE is mainly limited by the last two terms in eqn. (2): electron injection yield and electron collecting efficiency.</text></s></P><P><s sid="140"><CoreSc1 atype="GSC" type="Obs" conceptID="Obs14" novelty="None" advantage="None"/><text>The current–voltage characteristics of the photoelectrochemical cell assembled with the species Ru<SB>2</SB>phenTPyP is shown in Fig. 6.</text></s> <s sid="141"><CoreSc1 atype="GSC" type="Obs" conceptID="Obs14" novelty="None" advantage="None"/><text>When irradiated at 100 mW cm<SP>–2</SP> the cell exhibits short-circuit current (<IT>I</IT><SB>sc</SB>), open circuit potential (<IT>V</IT><SB>oc</SB>), fill factor (FF) and efficiency equal to 1.0 mA cm<SP>–2</SP>, 0.475 V, 0.62 and 0.3%, respectively.</text></s></P><P><s sid="142"><CoreSc1 atype="GSC" type="Obs" conceptID="Obs9" novelty="None" advantage="None"/><text>The IPCE curves present contributions from the porphyrin and the ruthenium complexes as demonstrated in Fig. 5.</text></s> <s sid="143"><CoreSc1 atype="GSC" type="Mot" conceptID="Mot3" novelty="None" advantage="None"/><text>Since we are dealing with two types of interconnected photosensitizers, their photoaction response can not be easily predicted on the basis of their isolated components, because of the expected cooperative supramolecular effects in the molecule.</text></s> <s sid="144"><CoreSc1 atype="GSC" type="Goa" conceptID="Goa1" novelty="None" advantage="None"/><text>In order to evaluate what mechanisms are involved in the electron transfer process, and determine the extent of the participation from both components, we have performed some theoretical calculations for both species using the ZINDO/S method.</text></s></P><P><s sid="145"><CoreSc1 atype="GSC" type="Obs" conceptID="Obs15" novelty="None" advantage="None"/><text>The relevant HOMO and LUMO levels and the fractional orbital mixture for the <IT>cis</IT>-Ru<SB>2</SB>phenTPyP supramolecule are shown in Table 1.</text></s> <s sid="146"><CoreSc1 atype="GSC" type="Res" conceptID="Res21" novelty="None" advantage="None"/><text>A remarkable point is that the molecular orbitals in the HOMO levels (MO 258–259) and LUMO levels (MO 260–261) exhibit essentially porphyrin character (&gt;75%).</text></s> <s sid="147"><CoreSc1 atype="GSC" type="Res" conceptID="Res22" novelty="None" advantage="None"/><text>This result is the opposite found for the Ru<SB>4</SB>phenTPyP species (Table 2) where the HOMO levels are characterized by a mixing of the porphyrin and ruthenium molecular orbitals while the LUMO exhibits essentially porphyrin character.</text></s></P><P><s sid="148"><CoreSc1 atype="GSC" type="Res" conceptID="Res23" novelty="None" advantage="None"/><text>Below the HOMO level, there is a predominant ruthenium–phen character (MOs 252–257).</text></s> <s sid="149"><CoreSc1 atype="GSC" type="Res" conceptID="Res24" novelty="None" advantage="None"/><text>Above the two degenerate LUMO levels (MOs 260–261) of porphyrin character, the molecular orbitals exhibit predominantly of π* phenanthroline character (MOs 262–266).</text></s></P><P><s sid="150"><CoreSc1 atype="GSC" type="Obs" conceptID="Obs16" novelty="None" advantage="None"/><text>Some of the theoretical and experimental bands for <IT>cis</IT>-Ru<SB>2</SB>phenTPyP are collected in Table 3.</text></s> <s sid="151"><CoreSc1 atype="GSC" type="Obs" conceptID="Obs16" novelty="None" advantage="None"/><text>The transitions 7 and 8 (MOs (258,259) → MOs (260,261)) are responsible for the vibronic Q<SB>(0–0)</SB> and Q<SB>(0–1)</SB> and the transitions 20, 32 and 51 (MOs (257,258,259) → MO(260,261)) are responsible for the Soret band.</text></s> <s sid="152"><CoreSc1 atype="GSC" type="Res" conceptID="Res25" novelty="None" advantage="None"/><text>According to the theoretical calculations, the transitions in the [Ru(phen)<SB>2</SB>Cl]<SP>+</SP> groups are expected to occur in the 400–540 nm range, contributing to the broad shoulder observed in this region (see electronic spectra in Fig. 4).</text></s> <s sid="153"><CoreSc1 atype="GSC" type="Obs" conceptID="Obs16" novelty="None" advantage="None"/><text>In fact, the Ru (dπ) → phen (pπ) charge-transfer MLCT band can be found in the transitions 20, 32 and 51 [MOs (252,253,256,257) → MOs(262,263,264,265,267,267)].</text></s></P><P><s sid="154"><CoreSc1 atype="GSC" type="Obs" conceptID="Obs16" novelty="None" advantage="None"/><text>In the 350–400 nm range, the theoretical electronic transition 53 presents a distinct MO composition involving the corresponding HOMO levels with a predominant Ru(ii) contribution (MO 256), while the LUMO ones have essentially porphyrin character (MO 260).</text></s> <s sid="155"><CoreSc1 atype="GSC" type="Obs" conceptID="Obs16" novelty="None" advantage="None"/><text>This transition exhibits a large charge-transfer character, from the peripheral Ru(ii) complexes to the porphyrin center.</text></s> <s sid="156"><CoreSc1 atype="GSC" type="Obs" conceptID="Obs16" novelty="None" advantage="None"/><text>In this region, the Soret band is also observed, involving the porphyrin transitions from MO 259 and 258 to MO 260 and 261, as well as their combination with the Ru → Porph MLCT (from MO 257 and 256).</text></s></P><P><s sid="157"><CoreSc1 atype="GSC" type="Res" conceptID="Res26" novelty="None" advantage="None"/><text>Thus, the presence of the peripheral groups changes dramatically the composition of the HOMO levels.</text></s> <s sid="158"><CoreSc1 atype="GSC" type="Hyp" conceptID="Hyp5" novelty="None" advantage="None"/><text>In the Ru<SB>4</SB>phenTPyP we would expect a higher contribution from the peripheral groups due to a better connectivity between the two chromophores than in the <IT>cis</IT>-Ru<SB>2</SB>phenTPyP where the peripheral groups have low participation.</text></s> <s sid="159"><CoreSc1 atype="GSC" type="Res" conceptID="Res27" novelty="None" advantage="None"/><text>However the IPCE spectra showed the opposite behavior.</text></s> <s sid="160"><CoreSc1 atype="GSC" type="Res" conceptID="Res27" novelty="None" advantage="None"/><text>Therefore, the low IPCE obtained for the Ru<SB>4</SB>phenTPyP can only be ascribed to the lack of anchoring pyridyl groups, required for the effective binding of the supramolecular species onto the oxide surface.</text></s> <s sid="161"><CoreSc1 atype="GSC" type="Res" conceptID="Res28" novelty="None" advantage="None"/><text>In agreement with this conclusion, it is important to note that in the <IT>cis</IT>-Ru<SB>2</SB>phenTPyP species, the bridging pyridine ligands contribute effectively to the ground and excited state properties (&gt;13%), acting as a molecular wire in the photoinjection process.</text></s></P></DIV><DIV DEPTH="1"><HEADER>Conclusion</HEADER><P><s sid="162"><CoreSc1 atype="GSC" type="Con" conceptID="Con1" novelty="None" advantage="None"/><text>In conclusion, supramolecules containing only two [Ru(phen)<SB>2</SB>Cl]<SP>+</SP> groups are more efficient in transferring electrons to the conduction band of TiO<SB>2</SB> than its analogue containing four peripheral groups.</text></s> <s sid="163"><CoreSc1 atype="GSC" type="Con" conceptID="Con2" novelty="None" advantage="None"/><text>The free pyridyl groups play a fundamental role in the adsorption of the supramolecule in the oxide surface, being responsible for IPCE values of 21% for excitation in the Soret band.</text></s> <s sid="164"><CoreSc1 atype="GSC" type="Con" conceptID="Con3" novelty="None" advantage="None"/><text>Experimental evidence and theoretical calculations suggest that the mechanism of TiO<SB>2</SB> sensibilization by these supramolecules is through electron transfer from the excited singlet state of the porphyrin.</text></s> <s sid="165"><CoreSc1 atype="GSC" type="Con" conceptID="Con3" novelty="None" advantage="None"/><text>This excited state can be populated directly by excitation at Soret and Q bands and also by a MLCT charge transfer electronic transition between the ruthenium complexes and the porphyrin.</text></s></P></DIV></BODY></PAPER>