<?xml version="1.0" encoding="UTF-8"?>
<!DOCTYPE PAPER
  SYSTEM "paper-structure-annotation.dtd">
<PAPER><mode2 name="b306787b" hasDoc="yes" version="1153"/><TITLE><s sid="1"><CoreSc1 atype="GSC" type="Obj" conceptID="Obj1" novelty="New" advantage="None"/><text>Histological and microscopy FT-IR imaging study on the proliferative activity and angiogenesis in head and neck tumours</text></s></TITLE><ABSTRACT><s sid="2"><CoreSc1 atype="GSC" type="Met" conceptID="Met1" novelty="None" advantage="Yes"/><text>Micro Fourier transform infrared spectroscopy enables one to study small samples because of the high quality spectra that can be obtained.</text></s> <s sid="3"><CoreSc1 atype="GSC" type="Res" conceptID="Res1" novelty="None" advantage="None"/><text>Biochemical and morphological changes between control and pathological tissues of head and neck tumours have been monitored drawing three-dimensional chemical maps of the main vibrational modes in the regions of interest.</text></s> <s sid="4"><CoreSc1 atype="GSC" type="Res" conceptID="Res2" novelty="None" advantage="None"/><text>Comparison between spectral and histological data shows a satisfactory degree of accordance.</text></s> <s sid="5"><CoreSc1 atype="GSC" type="Con" conceptID="Con1" novelty="None" advantage="None"/><text>Among all, proliferating and regressive states of the tumours can be identified.</text></s></ABSTRACT><BODY><DIV DEPTH="1"><HEADER>Introduction</HEADER><P><s sid="6"><CoreSc1 atype="GSC" type="Bac" conceptID="Bac1" novelty="None" advantage="None"/><text>Vibrational spectroscopy can be considered as a fast tool to gain important information about the molecular and supramolecular structure of living tissues with no need of laborious and invasive sampling procedures.</text></s> <s sid="7"><CoreSc1 atype="GSC" type="Bac" conceptID="Bac2" novelty="None" advantage="None"/><text>In particular, microscopy FT-IR provides the possibility to perform a qualitative and quantitative analysis even at a molecular level.</text></s> <s sid="8"><CoreSc1 atype="GSC" type="Bac" conceptID="Bac3" novelty="None" advantage="None"/><text>In the last ten years, great effort has been made by numerous researchers to evaluate the possibility of using vibrational spectroscopy as a complementary technique in clinical diagnosis and prognosis.</text></s> <s sid="9"><CoreSc1 atype="GSC" type="Bac" conceptID="Bac3" novelty="None" advantage="None"/><text>However, the question of whether or not FT-IR spectroscopy can satisfy the requirements of accuracy, ease of use, low cost and early diagnosis, must still be demonstrated.</text></s> <s sid="10"><CoreSc1 atype="GSC" type="Bac" conceptID="Bac3" novelty="None" advantage="None"/><text>Nevertheless, many results obtained for various pathological states of human tissues are quite promising: changes in cell structure and composition can be ‘visualised’ in the vibrational spectrum of a biological fluid or tissue even at an early stage of the disease.</text></s> <s sid="11"><CoreSc1 atype="GSC" type="Bac" conceptID="Bac4" novelty="None" advantage="None"/><text>Micro FT-IR can join <IT>in vivo</IT> clinical diagnostics, immunocytochemical analysis and <IT>ex vivo</IT> histological determinations to set up a suitable protocol to study lesions in human tissues.<REF TYPE="P" ID="cit1 cit2 cit3 cit4 cit5 cit6">1–6</REF></text></s></P><P><s sid="12"><CoreSc1 atype="GSC" type="Met" conceptID="Met2" novelty="Old" advantage="None"/><text>To date, our contribution to the relatively abundant number of papers which have appeared on the topic during the last five years, concerns studies on carotid plaque characterisation and FT-IR imaging studies on carotid plaques and pathological thyroid tissues.<REF TYPE="P" ID="cit7 cit8 cit9">7–9</REF></text></s></P><P><s sid="13"><CoreSc1 atype="GSC" type="Bac" conceptID="Bac5" novelty="None" advantage="None"/><text>Oral carcinomas account for about 5% of head and neck tumours.</text></s> <s sid="14"><CoreSc1 atype="GSC" type="Bac" conceptID="Bac5" novelty="None" advantage="None"/><text>The prevalence of tumours of the head and neck (HN) region is rapidly increasing and squamous cell carcinoma (SCC) represents the most frequent malignant tumour of the oral cavity.</text></s> <s sid="15"><CoreSc1 atype="GSC" type="Bac" conceptID="Bac5" novelty="None" advantage="None"/><text>The clinical behaviour of oral SCC is difficult to predict based on classical histopathological parameters.</text></s> <s sid="16"><CoreSc1 atype="GSC" type="Bac" conceptID="Bac6" novelty="None" advantage="None"/><text>Proliferating activity and angiogenesis provide important information on tumour behaviour that can be used to support traditional histopathology for more accurate tumour characterisation in diagnosis and prognosis.</text></s> <s sid="17"><CoreSc1 atype="GSC" type="Bac" conceptID="Bac7" novelty="None" advantage="None"/><text>Recently the identification of molecular markers that can accurately define those neoplasms that will manifest an aggressive clinical behaviour and worse prognosis is becoming particularly important.<REF TYPE="P" ID="cit10">10</REF></text></s></P><P><s sid="18"><CoreSc1 atype="GSC" type="Goa" conceptID="Goa1" novelty="None" advantage="None"/><text>The aim of this study was to realise an experimental protocol, based mainly on immunohistochemical as well as microscopy FT-IR procedures to elucidate the expression of MIB1, CD34 and CD10 in normal mucosa and low and high grade tumours of the head and neck region.</text></s></P></DIV><DIV DEPTH="1"><HEADER>Experimental</HEADER><P><s sid="19"><CoreSc1 atype="GSC" type="Met" conceptID="Met3" novelty="New" advantage="None"/><text>Middle infrared and histological determinations were carried out on thin sections (4 µm thickness) of surgically removed tissues.</text></s> <s sid="20"><CoreSc1 atype="GSC" type="Met" conceptID="Met3" novelty="New" advantage="None"/><text>One face of each microtome was used for histopathological analysis and the other one for spectroscopic determinations.</text></s></P><DIV DEPTH="2"><HEADER>FT-IR determinations</HEADER><P><s sid="21"><CoreSc1 atype="GSC" type="Exp" conceptID="Exp1" novelty="None" advantage="None"/><text>Spectral data were achieved with Perkin-Elmer Spectrum GX1 spectrometer equipped with a Perkin-Elmer Autoimage microscope.</text></s> <s sid="22"><CoreSc1 atype="GSC" type="Exp" conceptID="Exp2" novelty="None" advantage="None"/><text>For data handling the following software packages were used: Perkin-Elmer Spotlight v.100 and Spectrum v.303, Grams/32 Galactic Corp.</text></s> <s sid="23"><CoreSc1 atype="GSC" type="Exp" conceptID="Exp1" novelty="None" advantage="None"/><text>The spectral resolution was 4 cm<SP>–1</SP>.</text></s> <s sid="24"><CoreSc1 atype="GSC" type="Exp" conceptID="Exp1" novelty="None" advantage="None"/><text>The spatial resolution was 20 × 20 µm.</text></s> <s sid="25"><CoreSc1 atype="GSC" type="Exp" conceptID="Exp3" novelty="None" advantage="None"/><text>The absorption spectra are the results of 16 scans.</text></s> <s sid="26"><CoreSc1 atype="GSC" type="Exp" conceptID="Exp4" novelty="None" advantage="None"/><text>The microtomes were deposited on a steel support and reflectance spectra were collected.</text></s> <s sid="27"><CoreSc1 atype="GSC" type="Exp" conceptID="Exp5" novelty="None" advantage="None"/><text>Specific areas of interest were identified by means of the microscope television camera.</text></s> <s sid="28"><CoreSc1 atype="GSC" type="Met" conceptID="Met4" novelty="Old" advantage="None"/><text>Baseline (polynomial line fit) was performed in all cases and curve fitting (Lorentzian character) was used to determine the ratio between bands of interest.</text></s> <s sid="29"><CoreSc1 atype="GSC" type="Met" conceptID="Met5" novelty="Old" advantage="None"/><text>Attribution of the bands was done according to literature data<REF TYPE="P" ID="cit7 cit9 cit11">7,9,11</REF>.</text></s></P></DIV><DIV DEPTH="2"><HEADER>Histological determinations</HEADER><P><s sid="30"><CoreSc1 atype="GSC" type="Met" conceptID="Met6" novelty="Old" advantage="None"/><text>(1) Squamous cell carcinoma of the gingival.</text></s> <s sid="31"><CoreSc1 atype="GSC" type="Met" conceptID="Met6" novelty="Old" advantage="None"/><text>All surgical specimens were fixed in 10% neutral buffered-formalin and embedded in paraffin.</text></s> <s sid="32"><CoreSc1 atype="GSC" type="Met" conceptID="Met6" novelty="Old" advantage="None"/><text>In each case 5 µm sections were cut and stained with hematoxylin-eosin (H&amp;E) to define appropriately the histological grading of the different areas of the tumour.</text></s> <s sid="33"><CoreSc1 atype="GSC" type="Met" conceptID="Met6" novelty="Old" advantage="None"/><text>The different areas were heterogeneous with grading to G2 to G3.</text></s></P><P><s sid="34"><CoreSc1 atype="GSC" type="Met" conceptID="Met7" novelty="Old" advantage="None"/><text>(2) Lymph node metastasis.</text></s> <s sid="35"><CoreSc1 atype="GSC" type="Met" conceptID="Met7" novelty="Old" advantage="None"/><text>All surgical specimens were fixed in 10% neutral buffered-formalin and embedded in paraffin.</text></s> <s sid="36"><CoreSc1 atype="GSC" type="Met" conceptID="Met7" novelty="Old" advantage="None"/><text>In each case 5 µm sections were cut and stained with hematoxylin-eosin (H&amp;E) to define the different area of the metastatic lymph node.</text></s></P><P><s sid="37"><CoreSc1 atype="GSC" type="Met" conceptID="Met8" novelty="Old" advantage="None"/><text>(3) Sarcomatoid carcinoma.</text></s> <s sid="38"><CoreSc1 atype="GSC" type="Met" conceptID="Met8" novelty="Old" advantage="None"/><text>The surgical specimen was fixed in 10% neutral buffered-formalin and embedded in paraffin.</text></s> <s sid="39"><CoreSc1 atype="GSC" type="Met" conceptID="Met8" novelty="Old" advantage="None"/><text>In each case 5 µm sections were cut and stained with hematoxylin-eosin (H&amp;E) to define appropriately the histological grading of the different area of the tumour.</text></s> <s sid="40"><CoreSc1 atype="GSC" type="Met" conceptID="Met8" novelty="Old" advantage="None"/><text>The different areas were homogeneous.</text></s></P><P><s sid="41"><CoreSc1 atype="GSC" type="Met" conceptID="Met8" novelty="Old" advantage="None"/><text>In all cases additional staining was performed including CD 34, Mib-1 and CD10.</text></s></P></DIV></DIV><DIV DEPTH="1"><HEADER>Results and discussion</HEADER><P><s sid="42"><CoreSc1 atype="GSC" type="Met" conceptID="Met9" novelty="Old" advantage="None"/><text>A number of sections from 10 specimens for each type of clinical state (control, lymph node, neoplasia) were mapped to determine the composition, the morphology and hence the biochemical changes.</text></s> <s sid="43"><CoreSc1 atype="GSC" type="Res" conceptID="Res3" novelty="None" advantage="None"/><text>The reproducibility of spectral data was satisfactory even if the complexity of any biological tissue required investigation over a larger number of specimens (which is actually in progress) to ascertain the occurrence of characteristic patterns with a satisfactorily confident safe variance.</text></s></P><P><s sid="44"><CoreSc1 atype="GSC" type="Obs" conceptID="Obs1" novelty="None" advantage="None"/><text>In the 1800–1500 cm<SP>–1</SP> region the bands mainly arise from proteins, side-chains of amino acids and interfacial zones of phospholipids.</text></s> <s sid="45"><CoreSc1 atype="GSC" type="Obs" conceptID="Obs2" novelty="None" advantage="None"/><text>The vibration at 1735 cm<SP>–1</SP>, due to the CO stretching mode of phospholipids, appears as a single band unless hydrogen bonding, mainly with water molecules, takes place.</text></s> <s sid="46"><CoreSc1 atype="GSC" type="Obs" conceptID="Obs3" novelty="None" advantage="None"/><text>The amide I mode, found at 1650–1660 cm<SP>–1</SP>, mainly arises from protein contributions and can appear as a broad convoluted band.<REF TYPE="P" ID="cit12 cit13 cit14 cit15">12–15</REF></text></s> <s sid="47"><CoreSc1 atype="GSC" type="Res" conceptID="Res4" novelty="None" advantage="None"/><text>The overlap of this band with the OH bending modes of water, makes the assignment of secondary structures uneasy.</text></s> <s sid="48"><CoreSc1 atype="GSC" type="Obs" conceptID="Obs4" novelty="None" advantage="None"/><text>The amide II is present as a middle band at 1550 cm<SP>–1</SP>.</text></s> <s sid="49"><CoreSc1 atype="GSC" type="Bac" conceptID="Bac8" novelty="None" advantage="None"/><text>The presence of water can be related to a certain degree of inflammatory character of a tissue: if the ratio <IT>δ</IT><SB>OH</SB>/amide is much higher than 1 we can hypothesize the occurrence of a certain degree of inflammation.<REF TYPE="P" ID="cit16">16</REF></text></s> <s sid="50"><CoreSc1 atype="GSC" type="Obs" conceptID="Obs5" novelty="None" advantage="None"/><text>The bands at 1450 and 1400 cm<SP>–1</SP> are attributable to the protein methyl <IT>δ</IT><SB>asym</SB> and <IT>δ</IT><SB>sym</SB> bending modes while the band at 1468 cm<SP>–1</SP> comes from methylene bending of lipids.<REF TYPE="P" ID="cit17">17</REF></text></s> <s sid="51"><CoreSc1 atype="GSC" type="Obs" conceptID="Obs6" novelty="None" advantage="None"/><text>The bands centred at <IT>ca.</IT> 1240 and 1080 cm<SP>–1</SP> mainly arise from asymmetric (<IT>ν</IT><SB>asym</SB>PO<SB>2</SB><SP>–</SP>) and symmetric (<IT>ν</IT><SB>sym</SB>PO<SB>2</SB><SP>–</SP>) vibrational modes of phosphodiester moieties, that are present in phospholipids and nucleic acids.</text></s> <s sid="52"><CoreSc1 atype="GSC" type="Obs" conceptID="Obs7" novelty="None" advantage="None"/><text>Peaks at 1340, 1280, 1204 cm<SP>–1</SP>, commonly present in these spectra, can help, together with the ones at 1083 and 1030 cm<SP>–1</SP>, to evaluate the presence of collagen.<REF TYPE="P" ID="cit12 cit13 cit18">12,13,18</REF></text></s></P><P><s sid="53"><CoreSc1 atype="GSC" type="Obs" conceptID="Obs8" novelty="None" advantage="None"/><text>Both bands at 1083 and 1240 cm<SP>–1</SP> are also assigned to C–O modes of carbohydrates blocks in collagen and nucleic acids.</text></s> <s sid="54"><CoreSc1 atype="GSC" type="Obs" conceptID="Obs9" novelty="None" advantage="None"/><text>The band at 970 cm<SP>–1</SP> is attributed to the dianionic PO<SB>2</SB><SP>2–</SP> monoester of nucleic acids.</text></s> <s sid="55"><CoreSc1 atype="GSC" type="Obs" conceptID="Obs10" novelty="None" advantage="None"/><text>The band around 1165 is due to the C–O–(H) moiety in proteins.</text></s> <s sid="56"><CoreSc1 atype="GSC" type="Bac" conceptID="Bac9" novelty="None" advantage="None"/><text>Once again, it is important, to recall the well known finding, that, not only the frequency, but also the intensity and the shape of the band are important factors to be considered in the study of structural and morphological properties of any material and this holds mainly in biological systems.<REF TYPE="P" ID="cit19 cit20">19,20</REF></text></s></P><P><s sid="57"><CoreSc1 atype="GSC" type="Obj" conceptID="Obj2" novelty="New" advantage="None"/><text>In this study we report the results on two tumours: the squamous cell carcinoma of the gingiva and the sarcomatoid carcinoma.</text></s> <s sid="58"><CoreSc1 atype="GSC" type="Obj" conceptID="Obj3" novelty="New" advantage="None"/><text>The data on the two malignant tissues are compared with the ones on normal tissues and with lymph nodes metastatic adiacent to the neoplasia.</text></s></P><P><s sid="59"><CoreSc1 atype="GSC" type="Obj" conceptID="Obj3" novelty="New" advantage="None"/><text>Among all, it appeared important to analyse the intensity maps of representative bands of the main components of the tissue and, in particular: the ester band (1735 cm<SP>–1</SP>) for lipids, the amide I and II bands (1655 and 1550 cm<SP>–1</SP>) for proteins, the bands at 1026 cm<SP>–1</SP> for collagen and the band at 970 cm<SP>–1</SP> for DNA.</text></s></P><DIV DEPTH="2"><HEADER>Control tissues</HEADER><P><s sid="60"><CoreSc1 atype="GSC" type="Met" conceptID="Met10" novelty="Old" advantage="None"/><text>Two control tissues (named core and glisaliv) were chosen.</text></s> <s sid="61"><CoreSc1 atype="GSC" type="Met" conceptID="Met10" novelty="Old" advantage="None"/><text>Core refers to the epithelium tissue coating the healthy mucosa: the intensity maps evidenced an homogeneous distribution of a consistent amount of proteins, DNA and small amounts of collagen and lipids.</text></s> <s sid="62"><CoreSc1 atype="GSC" type="Met" conceptID="Met10" novelty="Old" advantage="None"/><text>Glisaliv, refers to the epithelium gland tissue located under the carcinomatous zone in patients with epitheliar tumour.</text></s> <s sid="63"><CoreSc1 atype="GSC" type="Obs" conceptID="Obs11" novelty="None" advantage="None"/><text>The tissue shows a substantial homogeneous distribution of proteins and cellular components.</text></s> <s sid="64"><CoreSc1 atype="GSC" type="Obs" conceptID="Obs12" novelty="None" advantage="None"/><text>Small amounts of lipids were present in this serosa gland together with few regressive aspects.</text></s> <s sid="65"><CoreSc1 atype="GSC" type="Res" conceptID="Res5" novelty="None" advantage="None"/><text>As confirmed by histopathology, there are limited zones with a dishomogeneous character both in composition and morphology with inflammation as supported (Fig. 1) by the occurrence of convoluted AI and AII protein bands (due to conformational changes in the secondary structure of tissue proteins) and CO of lipids (mainly due to H-bonding of the ester group with water molecules).</text></s> <s sid="66"><CoreSc1 atype="GSC" type="Res" conceptID="Res6" novelty="None" advantage="None"/><text>The inflammatory character of zones close to adipose cells, was argued from the <IT>δ</IT>OH/AI ratio by performing the second derivative procedure on bands at 1655 cm<SP>–1</SP> (AI) and 1640 cm<SP>–1</SP> (bending OH from water).<REF TYPE="P" ID="cit7 cit8 cit21">7,8,21</REF></text></s> <s sid="67"><CoreSc1 atype="GSC" type="Obs" conceptID="Obs13" novelty="None" advantage="None"/><text>An appreciable amount cholesterol esters (bands at 3007 and 3038 cm<SP>–1</SP>) was also found.</text></s></P></DIV><DIV DEPTH="2"><HEADER>Squamous cell carcinoma of the gingiva</HEADER><P><s sid="68"><CoreSc1 atype="GSC" type="Obs" conceptID="Obs14" novelty="None" advantage="None"/><text>Spectral findings on this neoplasia originating from the epithelium, evidenced segregated zones with the contemporary occurrence of high DNA, lipid and collagen content in an uniform distribution of protein over the whole section (Fig. 2).</text></s> <s sid="69"><CoreSc1 atype="GSC" type="Bac" conceptID="Bac10" novelty="None" advantage="None"/><text>In a pathological area, the presence of lipids and collagen in a cellular zone, is quite common because they can represent regressive states of neoplastic cellular tissues.<REF TYPE="P" ID="cit22">22</REF></text></s></P><P><s sid="70"><CoreSc1 atype="GSC" type="Bac" conceptID="Bac11" novelty="None" advantage="None"/><text>In disagreement with our findings and histopathology concepts, some authors claim that the disappearance of lipids can represent a marker for malignant states in oral tissues<REF TYPE="P" ID="cit23">23</REF>.</text></s></P></DIV><DIV DEPTH="2"><HEADER>Metastatic lymph node of the gingival carcinoma</HEADER><P><s sid="71"><CoreSc1 atype="GSC" type="Obs" conceptID="Obs15" novelty="None" advantage="None"/><text>It exhibits gradients of a higher content of DNA with respect to proteins, and collagen.</text></s> <s sid="72"><CoreSc1 atype="GSC" type="Con" conceptID="Con2" novelty="None" advantage="None"/><text>In this section the dishomogeneous character of the tumour is evident: in fact, the cellular component is not distributed uniformly: zones with high protein content do not show a corresponding high DNA presence and <IT>vice versa</IT>.</text></s> <s sid="73"><CoreSc1 atype="GSC" type="Con" conceptID="Con2" novelty="None" advantage="None"/><text>The contemporary presence of a high content of DNA and collagen indicates the occurrence of proliferating and regressive states of the tumour, respectively.<REF TYPE="P" ID="cit24">24</REF></text></s> <s sid="74"><CoreSc1 atype="GSC" type="Obs" conceptID="Obs16" novelty="None" advantage="None"/><text>Representative recurrent spectra of control and pathological tissues in the case of gingival carcinoma are shown in Fig. 3.</text></s></P><P><s sid="75"><CoreSc1 atype="GSC" type="Con" conceptID="Con3" novelty="None" advantage="None"/><text>It is conceivable that, in this region, changes in band shape and band intensity are mainly attributable to contributions from nucleic acids during the progression of the disease.<REF TYPE="P" ID="cit24 cit25">24,25</REF></text></s> <s sid="76"><CoreSc1 atype="GSC" type="Obs" conceptID="Obs17" novelty="None" advantage="None"/><text>In Fig. 4 infrared spectra of control and pathological sections are shown.</text></s> <s sid="77"><CoreSc1 atype="GSC" type="Res" conceptID="Res7" novelty="None" advantage="None"/><text>The profile around 1000 cm<SP>–1</SP> evidences spectral differences that can be assumed as markers of the disease.</text></s></P></DIV><DIV DEPTH="2"><HEADER>Sarcomatoid carcinoma</HEADER><P><s sid="78"><CoreSc1 atype="GSC" type="Obs" conceptID="Obs18" novelty="None" advantage="None"/><text>Even if it can be classified as a homogeneous tumour, some dishomogeneity comes from the presence of localised amounts of DNA, carbonates (1437, 874 cm<SP>–1</SP>) and lipids (1735 cm<SP>–1</SP>).</text></s> <s sid="79"><CoreSc1 atype="GSC" type="Res" conceptID="Res8" novelty="None" advantage="None"/><text>Various conformations can be present in proteins as evidenced by the broadening of the amide I band.</text></s> <s sid="80"><CoreSc1 atype="GSC" type="Obs" conceptID="Obs19" novelty="None" advantage="None"/><text>Representative spectra of the neoplastic region in the tissue are shown in Fig. 5, while the chemical and the contour maps of the main components are reported in Fig. 6.</text></s> <s sid="81"><CoreSc1 atype="GSC" type="Obs" conceptID="Obs20" novelty="None" advantage="None"/><text>The upper spectrum in Fig. 5 is the result of a pronounced dishomogeneous character due the contemporary presence of carbonates, lipids and nucleic acids.</text></s> <s sid="82"><CoreSc1 atype="GSC" type="Res" conceptID="Res9" novelty="None" advantage="None"/><text>A pronounced regressive character of the tumour is localised in the left upper side of the microtome.</text></s> <s sid="83"><CoreSc1 atype="GSC" type="Res" conceptID="Res9" novelty="None" advantage="None"/><text>This region evidences high contents of DNA, collagen, carbonates, lipids (viewed as a circled distribution) in a uniform content of proteins, that accounts for the existence of a highly infiltrating neoplastic character.</text></s></P><P><s sid="84"><CoreSc1 atype="GSC" type="Res" conceptID="Res10" novelty="None" advantage="None"/><text>Inspection of the values of the absorbance ratio between the bands at 1460 and 1240, that allows one to evaluate the content of nucleic acids in the tissue, indicates an increase of nucleic acids on going toward malignant tissues.</text></s> <s sid="85"><CoreSc1 atype="GSC" type="Res" conceptID="Res10" novelty="None" advantage="None"/><text>In fact, the averaged values are: control (core) 0.92, control (glisaliv) 1.02, metastatic lymph node (lfn) 0.56, tumour (gingiva) 0.6 and tumour (sarcoma) 0.57.</text></s> <s sid="86"><CoreSc1 atype="GSC" type="Res" conceptID="Res11" novelty="None" advantage="None"/><text>The relative content of collagen with respect to nucleic acids, that can be estimated from the absorbance ratio 1026/1083, gave: control (core) <IT>ca.</IT> 1, control (glisaliv) <IT>ca.</IT> 1, metastatic lymph node (lfn) 1.4, tumour (gingival carcinoma) 1.7 and tumour (sarcomatoid carcinoma) 0.9.</text></s> <s sid="87"><CoreSc1 atype="GSC" type="Con" conceptID="Con4" novelty="None" advantage="None"/><text>This last unexpected value needs to be confirmed and explained with further determinations<REF TYPE="P" ID="cit26 cit27">26,27</REF>.</text></s></P></DIV></DIV><DIV DEPTH="1"><HEADER>Conclusions</HEADER><P><s sid="88"><CoreSc1 atype="GSC" type="Con" conceptID="Con5" novelty="None" advantage="None"/><text>The data reported are coherent and reproducible enough to encourage us to achieve data on a larger number of gingival carcinoma and sarcomatoid carcinoma and to open the application to additional pathological states of the oral cavity.</text></s> <s sid="89"><CoreSc1 atype="GSC" type="Con" conceptID="Con6" novelty="None" advantage="None"/><text>Agreement of spectroscopic and clinical results does not necessarily mean that imaging micro FT-IR is able to take the place of immunocytochemical and histological procedures, because of the complexity of components of biological tissues.</text></s> <s sid="90"><CoreSc1 atype="GSC" type="Con" conceptID="Con7" novelty="None" advantage="None"/><text>Nevertheless, we think that chemical mapping by FT-IR spectroscopy leads to an early and better understanding of chemical and morphological changes, because it is able to localize and characterize pathological regions at a level of a single cell.</text></s> <s sid="91"><CoreSc1 atype="GSC" type="Con" conceptID="Con7" novelty="None" advantage="None"/><text>The possibility to detect, even in apparently ‘normal tissues’, spectroscopic modifications due to subtle initial pathological changes, makes this technique a powerful tool for a correct early diagnosis and prognosis.</text></s></P></DIV></BODY></PAPER>