<?xml version="1.0" encoding="UTF-8"?>
<!DOCTYPE PAPER
  SYSTEM "paper-structure-annotation.dtd">
<PAPER><mode2 name="b308195h" hasDoc="yes" version="1153"/><TITLE><s sid="1"><CoreSc1 atype="GSC" type="Obj" conceptID="Obj1" novelty="New" advantage="None"/><text>Stereoselectivity in the triplet decay of chiral benzophenone–naphthalene bichromophoric systems</text></s></TITLE><ABSTRACT><s sid="2"><CoreSc1 atype="GSC" type="Res" conceptID="Res1" novelty="None" advantage="None"/><text>Chiral recognition in the intramolecular induced quenching of the methoxynaphthalene triplet by benzophenone has been observed by using diastereomeric bichromophores</text></s></ABSTRACT><BODY><DIV DEPTH="1"><HEADER/><P><s sid="3"><CoreSc1 atype="GSC" type="Mot" conceptID="Mot1" novelty="None" advantage="None"/><text>Chiral recognition is a crucial phenomenon in biochemical systems as well as in technological applications.</text></s> <s sid="4"><CoreSc1 atype="GSC" type="Mot" conceptID="Mot2" novelty="None" advantage="None"/><text>It enables the rational design of pharmaceuticals, chiral sensors and molecular devices.<REF TYPE="P" ID="cit1">1</REF></text></s> <s sid="5"><CoreSc1 atype="GSC" type="Mot" conceptID="Mot3" novelty="None" advantage="None"/><text>In asymmetric organic photochemistry, chiral recognition in the excited state is important to achieve enantioselectivity during photosensitization and quenching processes.<REF TYPE="P" ID="cit2">2</REF></text></s> <s sid="6"><CoreSc1 atype="GSC" type="Bac" conceptID="Bac1" novelty="None" advantage="None"/><text>Our group has recently succeeded in proving the existence of enantioselective discrimination in the intramolecular quenching of benzoylthiophene-derived triplets by phenols and indoles.<REF TYPE="P" ID="cit3">3</REF></text></s> <s sid="7"><CoreSc1 atype="GSC" type="Goa" conceptID="Goa1" novelty="None" advantage="None"/><text>In view of the current interest on stereoselectivity in photophysical/photochemical processes we decided to look for a possible chiral discrimination in systems where triplet decay is controlled by induced quenching (IQ).</text></s> <s sid="8"><CoreSc1 atype="GSC" type="Bac" conceptID="Bac2" novelty="None" advantage="None"/><text>This has been defined as a type of quenching different from energy or electron transfer and does not lead to any photochemical product;<REF TYPE="P" ID="cit4">4</REF> it is inherent to photoreactions <IT>via</IT> triplet exciplexes<REF TYPE="P" ID="cit4 cit5 cit6 cit7 cit8 cit9">4–9</REF> They can compete with other events such as electron transfer (ET); actually, using benzophenone–anisole systems it has been demonstrated that the relationship between IQ rate constants and oxidation potentials follows Rehm–Weller behavior.</text></s> <s sid="9"><CoreSc1 atype="GSC" type="Bac" conceptID="Bac3" novelty="None" advantage="None"/><text>This implies involvement of the same intermediate for IQ and ET processes.<REF TYPE="P" ID="cit4">4</REF></text></s></P><P><s sid="10"><CoreSc1 atype="GSC" type="Bac" conceptID="Bac4" novelty="None" advantage="None"/><text>Bichromophoric compounds containing benzophenone and naphthalene units constitute classical textbook systems, that have been used to study singlet–singlet and triplet–triplet energy transfer processes.<REF TYPE="P" ID="cit6">6</REF></text></s> <s sid="11"><CoreSc1 atype="GSC" type="Bac" conceptID="Bac5" novelty="None" advantage="None"/><text>In this respect, Shizuka and co-workers have studied benzophenone–methoxynaphthalene bichromophores BP–(CH<SB>2</SB>)<SB>3</SB>–NPOMe.</text></s> <s sid="12"><CoreSc1 atype="GSC" type="Bac" conceptID="Bac6" novelty="None" advantage="None"/><text>They suggested that deactivation of the methoxynaphthalene triplet, generated by intramolecular benzophenone photosensitization, occurs by interaction with the ground-state BP-moiety through triplet exciplexes with loose sandwich-like structures and weak charge transfer character.<REF TYPE="P" ID="cit7 cit8 cit9 cit10">7–10</REF></text></s></P><P><s sid="13"><CoreSc1 atype="GSC" type="Obj" conceptID="Obj2" novelty="New" advantage="None"/><text>This appeared to be an adequate model system in order to investigate the possible stereoselectivity in the process by introducing chirality in the bichromophores.</text></s> <s sid="14"><CoreSc1 atype="GSC" type="Exp" conceptID="Exp1" novelty="None" advantage="None"/><text>To this end, enantiomerically pure compounds were obtained by condensation of (<IT>R</IT>)- and (<IT>S</IT>)-naproxol<SUP TYPE="FOOTNOTE_MARKER" ID="fn1"/> [NPX, 2-(6-methoxy-2-naphthyl)propan-1-ol] with (<IT>S</IT>)-ketoprofen [KP, (2<IT>S</IT>)-2-(3-benzoylphenyl)propanoic acid] in the presence of dicyclohexylcarbodiimide and 4-(dimethylamino)pyridine, using dry methylene chloride as solvent (Scheme 1).</text></s></P><P><s sid="15"><CoreSc1 atype="GSC" type="Res" conceptID="Res2" novelty="None" advantage="None"/><text>The UV spectra of the bichromophoric compounds were merely the sum of the spectra of the individual chromophores, indicating little electronic interaction between the chromophores in the ground state (Fig. 1).</text></s></P><P><s sid="16"><CoreSc1 atype="GSC" type="Obs" conceptID="Obs1" novelty="None" advantage="None"/><text>All the processes involved in the photoexcitation–deactivation of the obtained KP-NPX bichromophores are summarized in Scheme 1.</text></s> <s sid="17"><CoreSc1 atype="GSC" type="Exp" conceptID="Exp2" novelty="None" advantage="None"/><text>Fluorescence spectra were obtained at <IT>λ</IT><SB>exc</SB> = 318 nm for (<IT>S</IT>,<IT>R</IT>)- and (<IT>S</IT>,<IT>S</IT>)-KP-NPX (2.5 × 10<SP>–4</SP> M) in argon-saturated acetonitrile solutions and compared to those of naproxen [2-(6-methoxy-2-naphthyl)propanoic acid] under the same conditions (Fig. 2).</text></s> <s sid="18"><CoreSc1 atype="GSC" type="Res" conceptID="Res3" novelty="None" advantage="None"/><text>As expected, the shapes of the three emision spectra were identical due to the nonemissive nature of the benzophenone singlet state.</text></s> <s sid="19"><CoreSc1 atype="GSC" type="Exp" conceptID="Exp3" novelty="None" advantage="None"/><text>However, the emission intensity was considerably lower for the bichromophoric compounds, although the concentrations were adjusted to match the same absorption by the methoxynaphthalene chromophore.</text></s> <s sid="20"><CoreSc1 atype="GSC" type="Res" conceptID="Res4" novelty="None" advantage="None"/><text>Thus, in the bichromophoric compounds the naphthalene singlet state is quenched by the benzophenone group, due to singlet–singlet energy transfer.<REF TYPE="P" ID="cit11">11</REF></text></s></P><P><s sid="21"><CoreSc1 atype="GSC" type="Exp" conceptID="Exp4" novelty="None" advantage="None"/><text>Laser excitation<SUP TYPE="FOOTNOTE_MARKER" ID="fn2"/> at 355 nm of (<IT>S</IT>,<IT>R</IT>)- and (<IT>S</IT>,<IT>S</IT>)-KP-NPX (3.0 × 10<SP>–3</SP> M) in N<SB>2</SB>-saturated acetonitrile solutions led to the excited KP singlet state which undergoes fast intersystem crossing (isc) to the KP triplet.</text></s> <s sid="22"><CoreSc1 atype="GSC" type="Bac" conceptID="Bac7" novelty="None" advantage="None"/><text>Intramolecular<REF TYPE="P" ID="cit4 cit7 cit10 cit11">4,7,10,11</REF> triplet–triplet energy transfer from <SP>3</SP>KP (<IT>E</IT><SB>T</SB> = 69 kcal mol<SP>–1</SP>)<REF TYPE="P" ID="cit12">12</REF> to the NPX moiety (<IT>E</IT><SB>T</SB> = 62 kcal mol<SP>–1</SP>)<REF TYPE="P" ID="cit9">9</REF> results in the NPX triplet (<IT>λ</IT><SB>abs</SB> = 430 nm).</text></s> <s sid="23"><CoreSc1 atype="GSC" type="Res" conceptID="Res5" novelty="None" advantage="None"/><text>This must occur within the laser pulse duration, as evidenced by the transient absorption spectrum that corresponds to the triplet naphthalene-like chromophore (Fig. 3).</text></s> <s sid="24"><CoreSc1 atype="GSC" type="Obs" conceptID="Obs2" novelty="None" advantage="None"/><text>No absorption for triplet benzophenone was observed at 525 nm, even at short delays.</text></s> <s sid="25"><CoreSc1 atype="GSC" type="Obs" conceptID="Obs3" novelty="None" advantage="None"/><text>The resulting triplets, KP-<SP>3</SP>NPX*, decay to the ground state; the triplet decay traces measured at 430 nm showed that the (<IT>R</IT>) and (<IT>S</IT>) NPX triplets were quenched differently by the (<IT>S</IT>)-KP moiety (Fig. 4).</text></s> <s sid="26"><CoreSc1 atype="GSC" type="Res" conceptID="Res6" novelty="None" advantage="None"/><text>Thus, the 430 nm band decayed with first-order rate constants <IT>k</IT><SB>d</SB> of 8.5 × 10<SP>5</SP> and 5.3 × 10<SP>5</SP> s<SP>–1</SP> for (<IT>S</IT>,<IT>R</IT>)- and (<IT>S</IT>,<IT>S</IT>)-KP-NPX, respectively.<REF TYPE="P" ID="cit13">13</REF></text></s></P><P><s sid="27"><CoreSc1 atype="GSC" type="Res" conceptID="Res7" novelty="None" advantage="None"/><text>The stereoselectivity, as shown by the ratio between the decay rate constants, was 1.6.</text></s> <s sid="28"><CoreSc1 atype="GSC" type="Con" conceptID="Con1" novelty="None" advantage="None"/><text>The sensitivity to pair configuration is a strong evidence for the involvement of intermediate (KP-NPX)* exciplexes in the NPX deactivation (steps (4) and (5), Scheme 1).</text></s> <s sid="29"><CoreSc1 atype="GSC" type="Con" conceptID="Con2" novelty="None" advantage="None"/><text>Furthermore, it is indicative of specific structural requirements in the formation of the sandwich-like intermediates involved in the induced quenching processes.</text></s> <s sid="30"><CoreSc1 atype="GSC" type="Bac" conceptID="Bac8" novelty="None" advantage="None"/><text>Diastereomeric discrimination, though associated with charge transfer quenching (rather than exciplex formation) has been previously reported for 1,2,3,4-tetraphenyl-1,4-diketones.<REF TYPE="P" ID="cit14">14</REF></text></s></P><P><s sid="31"><CoreSc1 atype="GSC" type="Con" conceptID="Con3" novelty="None" advantage="None"/><text>In summary, we have synthesized two new chiral bichromophoric diastereomers, which are good models to demonstrate the involvement of through-space methoxynaphthalene–benzophenone interactions in the decay of the NPX triplet.</text></s> <s sid="32"><CoreSc1 atype="GSC" type="Con" conceptID="Con3" novelty="None" advantage="None"/><text>This process has been found to be stereoselective.</text></s></P></DIV></BODY></PAPER>