<?xml version="1.0" encoding="UTF-8"?>
<!DOCTYPE PAPER
  SYSTEM "paper-structure-annotation.dtd">
<PAPER><mode2 name="b309964d" hasDoc="yes" version="1153"/><TITLE><s sid="1"><CoreSc1 atype="GSC" type="Obj" conceptID="Obj1" novelty="New" advantage="None"/><text>The HOOH–HOO complex. A matrix isolation study</text></s></TITLE><ABSTRACT><s sid="2"><CoreSc1 atype="GSC" type="Con" conceptID="Con1" novelty="None" advantage="None"/><text>The peroxy radical forms a cyclic complex with hydrogen peroxide, with both entities acting as hydrogen bond donors and as hydrogen bond acceptors.</text></s> <s sid="3"><CoreSc1 atype="GSC" type="Con" conceptID="Con2" novelty="None" advantage="None"/><text>The strength of the complex is very similar to that of the hydrogen peroxide dimer.</text></s></ABSTRACT><BODY><DIV DEPTH="1"><HEADER>Introduction</HEADER><P><s sid="4"><CoreSc1 atype="GSC" type="Bac" conceptID="Bac1" novelty="None" advantage="None"/><text>The peroxy radical participates in numerous oxidation reactions.<REF TYPE="P" ID="cit1">1</REF></text></s> <s sid="5"><CoreSc1 atype="GSC" type="Bac" conceptID="Bac1" novelty="None" advantage="None"/><text>Its interactions with stable molecules influences the stabilization of newly formed hot radicals and it may influence its reactivity.</text></s> <s sid="6"><CoreSc1 atype="GSC" type="Met" conceptID="Met1" novelty="Old" advantage="None"/><text>We have used matrix isolation combined with infrared spectroscopy to study its interactions with small, stable molecules.<REF TYPE="P" ID="cit2 cit3 cit4 cit5 cit6">2–6</REF></text></s> <s sid="7"><CoreSc1 atype="GSC" type="Bac" conceptID="Bac2" novelty="None" advantage="None"/><text>In these experiments, we have observed weak bands, which we suspected to be due to a hydrogen peroxide peroxy radical complex, since hydrogen peroxide, which forms from the reaction between two peroxy radicals, is always present in our experiments.</text></s> <s sid="8"><CoreSc1 atype="GSC" type="Bac" conceptID="Bac2" novelty="None" advantage="None"/><text>The addition of extra hydrogen peroxide to matrices containing peroxy radicals confirmed our suspicions.</text></s> <s sid="9"><CoreSc1 atype="GSC" type="Bac" conceptID="Bac3" novelty="None" advantage="None"/><text>However, a more complete assignment of the spectrum of the complex required studies of the hydrogen peroxide dimer <REF TYPE="P" ID="cit7">7</REF> and of the water hydrogen peroxide complex,<REF TYPE="P" ID="cit8">8</REF> since water is another byproduct of the peroxy radical synthesis.</text></s></P><P><s sid="10"><CoreSc1 atype="GSC" type="Bac" conceptID="Bac3" novelty="None" advantage="None"/><text>Both hydrogen peroxide and the peroxy radical act as hydrogen bond donors<REF TYPE="P" ID="cit2 cit9 cit10">2,9,10</REF> and as hydrogen bond acceptors,<REF TYPE="P" ID="cit2 cit11">2,11</REF> and both form cyclic complexes whenever possible.</text></s> <s sid="11"><CoreSc1 atype="GSC" type="Hyp" conceptID="Hyp1" novelty="None" advantage="None"/><text>It therefore seems reasonable to expect their complex to have a cyclic structure, essentially the structure of the hydrogen peroxide dimer,<REF TYPE="P" ID="cit7">7</REF> minus one of the two nonbonded hydrogens.</text></s> <s sid="12"><CoreSc1 atype="GSC" type="Con" conceptID="Con3" novelty="None" advantage="None"/><text>Our spectra give clear evidence for this structure, we observe two strongly red shifted OH stretches and two strongly blue shifted HOO bends one from each complex component.</text></s> <s sid="13"><CoreSc1 atype="GSC" type="Bac" conceptID="Bac3" novelty="None" advantage="None"/><text>A very recent calculation appears to support this structure.<REF TYPE="P" ID="cit12">12</REF></text></s></P><P><s sid="14"><CoreSc1 atype="GSC" type="Res" conceptID="Res1" novelty="None" advantage="None"/><text>During the study of the HOOH–HOO complex, we noted that the positions of some of its bands were sensitive to the concentration of dopants in the matrix, shifting several wavenumbers between different experiments.</text></s></P></DIV><DIV DEPTH="1"><HEADER>Experimental</HEADER><P><s sid="15"><CoreSc1 atype="GSC" type="Met" conceptID="Met2" novelty="Old" advantage="None"/><text>The experimental procedure has been described in earlier publications.<REF TYPE="P" ID="cit2 cit8 cit8">2,7,8</REF></text></s> <s sid="16"><CoreSc1 atype="GSC" type="Met" conceptID="Met2" novelty="Old" advantage="None"/><text>A brief description is given below.</text></s> <s sid="17"><CoreSc1 atype="GSC" type="Met" conceptID="Met2" novelty="Old" advantage="None"/><text>Two separate deposition lines were used.</text></s> <s sid="18"><CoreSc1 atype="GSC" type="Exp" conceptID="Exp1" novelty="None" advantage="None"/><text>Their gas flows were regulated by Nupro needle valves.</text></s> <s sid="19"><CoreSc1 atype="GSC" type="Exp" conceptID="Exp2" novelty="None" advantage="None"/><text>In one volume argon (L′Air Liquide 99.9995%) was mixed with O<SB>2</SB> (L’Air Liquide, 999 995%).</text></s> <s sid="20"><CoreSc1 atype="GSC" type="Exp" conceptID="Exp2" novelty="None" advantage="None"/><text>The Ar/O<SB>2</SB> ratio was varied between 50/1 and 75/1.</text></s> <s sid="21"><CoreSc1 atype="GSC" type="Met" conceptID="Met3" novelty="Old" advantage="None"/><text>This gas mixture was then swept over the urea–hydrogen peroxide adduct kept a fixed temperature as described by Pettersson <IT>et al.</IT><REF TYPE="P" ID="cit13">13</REF></text></s> <s sid="22"><CoreSc1 atype="GSC" type="Exp" conceptID="Exp3" novelty="None" advantage="None"/><text>The temperature of the adduct was +16 °C in most experiments.</text></s> <s sid="23"><CoreSc1 atype="GSC" type="Met" conceptID="Met4" novelty="Old" advantage="None"/><text>Deuterated hydrogen peroxide was prepared as described in .<REF TYPE="P" ID="cit13">ref. 13</REF></text></s> <s sid="24"><CoreSc1 atype="GSC" type="Met" conceptID="Met5" novelty="New" advantage="None"/><text>In a second volume argon was mixed with H<SB>2</SB>(AGA) or D<SB>2</SB> (L’Air liquide).</text></s> <s sid="25"><CoreSc1 atype="GSC" type="Exp" conceptID="Exp4" novelty="None" advantage="None"/><text>The Ar/hydrogen mixture was passed through a microwave discharge.</text></s> <s sid="26"><CoreSc1 atype="GSC" type="Exp" conceptID="Exp5" novelty="None" advantage="None"/><text>The gas mixtures were deposited on a CsI-window, cooled to 17 K by a Leybold RDK 10–320 closed cycle cryocooler.</text></s> <s sid="27"><CoreSc1 atype="GSC" type="Obs" conceptID="Obs1" novelty="None" advantage="None"/><text>Peroxy radicals formed on the surface of the growing matrix by the addition of hydrogen (deuterium) atoms from the discharge to molecular oxygen.</text></s> <s sid="28"><CoreSc1 atype="GSC" type="Obs" conceptID="Obs2" novelty="None" advantage="None"/><text>The deposition time was 2 h and the deposition rate 10 mmol h<SP>−1</SP>.</text></s></P><P><s sid="29"><CoreSc1 atype="GSC" type="Exp" conceptID="Exp6" novelty="None" advantage="None"/><text>Infrared spectra were recorded, at 17 K, between 185 and 4000 cm<SP>−l</SP> with a Bruker 113 v spectrometer.</text></s> <s sid="30"><CoreSc1 atype="GSC" type="Exp" conceptID="Exp7" novelty="None" advantage="None"/><text>A resolution of 0.5 cm<SP>−1</SP> and an average of 512 scans was used in the mid-infrared while in the far infrared it was sufficient to use a resolution of 1 cm<SP>−1</SP> and 128 scans.</text></s> <s sid="31"><CoreSc1 atype="GSC" type="Exp" conceptID="Exp8" novelty="None" advantage="None"/><text>An MCT detector was used in the mid-infrared and a liquid helium cooled Ge-bolometer in the far infrared.</text></s> <s sid="32"><CoreSc1 atype="GSC" type="Exp" conceptID="Exp9" novelty="None" advantage="None"/><text>After the initial spectra had been recorded the matrix was irradiated with 266 nm radiation from a quadrupled Continuum NY 20 C YAG laser, and new spectra were recorded.</text></s></P></DIV><DIV DEPTH="1"><HEADER>Assignment</HEADER><P><s sid="33"><CoreSc1 atype="GSC" type="Bac" conceptID="Bac4" novelty="None" advantage="None"/><text>In complexes of the type studied here, the intramolecular vibrations of the complex components retain their original character in the complex.</text></s> <s sid="34"><CoreSc1 atype="GSC" type="Mod" conceptID="Mod1" novelty="None" advantage="None"/><text>Therefore, the perturbed <IT>i</IT>th fundamental of A in a complex with B will be denoted as <IT>ν</IT><SB><IT>i</IT></SB>(A–B).</text></s> <s sid="35"><CoreSc1 atype="GSC" type="Mod" conceptID="Mod2" novelty="None" advantage="None"/><text>In order to indicate which hydrogens are engaged in the formation of the hydrogen bonds we write the complex with these hydrogens next to each other, for instance DOOH–HOO and OOH–HOOD denotes a complex where HOOD is H-bonded to HOO.</text></s></P><P><s sid="36"><CoreSc1 atype="GSC" type="Met" conceptID="Met6" novelty="New" advantage="None"/><text>It is possible to control the HOOH concentration in the matrices by changing the temperature of the urea complex.</text></s> <s sid="37"><CoreSc1 atype="GSC" type="Bac" conceptID="Bac5" novelty="None" advantage="None"/><text>It is rather difficult to control the concentrations of HOOD and DOOD, since different preparations give different degrees of deuteration.</text></s> <s sid="38"><CoreSc1 atype="GSC" type="Bac" conceptID="Bac6" novelty="None" advantage="None"/><text>It is also hard to vary the peroxy radical concentration in a systematic way, since the efficiency of the microwave discharge, which produces the hydrogen atoms, varies between different experiments.</text></s> <s sid="39"><CoreSc1 atype="GSC" type="Obs" conceptID="Obs3" novelty="None" advantage="None"/><text>Experiments with hydrogen through the discharge contain only HOO radicals and experiments with deuterium through the discharge contain DOO and only traces of HOO.</text></s> <s sid="40"><CoreSc1 atype="GSC" type="Res" conceptID="Res2" novelty="None" advantage="None"/><text>Bands are assigned to the hydrogen peroxide peroxy radical complex, if they appear only when hydrogen peroxide and peroxy radicals are simultaneously present in the matrix, if they have constant intensity ratios directly after deposition, independent of the concentrations of hydrogen peroxide and peroxy radicals, and if they decrease at the same rate when the matrix is irradiated.</text></s> <s sid="41"><CoreSc1 atype="GSC" type="Res" conceptID="Res3" novelty="None" advantage="None"/><text>It should be noted that the strongest bands which we assign to a hydrogen peroxide peroxy radical complex are too strong to be due to 1∶2 (2∶1) complex.</text></s></P><P><s sid="42"><CoreSc1 atype="GSC" type="Bac" conceptID="Bac7" novelty="None" advantage="None"/><text>Two OH stretches at 3432 cm<SP>−1</SP> and 3206 cm<SP>−1</SP> have been observed as two weak bands in many previous experiments with peroxy radicals, see for instance Fig. 2 of .<REF TYPE="P" ID="cit2">Ref. 2</REF></text></s> <s sid="43"><CoreSc1 atype="GSC" type="Res" conceptID="Res4" novelty="None" advantage="None"/><text>When hydrogen peroxide is added to the matrix, they grow strongly as expected if they are due to a hydrogen peroxide peroxy radical complex (Fig. 1).</text></s> <s sid="44"><CoreSc1 atype="GSC" type="Obs" conceptID="Obs4" novelty="None" advantage="None"/><text>When DOO is used instead of HOO, the 3432 band shifts to 3429 cm<SP>−1</SP>, the 3206 cm<SP>−1</SP> band disappears, and a new band appears in the OD stretching region at 2383 cm<SP>−1</SP>.</text></s> <s sid="45"><CoreSc1 atype="GSC" type="Res" conceptID="Res5" novelty="None" advantage="None"/><text>It therefore seems clear that the 3206 cm<SP>−1</SP> band is due to the OH stretch of HOO complexed to hydrogen peroxide.</text></s> <s sid="46"><CoreSc1 atype="GSC" type="Res" conceptID="Res6" novelty="None" advantage="None"/><text>The complex shift, −207 cm<SP>−1</SP>, is slightly larger than the corresponding shift of the peroxy radical water complex, −177 cm<SP>−1</SP>.</text></s> <s sid="47"><CoreSc1 atype="GSC" type="Res" conceptID="Res7" novelty="None" advantage="None"/><text>Experiments with partially deuterated hydrogen peroxide show that the 3432 cm<SP>−1</SP> band is due to HOOH.</text></s> <s sid="48"><CoreSc1 atype="GSC" type="Obs" conceptID="Obs5" novelty="None" advantage="None"/><text>The corresponding band of DOOD complexed to HOO is found at 2536 cm<SP>−1</SP>.</text></s> <s sid="49"><CoreSc1 atype="GSC" type="Res" conceptID="Res8" novelty="None" advantage="None"/><text>Also for the HOOH (DOOD) band the complex shift is relatively large, −156 cm<SP>−1</SP> (−110.0 cm<SP>−1</SP>), giving clear evidence for a hydrogen bond from hydrogen peroxide to the peroxy radical.</text></s> <s sid="50"><CoreSc1 atype="GSC" type="Obs" conceptID="Obs6" novelty="None" advantage="None"/><text>At the same time as the 3432 cm<SP>−1</SP> and 3206 cm<SP>−1</SP> bands appear, bands are observed at 1428 cm<SP>−1</SP>, 1487 cm<SP>−1</SP> and 1496 cm<SP>−1</SP>.</text></s> <s sid="51"><CoreSc1 atype="GSC" type="Res" conceptID="Res9" novelty="None" advantage="None"/><text>Deuteration experiments show that the 1428 cm<SP>−1</SP> band is due to HOOH and the 1487 cm<SP>−1</SP>, 1497 cm<SP>−1</SP> doublet is due to HOO.</text></s> <s sid="52"><CoreSc1 atype="GSC" type="Res" conceptID="Res10" novelty="None" advantage="None"/><text>Both bands are strongly blue shifted from the HOO bends of hydrogen peroxide and the peroxy radical as expected for a cyclic, hydrogen bonded complex.</text></s></P><P><s sid="53"><CoreSc1 atype="GSC" type="Res" conceptID="Res11" novelty="None" advantage="None"/><text>The OO stretch of the complexed peroxy radical is observed at 1121 cm<SP>−1</SP>, very close to the corresponding band of the peroxy radical water complex (1120 cm<SP>−1</SP>, <REF TYPE="P" ID="cit2">ref. 2</REF>).</text></s> <s sid="54"><CoreSc1 atype="GSC" type="Obs" conceptID="Obs7" novelty="None" advantage="None"/><text>The non hydrogen bonded OH stretch of hydrogen peroxide is observed at 3574 cm<SP>−1</SP> and the corresponding HOO bend at 1284 cm<SP>−1</SP>.</text></s> <s sid="55"><CoreSc1 atype="GSC" type="Res" conceptID="Res12" novelty="None" advantage="None"/><text>A weak band at 868 cm<SP>−1</SP> is assigned to the OO stretch of complexed HOOH.</text></s> <s sid="56"><CoreSc1 atype="GSC" type="Res" conceptID="Res13" novelty="None" advantage="None"/><text>The corresponding bands of HOOH–DOO have been observed in experiments where D<SB>2</SB> was passed through the microwave discharge instead of H<SB>2</SB>.</text></s> <s sid="57"><CoreSc1 atype="GSC" type="Res" conceptID="Res14" novelty="None" advantage="None"/><text>Experiments with partially deuterated hydrogen peroxide have made it possible to observe some of the intramolecular fundamentals of the D<SB>2</SB>O<SB>2</SB> and HDO<SB>2</SB> complexes with HOO (Table 1) and DOO (Table 2).</text></s> <s sid="58"><CoreSc1 atype="GSC" type="Con" conceptID="Con4" novelty="None" advantage="None"/><text>The bands observed give clear evidence that both HOOD–DOO and DOOH–DOO exist.</text></s></P><P><s sid="59"><CoreSc1 atype="GSC" type="Res" conceptID="Res15" novelty="None" advantage="None"/><text>In addition to the intramolecular fundamental bands, we observe a number of relatively weak bands which fulfill our criteria for assignment to the peroxy radical hydrogen peroxide complex.</text></s> <s sid="60"><CoreSc1 atype="GSC" type="Con" conceptID="Con5" novelty="None" advantage="None"/><text>The strongest of these, at 2926 cm<SP>−1</SP>, is probably due to the overtone of the HOO bend of complexed HOO.</text></s> <s sid="61"><CoreSc1 atype="GSC" type="Res" conceptID="Res16" novelty="None" advantage="None"/><text>The assignment of the mid-infrared spectrum is collected in Tables 1, 2 and 3.</text></s></P><P><s sid="62"><CoreSc1 atype="GSC" type="Res" conceptID="Res17" novelty="None" advantage="None"/><text>We have observed a number of intermolecular bands of the hydrogen peroxide complex (Fig. 2).</text></s> <s sid="63"><CoreSc1 atype="GSC" type="Res" conceptID="Res17" novelty="None" advantage="None"/><text>The two bands with highest frequencies are observed in the region where the bolometer spectra and the MCT spectra overlap.</text></s> <s sid="64"><CoreSc1 atype="GSC" type="Res" conceptID="Res18" novelty="None" advantage="None"/><text>The results in this region are in very good agreement.</text></s> <s sid="65"><CoreSc1 atype="GSC" type="Res" conceptID="Res19" novelty="None" advantage="None"/><text>Compared to mid-infrared bands of matrix isolated molecules, bands in the far infrared tend to be weaker and broader.</text></s> <s sid="66"><CoreSc1 atype="GSC" type="Res" conceptID="Res20" novelty="None" advantage="None"/><text>One is closer to the phonon band in the far infrared, this makes relaxation a low order process and therefore decreases lifetimes of excited states.</text></s> <s sid="67"><CoreSc1 atype="GSC" type="Bac" conceptID="Bac8" novelty="None" advantage="None"/><text>Intermolecular vibrations, which are found in this region, involve the motions of the complex forming molecules as rigid entities which tends to make the coupling to the matrix stronger than in the mid-infrared where the vibrations tend to be localized in one of the complex forming molecules.</text></s> <s sid="68"><CoreSc1 atype="GSC" type="Bac" conceptID="Bac9" novelty="None" advantage="None"/><text>It is more difficult to obtain precisely matched sample and background spectra in the far infrared, where the wavelengths are comparable to for instance the matrix thickness.</text></s> <s sid="69"><CoreSc1 atype="GSC" type="Obs" conceptID="Obs8" novelty="None" advantage="None"/><text>The original spectra contain interference fringes from different optical elements.</text></s> <s sid="70"><CoreSc1 atype="GSC" type="Bac" conceptID="Bac10" novelty="None" advantage="None"/><text>Ideally these should cancel in the ratio between sample and background spectra.</text></s> <s sid="71"><CoreSc1 atype="GSC" type="Bac" conceptID="Bac10" novelty="None" advantage="None"/><text>Unfortunately even minute changes in for instance the cryostat position are sufficient to obliterate the cancellation.</text></s> <s sid="72"><CoreSc1 atype="GSC" type="Bac" conceptID="Bac10" novelty="None" advantage="None"/><text>This makes it harder to observe weak bands.</text></s> <s sid="73"><CoreSc1 atype="GSC" type="Res" conceptID="Res21" novelty="None" advantage="None"/><text>Both hydrogen peroxide monomer and dimer have clear and strong far infrared bands, which partially obscure the bands of the peroxy radical hydrogen peroxide complex.</text></s> <s sid="74"><CoreSc1 atype="GSC" type="Res" conceptID="Res22" novelty="None" advantage="None"/><text>The assignment is significantly aided by the fact that the hydrogen peroxide peroxy radical complex decomposes very rapidly when irradiated with 266 nm radiation, significantly faster than the hydrogen peroxide dimer.</text></s> <s sid="75"><CoreSc1 atype="GSC" type="Res" conceptID="Res23" novelty="None" advantage="None"/><text>The hydrogen peroxide monomer is hardly touched during the time it takes to eliminate the peroxy radical complex.</text></s> <s sid="76"><CoreSc1 atype="GSC" type="Res" conceptID="Res24" novelty="None" advantage="None"/><text>The irradiation has the additional advantage that the base line is almost unchanged by the irradiation.</text></s> <s sid="77"><CoreSc1 atype="GSC" type="Res" conceptID="Res25" novelty="None" advantage="None"/><text>The assignment of the far infrared spectrum is collected in Table 4.</text></s></P></DIV><DIV DEPTH="1"><HEADER>Discussion</HEADER><P><s sid="78"><CoreSc1 atype="GSC" type="Con" conceptID="Con6" novelty="None" advantage="None"/><text>The appearance of two strongly red shifted OH stretches from the peroxy radical hydrogen peroxide complex clearly suggest that the complex is cyclic, with both components acting as hydrogen bond donors and as hydrogen bond acceptors (Fig. 3).</text></s> <s sid="79"><CoreSc1 atype="GSC" type="Res" conceptID="Res26" novelty="None" advantage="None"/><text>This conclusion is supported by the observation of two strongly blue shifted HOO bends, one from each component.</text></s> <s sid="80"><CoreSc1 atype="GSC" type="Con" conceptID="Con7" novelty="None" advantage="None"/><text>In fact the HOOH part of the mid-infrared spectrum of the HOOH peroxy radical complex is quite similar to the spectrum of HOOH in a dimer formed between HOOH and DOOD where there are no resonant interactions between the dimer components.<REF TYPE="P" ID="cit7">7</REF></text></s> <s sid="81"><CoreSc1 atype="GSC" type="Con" conceptID="Con8" novelty="None" advantage="None"/><text>The shift of the bound OH stretch of HOOH is 25 cm<SP>−1</SP> more negative in the peroxy radical complex than in the DOOD complex, indicating that the peroxy radical is a better hydrogen bond acceptor than hydrogen peroxide.</text></s> <s sid="82"><CoreSc1 atype="GSC" type="Res" conceptID="Res27" novelty="None" advantage="None"/><text>For the HOO bends of HOOH, the shifts are larger in the HOOH–DOOD dimer than in the peroxy radical complex.</text></s> <s sid="83"><CoreSc1 atype="GSC" type="Obs" conceptID="Obs9" novelty="None" advantage="None"/><text>The high frequency bend is found at 1436 cm<SP>−1</SP> in the HOOH–DOOD dimer and at 1428 cm<SP>−1</SP> in the complex and the low frequency bend appears at 1291 cm<SP>−1</SP> in the dimer and at 1283 cm<SP>−1</SP> in the complex.</text></s> <s sid="84"><CoreSc1 atype="GSC" type="Res" conceptID="Res28" novelty="None" advantage="None"/><text>For both bends, the complex shifts are smaller for the peroxy radical complex than for the mixed dimer.</text></s> <s sid="85"><CoreSc1 atype="GSC" type="Con" conceptID="Con9" novelty="None" advantage="None"/><text>In order to understand this apparent discrepancy between the stretch shift and the bend shifts we note that the two OH stretches of hydrogen peroxide are almost independent, in HOOD the OH stretch almost coincides with the two OH stretches of HOOH.<REF TYPE="P" ID="cit13">13</REF></text></s> <s sid="86"><CoreSc1 atype="GSC" type="Res" conceptID="Res29" novelty="None" advantage="None"/><text>The two HOO bends are strongly coupled, in HOOD the HOO bend is found at 1343 cm<SP>−1</SP>, approximately midway between the two HOO bends of HOOH (1385 cm<SP>−1</SP> and 1271 cm<SP>−1</SP>) and the DOO bend is found at 981 cm<SP>−1</SP> close to the average of the two DOOD bends.</text></s> <s sid="87"><CoreSc1 atype="GSC" type="Bac" conceptID="Bac11" novelty="None" advantage="None"/><text>The coupling between the bends depends on the dihedral angle between the HOO groups which may differ between the complex and the dimer.</text></s> <s sid="88"><CoreSc1 atype="GSC" type="Con" conceptID="Con10" novelty="None" advantage="None"/><text>In addition the 1428 cm<SP>−1</SP> band is likely to be lowered somewhat by an interaction with the HOO radical bend at 1487 cm<SP>−1</SP> and 1496 cm<SP>−1</SP>.</text></s></P><P><s sid="89"><CoreSc1 atype="GSC" type="Bac" conceptID="Bac12" novelty="None" advantage="None"/><text><IT>Ab initio</IT> calculations on the hydrogen peroxide dimer suggest that we should expect three intermolecular fundamentals above 200 cm<SP>−1</SP> for the HOOH–HOO complex, librations of the two complex components around their OO axis and the torsion of hydrogen peroxide.<REF TYPE="P" ID="cit14">14</REF></text></s> <s sid="90"><CoreSc1 atype="GSC" type="Bac" conceptID="Bac12" novelty="None" advantage="None"/><text>The same calculations indicate that we should observe two torsion bands for the HOOH monomer since the trans barrier is low, and indeed we observe two bands for monomer HOOH, close to the expected positions.<REF TYPE="P" ID="cit14">14</REF></text></s> <s sid="91"><CoreSc1 atype="GSC" type="Con" conceptID="Con11" novelty="None" advantage="None"/><text>It seems reasonable to assume that the trans barrier of hydrogen peroxide complexed with a peroxy radical is relatively low so that there are two close low lying torsion states, a symmetric and an antisymmetric combination of the complexes with the free hydrogen of hydrogen peroxide above and below the plane of the other atoms.</text></s> <s sid="92"><CoreSc1 atype="GSC" type="Con" conceptID="Con12" novelty="None" advantage="None"/><text>If the barrier is not too different for complexed HOOH compared to monomer HOOH, the next two torsion states are close to the maximum of the trans barrier and therefore strongly split.</text></s> <s sid="93"><CoreSc1 atype="GSC" type="Obs" conceptID="Obs10" novelty="None" advantage="None"/><text>We observe four far infrared bands for HOOH–HOO (Fig. 2).</text></s> <s sid="94"><CoreSc1 atype="GSC" type="Res" conceptID="Res30" novelty="None" advantage="None"/><text>The lowest band, at 227 cm<SP>−1</SP>, is close to a band at 219 cm<SP>−1</SP> of the hydrogen peroxide dimer, which we believe is due to the libration of HOOH in the dimer.<REF TYPE="P" ID="cit14">14</REF></text></s> <s sid="95"><CoreSc1 atype="GSC" type="Res" conceptID="Res31" novelty="None" advantage="None"/><text>We suggest that the 227 cm<SP>−1</SP> band of HOOH–HOO should be assigned to the libration of HOOH around its OO axis.</text></s> <s sid="96"><CoreSc1 atype="GSC" type="Obs" conceptID="Obs11" novelty="None" advantage="None"/><text>The band at 557 cm<SP>−1</SP> appears to shift to slightly above 400 cm<SP>−1</SP> when DOO is substituted for HOO.</text></s> <s sid="97"><CoreSc1 atype="GSC" type="Res" conceptID="Res32" novelty="None" advantage="None"/><text>The precise position depends on the isotopic composition of the complex partner.</text></s> <s sid="98"><CoreSc1 atype="GSC" type="Res" conceptID="Res33" novelty="None" advantage="None"/><text>We therefore assign the 557 cm<SP>−1</SP> band to the libration of complexed HOO around its OO bond.</text></s> <s sid="99"><CoreSc1 atype="GSC" type="Res" conceptID="Res34" novelty="None" advantage="None"/><text>This assignment implies that the 277 cm<SP>−1</SP> band and the 477 cm<SP>−1</SP> band are due to the HOOH torsion.</text></s> <s sid="100"><CoreSc1 atype="GSC" type="Obs" conceptID="Obs12" novelty="None" advantage="None"/><text>In HOOH monomer the corresponding bands are observed at 273.2 cm<SP>−1</SP> and at 373.5 cm<SP>−1</SP> respectively.</text></s> <s sid="101"><CoreSc1 atype="GSC" type="Con" conceptID="Con13" novelty="None" advantage="None"/><text>The shifts are surprisingly different, but we do not think this automatically shows that the assignment is wrong.</text></s> <s sid="102"><CoreSc1 atype="GSC" type="Obs" conceptID="Obs13" novelty="None" advantage="None"/><text>In the monomer calculation, the two lowest states were split by 10 cm<SP>−1</SP> and were approximately 300 cm<SP>−1</SP> below the trans barrier, the third lowest state was very close to the barrier and the next state approximately 100 cm<SP>−1</SP> above the barrier.</text></s> <s sid="103"><CoreSc1 atype="GSC" type="Con" conceptID="Con14" novelty="None" advantage="None"/><text>If the barrier is lowered in the complex, the two upper states will be even further away from two interacting tunnel states than in the monomer and therefore even further apart than in the monomer.</text></s></P><P><s sid="104"><CoreSc1 atype="GSC" type="Con" conceptID="Con15" novelty="None" advantage="None"/><text>If we accept the assignment of the intermolecular fundamentals of HOOH–HOO, the assignment of the corresponding fundamentals of the HOOH–DOO complex is straight forward.</text></s> <s sid="105"><CoreSc1 atype="GSC" type="Res" conceptID="Res35" novelty="None" advantage="None"/><text>The bands at 485 cm<SP>−1</SP> and 272 cm<SP>−1</SP> are assigned to the torsion of HOOH and the 220 cm<SP>−1</SP> band to the libration of HOOH, the libration of DOO is observed at 415 cm<SP>−1</SP>.</text></s> <s sid="106"><CoreSc1 atype="GSC" type="Obj" conceptID="Obj2" novelty="New" advantage="None"/><text>We have made a number of experiments with partially deuterated hydrogen peroxide, both with HOO and DOO.</text></s> <s sid="107"><CoreSc1 atype="GSC" type="Res" conceptID="Res36" novelty="None" advantage="None"/><text>In these experiments we observe a number of far infrared bands whose photolysis rates clearly shows that they are due to hydrogen peroxide peroxy radical complexes.</text></s> <s sid="108"><CoreSc1 atype="GSC" type="Res" conceptID="Res37" novelty="None" advantage="None"/><text>We found it difficult to control the H/D ratio sufficiently well to make it possible to avoid the presence of significant concentrations of HOOD in these experiments.</text></s> <s sid="109"><CoreSc1 atype="GSC" type="Res" conceptID="Res38" novelty="None" advantage="None"/><text>This makes the assignment very difficult, since the mid-infrared spectra indicate that there are two different isomers of the HOOD peroxy radical complex.</text></s> <s sid="110"><CoreSc1 atype="GSC" type="Con" conceptID="Con16" novelty="None" advantage="None"/><text>One therefore expects to find 12 bands due to the DOOD and HOOD peroxy radical complexes in a given experiment.</text></s> <s sid="111"><CoreSc1 atype="GSC" type="Mod" conceptID="Mod3" novelty="None" advantage="None"/><text>We have tried to assign the observed bands guided by the results for HOOH and the assumption that the torsion frequencies are mainly determined by the mass of the free hydrogen of the complexed hydrogen peroxide.</text></s> <s sid="112"><CoreSc1 atype="GSC" type="Res" conceptID="Res39" novelty="None" advantage="None"/><text>The assignment is collected in Table 4.</text></s></P><P><s sid="113"><CoreSc1 atype="GSC" type="Bac" conceptID="Bac13" novelty="None" advantage="None"/><text>Two cyclic structures are found to represent local minima on the potential energy surface of HOOH–HOO in <REF TYPE="P" ID="cit12">ref. 12</REF>, both at the B3LYP and QCISD levels of theory.</text></s> <s sid="114"><CoreSc1 atype="GSC" type="Bac" conceptID="Bac13" novelty="None" advantage="None"/><text>The hydrogen peroxide forms a hydrogen bond to the end oxygen of the peroxy radical in both structures.</text></s> <s sid="115"><CoreSc1 atype="GSC" type="Bac" conceptID="Bac13" novelty="None" advantage="None"/><text>The most stable structure is a six-membered ring where the peroxy radical forms a hydrogen bond to the hydrogen peroxide oxygen, which binds the free hydrogen.</text></s> <s sid="116"><CoreSc1 atype="GSC" type="Bac" conceptID="Bac13" novelty="None" advantage="None"/><text>The second minimum is a five-membered ring with a hydrogen bond from the peroxy radical to the hydrogen peroxide oxygen, which is bound to the hydrogen of the hydrogen bond.</text></s> <s sid="117"><CoreSc1 atype="GSC" type="Met" conceptID="Met7" novelty="New" advantage="None"/><text>It is interesting to compare the experimental complex shifts of HOOH–HOO with the calculated shifts of <REF TYPE="P" ID="cit12">ref. 12</REF> (Table 5).</text></s> <s sid="118"><CoreSc1 atype="GSC" type="Res" conceptID="Res40" novelty="None" advantage="None"/><text>The B3LYP calculations give very large shifts for the OH stretches of hydrogen peroxide and the peroxy radical for the six-membered ring structure, 1.4 and 1.8 times larger than the observed shifts respectively.</text></s> <s sid="119"><CoreSc1 atype="GSC" type="Res" conceptID="Res41" novelty="None" advantage="None"/><text>For the five membered ring structure the OH shift of the hydrogen peroxide is 0.50 of the observed shift and the OH shift of the peroxy radical is 1.5 times the observed shift.</text></s> <s sid="120"><CoreSc1 atype="GSC" type="Res" conceptID="Res42" novelty="None" advantage="None"/><text>The calculated OO shifts of the peroxy radical are approximately 10 times larger than the observed shift for both structures.</text></s> <s sid="121"><CoreSc1 atype="GSC" type="Con" conceptID="Con17" novelty="None" advantage="None"/><text>We are therefore convinced that the B3LYP method gives a rather poor description of the complex.</text></s> <s sid="122"><CoreSc1 atype="GSC" type="Res" conceptID="Res43" novelty="None" advantage="None"/><text>The complex shifts of the QCISD calculations are in reasonable agreement with the observations, the OH shifts of the OH bonds involved in the hydrogen bonds are somewhat smaller the the observed shifts but the general pattern of the shifts agrees well with the observations.</text></s> <s sid="123"><CoreSc1 atype="GSC" type="Res" conceptID="Res44" novelty="None" advantage="None"/><text>It is more difficult to choose between the two structures.</text></s> <s sid="124"><CoreSc1 atype="GSC" type="Res" conceptID="Res45" novelty="None" advantage="None"/><text>The largest difference in the calculated shifts is obtained for the HOOH torsion, which is calculated to be blue shifted in the five membered ring complex and red shifted in the six-membered ring complex.</text></s> <s sid="125"><CoreSc1 atype="GSC" type="Res" conceptID="Res46" novelty="None" advantage="None"/><text>Unfortunately it is impossible to compare the calculated torsions with the experimental torsion since the low trans barrier of the complex allows rapid tunneling in the torsionally excited state.</text></s> <s sid="126"><CoreSc1 atype="GSC" type="Con" conceptID="Con18" novelty="None" advantage="None"/><text>This makes the harmonic oscillator approximation used in the calculations completely unrealistic.</text></s> <s sid="127"><CoreSc1 atype="GSC" type="Res" conceptID="Res47" novelty="None" advantage="None"/><text>The calculated bound OH shifts of the six-membered ring complex are both significantly closer to the observed shifts.</text></s> <s sid="128"><CoreSc1 atype="GSC" type="Res" conceptID="Res48" novelty="None" advantage="None"/><text>Also most other calculated shifts of the six-membered ring are closer to the experimentally observed shifts that those of the five membered ring (Table 5).</text></s> <s sid="129"><CoreSc1 atype="GSC" type="Con" conceptID="Con19" novelty="None" advantage="None"/><text>Experiences from many other systems suggests that with few exceptions, only the most stable complex structure is observed, this seems to be the case also for the HOOH–HOO complex.</text></s></P><P><s sid="130"><CoreSc1 atype="GSC" type="Res" conceptID="Res49" novelty="None" advantage="None"/><text>It is difficult to compare the calculated intermolecular vibrations with the experimentally observed far infrared bands, since no description of the calculated bands is given in the paper and the calculations are done only for the HOOH–HOO isotopologue.</text></s> <s sid="131"><CoreSc1 atype="GSC" type="Con" conceptID="Con20" novelty="None" advantage="None"/><text>It seems reasonable to assume that the highest calculated intermolecular fundamental at 647.6 cm<SP>−1</SP>(only the QCSID values for the six-membered ring complex are considered) corresponds to the observed HOO libration at 557 cm<SP>−1</SP>.</text></s> <s sid="132"><CoreSc1 atype="GSC" type="Res" conceptID="Res50" novelty="None" advantage="None"/><text>Both calculations and experiment agree that this is an intense band.</text></s> <s sid="133"><CoreSc1 atype="GSC" type="Res" conceptID="Res51" novelty="None" advantage="None"/><text>We have difficulties in understanding the nature of the second largest calculated intermolecular fundamental at 544.6 cm<SP>−1</SP>.</text></s> <s sid="134"><CoreSc1 atype="GSC" type="Bac" conceptID="Bac14" novelty="None" advantage="None"/><text>The librations of the two complex components involve only H-motions and are therefore expected to have high frequencies.</text></s> <s sid="135"><CoreSc1 atype="GSC" type="Bac" conceptID="Bac15" novelty="None" advantage="None"/><text>The remaining intermolecular fundamentals will involve oxygen atom motions and have much lower frequencies.</text></s> <s sid="136"><CoreSc1 atype="GSC" type="Res" conceptID="Res52" novelty="None" advantage="None"/><text>The hydrogen bond from the peroxy radical to hydrogen peroxide is calculated to be stronger than the hydrogen bond from hydrogen peroxide to the peroxy radical.</text></s> <s sid="137"><CoreSc1 atype="GSC" type="Res" conceptID="Res53" novelty="None" advantage="None"/><text>The hydrogen peroxide libration is therefore expected to be less than 0.7 of the peroxy radical libration, the calculated frequency is 100 cm<SP>−1</SP> larger than one expects from this argument.</text></s> <s sid="138"><CoreSc1 atype="GSC" type="Con" conceptID="Con21" novelty="None" advantage="None"/><text>It is perhaps possible that the coupling between the hydrogen peroxide libration and the hydrogen peroxide torsion is very strong, giving one upper and one lower component both with significant torsion and libration contents.</text></s></P><P><s sid="139"><CoreSc1 atype="GSC" type="Res" conceptID="Res54" novelty="None" advantage="None"/><text>The hydrogen peroxide peroxy radical complex is clearly more strongly bound than the hydrogen peroxide dimer.</text></s> <s sid="140"><CoreSc1 atype="GSC" type="Obs" conceptID="Obs14" novelty="None" advantage="None"/><text>The shift of the bound OH stretch of HOOH is −132 cm<SP>−1</SP> in the dimer and −156 cm<SP>−1</SP> in the peroxy radical complex.</text></s> <s sid="141"><CoreSc1 atype="GSC" type="Res" conceptID="Res55" novelty="None" advantage="None"/><text>The complex shift of the OH stretch of the peroxy radical is −207 cm<SP>−1</SP> suggesting that the hydrogen bond from the peroxy radical to hydrogen peroxide is stronger than the hydrogen bond from hydrogen peroxide to the radical.</text></s> <s sid="142"><CoreSc1 atype="GSC" type="Bac" conceptID="Bac16" novelty="None" advantage="None"/><text>For the hydrogen peroxide dimer the dissociation energy (<IT>D</IT><SB>e</SB>) was calculated to be 6.3 kcal mol<SP>−1</SP> on the MP2 level.<REF TYPE="P" ID="cit7">7</REF></text></s> <s sid="143"><CoreSc1 atype="GSC" type="Con" conceptID="Con22" novelty="None" advantage="None"/><text>We believe that the the dissociation energy of the peroxy radical hydrogen peroxide complex is of the order of 6.5 to 7 kcal mol<SP>−1</SP>, the calculations of <REF TYPE="P" ID="cit12">ref. 12</REF> gave 7.7 kcal mol<SP>−1</SP> (<IT>D</IT><SB>e</SB>, corrected for BSSE).</text></s></P><P><s sid="144"><CoreSc1 atype="GSC" type="Res" conceptID="Res56" novelty="None" advantage="None"/><text>The shifts of several wavenumbers of some complex bands between different experiments is very surprising (Fig. 4).</text></s> <s sid="145"><CoreSc1 atype="GSC" type="Res" conceptID="Res57" novelty="None" advantage="None"/><text>Even more surprising is that the hydrogen peroxide dimer bands, which have very stable positions in experiments where only hydrogen peroxide is present in the matrix<REF TYPE="P" ID="cit7">7</REF> show shifts in these experiments, these shifts correlate with the shifts of the hydrogen peroxide peroxy radical complex bands.</text></s> <s sid="146"><CoreSc1 atype="GSC" type="Con" conceptID="Con23" novelty="None" advantage="None"/><text>We have previously noted a phenomenon, which we believe is related to the one observed here.</text></s> <s sid="147"><CoreSc1 atype="GSC" type="Obs" conceptID="Obs15" novelty="None" advantage="None"/><text>In the hydrogen peroxide monomer spectrum, in matrices with a low content of polar impurities, the OH stretch and the antisymmetric HOO bend have two relatively sharp components.</text></s> <s sid="148"><CoreSc1 atype="GSC" type="Obs" conceptID="Obs16" novelty="None" advantage="None"/><text>When polar impurities are present, bands appear approximately midway between the two low concentration components.</text></s> <s sid="149"><CoreSc1 atype="GSC" type="Obs" conceptID="Obs17" novelty="None" advantage="None"/><text>The low concentration components weaken and ultimately vanish at high impurity concentrations.</text></s> <s sid="150"><CoreSc1 atype="GSC" type="Bac" conceptID="Bac17" novelty="None" advantage="None"/><text>We suggested in an earlier publication that polar impurities introduced electric fields in the matrix, which strongly perturbed the hydrogen peroxide inversion.<REF TYPE="P" ID="cit8">8</REF></text></s> <s sid="151"><CoreSc1 atype="GSC" type="Bac" conceptID="Bac17" novelty="None" advantage="None"/><text>The two components of the monomer bands are due to the inversion.<REF TYPE="P" ID="cit13">13</REF></text></s> <s sid="152"><CoreSc1 atype="GSC" type="Bac" conceptID="Bac17" novelty="None" advantage="None"/><text>Since the dipole moment of hydrogen peroxide changes its direction upon inversion, the presence of an electric field may stabilize one of the two torsion minima and destabilize the other.</text></s> <s sid="153"><CoreSc1 atype="GSC" type="Con" conceptID="Con24" novelty="None" advantage="None"/><text>A similar mechanism is possible for the hydrogen peroxide peroxy radical complex, which should have a large dipole moment whose direction is determined by the orientation of the non hydrogen bonded hydrogen of hydrogen peroxide.</text></s> <s sid="154"><CoreSc1 atype="GSC" type="Con" conceptID="Con24" novelty="None" advantage="None"/><text>The electric field from a peroxy radical within 10 Å from a complex may inhibit the tunneling of the non bonded hydrogen and perhaps also shift its equilibrium dihedral angle, which in turn will influence the fundamentals directly involved in the hydrogen bond system of the complex.</text></s> <s sid="155"><CoreSc1 atype="GSC" type="Bac" conceptID="Bac18" novelty="None" advantage="None"/><text>The equilibrium structure of the hydrogen peroxide dimer has <IT>C</IT><SB>i</SB> symmetry and consequently no dipole moment.</text></s> <s sid="156"><CoreSc1 atype="GSC" type="Res" conceptID="Res58" novelty="None" advantage="None"/><text>However, the <IT>C</IT><SB>2</SB> symmetric isomer, which has the two non hydrogen bonded hydrogens on the same side of the plane of the heavy atoms has a relatively large dipole moment and is expected from <IT>ab initio</IT> SCF calculations to be approximately 50 cm<SP>−1</SP> higher in energy than the C<SB>i</SB> isomer.</text></s> <s sid="157"><CoreSc1 atype="GSC" type="Con" conceptID="Con25" novelty="None" advantage="None"/><text>A strong electric field may stabilize the <IT>C</IT><SB>2</SB> isomer.</text></s> <s sid="158"><CoreSc1 atype="GSC" type="Con" conceptID="Con26" novelty="None" advantage="None"/><text>More likely is that a polar molecule not too far from one of the non-hydrogen-bonded hydrogens of the <IT>C</IT><SB>i</SB> dimer inhibits the inversion of the dimer.</text></s></P></DIV></BODY></PAPER>