<?xml version="1.0" encoding="UTF-8"?>
<!DOCTYPE PAPER
  SYSTEM "paper-structure-annotation.dtd">
<PAPER><mode2 name="b310238f" hasDoc="yes" version="1085"/><TITLE><s sid="1"><CoreSc1 atype="GSC" type="Obj" conceptID="Obj1" novelty="New" advantage="None"/><text>Photosensitized generation of singlet oxygen from ruthenium(ii) and osmium(ii) bipyridyl complexes</text></s></TITLE><ABSTRACT><s sid="2"><CoreSc1 atype="GSC" type="Bac" conceptID="Bac1" novelty="None" advantage="None"/><text>Photophysical properties for a number ruthenium(ii) and osmium(ii) bipyridyl complexes are reported in dilute acetonitrile solution.</text></s> <s sid="3"><CoreSc1 atype="GSC" type="Res" conceptID="Res1" novelty="None" advantage="None"/><text>The lifetimes of the excited metal to ligand charge transfer states (MLCT) of the osmium complexes are shorter than for the ruthenium complexes.</text></s> <s sid="4"><CoreSc1 atype="GSC" type="Res" conceptID="Res2" novelty="None" advantage="None"/><text>Rate constants, kq, for quenching of the lowest excited metal to ligand charge transfer states by molecular oxygen are found to be in the range (1.1–7.7) × 109 dm3 mol−1 s−1.</text></s> <s sid="5"><CoreSc1 atype="GSC" type="Res" conceptID="Res3" novelty="None" advantage="None"/><text>Efficiencies of singlet oxygen production, fΔT, following oxygen quenching of the lowest excited states of these ruthenium and osmium complexes are in the range of 0.10–0.72, lower values being associated with those compounds having lower oxidation potentials.</text></s> <s sid="6"><CoreSc1 atype="GSC" type="Res" conceptID="Res4" novelty="None" advantage="None"/><text>The rate constants for quenching of the excited MLCT states, kq, are found to be generally higher for osmium complexes than for ruthenium complexes.</text></s> <s sid="7"><CoreSc1 atype="GSC" type="Res" conceptID="Res5" novelty="None" advantage="None"/><text>Overall quenching rate constants, kq were found to give an inverse correlation with the energy of the excited state being quenched, and also to correlate with the oxidation potentials of the complexes.</text></s> <s sid="8"><CoreSc1 atype="GSC" type="Res" conceptID="Res6" novelty="None" advantage="None"/><text>However, when the contribution of quenching due exclusively to energy transfer to produce singlet oxygen, kq1, is considered, its dependence on the energy of the excited states is more complex.</text></s> <s sid="9"><CoreSc1 atype="GSC" type="Res" conceptID="Res7" novelty="None" advantage="None"/><text>Rate constants for quenching due to energy dissipation of the excited MLCT states without energy transfer, kq3, were found to show a clear correlation with the oxidation potential of the complexes.</text></s> <s sid="10"><CoreSc1 atype="GSC" type="Bac" conceptID="Bac2" novelty="None" advantage="None"/><text>Factors affecting both the mechanism of oxygen quenching of the excited states and the efficiency of singlet oxygen generation following this quenching are discussed.</text></s> <s sid="11"><CoreSc1 atype="GSC" type="Mod" conceptID="Mod1" novelty="None" advantage="None"/><text>These factors include the oxidation potential, the energy of the lowest excited state of the complexes and spin–orbit coupling constant of the central metal.</text></s></ABSTRACT><BODY><DIV DEPTH="1"><HEADER>Introduction</HEADER><P><s sid="12"><CoreSc1 atype="GSC" type="Bac" conceptID="Bac3" novelty="None" advantage="None"/><text>Singlet oxygen is a highly reactive species that has shown to be efficiently photosensitised by a large number of compounds, most of which have been organic compounds.<REF ID="R-0" REFID="cit1"/><REF ID="R-1" REFID="cit2"/></text></s> <s sid="13"><CoreSc1 atype="GSC" type="Mod" conceptID="Mod2" novelty="None" advantage="None"/><text>The complex ion tris(2,2′-bipyridine)ruthenium(ii) [Ru(bpy)3]2+ and related compounds have been shown to be good singlet oxygen photosensitizers due both to their relatively strong absorption in the visible and ultraviolet regions of the spectrum, and to their relatively long lived triplet metal to ligand charge transfer states, 3MLCT, making these excited states susceptible to quenching by oxygen in normal aerated fluid solutions.<REF ID="R-2" REFID="cit3"/><REF ID="R-3" REFID="cit4"/><REF ID="R-4" REFID="cit5"/><REF ID="R-5" REFID="cit6"/><REF ID="R-6" REFID="cit7"/><REF ID="R-7" REFID="cit8"/><REF ID="R-8" REFID="cit9"/><REF ID="R-9" REFID="cit10"/><REF ID="R-10" REFID="cit11"/><REF ID="R-11" REFID="cit12"/><REF ID="R-12" REFID="cit13"/><REF ID="R-13" REFID="cit14"/><REF ID="R-14" REFID="cit15"/><REF ID="R-15" REFID="cit16"/><REF ID="R-16" REFID="cit17"/></text></s> <s sid="14"><CoreSc1 atype="GSC" type="Bac" conceptID="Bac4" novelty="None" advantage="None"/><text>Early work by Demas et al<REF ID="R-17" REFID="cit13"/>. on oxygen quenching of several luminescent diimine complexes of ruthenium(ii), osmium(ii) and iridium(iii) showed that the oxygen quenching rate constants, kq, were in the range (0.28–5.70) × 109 dm3 mol−1 s−1, with singlet oxygen production efficiencies in the range 0.68–1.0 in methanol.</text></s> <s sid="15"><CoreSc1 atype="GSC" type="Bac" conceptID="Bac5" novelty="None" advantage="None"/><text>Since then, many studies have been carried out using aqueous<REF ID="R-18" REFID="cit11"/><REF ID="R-19" REFID="cit12"/> and other solvents,<REF ID="R-20" REFID="cit3"/><REF ID="R-21" REFID="cit4"/><REF ID="R-22" REFID="cit5"/><REF ID="R-23" REFID="cit6"/><REF ID="R-24" REFID="cit7"/><REF ID="R-25" REFID="cit8"/><REF ID="R-26" REFID="cit9"/><REF ID="R-27" REFID="cit10"/> which confirm that direct energy transfer to oxygen occurs with high efficiency in many cases<REF ID="R-28" REFID="cit11"/> and although oxygen quenching rate constants correlate with the oxidation potential of the ruthenium complexes,<REF ID="R-29" REFID="cit10"/> there is negligible or very little production of free ions due to electron transfer to oxygen.<REF ID="R-30" REFID="cit6"/></text></s></P><P><s sid="16"><CoreSc1 atype="GSC" type="Bac" conceptID="Bac6" novelty="None" advantage="None"/><text>Recently<REF ID="R-31" REFID="cit5"/> we have reported that in acetonitrile kq, the rate constants for quenching of the 3MLCT states of ruthenium(ii) substituted benzoaza-crown bipyridyl complexes by molecular oxygen, were in the range (2.4–4.6) × 109 dm3 mol−1 s−1.</text></s> <s sid="17"><CoreSc1 atype="GSC" type="Bac" conceptID="Bac7" novelty="None" advantage="None"/><text>Efficiencies of singlet oxygen production, fΔT, sensitized by these ruthenium complexes were found<REF ID="R-32" REFID="cit5"/> to be in the range of 0.26–0.69.</text></s> <s sid="18"><CoreSc1 atype="GSC" type="Bac" conceptID="Bac8" novelty="None" advantage="None"/><text>In addition we have reported<REF ID="R-33" REFID="cit4"/> for a structurally similar series of methoxybenzene- or vinyl-linked benzocrown ether substituted 2,2′-bipyridyl ruthenium(ii) complexes, that the quenching rate constants were in the range (2.2–4.2) × 109 dm3 mol−1 s−1 and efficiencies of singlet oxygen production were in the range 0.21–0.74.</text></s> <s sid="19"><CoreSc1 atype="GSC" type="Bac" conceptID="Bac9" novelty="None" advantage="None"/><text>We have found that complexes with the highest values of kq tended to be those with lowest fΔT values.</text></s></P><P><s sid="20"><CoreSc1 atype="GSC" type="Bac" conceptID="Bac10" novelty="None" advantage="None"/><text>The rate constants, kq, for quenching by molecular oxygen of the 3MLCT states for some mononuclear and multinuclear ruthenium(ii) complexes of 4,4′-amide disubstituted bipyridines were measured by us<REF ID="R-34" REFID="cit3"/> and were found to be well below diffusion controlled ranging from 1.2 to 2.0 × 109 dm3 mol−1 s−1.</text></s> <s sid="21"><CoreSc1 atype="GSC" type="Bac" conceptID="Bac11" novelty="None" advantage="None"/><text>The efficiencies of singlet oxygen formation during oxygen quenching of these 3MLCT states, fΔT, are relatively high with values of 0.53–0.89 in acetonitrile.<REF ID="R-35" REFID="cit3"/></text></s></P><P><s sid="22"><CoreSc1 atype="GSC" type="Bac" conceptID="Bac12" novelty="None" advantage="None"/><text>Quenching of the phosphorescence of chromium(iii) complexes by molecular oxygen was first reported and systematically studied by Pfeil.<REF ID="R-36" REFID="cit14"/></text></s> <s sid="23"><CoreSc1 atype="GSC" type="Bac" conceptID="Bac13" novelty="None" advantage="None"/><text>He found that complexes with “conducting” ligands such as isothiocyanate, cyanide and acetylacetonate were subject to quenching to an extent that increased at lower temperatures as the doublet state lifetime increased.</text></s> <s sid="24"><CoreSc1 atype="GSC" type="Bac" conceptID="Bac14" novelty="None" advantage="None"/><text>He suggested that the quenching mechanism was collisional and suggested energy transfer to produce singlet oxygen, O2*(1Δg), on the basis of its energetic feasibility.</text></s> <s sid="25"><CoreSc1 atype="GSC" type="Bac" conceptID="Bac15" novelty="None" advantage="None"/><text>In contrast to this behaviour, he found that complexes with “insulating” ligands such as diamines were unquenched by oxygen.</text></s> <s sid="26"><CoreSc1 atype="GSC" type="Bac" conceptID="Bac16" novelty="None" advantage="None"/><text>Brunschwig and Sutin<REF ID="R-37" REFID="cit15"/> studied the relationship between the redox potential of chromium(iii) polypyridyls and their oxygen quenching rate constants and found none.</text></s> <s sid="27"><CoreSc1 atype="GSC" type="Bac" conceptID="Bac17" novelty="None" advantage="None"/><text>They concluded that the mechanism of the quenching must be energy transfer rather than electron transfer.</text></s> <s sid="28"><CoreSc1 atype="GSC" type="Bac" conceptID="Bac18" novelty="None" advantage="None"/><text>Serpone et al<REF ID="R-38" REFID="cit16"/>. reached a similar conclusion on the basis of an analogous study.</text></s> <s sid="29"><CoreSc1 atype="GSC" type="Bac" conceptID="Bac19" novelty="None" advantage="None"/><text>Kirk et al<REF ID="R-39" REFID="cit17"/>. were the first to prove the mechanism of energy transfer in the quenching of chromium(iii) complexes by oxygen where they measured singlet oxygen production indirectly.</text></s></P><P><s sid="30"><CoreSc1 atype="GSC" type="Bac" conceptID="Bac20" novelty="None" advantage="None"/><text>In order to fully assess the influence of oxidation potentials and excited states energies on the mechanism of quenching by oxygen, a wide range of values for these parameters are required.</text></s> <s sid="31"><CoreSc1 atype="GSC" type="Bac" conceptID="Bac21" novelty="None" advantage="None"/><text>The range of oxidation potentials and lowest excited 3MLCT energies of rutheium complexes studied by ourselves previously was too narrow to elucidate their effects on the mechanism of their excited states quenching by molecular oxygen.<REF ID="R-40" REFID="cit3"/><REF ID="R-41" REFID="cit4"/><REF ID="R-42" REFID="cit5"/></text></s> <s sid="32"><CoreSc1 atype="GSC" type="Bac" conceptID="Bac22" novelty="None" advantage="None"/><text>Tan-Sien-Hee et al<REF ID="R-43" REFID="cit10"/>. reported quenching of the excited 3MLCT states for a series of rutheium complexes with a wide range of oxidation potentials but no singlet oxygen was detected.</text></s> <s sid="33"><CoreSc1 atype="GSC" type="Obj" conceptID="Obj1" novelty="None" advantage="None"/><text>In this paper we report on our investigation of the photosensitized generation of singlet oxygen using a number of ruthenium(ii) and osmium(ii) bipyridyl complexes, having a very wide range of oxidation potentials and excited 3MLCT state energies, in acetonitrile solution.</text></s> <s sid="34"><CoreSc1 atype="GSC" type="Res" conceptID="Res8" novelty="None" advantage="None"/><text>The effect of oxidation potential, energy of the lowest excited states of the sensitizers and the differing spin–orbit coupling constants for osmium and ruthenium are investigated, along with the effect of changing ligand identity.</text></s></P></DIV><DIV DEPTH="1"><HEADER>Experimental</HEADER><P><s sid="35"><CoreSc1 atype="GSC" type="Exp" conceptID="Exp1" novelty="None" advantage="None"/><text>Acetonitrile, (Aldrich, spectrophotometric grade) was dried by refluxing over calcium hydride.</text></s> <s sid="36"><CoreSc1 atype="GSC" type="Exp" conceptID="Exp2" novelty="None" advantage="None"/><text>Acridine (Aldrich) was recrystalized from methanol.</text></s> <s sid="37"><CoreSc1 atype="GSC" type="Bac" conceptID="Bac23" novelty="None" advantage="None"/><text>The compounds under investigation in this work were available from previous studies.<REF ID="R-44" REFID="cit18a"/><REF ID="R-45" REFID="cit18b"/></text></s> <s sid="38"><CoreSc1 atype="GSC" type="Obj" conceptID="Obj2" novelty="New" advantage="None"/><text>The compounds studied are cis-[Ru(bpy)(dppe)(CN)2]; bpy = 1,2-bipyridine, dppe = 1,2-bis(diphenylphosphino)ethane, [Ru(bpy)2(dpp)]2+; dpp = 2,3-bis(2-pyridyl)pyrazine, [Os(bpy)3]2+, [Os(bpy)2(dpp)]2+, [Os(bpy)2(CO)Cl]+ and [Os(bpy)2(CH3CN)Cl] +.</text></s> <s sid="39"><CoreSc1 atype="GSC" type="Met" conceptID="Met1" novelty="Old" advantage="None"/><text>The purity of the complexes has already been established and the lack of any luminescent impurities was confirmed by measuring the luminescence spectra at different excitation wavelengths and observing no spectral differences.</text></s> <s sid="40"><CoreSc1 atype="GSC" type="Exp" conceptID="Exp3" novelty="None" advantage="None"/><text>The oxidation potential for the complexes were measured by cyclic voltammetry in 0.1 M acetonitrile solutions of tetra-n-butylammonium perchlorate vs. SCE reference electrode.<REF ID="R-46" REFID="cit18a"/><REF ID="R-47" REFID="cit18b"/></text></s></P><P><s sid="41"><CoreSc1 atype="GSC" type="Exp" conceptID="Exp4" novelty="None" advantage="None"/><text>For singlet oxygen luminescence measurements, the third harmonic of a Lumonics Q-switched Nd:YAG laser (HY200) was employed as a 355 nm excitation source.</text></s> <s sid="42"><CoreSc1 atype="GSC" type="Exp" conceptID="Exp5" novelty="None" advantage="None"/><text>Time resolved phosphorescence from air saturated acetonitrile solutions due to singlet oxygen emission at 1270 nm was detected using an amplified Judson germanium photodiode (J-16–85P-ROM5, active diameter 0.5 cm).</text></s> <s sid="43"><CoreSc1 atype="GSC" type="Exp" conceptID="Exp6" novelty="None" advantage="None"/><text>The laser energies employed were attenuated so as not to exceed 0.5 mJ per pulse.</text></s> <s sid="44"><CoreSc1 atype="GSC" type="Met" conceptID="Met2" novelty="New" advantage="None"/><text>At least 12 individual luminescence traces were signal averaged and were fitted using a single exponential function and extrapolated to yield the luminescence intensity I0 at t = 0.</text></s> <s sid="45"><CoreSc1 atype="GSC" type="Met" conceptID="Met3" novelty="New" advantage="None"/><text>The luminescence intensity at zero time was measured at different laser intensities and compared with those obtained from optically matched solutions (≈0.3 at 355 nm) of acridine in acetonitrile as a standard (ΦΔ = 0.82<REF ID="R-48" REFID="cit19"/>) thereby yielding relative ΦΔ values.</text></s> <s sid="46"><CoreSc1 atype="GSC" type="Obs" conceptID="Obs1" novelty="None" advantage="None"/><text>The observed rate constant for singlet oxygen decay in acetonitrile was found to be in agreement with literature values,<REF ID="R-49" REFID="cit20"/> i.e., (1.25 ± 0.1) × 104 s−1.</text></s> <s sid="47"><CoreSc1 atype="GSC" type="Met" conceptID="Met4" novelty="Old" advantage="None"/><text>The same laser was used as the excitation source for kinetic measurements of the phosphorescence from the ruthenium and osmium complexes.</text></s> <s sid="48"><CoreSc1 atype="GSC" type="Met" conceptID="Met4" novelty="Old" advantage="None"/><text>The rate constants for oxygen quenching of the lowest excited state of the complexes (3MLCT) were determined by following the phosphorescence decay in air saturated solutions and in the corresponding degassed solutions (absorbance at 355 was ≈0.1), degassed using three freeze–pump–thaw cycles, monitoring for each compound at the emission maximum as determined from steady state emission spectra.</text></s> <s sid="49"><CoreSc1 atype="GSC" type="Met" conceptID="Met5" novelty="Old" advantage="None"/><text>Eight single shot emission traces were signal averaged for each measurement, and excellent single exponential fits were obtained for all the phosphorescence decays in either the degassed or the air saturated solutions.</text></s> <s sid="50"><CoreSc1 atype="GSC" type="Met" conceptID="Met6" novelty="Old" advantage="None"/><text>The average rate constants obtained from three independent experiments are reported in each case.</text></s> <s sid="51"><CoreSc1 atype="GSC" type="Res" conceptID="Res9" novelty="None" advantage="None"/><text>Transient absorption measurements using nanosecond laser flash photolysis equipment give no evidence under our experimental conditions for the formation of oxidised species or ion pairs following oxygen quenching of the excited states.</text></s></P></DIV><DIV DEPTH="1"><HEADER>Results and discussion</HEADER><P><s sid="52"><CoreSc1 atype="GSC" type="Obs" conceptID="Obs2" novelty="None" advantage="None"/><text>The absorption spectra in dilute acetonitrile solution of a selection of the ruthenium(ii) and osmium(ii) complexes studied are shown in Fig. 1.</text></s> <s sid="53"><CoreSc1 atype="GSC" type="Bac" conceptID="Bac24" novelty="None" advantage="None"/><text>Full details and assignments of these bands have been given previously.<REF ID="R-50" REFID="cit21"/><REF ID="R-51" REFID="cit22"/><REF ID="R-52" REFID="cit23"/><REF ID="R-53" REFID="cit24"/><REF ID="R-54" REFID="cit25"/><REF ID="R-55" REFID="cit26"/><REF ID="R-56" REFID="cit27"/><REF ID="R-57" REFID="cit28"/><REF ID="R-58" REFID="cit29"/><REF ID="R-59" REFID="cit30"/><REF ID="R-60" REFID="cit31"/><REF ID="R-61" REFID="cit32"/><REF ID="R-62" REFID="cit33"/><REF ID="R-63" REFID="cit34"/><REF ID="R-64" REFID="cit35"/></text></s> <s sid="54"><CoreSc1 atype="GSC" type="Obs" conceptID="Obs2" novelty="None" advantage="None"/><text>The absorption maximum of the metal to ligand charge transfer bands for all the complexes studied are listed in Table 1.</text></s> <s sid="55"><CoreSc1 atype="GSC" type="Res" conceptID="Res10" novelty="None" advantage="None"/><text>It has been established that the visible region absorption spectra of the complexes are dominated by the intense spin-allowed d(t2g) → π* metal to ligand charge transfer (MLCT) transition forming the first excited singlet metal to ligand charge transfer state (1MLCT).</text></s> <s sid="56"><CoreSc1 atype="GSC" type="Res" conceptID="Res11" novelty="None" advantage="None"/><text>The complexes also show two strong bands with several shoulders in the UV region at λmax of ∼250 and ∼290 nm that are assigned as the π → π* transitions of the bpy, dppe or dpp ligands.</text></s> <s sid="57"><CoreSc1 atype="GSC" type="Res" conceptID="Res12" novelty="None" advantage="None"/><text>Due to the degree of spin–orbit coupling in osmium (3381 cm−1 (<REF ID="R-65" REFID="cit36"/>), transitions that are formally spin forbidden exhibit enhanced intensity.</text></s> <s sid="58"><CoreSc1 atype="GSC" type="Res" conceptID="Res13" novelty="None" advantage="None"/><text>These transitions to 3MLCT appear as broad structureless bands at wavelengths above 540 nm for osmium complexes.</text></s></P><P><s sid="59"><CoreSc1 atype="GSC" type="Obs" conceptID="Obs2" novelty="None" advantage="None"/><text>The luminescence band maxima are given in Table 1.</text></s> <s sid="60"><CoreSc1 atype="GSC" type="Obs" conceptID="Obs3" novelty="None" advantage="None"/><text>The oxidation potentials of the complexes under investigation are listed in Table 2.</text></s></P><P><s sid="61"><CoreSc1 atype="GSC" type="Obs" conceptID="Obs4" novelty="None" advantage="None"/><text>The luminescence decay of the excited state of the investigated complexes in the presence and absence of oxygen can be fitted well by mono-exponential decays.</text></s> <s sid="62"><CoreSc1 atype="GSC" type="Res" conceptID="Res14" novelty="None" advantage="None"/><text>The (3MLCT) luminescence lifetime is found to be quite sensitive to ligand variation and the central metal, with lifetimes of the excited 3MLCT states longer for ruthenium complexes than for osmium complexes.</text></s> <s sid="63"><CoreSc1 atype="GSC" type="Res" conceptID="Res14" novelty="None" advantage="None"/><text>For example the lifetime of [Ru(bpy)2(dpp)]2+ complex ion is about ten times longer than the corresponding [Os(bpy)2(dpp)]2+ complex ion, similarly, the lifetime of [Ru(bpy)3]2+ is fifteen times longer than the corresponding [Os(bpy)3]2+ complex ion (see Table 2).</text></s> <s sid="64"><CoreSc1 atype="GSC" type="Res" conceptID="Res15" novelty="None" advantage="None"/><text>The shorter lifetimes in the case of osmium complexes compared with the corresponding ruthenium complexes can be attributed to the presence of the osmium heavy atom which enhances the rate of intersystem crossing to the ground state.</text></s></P><P><s sid="65"><CoreSc1 atype="GSC" type="Mod" conceptID="Mod3" novelty="None" advantage="None"/><text>The pseudo-first order decay constant in air saturated solutions, kobs, is given by <EQN ID="eqn1"><EQ-S ID="s65">kobs = k0 + kq[O2]</EQ-S></EQN>where k0 is the intrinsic first order decay constant of the 3MLCT state in the absence of oxygen (= 1/τ0).</text></s> <s sid="66"><CoreSc1 atype="GSC" type="Mod" conceptID="Mod3" novelty="None" advantage="None"/><text>Values of kq, the rate constants for quenching by oxygen, were obtained using eqn. (1) taking the oxygen concentration as 1.9 × 10−3 mol dm−3 in air saturated acetonitrile solution.<REF ID="R-66" REFID="cit36"/></text></s> <s sid="67"><CoreSc1 atype="GSC" type="Obs" conceptID="Obs5" novelty="None" advantage="None"/><text>The values of kq, obtained in this work are listed in Table 1.</text></s> <s sid="68"><CoreSc1 atype="GSC" type="Obs" conceptID="Obs6" novelty="None" advantage="None"/><text>They lie in the range (1.1–7.7) × 109 dm3 mol−1 s−1.</text></s> <s sid="69"><CoreSc1 atype="GSC" type="Met" conceptID="Met7" novelty="Old" advantage="None"/><text>It is interesting to compare these values of kq with kd, the diffusion controlled rate constant calculated using the Smoluchowski equation.<REF ID="R-67" REFID="cit37"/></text></s> <s sid="70"><CoreSc1 atype="GSC" type="Bac" conceptID="Bac25" novelty="None" advantage="None"/><text>For quenching of the excited 3MLCT state of [Ru(bpy)3]2+ by oxygen in acetonitrile at 298 K, based on effective radii of 7.1 and 1.7 Å for [Ru(bpy)3]2+ <REF ID="R-68" REFID="cit37"/> and oxygen,<REF ID="R-69" REFID="cit38"/> respectively, and viscosity of 0.345 cP for acetonitrile,<REF ID="R-70" REFID="cit36"/> kd was calculated to be 3.1 × 1010 dm3 mol−1 s−1.</text></s> <s sid="71"><CoreSc1 atype="GSC" type="Hyp" conceptID="Hyp1" novelty="None" advantage="None"/><text>The complexes under investigation show some variation in size which makes it likely that some variation in the diffusion controlled rate constant will apply for this set of complexes.</text></s> <s sid="72"><CoreSc1 atype="GSC" type="Bac" conceptID="Bac26" novelty="None" advantage="None"/><text>The radii of the complexes [Ru(bpy)2(dpp)]2+, [Os(bpy)3)]2+and [Os(bpy)2(dpp)]2+ are considered to be approximately 7.0 Å<REF ID="R-71" REFID="cit39a"/><REF ID="R-72" REFID="cit39b"/> while those of [Ru(bpy)(dppe)(CN)2], cis-[Os(bpy)2(CO)Cl]+ and cis-[Os(bpy)2(MeCN)Cl]+ are estimated approximately as 6.0 Å<REF ID="R-73" REFID="cit40"/> based on structural similarity with other ruthenium and osmium complexes.<REF ID="R-74" REFID="cit39a"/><REF ID="R-75" REFID="cit39b"/><REF ID="R-76" REFID="cit40"/></text></s> <s sid="73"><CoreSc1 atype="GSC" type="Mod" conceptID="Mod4" novelty="None" advantage="None"/><text>Therefore for simplicity kd can be taken as (3.0 ± 0.2) × 1010 dm3 cm−1 s−1 for the purposes of this discussion.</text></s> <s sid="74"><CoreSc1 atype="GSC" type="Obs" conceptID="Obs7" novelty="None" advantage="None"/><text>It is apparent from Table 1 that the oxygen quenching rate constants for ruthenium(ii) complexes in acetonitrile are ≤ kd/9 (= 3.3 × 109 dm3 cm−1 s−1).</text></s> <s sid="75"><CoreSc1 atype="GSC" type="Obs" conceptID="Obs8" novelty="None" advantage="None"/><text>For osmium(ii) complexes, the quenching rate constants are higher than those of ruthenium complexes.</text></s> <s sid="76"><CoreSc1 atype="GSC" type="Obs" conceptID="Obs8" novelty="None" advantage="None"/><text>For example the quenching by oxygen rate constant for [Os(bpy)2(dpp)]2+ is about eight times higher than the corresponding ruthenium complex.</text></s> <s sid="77"><CoreSc1 atype="GSC" type="Obs" conceptID="Obs9" novelty="None" advantage="None"/><text>Osmium complexes show rate constants &gt;kd/9 (3.3 × 109 dm3 cm−1 s−1) and less than 4kd/9 (1.33 × 1010 dm3 cm−1 s−1).</text></s> <s sid="78"><CoreSc1 atype="GSC" type="Mod" conceptID="Mod5" novelty="None" advantage="None"/><text>The spin statistical factor of 1/9 is expected if quenching only occurred from singlet encounter complexes of the two triplet states undergoing reaction (see Scheme 2).</text></s> <s sid="79"><CoreSc1 atype="GSC" type="Bac" conceptID="Bac27" novelty="None" advantage="None"/><text>The highest quenching rate constant in the literature for osmium complexes are reported for [Os(phen)2[cis-1,2-bis(diphenylphosphino)ethene]2+ quenched by 4,4′-bis(N,N-dimethylamino)biphenyl as being 1.2 × 1010 dm3 mol−1 s−1 in acetonitrile.<REF ID="R-77" REFID="cit41"/></text></s> <s sid="80"><CoreSc1 atype="GSC" type="Bac" conceptID="Bac28" novelty="None" advantage="None"/><text>For ruthenium complexes a value of 2.1 × 1010 dm3 mol−1 s−1 was reported<REF ID="R-78" REFID="cit42"/> as the limiting value for redox quenching of the 3MLCT state of [Ru(bpy)3]2+ in acetonitrile in studies where the quenchers were somewhat larger than O2.</text></s> <s sid="81"><CoreSc1 atype="GSC" type="Bac" conceptID="Bac29" novelty="None" advantage="None"/><text>It has been reported that the lowest excited states of ruthenium complexes are mainly triplet in character, while the excited states of osmium complexes have about 30–40percent singlet character.<REF ID="R-79" REFID="cit25"/></text></s> <s sid="82"><CoreSc1 atype="GSC" type="Mod" conceptID="Mod6" novelty="None" advantage="None"/><text>Therefore, based on the higher proportion of singlet character in the excited states of osmium complexes, it might be expected that rate constants for quenching by oxygen would be higher for osmium relative to the corresponding ruthenium complexes, on the basis of reported rate constants for the quenching of excited singlet states of aromatic hydrocarbons by molecular oxygen.<REF ID="R-80" REFID="cit36"/></text></s></P><P><s sid="83"><CoreSc1 atype="GSC" type="Mod" conceptID="Mod7" novelty="None" advantage="None"/><text>The quantum yield of singlet oxygen production (ΦΔ) arising from oxygen quenching of the triplet metal to ligand charge transfer state (3MLCT) of the ruthenium complexes is given by <EQN ID="eqn2"><EQ-S ID="s86">ΦΔ = ΦTPTO2fΔT</EQ-S></EQN>where ΦT is the efficiency of population of the lowest excited 3MLCT state, fΔT is the fraction of excited 3MLCT state quenched by oxygen which yield singlet oxygen, O2*(1Δg), and PTO2 is the fraction of the 3MLCT states quenched by oxygen, i.e., </text></s></P><P><s sid="84"><CoreSc1 atype="GSC" type="Bac" conceptID="Bac30" novelty="None" advantage="None"/><text>Demas and Taylor have shown that the quantum yield of intersystem crossing to the lowest excited charge transfer state is unity for osmium(ii) and ruthenium(ii) complexes<REF ID="R-81" REFID="cit43"/> on the basis of photochemical and spectroscopic measurements.</text></s> <s sid="85"><CoreSc1 atype="GSC" type="Bac" conceptID="Bac31" novelty="None" advantage="None"/><text>In agreement with this, Garcia-Fresnadillo et al<REF ID="R-82" REFID="cit6"/>. showed that ΦT = 1 for [Ru(bpz)3]2+ in D2O and CD3OD, where bpz = 2,2′-bipyrazine, since they obtained identical values (within the experimental error) for ΦΔ and PTO2.</text></s> <s sid="86"><CoreSc1 atype="GSC" type="Res" conceptID="Res16" novelty="None" advantage="None"/><text>The rise time measured for the production of the lowest excited state of ruthenium(ii) and osmium(ii) complexes following excitation into the Frank Condon state of ≤ 1 ns confirms, as expected due to the heavy atom effect, that in the presence of the ruthenium and osmium intersystem crossing to the 3MLCT state is very fast.</text></s> <s sid="87"><CoreSc1 atype="GSC" type="Mod" conceptID="Mod8" novelty="None" advantage="None"/><text>Since ΦT, the efficiency of population of the lowest excited spin forbidden 3MLCT state, can be taken as unity, it follows that ΦΔ = PTO2fΔT (ΦΔ values in acetonitrile were measured relative to the reference acridine for which a value of 0.82 has been reported<REF ID="R-83" REFID="cit19"/>.) Values of ΦΔ, PTO2 and fΔT are listed in Table 1.</text></s></P><P><s sid="88"><CoreSc1 atype="GSC" type="Bac" conceptID="Bac32" novelty="None" advantage="None"/><text>It is difficult to compare these results with those reported by other authors since most measured values in the literature are for alcoholic and aqueous media.<REF ID="R-84" REFID="cit7"/><REF ID="R-85" REFID="cit11"/><REF ID="R-86" REFID="cit12"/><REF ID="R-87" REFID="cit44"/><REF ID="R-88" REFID="cit45"/><REF ID="R-89" REFID="cit46"/></text></s> <s sid="89"><CoreSc1 atype="GSC" type="Bac" conceptID="Bac33" novelty="None" advantage="None"/><text>The quantum yield, ΦΔ, of singlet oxygen, O2*(1Δg), production as a consequence of oxygen quenching of the excited state of 16 luminescent diimine complexes of ruthenium(ii), osmium(ii) and iridium(iii) was first reported by Demas et al<REF ID="R-90" REFID="cit13"/>. to be in the range 0.68–0.85 in oxygen saturated methanol for ruthenium and osmium complexes, and with unit efficiency for the π–π* state of iridium(iii) complexes.</text></s> <s sid="90"><CoreSc1 atype="GSC" type="Bac" conceptID="Bac34" novelty="None" advantage="None"/><text>For the complex ion [Ru(bpy)3]2+ other values have been reported by Kenley et al<REF ID="R-91" REFID="cit44"/>. as 0.90 in oxygen saturated methanol, by Chattopadhyay et al<REF ID="R-92" REFID="cit45"/>. as 0.83 in oxygen saturated methanol and by Bhattacharyya and Das<REF ID="R-93" REFID="cit46"/> as 0.81 in air saturated methanol.</text></s> <s sid="91"><CoreSc1 atype="GSC" type="Bac" conceptID="Bac35" novelty="None" advantage="None"/><text>Mulazzani et al<REF ID="R-94" REFID="cit11"/>. reported the quantum yield of singlet oxygen production, ΦΔ, photosensitized by [Ru(bpy)3]2+ to be 0.50 in D2O relative to tetrakis(4-sulfonatophenyl)porphine (TPPS4−) using time resolved near infrared emission techniques.</text></s> <s sid="92"><CoreSc1 atype="GSC" type="Bac" conceptID="Bac36" novelty="None" advantage="None"/><text>This value has been used as a reference by others<REF ID="R-95" REFID="cit12"/> to measure the quantum yield of singlet oxygen production photosensitized by [Ru(bpy)3]2+ in solutions with different proton concentrations and to show that singlet oxygen production is independent of pH.</text></s> <s sid="93"><CoreSc1 atype="GSC" type="Bac" conceptID="Bac37" novelty="None" advantage="None"/><text>Tanielian et al<REF ID="R-96" REFID="cit47"/>. showed that there is a marked solvent dependence for sensitized singlet oxygen production upon excitation of [Ru(bpy)3]2+.</text></s> <s sid="94"><CoreSc1 atype="GSC" type="Bac" conceptID="Bac38" novelty="None" advantage="None"/><text>These authors<REF ID="R-97" REFID="cit47"/> have reported ΦΔ in oxygen saturated solutions ranging from 0.41 to 0.87 yielding fΔT values ranging from 0.58 to 0.92 on changing solvent from water to methanol.</text></s> <s sid="95"><CoreSc1 atype="GSC" type="Bac" conceptID="Bac39" novelty="None" advantage="None"/><text>Quantum yields of singlet oxygen production photosensitized by [Ru(bpy)3]2+ also have been reported by Garcia-Fresnadillo et al<REF ID="R-98" REFID="cit6"/>. as 0.73 and 0.22 in CD3OD and D2O, respectively, relative to 1H-phenalen-1-one as a standard and with fΔT values in the range 0.44–1.0.</text></s> <s sid="96"><CoreSc1 atype="GSC" type="Bac" conceptID="Bac40" novelty="None" advantage="None"/><text>We have reported ΦΔ values in the range 0.18–0.63 for a large number of ruthenium(ii) bipyridyl complexes in acetonitrile.<REF ID="R-99" REFID="cit3"/><REF ID="R-100" REFID="cit4"/><REF ID="R-101" REFID="cit5"/></text></s> <s sid="97"><CoreSc1 atype="GSC" type="Res" conceptID="Res17" novelty="None" advantage="None"/><text>Examination of the data in Table 1 demonstrates that osmium(ii) complexes tend to show fΔT values lower than the corresponding ruthenium(ii) complexes.</text></s> <s sid="98"><CoreSc1 atype="GSC" type="Res" conceptID="Res17" novelty="None" advantage="None"/><text>This can be attributed in part to the lower oxidation potential of the osmium complexes which makes the energy transfer processes less favourable in case of osmium complexes (vide infra).</text></s></P><P><s sid="99"><CoreSc1 atype="GSC" type="Mod" conceptID="Mod9" novelty="None" advantage="None"/><text>The simplest possible mechanism for the production of singlet oxygen with a yield less than unity is shown in Scheme 1.</text></s></P><P><s sid="100"><CoreSc1 atype="GSC" type="Mod" conceptID="Mod9" novelty="None" advantage="None"/><text>Thus the overall rate constant for oxygen quenching, <EQN ID="eqn4"><EQ-S ID="s106">kq = kq1 + kq3</EQ-S></EQN>where kq1 represents the rate constant for quenching via energy transfer resulting in singlet oxygen formation and kq3 the rate constant for quenching via any other pathways that lead to deactivation of the excited states of ruthenium(ii) and osmium(ii) complexes without generating singlet oxygen.</text></s> <s sid="101"><CoreSc1 atype="GSC" type="Mod" conceptID="Mod9" novelty="None" advantage="None"/><text>It follows that <EQN ID="eqn5"><EQ-S ID="s109">kq1 = kq fΔT</EQ-S></EQN>and <EQN ID="eqn6"><EQ-S ID="s111">kq3 = kq(1 − fΔT)</EQ-S></EQN></text></s></P><P><s sid="102"><CoreSc1 atype="GSC" type="Res" conceptID="Res18" novelty="None" advantage="None"/><text>Values of kq1 and kq3, calculated from the experimental values for kq and fΔT, are listed in Table 2.</text></s></P><P><s sid="103"><CoreSc1 atype="GSC" type="Res" conceptID="Res19" novelty="None" advantage="None"/><text>The rate constants for quenching by oxygen, kq, for the complexes under investigation do not show a clear dependence on the oxidation potential as shown in Fig. 2.</text></s> <s sid="104"><CoreSc1 atype="GSC" type="Res" conceptID="Res19" novelty="None" advantage="None"/><text>However when the current set of complexes is included with those of Tan-Sien-Hee et al. in acetonitrile<REF ID="R-102" REFID="cit10"/> with oxidation potentials in the range 1.28–2.07 V vs. SCE, it can be seen that the two groups of complexes together show a dependence on the oxidation potential and hence supports the involvement of a charge transfer assisted quenching process.</text></s> <s sid="105"><CoreSc1 atype="GSC" type="Res" conceptID="Res19" novelty="None" advantage="None"/><text>The dependence of the quenching constant on the oxidation potential is clear at oxidation potentials above 1.2 V vs. SCE.</text></s> <s sid="106"><CoreSc1 atype="GSC" type="Res" conceptID="Res20" novelty="None" advantage="None"/><text>In addition, there is a clear dependence of kq3 on the oxidation potentials (see inset of Fig. 2); this pathway includes all deactivation pathways which do not involve energy transfer, and this correlation clearly points to these pathways being mediated by charge transfer.</text></s></P><P><s sid="107"><CoreSc1 atype="GSC" type="Obs" conceptID="Obs10" novelty="None" advantage="None"/><text>In Fig. 3 values of kq are plotted against E00 for the ruthenium(ii) and osmium(ii) complexes.</text></s> <s sid="108"><CoreSc1 atype="GSC" type="Obs" conceptID="Obs10" novelty="None" advantage="None"/><text>The rate constants measured in acetonitrile for oxygen quenching of the excited 3MLCT states of a set of ruthenium(ii) diimine complexes by Tan-Sien-Hee et al<REF ID="R-103" REFID="cit10"/>. with E00 values approximately in the same range are also included in Fig. 3 for comparison.</text></s> <s sid="109"><CoreSc1 atype="GSC" type="Res" conceptID="Res21" novelty="None" advantage="None"/><text>The oxidation potentials of the osmium(ii) complexes under investigation are lower than those of the ruthenium(ii) diimine complexes reported by Tan-Sien-Hee et al.<REF ID="R-104" REFID="cit10"/></text></s> <s sid="110"><CoreSc1 atype="GSC" type="Res" conceptID="Res22" novelty="None" advantage="None"/><text>Both sets of complexes show the inverse dependence of kq on the energy of the excited state E00.</text></s> <s sid="111"><CoreSc1 atype="GSC" type="Res" conceptID="Res23" novelty="None" advantage="None"/><text>Fig. 3 shows that for complexes with approximately similar E00, those with lower oxidation potentials show higher quenching rate constants.</text></s> <s sid="112"><CoreSc1 atype="GSC" type="Bac" conceptID="Bac41" novelty="None" advantage="None"/><text>This can be attributed to the involvement of charge transfer assisted quenching processes and the dependence is very similar to that reported previously by ourselves for a series of naphthalene<REF ID="R-105" REFID="cit48"/> and biphenyl<REF ID="R-106" REFID="cit49a"/><REF ID="R-107" REFID="cit49b"/> derivatives where in each case the energies of the lowest excited triplet states were approximately constant and the only variable was the oxidation potential of the derivative.<REF ID="R-108" REFID="cit48"/><REF ID="R-109" REFID="cit49a"/><REF ID="R-110" REFID="cit49b"/><REF ID="R-111" REFID="cit50"/></text></s></P><P><s sid="113"><CoreSc1 atype="GSC" type="Mod" conceptID="Mod10" novelty="None" advantage="None"/><text>A more detailed mechanism for quenching of the electronically excited triplet states 3M* by molecular oxygen is given in Scheme 2 which was originally proposed by Gijzeman et al.<REF ID="R-112" REFID="cit51"/></text></s> <s sid="114"><CoreSc1 atype="GSC" type="Bac" conceptID="Bac42" novelty="None" advantage="None"/><text>This scheme was modified by Garner and Wilkinson<REF ID="R-113" REFID="cit52"/> to include charge transfer intermediates and the probability of intersystem crossing between these intermediates.</text></s> <s sid="115"><CoreSc1 atype="GSC" type="Mod" conceptID="Mod10" novelty="None" advantage="None"/><text>In this Scheme M represents the sensitizer, the two triplet state species diffuse together and apart with diffusional rate constants kd and k−d, respectively, and quintet, triplet, and singlet encounter complexes are formed with the appropriate statistical probabilities.</text></s> <s sid="116"><CoreSc1 atype="GSC" type="Res" conceptID="Res24" novelty="None" advantage="None"/><text>It is clear from Scheme 2 that energy transfer and electron transfer may operate through the singlet channel (O2* production), but for the other principal quenching channel (the triplet channel), no possibility exists for electronic energy transfer due to spin conservation restrictions.</text></s> <s sid="117"><CoreSc1 atype="GSC" type="Mod" conceptID="Mod11" novelty="None" advantage="None"/><text>Recently we have included the possibility of direct production of O2*(1Δg) without passing through the charge-transfer intermediate 1(Mδ+⋯O2δ−), labelled 1kΔ in Scheme 3, in competition with charge transfer assisted production of O2*(1Δg), and also included the possibility of intersystem crossing between the different spin multiplets of both the encounter and charge-transfer intermediates<REF ID="R-114" REFID="cit49a"/><REF ID="R-115" REFID="cit49b"/> (dotted arrows in Scheme 3).</text></s> <s sid="118"><CoreSc1 atype="GSC" type="Res" conceptID="Res25" novelty="None" advantage="None"/><text>Based on the original mechanism of Gijzeman et al.,<REF ID="R-116" REFID="cit51"/> Scheme 2, the value of the efficiency of singlet oxygen production, fΔT, from the excited triplet state would be 1.0 and kq ≤ kd/9 if only the singlet channel was involved while the efficiency of singlet oxygen production, fΔT, would be 0.25 if the singlet and the triplet channels were both involved equally, e.g. both diffusion controlled when kq would be 4kd/9.</text></s> <s sid="119"><CoreSc1 atype="GSC" type="Res" conceptID="Res25" novelty="None" advantage="None"/><text>However, neither of these limiting values has been observed for the range of compounds studied here.</text></s> <s sid="120"><CoreSc1 atype="GSC" type="Res" conceptID="Res26" novelty="None" advantage="None"/><text>For example for ruthenium complexes kq ≤ kd/9 and the efficiency of singlet oxygen production, fΔT, values are in the range 0.50–0.72 whereas in case of osmium complexes kq values are less than 4kd/9 and larger than kd/9 and the efficiency of singlet oxygen production, fΔT, values are in the range 0.10–0.65.</text></s> <s sid="121"><CoreSc1 atype="GSC" type="Hyp" conceptID="Hyp2" novelty="None" advantage="None"/><text>These observations can be attributed to enhanced intersystem crossing between the charge transfer intermediates or to the triplet channel being important even when kq&lt;kd/9.</text></s> <s sid="122"><CoreSc1 atype="GSC" type="Mod" conceptID="Mod12" novelty="None" advantage="None"/><text>Because of the heavy atom effect, in the case of ruthenium(ii) and osmium(ii) complexes one would expect the probability of intersystem crossing to increase and possibly to occur even between the quintet, triplet, and singlet encounter intermediates shown as the dotted arrows in Scheme 3.</text></s> <s sid="123"><CoreSc1 atype="GSC" type="Res" conceptID="Res27" novelty="None" advantage="None"/><text>However, the current data does not require the involvement of intersystem crossing between the triplet and quintet encounter complexes because the quenching rate constants do not exceed 4kd/9.</text></s> <s sid="124"><CoreSc1 atype="GSC" type="Res" conceptID="Res28" novelty="None" advantage="None"/><text>For naphthalene and biphenyl derivatives the dependence of kq on the oxidation potential of the sensitizer clearly establishes the participation of charge transfer intermediates in the quenching mechanism although the extent of intersystem crossing between these intermediates is still open to doubt.<REF ID="R-117" REFID="cit49a"/><REF ID="R-118" REFID="cit49b"/></text></s> <s sid="125"><CoreSc1 atype="GSC" type="Bac" conceptID="Bac43" novelty="None" advantage="None"/><text>Recently we were able to distinguish between rate constants due to direct production of singlet oxygen following excited singlet state quenching without going through the charge transfer intermediate, 1kΔ, and those due to charge transfer assisted quenching in the singlet channel for a series of naphthalene derivatives (Scheme 3).<REF ID="R-119" REFID="cit48"/></text></s></P><P><s sid="126"><CoreSc1 atype="GSC" type="Bac" conceptID="Bac44" novelty="None" advantage="None"/><text>In Fig. 4 we have included the values of kq and fΔT for a large number of ruthenium(ii) complexes of very different size and approximately similar oxidation potentials measured by ourselves<REF ID="R-120" REFID="cit3"/><REF ID="R-121" REFID="cit4"/><REF ID="R-122" REFID="cit5"/> in addition to the complexes under study and a set of naphthalene derivatives<REF ID="R-123" REFID="cit48"/> in acetonitrile for comparison.</text></s> <s sid="127"><CoreSc1 atype="GSC" type="Res" conceptID="Res29" novelty="None" advantage="None"/><text>It can be seen that the inverse relationship between kq and fΔT for the current set of transition metal complexes lie in the region as for the previously reported<REF ID="R-124" REFID="cit3"/><REF ID="R-125" REFID="cit4"/><REF ID="R-126" REFID="cit5"/> ruthenium complexes.</text></s> <s sid="128"><CoreSc1 atype="GSC" type="Res" conceptID="Res30" novelty="None" advantage="None"/><text>Several factors vary for this series of transition metal sensitizers, e.g. oxidation potentials, E00, and the steric factor, whereas in the case of naphthalene derivatives there is only one variable which is the oxidation potential.</text></s> <s sid="129"><CoreSc1 atype="GSC" type="Bac" conceptID="Bac45" novelty="None" advantage="None"/><text>A similar degree of scatter is observed for aromatic hydrocarbons when several parameters varied simultaneously (see refs. <REF ID="R-127" REFID="cit53"/><REF ID="R-128" REFID="cit54"/><REF ID="R-129" REFID="cit55"/>).</text></s></P><P><s sid="130"><CoreSc1 atype="GSC" type="Bac" conceptID="Bac46" novelty="None" advantage="None"/><text>The excited 3MLCT states of osmium complexes are not pure triplet in nature and have about 30–40percent singlet character,<REF ID="R-130" REFID="cit25"/> which makes the analysis more complex.</text></s> <s sid="131"><CoreSc1 atype="GSC" type="Hyp" conceptID="Hyp3" novelty="None" advantage="None"/><text>The higher quenching rate constants in case of osmium complexes can be attributed to the higher singlet character in the excited state, and to the fact that the spin–orbit coupling relaxes the selection rule.</text></s> <s sid="132"><CoreSc1 atype="GSC" type="Hyp" conceptID="Hyp4" novelty="None" advantage="None"/><text>It might also be expected that during oxygen quenching of the 3MLCT excited state of ruthenium(ii) and osmium(ii) systems, the presence the heavy ruthenium or osmium atoms would enhance spin forbidden pathways possibly inducing intersystem crossing between singlet and triplet channels as shown in Scheme 3, the possibility of which is three times higher in case of osmium than ruthenium complexes because the spin–oribit coupling of osmium and ruthenium are 3381 and 1042 cm−1, respectively.<REF ID="R-131" REFID="cit36"/></text></s> <s sid="133"><CoreSc1 atype="GSC" type="Res" conceptID="Res31" novelty="None" advantage="None"/><text>The facts that kq &lt; kd/9 and that fΔT values are less than unity in case of ruthenium complexes, and that kd/9 &lt; kq &lt; 4kd/9 and fΔT values are in the range 0.10–0.65 in case of osmium complexes, is in support of the assumption that Scheme 2 is not an adequate descripiton of this system and that intersystem crossing ocurs at least between singlet and triplet channels following encounter intermediate formation.</text></s></P><P><s sid="134"><CoreSc1 atype="GSC" type="Mod" conceptID="Mod13" novelty="None" advantage="None"/><text>The free energy for electron transfer quenching of excited 3MLCT states of ruthenium(ii) and osmium(ii) complexes by molecular oxygen is expected to depend on the redox parameters and the excitation energies of the interacting species as given by Rehm and Weller<REF ID="R-132" REFID="cit56"/> viz.</text></s> <s sid="135"><CoreSc1 atype="GSC" type="Mod" conceptID="Mod13" novelty="None" advantage="None"/><text><EQN ID="eqn7"><EQ-S ID="s143">ΔGCT = F[E1/2ox − EO2red] − E00 + C</EQ-S></EQN>where F is the Faraday constant and EO2red is the half wave reduction potential for oxygen taken as −0.78 V vs. SCE.<REF ID="R-133" REFID="cit57"/></text></s> <s sid="136"><CoreSc1 atype="GSC" type="Obs" conceptID="Obs11" novelty="None" advantage="None"/><text>The data for E1/2ox presented in Table 2 correspond to reversible oxidation processes of Os(ii)→Os(iii); a full description of the electrochemistry of these complexes has been given previously (see for example ref. <REF ID="R-134" REFID="cit58"/>).</text></s> <s sid="137"><CoreSc1 atype="GSC" type="Mod" conceptID="Mod14" novelty="None" advantage="None"/><text>The Coulomb term given by <EQN ID="eqn8"><EQ-S ID="s147">C = qq′/εr</EQ-S></EQN>represents the electrostatic interaction energy gained by point-charges separated at distance r in a solvent with static dielectric constant, ε, which leads to stabilization when the ions carry opposite charges.</text></s> <s sid="138"><CoreSc1 atype="GSC" type="Mod" conceptID="Mod15" novelty="None" advantage="None"/><text>Often this term is neglected especially in polar solvents such as acetonitrile since ε = 37 (ref. <REF ID="R-135" REFID="cit36"/>).</text></s> <s sid="139"><CoreSc1 atype="GSC" type="Res" conceptID="Res32" novelty="None" advantage="None"/><text>Values of ΔGCT taking C = 0 are given in Table 2.</text></s> <s sid="140"><CoreSc1 atype="GSC" type="Res" conceptID="Res33" novelty="None" advantage="None"/><text>The dependence of kq, kq3 and kq1 on ΔGCT for ruthenium(ii) and osmium(ii) complexes shows a lot of scatter compared with data from a series of naphthalene derivatives<REF ID="R-136" REFID="cit48"/> in acetonitrile (Fig. 5).</text></s> <s sid="141"><CoreSc1 atype="GSC" type="Bac" conceptID="Bac47" novelty="None" advantage="None"/><text>It is worth mentioning that using the oxidation potential of the excited state<REF ID="R-137" REFID="cit10"/> represents only a slight modification to eqn. (7), in that the energies would be shifted by +0.78 eV and hence the shape of the plot in Fig. 5 would remain unchanged.</text></s> <s sid="142"><CoreSc1 atype="GSC" type="Res" conceptID="Res34" novelty="None" advantage="None"/><text>The amount of scatter observed in the current case is very similar to those of a wide range of aromatic hydrocarbons with very different oxidation potential and energy of the exited triplet states.<REF ID="R-138" REFID="cit53"/></text></s> <s sid="143"><CoreSc1 atype="GSC" type="Res" conceptID="Res35" novelty="None" advantage="None"/><text>However, for the current set of compounds there are additional factors that make the dependence on ΔGCT even more complicated because of the different degree of spin–orbit coupling between ruthenium and osmium, different ligands and consequently different steric factors in addition to the wide range of oxidation and energy of the excited states of these compounds.</text></s> <s sid="144"><CoreSc1 atype="GSC" type="Res" conceptID="Res35" novelty="None" advantage="None"/><text>All these factors together lead to such an observed scatter.</text></s></P></DIV><DIV DEPTH="1"><HEADER>Conclusion</HEADER><P><s sid="145"><CoreSc1 atype="GSC" type="Res" conceptID="Res36" novelty="None" advantage="None"/><text>The quenching of the excited metal to ligand charge transfer states of some ruthenium(ii) and osmium(ii) bipyridyl complexes by oxygen has been studied in acetonitrile.</text></s> <s sid="146"><CoreSc1 atype="GSC" type="Res" conceptID="Res1" novelty="None" advantage="None"/><text>We have found that the 3MLCT lifetimes of osmium complexes are shorter than the corresponding ruthenium complexes.</text></s> <s sid="147"><CoreSc1 atype="GSC" type="Con" conceptID="Con1" novelty="None" advantage="None"/><text>That has been attributed to the fact that the spin–orbit coupling constant in the case of osmium is higher than ruthenium and enhanced intersystem crossing to the ground state is attained.</text></s> <s sid="148"><CoreSc1 atype="GSC" type="Res" conceptID="Res31" novelty="None" advantage="None"/><text>The rate constant for quenching by oxygen of the studied ruthenium complexes were found to be ≤ kd/9; where kd is the diffusion controlled rate constant, while in the case of osmium complexes the oxygen quenching rate constants are in the range kd/9 ≤ kq ≤ 4kd/9 consistent with the proposed mechanism where in the case of osmium complexes intersystem crossing between singlet and triplet encounter and charge transfer intermediates should be favoured.</text></s> <s sid="149"><CoreSc1 atype="GSC" type="Con" conceptID="Con2" novelty="None" advantage="None"/><text>There is no clear dependence of the rate constants for quenching by oxygen on the oxidation potentials of the current set of complexes.</text></s> <s sid="150"><CoreSc1 atype="GSC" type="Con" conceptID="Con3" novelty="None" advantage="None"/><text>However, the net quenching rate constant for the non-energy transfer pathway shows a clear correlation with the oxidation potential, which is an indication of the importance of a charge transfer mediated quenching mechanism.</text></s> <s sid="151"><CoreSc1 atype="GSC" type="Res" conceptID="Res37" novelty="None" advantage="None"/><text>A correlation between the oxygen quenching rate constants with the energy of the excited state is shown.</text></s> <s sid="152"><CoreSc1 atype="GSC" type="Con" conceptID="Con4" novelty="None" advantage="None"/><text>Therefore, both state energies and oxidation potentials play a role in controlling the rate of the quenching process.</text></s> <s sid="153"><CoreSc1 atype="GSC" type="Con" conceptID="Con5" novelty="None" advantage="None"/><text>What remains to be elucidated is whether the faster quenching in the case of osmium complexes is due directly to the greater spin–orbit coupling than in the case of ruthenium complexes, or is due to the higher singlet character in the excited state which is a consequence of the higher spin–orbit coupling.</text></s></P></DIV></BODY></PAPER>