<?xml version="1.0" encoding="UTF-8"?>
<!DOCTYPE PAPER
  SYSTEM "paper-structure-annotation.dtd">
<PAPER><mode2 name="b311197k" hasDoc="yes" version="1085"/><TITLE><s sid="1"><CoreSc1 atype="GSC" type="Con" conceptID="Con1" novelty="None" advantage="None"/><text>Unprecedented metal template effect on the coupling of dithiafulvene moieties</text></s></TITLE><ABSTRACT><s sid="2"><CoreSc1 atype="GSC" type="Con" conceptID="Con1" novelty="None" advantage="None"/><text>Coordination of two dithiafulvenyldiphenylphosphines on a Mo(CO)4 fragment allows a carbon–carbon bond formation upon oxidation, leading to a novel type of metallacycle substituted by a redox active vinylogous tetrathiafulvalene.</text></s></ABSTRACT><BODY><DIV DEPTH="1"><HEADER/><P><s sid="3"><CoreSc1 atype="GSC" type="Bac" conceptID="Bac1" novelty="None" advantage="None"/><text>New strategies have emerged recently for creating interactions between redox active cores such as tetrathiafulvalenes (TTF) and inorganic moieties.</text></s> <s sid="4"><CoreSc1 atype="GSC" type="Bac" conceptID="Bac1" novelty="None" advantage="None"/><text>In particular, the chemistry of hybrid building blocks where the donor molecule is linked to the metal via a coordination function has developed rapidly.<REF ID="R-0" REFID="cit2a"/><REF ID="R-1" REFID="cit2b"/><REF ID="R-2" REFID="cit3"/><REF ID="R-3" REFID="cit4"/><REF ID="R-4" REFID="cit5a"/><REF ID="R-5" REFID="cit5b"/></text></s> <s sid="5"><CoreSc1 atype="GSC" type="Bac" conceptID="Bac1" novelty="None" advantage="None"/><text>Along these lines, the phosphine ligand offers numerous possibilities for coordinating metals in their oxidized or reduced forms.<REF ID="R-6" REFID="cit3"/><REF ID="R-7" REFID="cit4"/></text></s> <s sid="6"><CoreSc1 atype="GSC" type="Obj" conceptID="Obj1" novelty="New" advantage="None"/><text>In continuation of our studies on dithiafulvene derivatives, and their ability to form vinylogous tetrathiafulvalenes by oxidative coupling,<REF ID="R-8" REFID="cit6a"/><REF ID="R-9" REFID="cit6b"/><REF ID="R-10" REFID="cit7a"/><REF ID="R-11" REFID="cit7b"/> we have investigated the synthesis of a new dithiafulvene functionalized by a diphenylphosphino moiety.</text></s> <s sid="7"><CoreSc1 atype="GSC" type="Obj" conceptID="Obj1" novelty="New" advantage="None"/><text>Herein, we report the synthesis and the redox properties of this novel redox active vinylphosphine as well as its ability to coordinate the molybdenum Mo(CO)4 fragment.</text></s> <s sid="8"><CoreSc1 atype="GSC" type="Res" conceptID="Res1" novelty="None" advantage="None"/><text>The structural and electrochemical properties of the complex are presented together with the directing effect of the metal on the coupling reaction, upon oxidation, of the two coordinated vinylphosphines leading to a bidentate diphosphine complex with a redox active vinylogous tetrathiafulvalene backbone.</text></s></P><P><s sid="9"><CoreSc1 atype="GSC" type="Met" conceptID="Met1" novelty="New" advantage="None"/><text>The target molecule was prepared according to the chemical pathway described in Scheme 1.</text></s> <s sid="10"><CoreSc1 atype="GSC" type="Bac" conceptID="Bac2" novelty="None" advantage="None"/><text>Compared to methyldiphenylphosphine, it is indeed easy to generate a carbanion of methyldiphenylphosphine borane 1 which is known to react with various electrophiles.<REF ID="R-12" REFID="cit8"/></text></s> <s sid="11"><CoreSc1 atype="GSC" type="Met" conceptID="Met2" novelty="New" advantage="None"/><text>Therefore, in order to prepare the vinylphosphine 4, we treated 1 with LDA and added the 4,5-dimethyl-2-piperidin-1-yl-1,3-dithiol-2-ylium hexafluorophosphate 2 in the medium.</text></s> <s sid="12"><CoreSc1 atype="GSC" type="Met" conceptID="Met3" novelty="New" advantage="None"/><text>The piperidino leaving group can simply be removed by chromatography of the reaction mixture on silica gel.</text></s> <s sid="13"><CoreSc1 atype="GSC" type="Res" conceptID="Res2" novelty="None" advantage="None"/><text>Treatment of this novel phosphine borane complex 3 with DABCO<REF ID="R-13" REFID="cit9"/> allows the decomplexation of the phosphine borane and affords the dithiafulvene 4 as an air stable compound easily recrystallized in MeOH.</text></s></P><P><s sid="14"><CoreSc1 atype="GSC" type="Obj" conceptID="Obj2" novelty="New" advantage="None"/><text>In order to investigate the coordination chemistry of this new phosphine ligand 4 we used cis-Mo(CO)4(piperidine)2.<REF ID="R-14" REFID="cit10"/></text></s> <s sid="15"><CoreSc1 atype="GSC" type="Res" conceptID="Res3" novelty="None" advantage="None"/><text>Indeed, in mild conditions both piperidino ligands can be replaced by other ligands such as phosphines in the cis position.</text></s> <s sid="16"><CoreSc1 atype="GSC" type="Res" conceptID="Res3" novelty="None" advantage="None"/><text>Warming 4 with half an equivalent of cis-Mo(CO)4(piperidine)2 in CH2Cl2 gives the complex 5 as a yellow crystalline solid.</text></s> <s sid="17"><CoreSc1 atype="GSC" type="Res" conceptID="Res4" novelty="None" advantage="None"/><text>The same complex 5 can also be prepared in a one-pot procedure directly from dithiafulvene 3 by adding directly in the medium where 4 was formed the molybdenum carbonyl complex.</text></s> <s sid="18"><CoreSc1 atype="GSC" type="Res" conceptID="Res4" novelty="None" advantage="None"/><text>Using this strategy, the complex 5 was obtained in excellent yield (Scheme 2).</text></s></P><P><s sid="19"><CoreSc1 atype="GSC" type="Res" conceptID="Res4" novelty="None" advantage="None"/><text>Two concomitant polymorphs of 5 were isolated from crystallization in MeOH (5a and 5b, Fig. 1).</text></s> <s sid="20"><CoreSc1 atype="GSC" type="Res" conceptID="Res4" novelty="None" advantage="None"/><text>X-ray crystal structure analysis demonstrates that in both cases the two dithiafulvenes 4 are coordinated to the metal center via the phosphorus atom and that the molybdenum center is surrounded by two cis-coordinated ligands 4.</text></s> <s sid="21"><CoreSc1 atype="GSC" type="Res" conceptID="Res4" novelty="None" advantage="None"/><text>The two crystalline forms differ only by the relative orientation of the dithiafulvene cores.</text></s></P><P><s sid="22"><CoreSc1 atype="GSC" type="Met" conceptID="Met4" novelty="New" advantage="None"/><text>The redox behavior of 3, 4 and 5 was investigated by cyclic voltammetry in dichloromethane.</text></s> <s sid="23"><CoreSc1 atype="GSC" type="Res" conceptID="Res5" novelty="None" advantage="None"/><text>For 3 and 4, only one irreversible oxidation wave is observed, assigned to the oxidation of the dithiafulvene core into the cation radical (Epa = 1.07 V for 3 and Epa = 0.73 V vs. SCE for 4).</text></s> <s sid="24"><CoreSc1 atype="GSC" type="Res" conceptID="Res6" novelty="None" advantage="None"/><text>While for 5 the oxidation of the dithiafulvene core occurs at Epa1 = 0.60 V vs. SCE followed by a second irreversible oxidation wave at higher potential (Epa2 = 1.35 V vs. SCE) corresponding to the oxidation of the metallic center.</text></s> <s sid="25"><CoreSc1 atype="GSC" type="Res" conceptID="Res7" novelty="None" advantage="None"/><text>The 340 mV potential anodic shift for 3 when compared to 4 indicates the electron withdrawing effect of the borane complexation.</text></s> <s sid="26"><CoreSc1 atype="GSC" type="Res" conceptID="Res8" novelty="None" advantage="None"/><text>Contrariwise, the oxidation peak potential for 5 (e.g. 0.60 V) is at a lower potential than the ligand itself (e.g. 0.73 V), indicating an electron donating effect of the molybdenum redox center on the dithiafulvene.</text></s> <s sid="27"><CoreSc1 atype="GSC" type="Con" conceptID="Con2" novelty="None" advantage="None"/><text>This is a surprising feature as usually the complexation of the Mo(CO)4 fragment to a redox active phosphine, such as TTF<REF ID="R-15" REFID="cit2b"/> or metallocene,<REF ID="R-16" REFID="cit11"/> induces a positive shift of about 200 mV.</text></s></P><P><s sid="28"><CoreSc1 atype="GSC" type="Obj" conceptID="Obj3" novelty="New" advantage="None"/><text>On the basis of our preceding studies concerning the oxidative coupling of dithiafulvene derivatives which proceeds through a radical cation–radical cation mechanism,<REF ID="R-17" REFID="cit6a"/><REF ID="R-18" REFID="cit6b"/><REF ID="R-19" REFID="cit7a"/><REF ID="R-20" REFID="cit7b"/> we examined the electrochemical oxidation of 3, 4 and 5 through macroscale electrolyses.</text></s> <s sid="29"><CoreSc1 atype="GSC" type="Obs" conceptID="Obs1" novelty="None" advantage="None"/><text>No product resulting from a carbon–carbon bond formation upon electrochemical oxidation was observed.</text></s> <s sid="30"><CoreSc1 atype="GSC" type="Met" conceptID="Met5" novelty="New" advantage="None"/><text>Next, we tried the chemical oxidation of 3–5 with an oxidizing agent, tris(4-bromophenyl)aminium hexachloroantimonate, which has proved recently to be an efficient reactant for the synthesis of vinylogous TTF starting from dithiafulvenes.<REF ID="R-21" REFID="cit12a"/><REF ID="R-22" REFID="cit12b"/></text></s> <s sid="31"><CoreSc1 atype="GSC" type="Res" conceptID="Res9" novelty="None" advantage="None"/><text>The derivatives 3 and 4 do not undergo intermolecular coupling upon oxidation, but instead we mainly isolated the corresponding phosphine oxide.</text></s> <s sid="32"><CoreSc1 atype="GSC" type="Res" conceptID="Res10" novelty="None" advantage="None"/><text>Treatment of 5 with two equivalents of (BrC6H4)3NSbCl6 followed by a reduction with Na2S2O4 leads, after chromatography on a silica gel column, to the metallacycle 6 resulting from an intramolecular carbon–carbon bond formation upon oxidation (Scheme 3).</text></s></P><P><s sid="33"><CoreSc1 atype="GSC" type="Obs" conceptID="Obs2" novelty="None" advantage="None"/><text>The X-ray molecular structure of 6 is shown in Fig. 2.</text></s> <s sid="34"><CoreSc1 atype="GSC" type="Res" conceptID="Res11" novelty="None" advantage="None"/><text>The five-membered ring is not planar and adopts a half chair conformation due to the steric interactions generated by the two dithiole rings.</text></s> <s sid="35"><CoreSc1 atype="GSC" type="Obs" conceptID="Obs3" novelty="None" advantage="None"/><text>The shortest S…S contact between the two dithiole rings is 3.12 Å and the acute dihedral angle between the two dithiole rings (C2–C1–C11–C12) amounts to 47.8(5)°.</text></s> <s sid="36"><CoreSc1 atype="GSC" type="Obj" conceptID="Obj4" novelty="New" advantage="None"/><text>The redox behavior of 6 was investigated by cyclic voltammetry.</text></s> <s sid="37"><CoreSc1 atype="GSC" type="Res" conceptID="Res12" novelty="None" advantage="None"/><text>One reversible bielectronic wave at Epa = 0.48 V vs. SCE corresponding to the reversible oxidation of the vinylogous TTF core into the dication is observed at a lower potential than the dithiafulvene core in 5.</text></s> <s sid="38"><CoreSc1 atype="GSC" type="Res" conceptID="Res12" novelty="None" advantage="None"/><text>An irreversible oxidation wave attributable to the oxidation of the metallic center occurs at Epa = 1.25 V vs. SCE.</text></s></P><P><s sid="39"><CoreSc1 atype="GSC" type="Obs" conceptID="Obs4" novelty="None" advantage="None"/><text>It is worth noting that in the absence of a metal template no reaction was observed upon oxidation of the dithiafulvenyl ligand 4 or 3, either chemically or electrochemically.</text></s> <s sid="40"><CoreSc1 atype="GSC" type="Res" conceptID="Res13" novelty="None" advantage="None"/><text>The coordination of the dithiafulvenyl phosphine 4 brings closer the two radical cation moieties, thanks to the cis position of the two ligands on the molybdenum center: in both isomers 5a and 5b, the distances between the carbon atoms involved in the formation of the metallacycle do not exceed 3.3 Å.</text></s> <s sid="41"><CoreSc1 atype="GSC" type="Res" conceptID="Res13" novelty="None" advantage="None"/><text>Therefore, upon oxidation, an intramolecular coupling occurs leading to an unprecedented bidentate diphosphine complex with a vinylogous tetrathiafulvalene backbone.</text></s></P><P><s sid="42"><CoreSc1 atype="GSC" type="Con" conceptID="Con1" novelty="None" advantage="None"/><text>In conclusion, we have presented here a unique example of carbon–carbon bond formation between two original vinylphosphine ligands in the coordination sphere of the Mo(CO)4 fragment.</text></s> <s sid="43"><CoreSc1 atype="GSC" type="Con" conceptID="Con3" novelty="None" advantage="None"/><text>Current work is devoted to studying the chelating ability of this redox active phosphine ligand towards low and, even more interesting, high oxidation state transition metal derivatives and the formation of new metallacycles upon oxidation.</text></s></P><P><s sid="44"><CoreSc1 atype="GSC" type="Bac" conceptID="Bac3" novelty="None" advantage="None"/><text>We thank Thierry Roisnel from the Centre de Diffractométrie X, Université de Rennes 1, for X-ray structural determinations.</text></s></P></DIV></BODY></PAPER>