<?xml version="1.0" encoding="UTF-8"?>
<!DOCTYPE PAPER
  SYSTEM "paper-structure-annotation.dtd">
<PAPER><mode2 name="b311589e" hasDoc="yes" version="1085"/><TITLE><s sid="1"><CoreSc1 atype="GSC" type="Obj" conceptID="Obj1" novelty="New" advantage="None"/><text>The first SERRS multiplexing from labelled oligonucleotides in a microfluidics lab-on-a-chip</text></s></TITLE><ABSTRACT><s sid="2"><CoreSc1 atype="GSC" type="Obj" conceptID="Obj1" novelty="New" advantage="None"/><text>The first simultaneous detection of three dye-labelled oligonucleotides in a microfluidics chip by SERRS is reported.</text></s></ABSTRACT><BODY><DIV DEPTH="1"><HEADER/><P><s sid="3"><CoreSc1 atype="GSC" type="Bac" conceptID="Bac1" novelty="None" advantage="None"/><text>The growing need for accurate and fast methods of DNA detection in the post genomic era has generated the development of a number of new platforms for sample analysis.</text></s> <s sid="4"><CoreSc1 atype="GSC" type="Bac" conceptID="Bac2" novelty="None" advantage="None"/><text>Two of the most popular approaches have been the use of microarrays of immobilized probes and microfluidic chips.</text></s> <s sid="5"><CoreSc1 atype="GSC" type="Mot" conceptID="Mot1" novelty="None" advantage="None"/><text>Both approaches require a detection technique to be used with the platform which has a high enough sensitivity for such small analyte volumes.</text></s> <s sid="6"><CoreSc1 atype="GSC" type="Bac" conceptID="Bac3" novelty="None" advantage="None"/><text>The techniques of choice tend to be mass spectrometry or fluorescence spectroscopy.</text></s> <s sid="7"><CoreSc1 atype="GSC" type="Hyp" conceptID="Hyp1" novelty="None" advantage="None"/><text>Here we propose surface enhanced resonance Raman scattering (SERRS) as an alternative spectroscopy for detection.</text></s> <s sid="8"><CoreSc1 atype="GSC" type="Met" conceptID="Met1" novelty="None" advantage="Yes"/><text>SERRS and fluorescence have comparable sensitivities but one main advantage of SERRS is that the peaks in the spectra are much narrower and are more easily resolved.</text></s> <s sid="9"><CoreSc1 atype="GSC" type="Met" conceptID="Met1" novelty="None" advantage="Yes"/><text>This, in principle, opens up the potential for the simultaneous detection of multiple labels to a degree not possible with fluorescence, thus providing an enabling technology for the more complex assays required since the completion of the human genome map.</text></s> <s sid="10"><CoreSc1 atype="GSC" type="Met" conceptID="Met1" novelty="None" advantage="Yes"/><text>Also, when using SERRS both fluorophores and nonfluorophores are suitable so that a more extensive and simpler labelling chemistry can be employed.</text></s></P><P><s sid="11"><CoreSc1 atype="GSC" type="Met" conceptID="Met2" novelty="Old" advantage="None"/><text>We have reported several studies on the use of SERRS for DNA analysis<REF ID="R-0" REFID="cit2"/><REF ID="R-1" REFID="cit3"/><REF ID="R-2" REFID="cit4"/> and described the use of SERRS for multiplex genotyping of the cystic fibrosis gene.<REF ID="R-3" REFID="cit5"/></text></s> <s sid="12"><CoreSc1 atype="GSC" type="Met" conceptID="Met2" novelty="Old" advantage="No"/><text>However, in all of the previous work the samples have been analysed in microtitre plates.</text></s> <s sid="13"><CoreSc1 atype="GSC" type="Obj" conceptID="Obj1" novelty="New" advantage="Yes"/><text>This current study now describes the first use of SERRS to simultaneously detect three labeled oligonucleotides in a microfluidic chip.</text></s> <s sid="14"><CoreSc1 atype="GSC" type="Goa" conceptID="Goa1" novelty="None" advantage="None"/><text>We believe that this is the first step in the development of a fast and highly sensitive multiple recognition system which could be used in a variety of situations including genetic sequencing and detection of explosives.</text></s></P><P><s sid="15"><CoreSc1 atype="GSC" type="Mod" conceptID="Mod1" novelty="None" advantage="None"/><text>Fig. 1 shows a schematic view of the chip design (left) and a scanning electron micrograph of part of the chip (right).</text></s> <s sid="16"><CoreSc1 atype="GSC" type="Bac" conceptID="Bac4" novelty="None" advantage="None"/><text>SERRS requires a metal surface for enhancement and a coloured label for a resonance contribution.</text></s> <s sid="17"><CoreSc1 atype="GSC" type="Met" conceptID="Met3" novelty="New" advantage="None"/><text>In this case silver colloid and water are introduced into channels A and B respectively.</text></s> <s sid="18"><CoreSc1 atype="GSC" type="Met" conceptID="Met3" novelty="New" advantage="None"/><text>Pre-mixed analyte and spermine enter through channel C. Spermine is required to aggregate the colloid and neutralise the phosphate backbone in the oligonucleotide.</text></s> <s sid="19"><CoreSc1 atype="GSC" type="Met" conceptID="Met3" novelty="New" advantage="Yes"/><text>The chip was designed in this manner so that the colloid and aggregating agent were not mixed together before the introduction of the analyte, to avoid over-aggregation of the colloid before the SERRS data is collected at point X.</text></s></P><P><s sid="20"><CoreSc1 atype="GSC" type="Met" conceptID="Met4" novelty="Old" advantage="None"/><text>In our previous report of the detection of a model analyte in a microfluidics chip by SERRS,<REF ID="R-4" REFID="cit6"/> a glass chip was used.</text></s> <s sid="21"><CoreSc1 atype="GSC" type="Met" conceptID="Met5" novelty="New" advantage="None"/><text>In our current work we now investigate the first use of polymer chips made of polydimethylsiloxane (PDMS) for SERRS analysis.</text></s> <s sid="22"><CoreSc1 atype="GSC" type="Met" conceptID="Met5" novelty="New" advantage="None"/><text>Rather than fabricating a glass chip, a silicon mould was made onto which the PDMS could be poured and cured.</text></s> <s sid="23"><CoreSc1 atype="GSC" type="Met" conceptID="Met5" novelty="New" advantage="Yes"/><text>This provides a cheap and quick way of producing numerous chips, much more easily than those made in glass, greatly increasing their dispensability and reducing risk of cross contamination.</text></s></P><P><s sid="24"><CoreSc1 atype="GSC" type="Exp" conceptID="Exp1" novelty="None" advantage="None"/><text>To make the mould a silicon wafer was cleaned in piranha solution (7 : 1 conc. H2SO4 : 30percent H2O2) for 15 min, rinsed in deionised water and then dried in nitrogen.</text></s> <s sid="25"><CoreSc1 atype="GSC" type="Exp" conceptID="Exp2" novelty="None" advantage="None"/><text>The wafer was then spin coated with AZ4562 photoresist at 4000 rpm for 30 s (∼6 µm thick film), and was baked on a hotplate at 90 °C for 2 min.</text></s> <s sid="26"><CoreSc1 atype="GSC" type="Exp" conceptID="Exp3" novelty="None" advantage="None"/><text>Once cooled, the acetate mask pattern was transferred to the photoresist by exposure on a mask aligner.</text></s> <s sid="27"><CoreSc1 atype="GSC" type="Exp" conceptID="Exp4" novelty="None" advantage="None"/><text>The substrate was developed in 4 : 1 v/v water/AZ A400K developer solution for 2 min and dried in nitrogen.</text></s> <s sid="28"><CoreSc1 atype="GSC" type="Exp" conceptID="Exp5" novelty="None" advantage="None"/><text>The exposed silicon was then etched to a depth of 100 µm on an STS inductively coupled plasma reactive ion etch machine.</text></s> <s sid="29"><CoreSc1 atype="GSC" type="Exp" conceptID="Exp6" novelty="None" advantage="None"/><text>The remaining photoresist was removed in acetone.</text></s> <s sid="30"><CoreSc1 atype="GSC" type="Exp" conceptID="Exp7" novelty="None" advantage="None"/><text>The silicon was then silanized with dichloromethylsilane.</text></s> <s sid="31"><CoreSc1 atype="GSC" type="Exp" conceptID="Exp8" novelty="None" advantage="None"/><text>To fabricate the chips, PDMS Sylgard Elastomer 184 was mixed in a 10 : 1 w/w base to curing agent ratio and poured over the silicon mould.</text></s> <s sid="32"><CoreSc1 atype="GSC" type="Exp" conceptID="Exp8" novelty="None" advantage="None"/><text>This was left for 1 h to allow the sample to degas, and was then baked at 70 °C for 1 h and was finally removed from the mould.</text></s></P><P><s sid="33"><CoreSc1 atype="GSC" type="Exp" conceptID="Exp9" novelty="None" advantage="None"/><text>A cover plate was required to attach tubing to the microfluidics cells.</text></s> <s sid="34"><CoreSc1 atype="GSC" type="Exp" conceptID="Exp9" novelty="None" advantage="None"/><text>This was manufactured by drilling 1 mm holes in a glass slide.</text></s> <s sid="35"><CoreSc1 atype="GSC" type="Exp" conceptID="Exp9" novelty="None" advantage="None"/><text>Graphite ferrules providing mechanical support were bonded over these holes with a cyanoacrylate adhesive.</text></s> <s sid="36"><CoreSc1 atype="GSC" type="Exp" conceptID="Exp9" novelty="None" advantage="None"/><text>Once cured, fused silica capillary was inserted into the holes via the ferrules and held in place with a few drops of araldite.</text></s> <s sid="37"><CoreSc1 atype="GSC" type="Exp" conceptID="Exp10" novelty="None" advantage="None"/><text>The microstructured PDMS was then placed on the glass base plate allowing fluidic connections.</text></s></P><P><s sid="38"><CoreSc1 atype="GSC" type="Obs" conceptID="Obs1" novelty="None" advantage="None"/><text>Fig. 2 shows the SERRS acquired in a microfluidics chip from two separate oligonucleotide sequences described in Table 1.</text></s> <s sid="39"><CoreSc1 atype="GSC" type="Mod" conceptID="Mod2" novelty="None" advantage="None"/><text>We have previously reported the single and multiplex SERRS spectra from these analytes recorded in a microtitre plate,<REF ID="R-5" REFID="cit2"/> which therefore provided a good model system for evaluating the use of microfluidics for this type of analysis.</text></s> <s sid="40"><CoreSc1 atype="GSC" type="Exp" conceptID="Exp11" novelty="None" advantage="None"/><text>The spectra were acquired using a Renishaw 2000 Raman Microprobe with a charge-coupled device (CCD) spectrometer.</text></s> <s sid="41"><CoreSc1 atype="GSC" type="Exp" conceptID="Exp12" novelty="None" advantage="None"/><text>The excitation was provided by a Spectra-Physics Model 2020 argon-ion laser with a wavelength of 514.5 nm and 3 mW of power at the source.</text></s> <s sid="42"><CoreSc1 atype="GSC" type="Exp" conceptID="Exp13" novelty="None" advantage="None"/><text>The fluids were pumped through the chip at a flow rate of 26 µl s–1 using pressure driven flow provided by a syringe pump attached at the outlet channel at point D. When it was obvious that the main channel was filled with the analyte and aggregated colloid mixture the pump was stopped and the SERRS spectrum acquired.</text></s> <s sid="43"><CoreSc1 atype="GSC" type="Exp" conceptID="Exp14" novelty="None" advantage="None"/><text>The spectra were collected at point X using a 20× objective and an acquisition time of 1 s.</text></s></P><P><s sid="44"><CoreSc1 atype="GSC" type="Obs" conceptID="Obs2" novelty="None" advantage="None"/><text>It is clear that well-defined spectra were obtainable from the dye labels in PDMS cells.</text></s> <s sid="45"><CoreSc1 atype="GSC" type="Res" conceptID="Res1" novelty="None" advantage="None"/><text>The spectra are identical to those acquired from bulk samples in microtitre plates.</text></s> <s sid="46"><CoreSc1 atype="GSC" type="Con" conceptID="Con1" novelty="None" advantage="None"/><text>This indicates that there is adequate mixing of the analyte and aggregated colloid for effective surface enhancement of the Raman signal, although the laminar flow in the chip is not conducive to mixing of the reagents.</text></s> <s sid="47"><CoreSc1 atype="GSC" type="Con" conceptID="Con2" novelty="None" advantage="None"/><text>The absence of any additional peaks also suggests that PDMS does not have a strong SERRS signal which could interfere with that of the analyte at these wavenumbers, making disposable PDMS chips suitable for SERRS.</text></s></P><P><s sid="48"><CoreSc1 atype="GSC" type="Obs" conceptID="Obs3" novelty="None" advantage="None"/><text>Fig. 2 also shows the SERRS spectrum recorded in a chip from a mixture of the two labelled oligonucleotides.</text></s> <s sid="49"><CoreSc1 atype="GSC" type="Exp" conceptID="Exp15" novelty="None" advantage="None"/><text>In a similar manner to the single analytes, the two oligonucleotides were premixed with spermine and sucked through inlet C, whilst colloid and water were sucked through inlets A and B respectively.</text></s> <s sid="50"><CoreSc1 atype="GSC" type="Res" conceptID="Res2" novelty="None" advantage="None"/><text>It is clear that both analytes can be easily recognised in the spectrum from the mixture.</text></s> <s sid="51"><CoreSc1 atype="GSC" type="Res" conceptID="Res3" novelty="None" advantage="None"/><text>In particular the peak at 1629 cm–1 is obviously due to HEX and that at 1647 cm–1 can be assigned to rhodamine.</text></s></P><P><s sid="52"><CoreSc1 atype="GSC" type="Obs" conceptID="Obs4" novelty="None" advantage="None"/><text>A further example of SERRS multiplexing recorded from a microfluidics chip is shown in Fig. 3.</text></s> <s sid="53"><CoreSc1 atype="GSC" type="Res" conceptID="Res4" novelty="None" advantage="None"/><text>In this case a further three oligos, each with different sequences and different dye labels, have been simultaneously detected.</text></s> <s sid="54"><CoreSc1 atype="GSC" type="Con" conceptID="Con3" novelty="None" advantage="None"/><text>Table 1 gives the sequences which are for E. coli variants and therefore provide a good example of how the simultaneous detection of dye-labelled oligonucleotides could be applied to clinical analysis.</text></s> <s sid="55"><CoreSc1 atype="GSC" type="Exp" conceptID="Exp16" novelty="None" advantage="None"/><text>In a further step towards clinical analysis, the spectra were acquired using a S2000 Ocean Optics portable spectrometer with a 532 nm laser rather than the laboratory based Renishaw system.</text></s></P><P><s sid="56"><CoreSc1 atype="GSC" type="Obs" conceptID="Obs5" novelty="None" advantage="None"/><text>The SERRS from the individual analytes and from a mixture of all three of them are shown in Fig. 3.</text></s> <s sid="57"><CoreSc1 atype="GSC" type="Res" conceptID="Res5" novelty="None" advantage="None"/><text>Although the spectrum from the mixture is complex the contributions from each of the three analytes are readily distinguishable in the multiplex spectrum and can be readily deconvoluted using currently available software.</text></s> <s sid="58"><CoreSc1 atype="GSC" type="Res" conceptID="Res6" novelty="None" advantage="None"/><text>A number of peaks have been highlighted to show the contributions from all three dye labelled oligonucleotides.</text></s> <s sid="59"><CoreSc1 atype="GSC" type="Res" conceptID="Res7" novelty="None" advantage="None"/><text>The peak in the multiplex spectrum at 632 cm–1 can be assigned to the FAM label, 1397 and 1592 cm–1 to Cy3 and 584 and 736 cm–1 to TET.</text></s> <s sid="60"><CoreSc1 atype="GSC" type="Res" conceptID="Res8" novelty="None" advantage="None"/><text>The peak at 1319 cm–1 and shoulder at 1638 cm–1 will have contributions from both FAM and TET.</text></s> <s sid="61"><CoreSc1 atype="GSC" type="Con" conceptID="Con4" novelty="None" advantage="None"/><text>Fig. 3 also shows that although the portable Raman spectrometer has a poorer resolution than the laboratory based Renishaw instrument, it is still good enough for the individual dye labels to be identified in the multiplex spectrum.</text></s></P><P><s sid="62"><CoreSc1 atype="GSC" type="Con" conceptID="Con5" novelty="None" advantage="None"/><text>In conclusion we have demonstrated the simultaneous detection by SERRS of up to three labelled oligonucleotides in a microfluidics chip.</text></s> <s sid="63"><CoreSc1 atype="GSC" type="Con" conceptID="Con6" novelty="None" advantage="None"/><text>The ability to analyse these samples in a chip will lead to cheaper and more environmentally friendly analysis since smaller sample volumes will be required.</text></s> <s sid="64"><CoreSc1 atype="GSC" type="Con" conceptID="Con7" novelty="None" advantage="None"/><text>We have also shown that PDMS is a suitable fabrication material for the chip for SERRS analysis.</text></s> <s sid="65"><CoreSc1 atype="GSC" type="Con" conceptID="Con8" novelty="None" advantage="None"/><text>The cheap and disposable nature of these chips will reduce risks of cross-contamination and save time cleaning chips.</text></s> <s sid="66"><CoreSc1 atype="GSC" type="Con" conceptID="Con9" novelty="None" advantage="None"/><text>The narrow SERRS signals provide the capability to enable the simultaneous detection of multiple analytes and the ability to use a low-resolution portable spectrometer will also dramatically reduce the cost of such systems.</text></s> <s sid="67"><CoreSc1 atype="GSC" type="Con" conceptID="Con10" novelty="None" advantage="None"/><text>Our demonstration of the simultaneous detection of three oligonucleotides with E. coli sequences is a vital step towards a device for clinical analysis using this technology.</text></s></P></DIV></BODY></PAPER>