<?xml version="1.0" encoding="UTF-8"?>
<!DOCTYPE PAPER
  SYSTEM "paper-structure-annotation.dtd">
<PAPER><mode2 name="b312684f" hasDoc="yes" version="1168"/><TITLE><s sid="1"><CoreSc1 atype="GSC" type="Hyp" conceptID="Hyp1" novelty="None" advantage="None"/><text>Promotion of reduction in Ce<SB>0.5</SB>Zr<SB>0.5</SB>O<SB>2</SB>: the pyrochlore structure as effect rather than cause?<XREF TYPE="FOOTNOTE_MARKER" ID="fn1"/></text></s></TITLE><ABSTRACT><s sid="2"><CoreSc1 atype="GSC" type="Res" conceptID="Res1" novelty="None" advantage="None"/><text>Evidence is presented that the well-established phenomenon of promotion of Ce<SB>0.5</SB>Zr<SB>0.5</SB>O<SB>2</SB> reduction by suitable treatment procedures may be controlled by adjusting the conditions; and that such reduction leads to the formation of the pyrochlore structure at extremely low temperature.</text></s></ABSTRACT><BODY><DIV DEPTH="1"><HEADER/><P><s sid="3"><CoreSc1 atype="GSC" type="Bac" conceptID="Bac1" novelty="None" advantage="None"/><text>The redox properties of ceria–zirconia mixed oxides (CZMOs) have been extensively investigated due to their use in automotive three-way catalysts (TWCs), in which CZMOs are included as the oxygen storage component.<REF TYPE="P" ID="cit1">1</REF></text></s> <s sid="4"><CoreSc1 atype="GSC" type="Mot" conceptID="Mot1" novelty="None" advantage="None"/><text>Correlation between structure and ease of reduction, which has received particular interest, remains an open question.</text></s> <s sid="5"><CoreSc1 atype="GSC" type="Bac" conceptID="Bac2" novelty="None" advantage="None"/><text>The Ce<SB>1–<IT>x</IT></SB>Zr<IT><SB>x</SB></IT>O<SB>2</SB> phase diagram<REF TYPE="P" ID="cit2">2</REF> may be summarised as follows: for <IT>x</IT> ≤ 0.15 a cubic, fluorite-type phase is formed, while for <IT>x</IT> ≥ 0.85, a monoclinic phase is present.</text></s> <s sid="6"><CoreSc1 atype="GSC" type="Bac" conceptID="Bac2" novelty="None" advantage="None"/><text>At intermediate compositions, various phases (t, t′, t″, κ and t*) have been identified.<REF TYPE="P" ID="cit2 cit3 cit4">2–4</REF></text></s> <s sid="7"><CoreSc1 atype="GSC" type="Bac" conceptID="Bac3" novelty="None" advantage="None"/><text>Oxygen deficient structures, such as the pyrochlore structure (A<SB>2</SB>B<SB>2</SB>X<SB>7</SB>), may also be formed.<REF TYPE="P" ID="cit5">5</REF></text></s> <s sid="8"><CoreSc1 atype="GSC" type="Bac" conceptID="Bac3" novelty="None" advantage="None"/><text>This is an ordered defect structure, related to that of fluorite, with ⅛ of the anions missing.</text></s> <s sid="9"><CoreSc1 atype="GSC" type="Bac" conceptID="Bac3" novelty="None" advantage="None"/><text>In practice, pyrochlores are often not stoichiometric and are more correctly represented as A<SB>2</SB>B<SB>2</SB>X<SB>7+<IT>y</IT></SB>.</text></s> <s sid="10"><CoreSc1 atype="GSC" type="Mot" conceptID="Mot2" novelty="None" advantage="None"/><text>Current interest in the pyrochlore structure in CZMOs is strong as its formation has been suggested to enhance oxygen storage behaviour.<REF TYPE="P" ID="cit3 cit4 cit6 cit7">3,4,6,7</REF></text></s> <s sid="11"><CoreSc1 atype="GSC" type="Bac" conceptID="Bac4" novelty="None" advantage="None"/><text>For CZMOs, they are generally reported to form under severe reducing conditions.<REF TYPE="P" ID="cit5">5</REF></text></s> <s sid="12"><CoreSc1 atype="GSC" type="Obj" conceptID="Obj1" novelty="New" advantage="None"/><text>Here, we report evidence for the formation of a pyrochlore for Ce<SB>0.5</SB>Zr<SB>0.5</SB>O<SB>2</SB> during low temperature reduction of the sample.</text></s></P><P><s sid="13"><CoreSc1 atype="GSC" type="Exp" conceptID="Exp1" novelty="None" advantage="None"/><text>Ce<SB>0.5</SB>Zr<SB>0.5</SB>O<SB>2</SB>, BET surface area 40 m<SP>2</SP> g<SP>–1</SP> after calcination at 773 K (5 h), was prepared by a previously reported citrate route.<REF TYPE="P" ID="cit8">8</REF></text></s> <s sid="14"><CoreSc1 atype="GSC" type="Exp" conceptID="Exp2" novelty="None" advantage="None"/><text>An <IT>in-situ</IT> cleaning procedure (CP) was applied before each set of experiments.</text></s> <s sid="15"><CoreSc1 atype="GSC" type="Exp" conceptID="Exp3" novelty="None" advantage="None"/><text>Temperature programmed reduction (TPR) profiles (25 mg of sample) were recorded in a system equipped with a thermal conductivity detector: CP-O<SB>2</SB> at 773 K (1 h), then cool, first to 423 K in O<SB>2</SB>, then to room temperature (rt) in Ar; TPR-H<SB>2</SB> (10 or 1%) in Ar at rt (30 min), ramp to 1173 or 1273 K, hold 15 min, switch to Ar (15 min).</text></s> <s sid="16"><CoreSc1 atype="GSC" type="Exp" conceptID="Exp4" novelty="None" advantage="None"/><text>TPR profiles are designated as severe reduction (SR) procedures; after TPR, cool to 700 K and oxidise (mild oxidation—MO) in O<SB>2</SB> (1 h), or oxidise at 1173 or 1273 K (severe oxidation—SO).</text></s> <s sid="17"><CoreSc1 atype="GSC" type="Exp" conceptID="Exp4" novelty="None" advantage="None"/><text>O<SB>2</SB> was pulsed in all cases (100 µl, every 75 s).</text></s> <s sid="18"><CoreSc1 atype="GSC" type="Exp" conceptID="Exp5" novelty="None" advantage="None"/><text>Flow and ramp rates: 25 ml min<SP>–1</SP> and 10 K min<SP>–1</SP> respectively.</text></s> <s sid="19"><CoreSc1 atype="GSC" type="Met" conceptID="Met1" novelty="Old" advantage="None"/><text>Powder XRD spectra were collected on a Siemens Kristalloflex Mod.F (Ni-filtered Cu Kα).</text></s> <s sid="20"><CoreSc1 atype="GSC" type="Met" conceptID="Met2" novelty="Old" advantage="None"/><text>TPR-Raman spectra were obtained on a Renishaw Raman System 1000, with an Ar laser (514 nm, 25 mW) fitted with an <IT>in-situ</IT> cell that allows control of temperature and gas flow.</text></s> <s sid="21"><CoreSc1 atype="GSC" type="Exp" conceptID="Exp6" novelty="None" advantage="None"/><text>Reduction was performed by introducing the reducing gas (1 or 10% H<SB>2</SB> in Ar), heating in a stepwise manner (50 K intervals) and recording the spectra during the isothermal steps (15 min).</text></s> <s sid="22"><CoreSc1 atype="GSC" type="Exp" conceptID="Exp7" novelty="None" advantage="None"/><text>Oxidation was performed in the same cell at the same temperatures as for TPR experiments.</text></s></P><P><s sid="23"><CoreSc1 atype="GSC" type="Bac" conceptID="Bac5" novelty="None" advantage="None"/><text>It is known that the temperature at which CZMOs release oxygen under reducing conditions may be decreased or increased upon application of SR/MO or SO treatment regimes.<REF TYPE="P" ID="cit3 cit4 cit8 cit9">3,4,8,9</REF></text></s> <s sid="24"><CoreSc1 atype="GSC" type="Obs" conceptID="Obs1" novelty="None" advantage="None"/><text>This effect is reported in Fig. 1, which shows a series of TPR profiles obtained using 10 and 1% H<SB>2</SB>.</text></s> <s sid="25"><CoreSc1 atype="GSC" type="Exp" conceptID="Exp8" novelty="None" advantage="None"/><text>SR and SO were conducted at both 1173 K (A) and 1273 K (B).</text></s> <s sid="26"><CoreSc1 atype="GSC" type="Mod" conceptID="Mod1" novelty="None" advantage="None"/><text>Due to the different response to 1 and 10% H<SB>2</SB>, the profiles shown have been normalised to the total area detected.</text></s> <s sid="27"><CoreSc1 atype="GSC" type="Met" conceptID="Met3" novelty="Old" advantage="None"/><text>Profiles A1, A2, B1 and B2 were obtained after: SR–MO–SR–SO.</text></s> <s sid="28"><CoreSc1 atype="GSC" type="Res" conceptID="Res2" novelty="None" advantage="None"/><text>All show H<SB>2</SB> uptake at relatively high temperature, the maximum of which depends on H<SB>2</SB> concentration.</text></s> <s sid="29"><CoreSc1 atype="GSC" type="Bac" conceptID="Bac6" novelty="None" advantage="None"/><text>The latter is an established TPR phenomenon.<REF TYPE="P" ID="cit10">10</REF></text></s> <s sid="30"><CoreSc1 atype="GSC" type="Met" conceptID="Met4" novelty="Old" advantage="None"/><text>After intermediate MO procedures, further TPR profiles (A1′, A2′, B1′ and B2′) were recorded.</text></s> <s sid="31"><CoreSc1 atype="GSC" type="Obs" conceptID="Obs2" novelty="None" advantage="None"/><text>The most striking feature of this data set is that, for SR and SO at 1173 K (A), the procedure followed results in low temperature reduction with 10% H<SB>2</SB> but not with 1% H<SB>2</SB>.</text></s> <s sid="32"><CoreSc1 atype="GSC" type="Res" conceptID="Res3" novelty="None" advantage="None"/><text>It should be noted that the profile always remains on-scale with 1% H<SB>2</SB>.</text></s> <s sid="33"><CoreSc1 atype="GSC" type="Res" conceptID="Res3" novelty="None" advantage="None"/><text>Thus, reduction is not limited by H<SB>2</SB> concentration.</text></s> <s sid="34"><CoreSc1 atype="GSC" type="Res" conceptID="Res4" novelty="None" advantage="None"/><text>For SR and SO at 1273 K (B), low temperature reduction is observed with both H<SB>2</SB> concentrations, but the effect is more pronounced with 10% H<SB>2</SB>, in the sense that the relative intensities of the two peaks observed indicate more uptake in the low temperature feature.</text></s> <s sid="35"><CoreSc1 atype="GSC" type="Obs" conceptID="Obs3" novelty="None" advantage="None"/><text>Cycling between the related profiles in Fig. 1B may be achieved by further SO and SR–MO treatments.</text></s> <s sid="36"><CoreSc1 atype="GSC" type="Con" conceptID="Con1" novelty="None" advantage="None"/><text>Thus, aspects of the behaviour reported in Fig. 1 are consistent with previous observations.<REF TYPE="P" ID="cit8 cit9">8,9</REF></text></s> <s sid="37"><CoreSc1 atype="GSC" type="Con" conceptID="Con1" novelty="None" advantage="None"/><text>However, here we show that the effect is also strongly dependent on H<SB>2</SB> concentration and temperature, in addition to the known dependence on the oxidation conditions (SO <IT>vs.</IT> MO).<REF TYPE="P" ID="cit9">9</REF></text></s></P><P><s sid="38"><CoreSc1 atype="GSC" type="Obs" conceptID="Obs4" novelty="None" advantage="None"/><text>Rietveld analysis of the XRD profile after SO at 1173 and 1273 K initially indicated that the structure may be fitted equally well using cubic (<IT>Fm</IT>3<IT>m</IT>) or tetragonal (<IT>P</IT>4<SB>2</SB>/<IT>nmc</IT>) models.</text></s> <s sid="39"><CoreSc1 atype="GSC" type="Obs" conceptID="Obs5" novelty="None" advantage="None"/><text>Careful collection of XRD data revealed the presence of a low intensity characteristic t′ reflection (2<IT>θ</IT> = 42°).</text></s> <s sid="40"><CoreSc1 atype="GSC" type="Res" conceptID="Res5" novelty="None" advantage="None"/><text>Similar analysis after subsequent SR (corresponding to 1A2 and 1B1)–MO showed only a small cell volume decrease from the SO-treated samples, suggesting that the procedures do not induce significant changes in the cation sub-lattice, at least on the XRD scale of detection (see ESI<SUP TYPE="FOOTNOTE_MARKER" ID="fn1"/>).</text></s></P><P><s sid="41"><CoreSc1 atype="GSC" type="Obs" conceptID="Obs6" novelty="None" advantage="None"/><text>Fig. 2 shows two series of <IT>in-situ</IT> TPR-Raman spectra obtained during reduction of Ce<SB>0.5</SB>Zr<SB>0.5</SB>O<SB>2</SB> using 1% H<SB>2</SB> (A) and 10% H<SB>2</SB> (B).</text></s> <s sid="42"><CoreSc1 atype="GSC" type="Obs" conceptID="Obs6" novelty="None" advantage="None"/><text>These Raman spectra offer a representative study of the TPR profiles A2′ and B1′ shown in Fig. 1.</text></s> <s sid="43"><CoreSc1 atype="GSC" type="Obs" conceptID="Obs6" novelty="None" advantage="None"/><text>In both cases, there was negligible change in the position and a small decrease in intensity of the peaks between rt and 473 K (first spectra shown).</text></s> <s sid="44"><CoreSc1 atype="GSC" type="Res" conceptID="Res6" novelty="None" advantage="None"/><text>It is important to underline the possibility of superimposed luminescence signals, derived from rare earth impurities at ppm levels, in these spectra.<REF TYPE="P" ID="cit11">11</REF></text></s> <s sid="45"><CoreSc1 atype="GSC" type="Bac" conceptID="Bac7" novelty="None" advantage="None"/><text>The intensity of such peaks strongly depends on factors such as temperature and environment, so great care must be taken when comparing spectra for structural analysis.</text></s> <s sid="46"><CoreSc1 atype="GSC" type="Res" conceptID="Res7" novelty="None" advantage="None"/><text>For the sample treated to 1173 K in 1% H<SB>2</SB> (Fig. 2A), the first spectrum shows peaks at 225, 306, 470, and 623 cm<SP>–1</SP> which are consistent with the presence of a t′ phase.<REF TYPE="P" ID="cit12">12</REF></text></s> <s sid="47"><CoreSc1 atype="GSC" type="Res" conceptID="Res7" novelty="None" advantage="None"/><text>As the reduction temperature increases, the peak intensities decrease, until, at temperatures corresponding to complete reduction of the sample (Fig. 1A2′), a featureless spectrum is observed.</text></s> <s sid="48"><CoreSc1 atype="GSC" type="Res" conceptID="Res7" novelty="None" advantage="None"/><text>No Raman features could be observed at 1173 K and above due to the blackbody radiation, which overwhelms the Raman signal.</text></s> <s sid="49"><CoreSc1 atype="GSC" type="Res" conceptID="Res8" novelty="None" advantage="None"/><text>In the case of the sample treated to 1273 K in 10% H<SB>2</SB>, the first spectrum shows peaks at 184, 301, 470, 540 and 623 cm<SP>–1</SP>, which are also consistent with the presence of a t′ phase.</text></s> <s sid="50"><CoreSc1 atype="GSC" type="Obs" conceptID="Obs7" novelty="None" advantage="None"/><text>Between 523 and 573 K, after commencement of sample reduction (Fig. 1B1′), peak intensities decrease strongly.</text></s> <s sid="51"><CoreSc1 atype="GSC" type="Obs" conceptID="Obs7" novelty="None" advantage="None"/><text>At 623 K a weak peak appears at 295 cm<SP>–1</SP>, which becomes more intense and shifts to lower wavenumber as the temperature increases, while others appear at 380 and 495 cm<SP>–1</SP>.</text></s> <s sid="52"><CoreSc1 atype="GSC" type="Con" conceptID="Con2" novelty="None" advantage="None"/><text>These peaks are consistent with the formation of a pyrochlore phase.<REF TYPE="P" ID="cit3">3</REF></text></s> <s sid="53"><CoreSc1 atype="GSC" type="Obs" conceptID="Obs8" novelty="None" advantage="None"/><text>It is clear that the temperature at which the pyrochlore structure becomes visible (673 K, Fig. 2) is well above the start of the reduction profile (&lt;500 K, Fig. 1B1′).</text></s> <s sid="54"><CoreSc1 atype="GSC" type="Hyp" conceptID="Hyp2" novelty="None" advantage="None"/><text>The difference in experimental procedure (ramped <IT>vs.</IT> stepped temperature increase) should mean that, at a given temperature, the sample is more reduced during TPR-Raman than during TPR.</text></s> <s sid="55"><CoreSc1 atype="GSC" type="Obj" conceptID="Obj2" novelty="New" advantage="None"/><text>Finally, after a TPR-Raman series corresponding to Fig 1B1, the sample was cooled to 700 K and spectra were measured before and after oxidation.</text></s> <s sid="56"><CoreSc1 atype="GSC" type="Res" conceptID="Res9" novelty="None" advantage="None"/><text>No evidence of the pyrochlore or related structures was found, indicating that the pyrochlore was not formed at high temperature during the previous TPR.</text></s></P><P><s sid="57"><CoreSc1 atype="GSC" type="Bac" conceptID="Bac8" novelty="None" advantage="None"/><text>The metastable nature of CZMOs with intermediate compositions has created difficulty in establishing certainties about the structure of such materials; which has generally complicated structural analysis of TPR behaviour.</text></s> <s sid="58"><CoreSc1 atype="GSC" type="Bac" conceptID="Bac9" novelty="None" advantage="None"/><text>Despite this, the observation of promoted TPR profiles has recently been linked to a newly reported κ phase, formed by oxidation (873 K) of Ce<SB>0.5</SB>Zr<SB>0.5</SB>O<SB>2</SB> with the pyrochlore structure and destroyed by high temperature oxidation (1323 or 1423 K) to yield another new phase (t*).<REF TYPE="P" ID="cit3 cit4">3,4</REF></text></s> <s sid="59"><CoreSc1 atype="GSC" type="Bac" conceptID="Bac9" novelty="None" advantage="None"/><text>The pyrochlore was initially formed by high temperature reduction of a t′ phase.</text></s> <s sid="60"><CoreSc1 atype="GSC" type="Obj" conceptID="Obj3" novelty="New" advantage="None"/><text>Here we present evidence of formation of the pyrochlore phase <IT>during low temperature reduction</IT>.</text></s> <s sid="61"><CoreSc1 atype="GSC" type="Con" conceptID="Con3" novelty="None" advantage="None"/><text>Clearly, the preceding treatments have already conferred upon the sample the potential to undergo low temperature reduction, which in turn leads to very low temperature pyrochlore formation.</text></s> <s sid="62"><CoreSc1 atype="GSC" type="Con" conceptID="Con4" novelty="None" advantage="None"/><text>Neither effect is observed with 1% H<SB>2</SB>, SR and SO 1173 K, thereby implying a link between promoted reduction and low temperature pyrochlore formation.</text></s> <s sid="63"><CoreSc1 atype="GSC" type="Obs" conceptID="Obs9" novelty="None" advantage="None"/><text>Table 1 reports the degree of reduction for the eight TPR profiles of Fig. 1, as measured by O<SB>2</SB> uptake during MO.</text></s> <s sid="64"><CoreSc1 atype="GSC" type="Res" conceptID="Res10" novelty="None" advantage="None"/><text>Comparable and high degrees of reduction were achieved in all experiments suggesting that formation of pyrochlore should be equally favoured.</text></s> <s sid="65"><CoreSc1 atype="GSC" type="Con" conceptID="Con5" novelty="None" advantage="None"/><text>Despite this, pyrochloric structure was observed only in Fig. 2B, corresponding to TPR profile B1′, thereby indicating that extent of reduction is not directly responsible for pyrochlore formation.</text></s> <s sid="66"><CoreSc1 atype="GSC" type="Res" conceptID="Res11" novelty="None" advantage="None"/><text>Finally, the Raman spectra recorded after the CP, in Fig. 2 and at the start of TPR profile B1 (not shown) may all be assigned to t′.</text></s> <s sid="67"><CoreSc1 atype="GSC" type="Con" conceptID="Con6" novelty="None" advantage="None"/><text>We find no clear correlation between the appearance of the Raman spectra and reduction profile (or formation of pyrochlore), although it must be reiterated that the possible presence of impurity peaks makes identification of any such correlation difficult.</text></s> <s sid="68"><CoreSc1 atype="GSC" type="Con" conceptID="Con6" novelty="None" advantage="None"/><text>Instead, we believe that a more complex situation than a simple structure–TPR relationship may be inferred for the TPR behaviour of this sample.</text></s> <s sid="69"><CoreSc1 atype="GSC" type="Hyp" conceptID="Hyp3" novelty="None" advantage="None"/><text>The formation of surface domains which promote reduction of the sample could instead offer an explanation.<REF TYPE="P" ID="cit8">8</REF></text></s></P><P><s sid="70"><CoreSc1 atype="GSC" type="Bac" conceptID="Bac10" novelty="None" advantage="None"/><text>The kinetics of the pyrochlore formation at high temperature has not been carefully studied.</text></s> <s sid="71"><CoreSc1 atype="GSC" type="Con" conceptID="Con7" novelty="None" advantage="None"/><text>Therefore, as suggested by an anonymous referee, it cannot be excluded that the pyrochlore nucleation process occurs in high temperature conditions (its rate being increased by increasing hydrogen pressure), while the growth process could occur with a significant rate at moderate temperatures.</text></s> <s sid="72"><CoreSc1 atype="GSC" type="Con" conceptID="Con7" novelty="None" advantage="None"/><text>Once formed superficially at high temperature, a very thin pyrochlore layer (the nuclei) could be transformed into the κ phase under mild conditions, which in turn gives the pyrochlore structure (as in Fig. 2b) at low temperature, first on the surface then inwards of the particle (growth process).</text></s> <s sid="73"><CoreSc1 atype="GSC" type="Bac" conceptID="Bac11" novelty="None" advantage="None"/><text>Such a process would be difficult to observe given the detection limits of the techniques employed here.</text></s> <s sid="74"><CoreSc1 atype="GSC" type="Bac" conceptID="Bac12" novelty="None" advantage="None"/><text>In addition, the existence of antiphase domain boundaries may further weaken the XRD peaks due to the κ phase.</text></s> <s sid="75"><CoreSc1 atype="GSC" type="Con" conceptID="Con8" novelty="None" advantage="None"/><text>On the other hand while the Raman technique proved to be sensitive in detecting the κ phase,<REF TYPE="P" ID="cit13">13</REF> no evidence for its presence was observed here.</text></s> <s sid="76"><CoreSc1 atype="GSC" type="Bac" conceptID="Bac13" novelty="None" advantage="None"/><text>Further studies are in progress in order to ascertain these aspects.</text></s></P><P><s sid="77"><CoreSc1 atype="GSC" type="Res" conceptID="Res12" novelty="None" advantage="None"/><text>Consistent with the suggestion of the importance of surface modifications, studies carried out on the present sample indicated that the scrambling capacity between D<SB>2</SB> and surface hydroxyl groups is affected by the redox treatments.<REF TYPE="P" ID="cit8">8</REF></text></s></P><P><s sid="78"><CoreSc1 atype="GSC" type="Con" conceptID="Con9" novelty="None" advantage="None"/><text>In summary, formation of a <IT>bulk</IT> pyrochloric structure, <IT>i.e.</IT> an ordered system, is not a necessary prerequisite to achieve promoted redox properties in Ce<SB>0.5</SB>Zr<SB>0.5</SB>O<SB>2</SB>.</text></s></P></DIV></BODY></PAPER>