<?xml version="1.0" encoding="UTF-8"?>
<!DOCTYPE PAPER
  SYSTEM "paper-structure-annotation.dtd">
<PAPER><mode2 name="b312040f" hasDoc="yes" version="1153"/><TITLE><s sid="1"><CoreSc1 atype="GSC" type="Obj" conceptID="Obj1" novelty="New" advantage="None"/><text>On-line and <IT>in situ</IT> optical detection of particles of organic molecules formed by rapid expansion of supercritical solutions (RESS) of CO<SB>2</SB></text></s></TITLE><ABSTRACT><s sid="2"><CoreSc1 atype="GSC" type="Obj" conceptID="Obj1" novelty="New" advantage="None"/><text>The formation of particles by the rapid expansion of supercritical solutions (RESS) of four organic substances (n-undecane, naphthalene, <IT>trans</IT>-stilbene and benzoic acid) dissolved in supercritical CO<SB>2</SB> has been investigated employing two complementary on-line <IT>in situ</IT> detection techniques.</text></s> <s sid="3"><CoreSc1 atype="GSC" type="Met" conceptID="Met1" novelty="New" advantage="None"/><text>For the first time, a laser-based shadowgraphy (LABS) setup was applied, which allows the recording of the diameter, morphology, size distribution and concentration of particles down to sizes of roughly 8 μm.</text></s> <s sid="4"><CoreSc1 atype="GSC" type="Met" conceptID="Met2" novelty="New" advantage="None"/><text>In addition, laser-based three-wavelength extinction measurements (3-WEM) have been employed to determine the average particle diameter, the width of the particle size distribution and the concentration.</text></s> <s sid="5"><CoreSc1 atype="GSC" type="Res" conceptID="Res1" novelty="None" advantage="None"/><text>The average particle sizes determined from 3-WEM for n-undecane, naphthalene, <IT>trans</IT>-stilbene and benzoic acid are 2660, 1260, 550 and 430 nm, respectively, and the standard deviation of the (assumed) logarithmic normal distributions 0.37, 0.42, 0.78 and 0.60.</text></s> <s sid="6"><CoreSc1 atype="GSC" type="Res" conceptID="Res2" novelty="None" advantage="None"/><text>The particle size distributions at large diameters from LABS compare favourably with the tails of the 3-WEM distributions.</text></s> <s sid="7"><CoreSc1 atype="GSC" type="Res" conceptID="Res3" novelty="None" advantage="None"/><text>An analysis of the morphology of <IT>trans</IT>-stilbene particles and n-undecane droplets reveals an, on average, slightly elliptical shape.</text></s></ABSTRACT><BODY><DIV DEPTH="1"><HEADER HEADER_MARKER="1.">Introduction</HEADER><P><s sid="8"><CoreSc1 atype="GSC" type="Met" conceptID="Met3" novelty="Old" advantage="None"/><text>Micrometre- to nanometre-sized particles can be formed by expanding a supercritical solution containing a solute of interest through a micrometre-sized orifice.</text></s> <s sid="9"><CoreSc1 atype="GSC" type="Met" conceptID="Met3" novelty="Old" advantage="None"/><text>Petersen <IT>et al.</IT> coined the term “rapid expansion of supercritical solutions (RESS)” for this process.<REF TYPE="P" ID="cit1">1</REF></text></s> <s sid="10"><CoreSc1 atype="GSC" type="Met" conceptID="Met3" novelty="Old" advantage="Yes"/><text>The method has already been applied on a considerable scale,<REF TYPE="P" ID="cit2">2</REF> ranging from the treatment of pharmaceuticals like ibuprofen<REF TYPE="P" ID="cit3">3</REF> or cholesterol<REF TYPE="P" ID="cit4">4</REF> to the production of thin films<REF TYPE="P" ID="cit5">5</REF> and microfibers.<REF TYPE="P" ID="cit6">6</REF></text></s> <s sid="11"><CoreSc1 atype="GSC" type="Bac" conceptID="Bac1" novelty="None" advantage="None"/><text>Very often, a precise control of the particle size distribution (PSD) is needed, <IT>e.g.</IT>, the efficient inhalation of drugs requires particle sizes in the range between 1 and 5 μm.<REF TYPE="P" ID="cit7">7</REF></text></s> <s sid="12"><CoreSc1 atype="GSC" type="Mot" conceptID="Mot1" novelty="None" advantage="None"/><text>Efficient ways of on-line and <IT>in situ</IT> monitoring PSDs already during the production process of micrometre- to nanometre-sized RESS particles are therefore desirable to minimize the consumption of raw material, production times and costs.</text></s></P><P><s sid="13"><CoreSc1 atype="GSC" type="Met" conceptID="Met4" novelty="Old" advantage="None"/><text>Two standard <IT>off-line</IT> techniques widely used for the characterization of RESS particles are scanning electron microscopy (SEM) and optical microscopy.<REF TYPE="P" ID="cit8">8</REF></text></s> <s sid="14"><CoreSc1 atype="GSC" type="Met" conceptID="Met5" novelty="Old" advantage="None"/><text>In addition, cascade impactors<REF TYPE="P" ID="cit9">9</REF> and scanning mobility particle sizers (SMPS)<REF TYPE="P" ID="cit10 cit11">10,11</REF> have been employed to analyze aerosols from different sources.</text></s> <s sid="15"><CoreSc1 atype="GSC" type="Met" conceptID="Met6" novelty="Old" advantage="None"/><text>The only <IT>on-line</IT> and <IT>in situ</IT> technique applied so far to the investigation of RESS particles is the three-wavelength extinction measurement (3-WEM).<REF TYPE="P" ID="cit4 cit9">4,9</REF></text></s> <s sid="16"><CoreSc1 atype="GSC" type="Met" conceptID="Met6" novelty="Old" advantage="None"/><text>Optical detection is used to measure the particle-induced attenuation of three laser beams at different wavelengths.</text></s> <s sid="17"><CoreSc1 atype="GSC" type="Met" conceptID="Met6" novelty="Old" advantage="Yes"/><text>If the complex index of refraction of the particles is known, the average diameter of the particles and the width of the particle size distribution (PSD) can be obtained together with the volume concentration (see Section 3).</text></s> <s sid="18"><CoreSc1 atype="GSC" type="Met" conceptID="Met6" novelty="Old" advantage="No"/><text>So far the method has been applied to a handful of RESS-processed organic substances and pharmaceuticals.<REF TYPE="P" ID="cit4 cit12">4,12</REF></text></s></P><P><s sid="19"><CoreSc1 atype="GSC" type="Met" conceptID="Met1" novelty="New" advantage="None"/><text>In this contribution, a laser-based shadowgraphy (LABS) technique is used for the first time to study the formation of organic RESS particles.</text></s> <s sid="20"><CoreSc1 atype="GSC" type="Met" conceptID="Met1" novelty="New" advantage="Yes"/><text>This method is able to determine the size distribution and morphology of particles with sizes ≥8 μm on-line and <IT>in situ</IT>.</text></s> <s sid="21"><CoreSc1 atype="GSC" type="Met" conceptID="Met1" novelty="New" advantage="Yes"/><text>Both solid particles and droplets can be investigated by recording their magnified shadows by means of a farfield microscope/CCD camera combination (see Section 3).</text></s> <s sid="22"><CoreSc1 atype="GSC" type="Goa" conceptID="Goa1" novelty="None" advantage="None"/><text>Results for four different organic substances (n-undecane, naphthalene, <IT>trans</IT>-stilbene and benzoic acid) will be compared with those from our complementing measurements employing the established 3-WEM technique.</text></s></P></DIV><DIV DEPTH="1"><HEADER HEADER_MARKER="2.">Experimental</HEADER><P><s sid="23"><CoreSc1 atype="GSC" type="Exp" conceptID="Exp1" novelty="None" advantage="None"/><text>An overview of the experiment is shown in Fig. 1.</text></s> <s sid="24"><CoreSc1 atype="GSC" type="Exp" conceptID="Exp1" novelty="None" advantage="None"/><text>Particles are produced using a standard RESS flow setup.</text></s> <s sid="25"><CoreSc1 atype="GSC" type="Exp" conceptID="Exp1" novelty="None" advantage="None"/><text>Liquified CO<SB>2</SB> at room temperature is pressurized (120–180 bar) using two Isco syringe pumps (Model 100 DX) in a continuous flow mode, capable of delivering flow rates up to 60 mL/min, and passes through a preheater (temperature 50–60 °C).</text></s> <s sid="26"><CoreSc1 atype="GSC" type="Exp" conceptID="Exp1" novelty="None" advantage="None"/><text>The supercritical CO<SB>2</SB> then flows through the heated and stirred extraction cell, where it is saturated with the solute of interest.</text></s> <s sid="27"><CoreSc1 atype="GSC" type="Exp" conceptID="Exp1" novelty="None" advantage="None"/><text>This setup can be used at pressures up to 1000 bar and temperatures up to 200 °C.</text></s> <s sid="28"><CoreSc1 atype="GSC" type="Exp" conceptID="Exp1" novelty="None" advantage="None"/><text>All substances are commercially available: n-undecane was obtained from Merck, naphthalene and benzoic acid from Sigma Aldrich, and <IT>trans</IT>-stilbene from Acros.</text></s> <s sid="29"><CoreSc1 atype="GSC" type="Exp" conceptID="Exp1" novelty="None" advantage="None"/><text>The saturated mixture is passed through a heated filter [15 μm (Swagelok) or 10 μm (Nova Swiss)], which prevents clogging of the nozzle with undissolved particles.</text></s> <s sid="30"><CoreSc1 atype="GSC" type="Exp" conceptID="Exp1" novelty="None" advantage="None"/><text>The supercritical solution is then expanded through a home-built heated nozzle, employing Teflon seals and a laser-drilled sapphire orifice (Bird Precision, diameter 51 μm, length 254 μm, with tapered inlet), into the acrylic-glass detection chamber, which is equipped with Suprasil I quartz windows.</text></s> <s sid="31"><CoreSc1 atype="GSC" type="Exp" conceptID="Exp1" novelty="None" advantage="None"/><text>These allow optical access to the expansion at different distances from the nozzle.</text></s> <s sid="32"><CoreSc1 atype="GSC" type="Exp" conceptID="Exp1" novelty="None" advantage="None"/><text>A bypass line can be used for flushing the system with supercritical CO<SB>2</SB> or producing solute concentrations lower than the saturation concentration.</text></s></P><P><s sid="33"><CoreSc1 atype="GSC" type="Exp" conceptID="Exp1" novelty="None" advantage="None"/><text>On-line monitoring was performed by LABS and 3-WEM detection about 20 mm away from the nozzle.</text></s> <s sid="34"><CoreSc1 atype="GSC" type="Exp" conceptID="Exp1" novelty="None" advantage="None"/><text>In the LABS setup, pulses from a frequency-doubled Nd:YAG laser (New Wave Research Solo PIV III-15, <IT>λ</IT> = 532 nm, 50 mJ pulse<SP>−1</SP>, pulse length 3–5 ns) were expanded by a diffusor, consisting of a lens and a wavelength shifting fluorescence plate (LaVision, diameter 50 mm, fluorescence decay time constant about 10 ns), which was large enough to illuminate the volume of interest.</text></s> <s sid="35"><CoreSc1 atype="GSC" type="Exp" conceptID="Exp1" novelty="None" advantage="None"/><text>Optical detection of the shadowgraphs was performed by the combination of a mirror-based farfield microscope (Questar QM1), a suitable magnification lens and a CCD camera (LaVision, Flowmaster 3S, 1280 × 1024 pixel, frame rate up to 8 Hz).</text></s> <s sid="36"><CoreSc1 atype="GSC" type="Exp" conceptID="Exp1" novelty="None" advantage="None"/><text>At a working distance of around 60 cm, the field of view below the nozzle was about 1100 μm × 950 μm, with a depth of field around 500 μm.</text></s> <s sid="37"><CoreSc1 atype="GSC" type="Exp" conceptID="Exp1" novelty="None" advantage="None"/><text>Typically, up to 1000 images per single measurement were analyzed using the shadowgraphy module of the DaVis 6.2 software package (LaVision) and afterwards combined to larger data sets.</text></s> <s sid="38"><CoreSc1 atype="GSC" type="Met" conceptID="Met1" novelty="New" advantage="None"/><text>The analysis yields the diameter and morphology of each detected particle as well as the particle size distribution (PSD) and concentration.</text></s> <s sid="39"><CoreSc1 atype="GSC" type="Met" conceptID="Met1" novelty="New" advantage="Yes"/><text>The lower detection limit with the current setup is approximately 8 μm.</text></s></P><P><s sid="40"><CoreSc1 atype="GSC" type="Exp" conceptID="Exp2" novelty="None" advantage="None"/><text>3-WEM was performed using the Wizard DQL system (Wizard Zahoransky KG) consisting of a triple diode laser head (<IT>λ</IT><SB>1</SB> = 637 nm, <IT>λ</IT><SB>2</SB> = 811 nm and <IT>λ</IT><SB>3</SB> = 1316 nm) and a photodiode detector with an achromatic focusing lens.</text></s> <s sid="41"><CoreSc1 atype="GSC" type="Exp" conceptID="Exp2" novelty="None" advantage="None"/><text>Prior to each measurement, reference intensities <IT>I</IT><SB>0</SB> without particles in the detection chamber were recorded at the three wavelengths.</text></s> <s sid="42"><CoreSc1 atype="GSC" type="Exp" conceptID="Exp2" novelty="None" advantage="None"/><text>During the expansion, the intensity <IT>I</IT> for each of the wavelengths was measured, which allowed two extinction ratios to be determined.</text></s> <s sid="43"><CoreSc1 atype="GSC" type="Mod" conceptID="Mod1" novelty="None" advantage="None"/><text>These are compared with a data field calculated <IT>via</IT> Mie theory,<REF TYPE="P" ID="cit13">13</REF> from which the average particle diameter, the width of the PSD, and finally the volume concentration of the particles can be determined (see below).</text></s></P></DIV><DIV DEPTH="1"><HEADER HEADER_MARKER="3.">Results and discussion</HEADER><DIV DEPTH="2"><HEADER HEADER_MARKER="3.1.">Three-wavelength extinction measurement (3-WEM)</HEADER><P><s sid="44"><CoreSc1 atype="GSC" type="Mod" conceptID="Mod2" novelty="None" advantage="None"/><text>The relation between the initial intensity <IT>I</IT><SB>0</SB> and the attenuated intensity <IT>I</IT> in a 3-WEM experiment is given by the Lambert–Beer type expression:<REF TYPE="P" ID="cit9">9</REF>where <IT>N</IT> is the particle density, <IT>L</IT> the path length in the detection chamber, and <IT>ε</IT> the extinction coefficient.</text></s> <s sid="45"><CoreSc1 atype="GSC" type="Mod" conceptID="Mod2" novelty="None" advantage="None"/><text>The latter is dependent on the particle diameter <IT>D</IT>, the wavelength <IT>λ</IT> and the complex index of refraction <IT>m</IT> = <IT>n</IT> + i<IT>k</IT>, where <IT>n</IT> and <IT>k</IT> are characteristic constants of the material.</text></s> <s sid="46"><CoreSc1 atype="GSC" type="Mod" conceptID="Mod2" novelty="None" advantage="None"/><text>In this work, <IT>I</IT><SB>0</SB> and <IT>I</IT> are determined at three different laser wavelengths <IT>λ</IT><SB>1</SB>, <IT>λ</IT><SB>2</SB> and <IT>λ</IT><SB>3</SB>.</text></s> <s sid="47"><CoreSc1 atype="GSC" type="Mod" conceptID="Mod2" novelty="None" advantage="None"/><text>This allows the two extinction ratios ER<SB>1,2</SB> and ER<SB>2,3</SB> to be determined, and the dependence on <IT>N</IT> and <IT>L</IT> can be removed:Several studies suggest that the PSDs for most aerosols can be approximated by a logarithmic normal distribution:<REF TYPE="P" ID="cit14 cit15">14,15</REF> where <IT>D</IT> is the diameter of a particle, <IT>D</IT><SB>av</SB> is the average diameter of the particles, and <IT>σ</IT> the standard deviation of the distribution.</text></s> <s sid="48"><CoreSc1 atype="GSC" type="Mod" conceptID="Mod2" novelty="None" advantage="None"/><text>The values for the parameters <IT>n</IT> and <IT>k</IT> in the complex index of refraction <IT>m</IT> can be found in standard tables.<REF TYPE="P" ID="cit16 cit17">16,17</REF></text></s> <s sid="49"><CoreSc1 atype="GSC" type="Mod" conceptID="Mod2" novelty="None" advantage="None"/><text>The two remaining unknown variables <IT>D</IT><SB>av</SB> and <IT>σ</IT> can then be obtained <IT>via</IT> eqns. (2) and (3).</text></s> <s sid="50"><CoreSc1 atype="GSC" type="Mod" conceptID="Mod2" novelty="None" advantage="None"/><text>Finally, the volume concentration <IT>N</IT> can be determined <IT>via</IT> eqn. (1), because the path length <IT>L</IT> of the detection chamber is known.</text></s></P><P><s sid="51"><CoreSc1 atype="GSC" type="Obs" conceptID="Obs1" novelty="None" advantage="None"/><text>Fig. 2 shows a typical example of a 3-WEM signal for <IT>trans</IT>-stilbene RESS nanoparticles.</text></s> <s sid="52"><CoreSc1 atype="GSC" type="Exp" conceptID="Exp2" novelty="None" advantage="None"/><text>40 s after initiating the 3-WEM, the nozzle was turned on, which marks the starting point of the particle production.</text></s> <s sid="53"><CoreSc1 atype="GSC" type="Obs" conceptID="Obs1" novelty="None" advantage="None"/><text>The different extinctions at the three wavelengths are clearly visible.</text></s> <s sid="54"><CoreSc1 atype="GSC" type="Mod" conceptID="Mod2" novelty="None" advantage="None"/><text>At any time, the two extinction ratios can be calculated, and <IT>D</IT><SB>av</SB>, <IT>σ</IT> and <IT>N</IT> determined.</text></s> <s sid="55"><CoreSc1 atype="GSC" type="Res" conceptID="Res4" novelty="None" advantage="None"/><text>Fig. 3 and 4 show the results of such an analysis for naphthalene and benzoic acid, respectively.</text></s> <s sid="56"><CoreSc1 atype="GSC" type="Exp" conceptID="Exp2" novelty="None" advantage="None"/><text>In the case of naphthalene the nozzle was turned on after 140 s.</text></s> <s sid="57"><CoreSc1 atype="GSC" type="Res" conceptID="Res4" novelty="None" advantage="None"/><text>Average particle sizes of 1260 nm were obtained with a standard deviation 0.42.</text></s> <s sid="58"><CoreSc1 atype="GSC" type="Res" conceptID="Res4" novelty="None" advantage="None"/><text>Particle volume concentrations of 4.4 × 10<SP>−6</SP> m<SP>3</SP> m<SP>−3</SP> were reached.</text></s> <s sid="59"><CoreSc1 atype="GSC" type="Exp" conceptID="Exp2" novelty="None" advantage="None"/><text>The nozzle was then turned off after 280 s.</text></s> <s sid="60"><CoreSc1 atype="GSC" type="Obs" conceptID="Obs2" novelty="None" advantage="None"/><text>Due to the sharp drop of the particle concentration, no 3-WEM signal could be recorded.</text></s> <s sid="61"><CoreSc1 atype="GSC" type="Exp" conceptID="Exp2" novelty="None" advantage="None"/><text>After 320 s the nozzle was turned on again, and essentially the same values were determined as before.</text></s> <s sid="62"><CoreSc1 atype="GSC" type="Con" conceptID="Con1" novelty="None" advantage="None"/><text>This nicely demonstrates how the particle production process can be easily followed in real time using the 3-WEM technique.</text></s> <s sid="63"><CoreSc1 atype="GSC" type="Res" conceptID="Res5" novelty="None" advantage="None"/><text>In the case of benzoic acid (Fig. 4) considerably smaller particles are generated, with <IT>D</IT><SB>av</SB> = 430 nm and a standard deviation <IT>σ</IT> ≈ 0.60.</text></s> <s sid="64"><CoreSc1 atype="GSC" type="Res" conceptID="Res5" novelty="None" advantage="None"/><text>Volume concentrations are in the order of 4.3 × 10<SP>−6</SP> m<SP>3</SP>/m<SP>3</SP>.</text></s> <s sid="65"><CoreSc1 atype="GSC" type="Res" conceptID="Res1" novelty="None" advantage="None"/><text>A summary of the 3-WEM results for all organic substances studied can be found in Table 1.</text></s> <s sid="66"><CoreSc1 atype="GSC" type="Res" conceptID="Res1" novelty="None" advantage="None"/><text>Note that our results for benzoic acid and naphthalene compare very well with the earlier work of Schaber and co-workers,<REF TYPE="P" ID="cit4 cit18">4,18</REF> though it has to be kept in mind that the experimental conditions in both cases are slightly different.</text></s></P></DIV><DIV DEPTH="2"><HEADER HEADER_MARKER="3.2.">Laser-based shadowgraphy (LABS)</HEADER><P><s sid="67"><CoreSc1 atype="GSC" type="Obs" conceptID="Obs3" novelty="None" advantage="None"/><text>As an example, Fig. 5 shows four selected shadowgraphs taken from a typical run for n-undecane recorded with the LABS system.</text></s> <s sid="68"><CoreSc1 atype="GSC" type="Obs" conceptID="Obs3" novelty="None" advantage="None"/><text>In each of these very short (<IT>ca.</IT> 5 ns) snapshots, particles of different size and morphology are visible.</text></s> <s sid="69"><CoreSc1 atype="GSC" type="Met" conceptID="Met7" novelty="New" advantage="None"/><text>An automated image analysis was applied to process the shadowgraphs.</text></s> <s sid="70"><CoreSc1 atype="GSC" type="Obs" conceptID="Obs4" novelty="None" advantage="None"/><text>Fig. 6 shows the eccentricity of n-undecane droplets [defined as <IT>e</IT> = (1 − <IT>b</IT><SP>2</SP>/<IT>a</IT><SP>2</SP>)<SP>0.5</SP>, where <IT>b</IT> and <IT>a</IT> are the short and the long axes of an ellipse, respectively], employing a sum total of 4000 images.</text></s> <s sid="71"><CoreSc1 atype="GSC" type="Res" conceptID="Res6" novelty="None" advantage="None"/><text>The sizes are relatively broadly scattered, and one obtains an average of <IT>e</IT> ≈ 0.6, equivalent to a <IT>b</IT>/<IT>a</IT> axis ratio of roughly 0.8.</text></s> <s sid="72"><CoreSc1 atype="GSC" type="Res" conceptID="Res6" novelty="None" advantage="None"/><text>This result is somewhat surprising, because for these small droplets one would expect the surface tension to be the key factor controlling the shape.</text></s> <s sid="73"><CoreSc1 atype="GSC" type="Hyp" conceptID="Hyp1" novelty="None" advantage="None"/><text>This should produce spherical droplets.</text></s> <s sid="74"><CoreSc1 atype="GSC" type="Hyp" conceptID="Hyp1" novelty="None" advantage="None"/><text>However, the droplets possibly emerge from somewhat “violent” generation processes, which might induce strong oscillations of the droplet structures.</text></s> <s sid="75"><CoreSc1 atype="GSC" type="Res" conceptID="Res7" novelty="None" advantage="None"/><text>Finally, note that the eccentricity is relatively insensitive to the diameter of the droplets, although a final judgment is difficult, as the droplet statistics deteriorate towards larger diameters.</text></s> <s sid="76"><CoreSc1 atype="GSC" type="Obs" conceptID="Obs5" novelty="None" advantage="None"/><text>Fig. 7 shows the corresponding plot for <IT>trans</IT>-stilbene.</text></s> <s sid="77"><CoreSc1 atype="GSC" type="Obs" conceptID="Obs5" novelty="None" advantage="None"/><text>Note that in this case there are much less particles (about 0.26 per image) in contrast to about 3.9 particles per image in the n-undecane case.</text></s> <s sid="78"><CoreSc1 atype="GSC" type="Res" conceptID="Res8" novelty="None" advantage="None"/><text>This is consistent with the larger average diameter of the n-undecane droplets (see Fig. 8 and 9), so more particles are above the lower detection threshold of the LABS setup.</text></s> <s sid="79"><CoreSc1 atype="GSC" type="Res" conceptID="Res9" novelty="None" advantage="None"/><text>For <IT>trans</IT>-stilbene we find an average eccentricity <IT>e</IT> ≈ 0.5 (equivalent to an axis ratio <IT>b</IT>/<IT>a</IT> ≈ 0.87), very similar to the n-undecane case.</text></s> <s sid="80"><CoreSc1 atype="GSC" type="Hyp" conceptID="Hyp2" novelty="None" advantage="None"/><text>In this case the observed shape could be due to the fact that particle growth inside the tubular nozzle orifice might prefer the formation of slightly elongated particles.</text></s></P><P><s sid="81"><CoreSc1 atype="GSC" type="Obs" conceptID="Obs6" novelty="None" advantage="None"/><text>It is also very instructive to compare the PSDs from LABS and 3-WEM.</text></s> <s sid="82"><CoreSc1 atype="GSC" type="Obs" conceptID="Obs6" novelty="None" advantage="None"/><text>In Fig. 8 and 9 this is done for <IT>trans</IT>-stilbene particles and n-undecane droplets, respectively.</text></s> <s sid="83"><CoreSc1 atype="GSC" type="Obs" conceptID="Obs6" novelty="None" advantage="None"/><text>Each inset shows an overview of the complete 3-WEM distribution, whereas the main part contains a blow-up of the large diameter wing of the PSD to show the overlap with the PSD from LABS.</text></s> <s sid="84"><CoreSc1 atype="GSC" type="Met" conceptID="Met8" novelty="New" advantage="None"/><text>From both types of experiments an absolute particle concentration can be extracted, and thus the relative amplitudes of the 3-WEM and LABS PSDs are uniquely determined.</text></s> <s sid="85"><CoreSc1 atype="GSC" type="Met" conceptID="Met8" novelty="New" advantage="No"/><text>The latter only accurately reflect the particle distribution above ∼ 8 μm.</text></s> <s sid="86"><CoreSc1 atype="GSC" type="Met" conceptID="Met8" novelty="New" advantage="No"/><text>Due to the detection limit of the current LABS setup, the PSD histograms below 8 μm certainly represent a lower limit to the real value.</text></s> <s sid="87"><CoreSc1 atype="GSC" type="Met" conceptID="Met8" novelty="New" advantage="No"/><text>Therefore average particle diameters <IT>D</IT><SB>av</SB> cannot be deduced from the LABS measurements.</text></s> <s sid="88"><CoreSc1 atype="GSC" type="Res" conceptID="Res10" novelty="None" advantage="None"/><text>Compared to the 3-WEM results, the PSDs from LABS reach out to higher diameters.</text></s> <s sid="89"><CoreSc1 atype="GSC" type="Met" conceptID="Met8" novelty="New" advantage="No"/><text>However, one has to keep in mind that the PSDs from 3-WEM for <IT>trans</IT>-stilbene and n-undecane peak at 550 nm and 2660 nm, respectively.</text></s> <s sid="90"><CoreSc1 atype="GSC" type="Met" conceptID="Met8" novelty="New" advantage="No"/><text>At their far end, this will at best only give a semi-quantitative description of the decay, especially if one keeps in mind that the width of the 3-WEM PSDs were deduced assuming a spherical particle shape in the analysis.</text></s> <s sid="91"><CoreSc1 atype="GSC" type="Hyp" conceptID="Hyp3" novelty="None" advantage="None"/><text>Considering the slight deviations from spherical shape observed with LABS detection the error for the particle size determination using 3-WEM is however expected to be small.</text></s> <s sid="92"><CoreSc1 atype="GSC" type="Res" conceptID="Res2" novelty="None" advantage="None"/><text>It is therefore safe to say that in general the LABS and 3-WEM results show an overlap.</text></s> <s sid="93"><CoreSc1 atype="GSC" type="Res" conceptID="Res11" novelty="None" advantage="None"/><text>The 15-fold higher absolute number of particles for n-undecane compared with <IT>trans</IT>-stilbene, as counted by LABS, is in complete agreement with the larger average particle size in this system.</text></s></P></DIV></DIV><DIV DEPTH="1"><HEADER HEADER_MARKER="4.">Conclusions</HEADER><P><s sid="94"><CoreSc1 atype="GSC" type="Con" conceptID="Con1" novelty="None" advantage="None"/><text>We have demonstrated that the combination of laser-based shadowgraphy (LABS) and three-wavelength extinction measurement (3-WEM) provides non-invasive on-line and <IT>in situ</IT> optical detection for studying RESS particle and droplet size distributions as well as morphologies up to large particle diameters.</text></s> <s sid="95"><CoreSc1 atype="GSC" type="Con" conceptID="Con1" novelty="None" advantage="None"/><text>In addition, accurate particle concentrations can be deduced from such measurements.</text></s> <s sid="96"><CoreSc1 atype="GSC" type="Res" conceptID="Res1" novelty="None" advantage="None"/><text>Average particle sizes <IT>D</IT><SB>av</SB> (including standard deviations <IT>σ</IT> of the size distributions) from 3-WEM for n-undecane, naphthalene, <IT>trans</IT>-stilbene and benzoic acid were: 2660 nm (0.37), 1260 nm (0.42), 550 nm (0.78) and 430 nm (0.60), respectively.</text></s> <s sid="97"><CoreSc1 atype="GSC" type="Con" conceptID="Con2" novelty="None" advantage="None"/><text>The detailed knowledge of the size distributions at larger diameters provided by the LABS method might give some useful input for understanding the RESS process, because state-of-the-art theories for describing particle growth in such expansions still predict much smaller diameters than observed in experiment.<REF TYPE="P" ID="cit8 cit19">8,19</REF></text></s> <s sid="98"><CoreSc1 atype="GSC" type="Res" conceptID="Res2" novelty="None" advantage="None"/><text>An overlap of the particle size distributions at large diameters from LABS and 3-WEM was found.</text></s> <s sid="99"><CoreSc1 atype="GSC" type="Res" conceptID="Res3" novelty="None" advantage="None"/><text>In addition, information on the morphology was obtained for <IT>trans</IT>-stilbene particles and n-undecane droplets, which both showed a slightly elliptical shape.</text></s></P><P><s sid="100"><CoreSc1 atype="GSC" type="Con" conceptID="Con3" novelty="None" advantage="None"/><text>Measurements of the current type are very promising to study the influence of temperature, pressure, nozzle distance and nozzle diameter on the particle formation process in a systematic way, without the need of time-consuming analysis processes.</text></s> <s sid="101"><CoreSc1 atype="GSC" type="Con" conceptID="Con4" novelty="None" advantage="None"/><text>In addition, extended comparisons with off-line particle sizing techniques like scanning electron microscopy (SEM) or scanning mobility particle sizing (SMPS) would be interesting.</text></s> <s sid="102"><CoreSc1 atype="GSC" type="Con" conceptID="Con4" novelty="None" advantage="None"/><text>The SEM images will be particularly valuable to confirm the elliptical particle shape observed in this study.</text></s> <s sid="103"><CoreSc1 atype="GSC" type="Con" conceptID="Con4" novelty="None" advantage="None"/><text>Research along these lines is currently pursued in our laboratories.</text></s></P></DIV></BODY></PAPER>