<?xml version="1.0" encoding="UTF-8"?>
<!DOCTYPE PAPER
  SYSTEM "paper-structure-annotation.dtd">
<PAPER><mode2 name="b312859h" hasDoc="yes" version="1153"/><TITLE><s sid="1"><CoreSc1 atype="GSC" type="Hyp" conceptID="Hyp1" novelty="None" advantage="None"/><text>Possible induced enhancement of dispersion forces by cellular phones<XREF TYPE="FOOTNOTE_MARKER" ID="fn1"/></text></s></TITLE><ABSTRACT><s sid="2"><CoreSc1 atype="GSC" type="Obj" conceptID="Obj1" novelty="New" advantage="None"/><text>We derive the dispersion forces between objects in the presence of a non-thermal radiation field.</text></s> <s sid="3"><CoreSc1 atype="GSC" type="Met" conceptID="Met1" novelty="New" advantage="None"/><text>We apply the formalism to a model system representing two human blood cells in blood.</text></s> <s sid="4"><CoreSc1 atype="GSC" type="Obs" conceptID="Obs1" novelty="None" advantage="None"/><text>By focusing the same radiation density, as in room-temperature thermal radiation, in the microwave region we find a huge enhancement of the attractive force.</text></s> <s sid="5"><CoreSc1 atype="GSC" type="Res" conceptID="Res1" novelty="None" advantage="None"/><text>Related effects are predicted to occur also in other types of biological tissue.</text></s> <s sid="6"><CoreSc1 atype="GSC" type="Bac" conceptID="Bac1" novelty="None" advantage="None"/><text>The quantitative results should not be taken at face value, since the model is crude.</text></s> <s sid="7"><CoreSc1 atype="GSC" type="Res" conceptID="Res2" novelty="None" advantage="None"/><text>The effects are so large though, that further investigation is motivated.</text></s> <s sid="8"><CoreSc1 atype="GSC" type="Con" conceptID="Con1" novelty="None" advantage="None"/><text>The origin of the effects lies in the variation of water and/or ion content.</text></s> <s sid="9"><CoreSc1 atype="GSC" type="Con" conceptID="Con2" novelty="None" advantage="None"/><text>In the microwave region of the spectrum both the dipolar contributions from the water-molecules, and the mobile-ion contributions are important parts of the dielectric function, and cause the enhancement.</text></s></ABSTRACT><BODY><DIV DEPTH="1"><HEADER HEADER_MARKER="I.">Introduction</HEADER><P><s sid="10"><CoreSc1 atype="GSC" type="Bac" conceptID="Bac2" novelty="None" advantage="None"/><text>The dispersion forces between two objects can be expressed in terms of the electromagnetic normal modes of the system.<REF TYPE="P" ID="cit1">1</REF></text></s> <s sid="11"><CoreSc1 atype="GSC" type="Bac" conceptID="Bac2" novelty="None" advantage="None"/><text>These forces are van der Waals forces<REF TYPE="P" ID="cit2">2</REF> at intermediate separation and Casimir forces<REF TYPE="P" ID="cit3 cit4">3,4</REF> at large separations.</text></s></P><P><s sid="12"><CoreSc1 atype="GSC" type="Bac" conceptID="Bac3" novelty="None" advantage="None"/><text>We know how the forces behave at zero and finite temperatures but we do not fully understand the behavior in non-equilibrium situations.</text></s> <s sid="13"><CoreSc1 atype="GSC" type="Bac" conceptID="Bac4" novelty="None" advantage="None"/><text>It is a well-known fact that gradients of optical fields can produce forces on microscopic dielectric objects.<REF TYPE="P" ID="cit5">5</REF></text></s> <s sid="14"><CoreSc1 atype="GSC" type="Bac" conceptID="Bac4" novelty="None" advantage="None"/><text>This effect is utilized in so-called optical tweezers.<REF TYPE="P" ID="cit6">6</REF></text></s> <s sid="15"><CoreSc1 atype="GSC" type="Bac" conceptID="Bac4" novelty="None" advantage="None"/><text>Optical binding between two dielectric objects in the presence of a strong optical field was discussed and demonstrated by Burns <IT>et al.</IT><REF TYPE="P" ID="cit7">7</REF></text></s> <s sid="16"><CoreSc1 atype="GSC" type="Bac" conceptID="Bac5" novelty="None" advantage="None"/><text>Other related studies have been performed investigating the van der Waals force involving excited state atoms.<REF TYPE="P" ID="cit8 cit9 cit10">8–10</REF></text></s> <s sid="17"><CoreSc1 atype="GSC" type="Bac" conceptID="Bac6" novelty="None" advantage="None"/><text>The work by Burns <IT>et al.</IT> is an example of virtual excitations of the normal modes; the other studies involve real electronic excitations within one of the two interacting objects, not excitations of the normal modes.</text></s> <s sid="18"><CoreSc1 atype="GSC" type="Obj" conceptID="Obj2" novelty="New" advantage="None"/><text>In the present work<REF TYPE="P" ID="cit11">11</REF> we study the effects of real excitations of the normal modes of the system.</text></s> <s sid="19"><CoreSc1 atype="GSC" type="Bac" conceptID="Bac7" novelty="None" advantage="None"/><text>Thus the present work complements the previous studies.</text></s></P><P><s sid="20"><CoreSc1 atype="GSC" type="Bac" conceptID="Bac8" novelty="None" advantage="None"/><text>The outline of the article is the following.</text></s> <s sid="21"><CoreSc1 atype="GSC" type="Met" conceptID="Met2" novelty="New" advantage="None"/><text>In section II we derive the force between two objects at zero temperature in terms of the electromagnetic normal modes; in this case the modes are not occupied.</text></s> <s sid="22"><CoreSc1 atype="GSC" type="Met" conceptID="Met3" novelty="New" advantage="None"/><text>In section III we extend the derivation to finite temperatures where the modes are in equilibrium with the thermal radiation field; in this case the modes are occupied according to the distribution function for mass-less bosons at the given temperature.</text></s> <s sid="23"><CoreSc1 atype="GSC" type="Mod" conceptID="Mod1" novelty="None" advantage="None"/><text>In section IV we use a Lorentzian distribution function.</text></s> <s sid="24"><CoreSc1 atype="GSC" type="Met" conceptID="Met4" novelty="New" advantage="None"/><text>In section V we concentrate on spherical objects.</text></s> <s sid="25"><CoreSc1 atype="GSC" type="Mod" conceptID="Mod2" novelty="None" advantage="None"/><text>In section VI we let the Lorentzian distribution function be peaked in the microwave region and apply the theory to the force between two water drops, between two air bubbles in water and finally between two human blood cells in blood.</text></s> <s sid="26"><CoreSc1 atype="GSC" type="Bac" conceptID="Bac9" novelty="None" advantage="None"/><text>Section VII is a summary and conclusion section.</text></s></P></DIV><DIV DEPTH="1"><HEADER HEADER_MARKER="II.">Forces at zero temperature</HEADER><P><s sid="27"><CoreSc1 atype="GSC" type="Mod" conceptID="Mod3" novelty="None" advantage="None"/><text>At zero temperature the force, fo(<IT>r</IT>), between two objects as a function of separation, <IT>r</IT>, is given by the derivative of the energy, <IT>E</IT>: where the energy is the sum of the zero-point energies of the modes, </text></s></P><P><s sid="28"><CoreSc1 atype="GSC" type="Mod" conceptID="Mod3" novelty="None" advantage="None"/><text>The modes are of two types: one type is localized to the surfaces of the objects and gives rise to the van der Waals interaction; one type extends between the objects and gives rise to the Casimir interaction (see <REF TYPE="P" ID="cit1">ref. 1</REF>).</text></s> <s sid="29"><CoreSc1 atype="GSC" type="Mod" conceptID="Mod3" novelty="None" advantage="None"/><text>In a simple system with a small number of well-defined modes this summation can be performed directly.</text></s> <s sid="30"><CoreSc1 atype="GSC" type="Bac" conceptID="Bac10" novelty="None" advantage="None"/><text>In the general case this is not so.</text></s> <s sid="31"><CoreSc1 atype="GSC" type="Mod" conceptID="Mod3" novelty="None" advantage="None"/><text>Then we can rely on an extension of the so-called argument principle to find the results.</text></s></P><P><s sid="32"><CoreSc1 atype="GSC" type="Obj" conceptID="Obj3" novelty="None" advantage="None"/><text>Let us study a region in the complex frequency plane.</text></s> <s sid="33"><CoreSc1 atype="GSC" type="Mod" conceptID="Mod4" novelty="None" advantage="None"/><text>We have two functions defined in this region; one, <IT>φ</IT>(<IT>z</IT>), is analytic in the whole region; one, <IT>f</IT>(<IT>z</IT>), has poles and zeros inside the region.</text></s> <s sid="34"><CoreSc1 atype="GSC" type="Mod" conceptID="Mod4" novelty="None" advantage="None"/><text>The following relation holds for an integration path around the region: where <IT>z</IT><SB>0</SB> and <IT>z</IT><SB>∞</SB> are the zeros and poles, respectively, of function <IT>f</IT>(<IT>z</IT>).</text></s> <s sid="35"><CoreSc1 atype="GSC" type="Mod" conceptID="Mod4" novelty="None" advantage="None"/><text>In the argument principle the function <IT>φ</IT> is replaced by unity and the right hand side then equals the number of zeros minus the number of poles for function <IT>f</IT>(<IT>z</IT>) inside the integration path.</text></s></P><P><s sid="36"><CoreSc1 atype="GSC" type="Mod" conceptID="Mod4" novelty="None" advantage="None"/><text>If we choose the function <IT>f</IT>(<IT>z</IT>) to be the function in the defining equation for the normal modes of the system,<IT>f</IT>(<IT>ω</IT><SB><IT>i</IT></SB>) = 0,the function <IT>φ</IT> (<IT>z</IT>) to beand let the contour enclose all the zeros of the function <IT>f</IT>(<IT>z</IT>), eqn. (3) produces the energy of eqn. (2).</text></s> <s sid="37"><CoreSc1 atype="GSC" type="Res" conceptID="Res3" novelty="None" advantage="None"/><text>Using this theorem we end up integrating along a closed contour in the complex frequency plane.</text></s> <s sid="38"><CoreSc1 atype="GSC" type="Obs" conceptID="Obs2" novelty="None" advantage="None"/><text>In most cases it is fruitful to choose the contour shown in Fig. 1.</text></s></P><P><s sid="39"><CoreSc1 atype="GSC" type="Mod" conceptID="Mod4" novelty="None" advantage="None"/><text>We have the freedom to multiply the function <IT>f</IT> (<IT>z</IT>) by an arbitrary constant without changing the result on the right hand side of eqn. (3).</text></s> <s sid="40"><CoreSc1 atype="GSC" type="Mod" conceptID="Mod4" novelty="None" advantage="None"/><text>If we choose it carefully we can make the contribution from the curved part of the contour vanish and we are only left with an integration along the imaginary frequency axis: where the last line was obtained from an integration by parts.</text></s> <s sid="41"><CoreSc1 atype="GSC" type="Bac" conceptID="Bac11" novelty="None" advantage="None"/><text>This needs some clarification.</text></s> <s sid="42"><CoreSc1 atype="GSC" type="Mod" conceptID="Mod4" novelty="None" advantage="None"/><text>The function <IT>f</IT>(<IT>z</IT>) contains polarizabilities or other time-correlation functions representing the response of the system one is treating.</text></s> <s sid="43"><CoreSc1 atype="GSC" type="Res" conceptID="Res3" novelty="None" advantage="None"/><text>These functions approach zero as the argument goes towards infinity since there is an upper limit for the frequency the system can respond to.</text></s> <s sid="44"><CoreSc1 atype="GSC" type="Res" conceptID="Res4" novelty="None" advantage="None"/><text>Consequently <IT>f</IT>(<IT>z</IT>) approaches a constant and after we have rescaled the function it approaches unity and the value of the logarithm approaches zero.</text></s> <s sid="45"><CoreSc1 atype="GSC" type="Mod" conceptID="Mod4" novelty="None" advantage="None"/><text>One further property of <IT>f</IT>(<IT>z</IT>) we should mention is that on the imaginary axis it is an even function of its argument; this is a general property of the time-correlation functions contained in <IT>f</IT>(<IT>z</IT>).</text></s> <s sid="46"><CoreSc1 atype="GSC" type="Bac" conceptID="Bac12" novelty="None" advantage="None"/><text>We will refer to this property below.</text></s></P></DIV><DIV DEPTH="1"><HEADER HEADER_MARKER="III.">Forces at thermal equilibrium</HEADER><P><s sid="47"><CoreSc1 atype="GSC" type="Mod" conceptID="Mod5" novelty="None" advantage="None"/><text>The contribution to the internal energy from the interaction between two objects separated by the distance <IT>r</IT> can in general be written as:where the index <IT>i</IT> runs over all electromagnetic modes of the system and <IT>n</IT><SB><IT>i</IT></SB> and <IT>ε</IT><SB><IT>i</IT></SB> are the occupation number and energy, respectively, of the mode number <IT>i</IT>.</text></s> <s sid="48"><CoreSc1 atype="GSC" type="Mod" conceptID="Mod6" novelty="None" advantage="None"/><text>Let us now concentrate on one of the modes and omit the indexNote that the occupation number <IT>n</IT>(<IT>r</IT>) is a function of energy or frequency and becomes a function of <IT>r</IT> because the mode energy depends on <IT>r</IT>.</text></s> <s sid="49"><CoreSc1 atype="GSC" type="Mod" conceptID="Mod6" novelty="None" advantage="None"/><text>An infinitesimal change in <IT>r</IT> modifies <IT>E</IT> both because of the change in mode energy and because of the change in occupation number The first term is due to mechanical work and the second to heat exchange with the surroundings.</text></s> <s sid="50"><CoreSc1 atype="GSC" type="Mod" conceptID="Mod6" novelty="None" advantage="None"/><text>The free energy <IT>Θ</IT> = <IT>E</IT> − <IT>Φ</IT> is the quantity that determines the force.</text></s> <s sid="51"><CoreSc1 atype="GSC" type="Mod" conceptID="Mod6" novelty="None" advantage="None"/><text>Let us now determine <IT>Φ</IT> and <IT>Θ</IT> where on the last line we have omitted the constant.</text></s> <s sid="52"><CoreSc1 atype="GSC" type="Mod" conceptID="Mod6" novelty="None" advantage="None"/><text>The energy functions are relative to some arbitrary reference level.</text></s> <s sid="53"><CoreSc1 atype="GSC" type="Mod" conceptID="Mod6" novelty="None" advantage="None"/><text>We usually choose this to be the value at infinite separation.</text></s> <s sid="54"><CoreSc1 atype="GSC" type="Mod" conceptID="Mod6" novelty="None" advantage="None"/><text>Thus the free energy is where on the last line we have identified the result as the Helmholtz free energy.</text></s></P><P><s sid="55"><CoreSc1 atype="GSC" type="Mod" conceptID="Mod6" novelty="None" advantage="None"/><text>The force is </text></s></P><P><s sid="56"><CoreSc1 atype="GSC" type="Mod" conceptID="Mod6" novelty="None" advantage="None"/><text>This was the contribution from one of the modes.</text></s> <s sid="57"><CoreSc1 atype="GSC" type="Mod" conceptID="Mod7" novelty="None" advantage="None"/><text>The total contribution to the Helmholtz free energy is We make the observation that we may use the argument principle but now with ln[2sinh(<IT>βħz</IT>/2)]/<IT>β</IT> instead of <IT>ħz</IT>/2 for <IT>φ</IT>(<IT>z</IT>) in the integrand.</text></s> <s sid="58"><CoreSc1 atype="GSC" type="Bac" conceptID="Bac13" novelty="None" advantage="None"/><text>There is however one complication.</text></s> <s sid="59"><CoreSc1 atype="GSC" type="Mod" conceptID="Mod7" novelty="None" advantage="None"/><text>This new function has poles of its own in the complex frequency plane.</text></s> <s sid="60"><CoreSc1 atype="GSC" type="Mod" conceptID="Mod7" novelty="None" advantage="None"/><text>We have to choose our contour so that it includes all poles and zeros of the function <IT>f</IT>(<IT>z</IT>) but excludes those of <IT>φ</IT>(<IT>z</IT>).</text></s> <s sid="61"><CoreSc1 atype="GSC" type="Mod" conceptID="Mod7" novelty="None" advantage="None"/><text>The poles of function <IT>φ</IT>(<IT>z</IT>) all are on the imaginary frequency axis.</text></s> <s sid="62"><CoreSc1 atype="GSC" type="Mod" conceptID="Mod7" novelty="None" advantage="None"/><text>We use the same contour as in Fig. 1., but now let the straight part of the contour lie just to the right of, and infinitesimally close to, the imaginary axis.</text></s> <s sid="63"><CoreSc1 atype="GSC" type="Mod" conceptID="Mod7" novelty="None" advantage="None"/><text>We have The coth function has poles on the imaginary <IT>z</IT>-axis and they should not be inside the contour.</text></s> <s sid="64"><CoreSc1 atype="GSC" type="Mod" conceptID="Mod7" novelty="None" advantage="None"/><text>The poles are at and all residues are the same, equal to 2/<IT>ħβ</IT>.</text></s> <s sid="65"><CoreSc1 atype="GSC" type="Mod" conceptID="Mod7" novelty="None" advantage="None"/><text>We integrate along the imaginary axis and deform the path along small semicircles around each pole.</text></s> <s sid="66"><CoreSc1 atype="GSC" type="Obs" conceptID="Obs3" novelty="None" advantage="None"/><text>The integration path is illustrated in Fig. 2.</text></s></P><P><s sid="67"><CoreSc1 atype="GSC" type="Mod" conceptID="Mod7" novelty="None" advantage="None"/><text>The integration along the axis results in zero since the integrand is odd with respect to <IT>ω</IT>.</text></s> <s sid="68"><CoreSc1 atype="GSC" type="Obs" conceptID="Obs4" novelty="None" advantage="None"/><text>The only surviving contributions are the ones from the small semicircles.</text></s> <s sid="69"><CoreSc1 atype="GSC" type="Res" conceptID="Res5" novelty="None" advantage="None"/><text>The result is Since the summand is even in <IT>n</IT> (see comment at the end of Section II) we can write this as where the prime on the summation sign indicates that the <IT>n</IT> = 0 term should be multiplied by a factor of one half.</text></s> <s sid="70"><CoreSc1 atype="GSC" type="Res" conceptID="Res5" novelty="None" advantage="None"/><text>This factor of one half is because there is only one term with |<IT>n</IT>| = 0 in the original summation but two for all other integers.</text></s></P><P><s sid="71"><CoreSc1 atype="GSC" type="Mod" conceptID="Mod8" novelty="None" advantage="None"/><text>When the temperature goes to zero the spacing between the discrete frequencies goes to zero and the summation may be replaced by an integration: and we regain the contribution to the internal energy from the interactions, the change in zero-point energy of the modes, as given in eqn. (6).</text></s></P></DIV><DIV DEPTH="1"><HEADER HEADER_MARKER="IV.">Forces at non-thermal equilibrium</HEADER><P><s sid="72"><CoreSc1 atype="GSC" type="Bac" conceptID="Bac14" novelty="None" advantage="None"/><text>In the absence of thermal equilibrium the occupation numbers are different from the Bose–Einstein ones for mass-less bosons and the summation along the imaginary frequency axis will no longer be the same.</text></s> <s sid="73"><CoreSc1 atype="GSC" type="Bac" conceptID="Bac14" novelty="None" advantage="None"/><text>The summation points came from the poles of the distribution function.</text></s> <s sid="74"><CoreSc1 atype="GSC" type="Goa" conceptID="Goa1" novelty="None" advantage="None"/><text>We want a narrow distribution function that is peaked in the microwave region of the spectrum where the cellular phones operate.</text></s> <s sid="75"><CoreSc1 atype="GSC" type="Goa" conceptID="Goa1" novelty="None" advantage="None"/><text>We want a distribution function that is peaked in a narrow energy range and has poles that give rise to feasible calculations.</text></s> <s sid="76"><CoreSc1 atype="GSC" type="Bac" conceptID="Bac15" novelty="None" advantage="None"/><text>A Gaussian distribution function would seem like a good candidate but it does not fulfil these criteria; it has an infinite number of poles on the imaginary axis.</text></s> <s sid="77"><CoreSc1 atype="GSC" type="Met" conceptID="Met5" novelty="Old" advantage="None"/><text>We instead choose a Lorentzian distribution function.</text></s> <s sid="78"><CoreSc1 atype="GSC" type="Mod" conceptID="Mod9" novelty="None" advantage="None"/><text>Let us now specify our choice of <IT>n</IT>(<IT>ω</IT>): <IT>n</IT>(<IT>ω</IT>) = i<IT>A</IT>[(<IT>ω</IT> − <IT>ω</IT><SB>0</SB> + i<IT>B</IT>)<SP>−1</SP> − (<IT>ω</IT> − <IT>ω</IT><SB>0</SB> − i<IT>B</IT>)<SP>−1</SP> + (<IT>ω</IT> + <IT>ω</IT><SB>0</SB> + i<IT>B</IT>)<SP>−1</SP> − (<IT>ω</IT> + <IT>ω</IT><SB>0</SB> − i<IT>B</IT>)<SP>−1</SP>]This function is real-valued on the real frequency axis and is a sum of two Lorentzian functions.</text></s> <s sid="79"><CoreSc1 atype="GSC" type="Mod" conceptID="Mod9" novelty="None" advantage="None"/><text>This function has the proper analytic properties and symmetries of a distribution function.</text></s> <s sid="80"><CoreSc1 atype="GSC" type="Mod" conceptID="Mod9" novelty="None" advantage="None"/><text>The energy or frequency where the distribution is focused is given by <IT>ω</IT><SB>0</SB> and the width of the distribution by <IT>B</IT>.</text></s> <s sid="81"><CoreSc1 atype="GSC" type="Mod" conceptID="Mod9" novelty="None" advantage="None"/><text>The function has two poles in the right half plane; it is an even analytic function on the imaginary frequency axis.</text></s> <s sid="82"><CoreSc1 atype="GSC" type="Mod" conceptID="Mod9" novelty="None" advantage="None"/><text>Our integration contour will now consist of the contour in Fig. 1., and two small circles clockwise around the two poles of the distribution function.</text></s> <s sid="83"><CoreSc1 atype="GSC" type="Obj" conceptID="Obj4" novelty="New" advantage="None"/><text>The integrand will be derived next.</text></s></P><P><s sid="84"><CoreSc1 atype="GSC" type="Mod" conceptID="Mod10" novelty="None" advantage="None"/><text>Using eqns. (7), (10) and (11) gives </text></s></P><P><s sid="85"><CoreSc1 atype="GSC" type="Mod" conceptID="Mod10" novelty="None" advantage="None"/><text>We first assume that we have an explicit expression for the second term of the free energy: </text></s></P><P><s sid="86"><CoreSc1 atype="GSC" type="Mod" conceptID="Mod10" novelty="None" advantage="None"/><text>Then we may write: and we may use the argument principle again and get one contribution from the integration along the contour of Fig. 1. and one from the contribution of the small circles around the poles of the distribution function: <IT>Θ</IT>(<IT>r</IT>) = <IT>Θ</IT><SB>1</SB>(<IT>r</IT>) + <IT>Θ</IT><SB>2</SB>(<IT>r</IT>), and <IT>Θ</IT><SB>2</SB>(<IT>r</IT>) = i<IT>ħA</IT>[ln <IT>f</IT>(<IT>ω</IT><SB>0</SB> − i<IT>B</IT>) − ln <IT>f</IT>(<IT>ω</IT><SB>0</SB> + i<IT>B</IT>)]Thus in eqn. (24) we have a similar expression to that for the equilibrium case for <IT>T</IT> = 0 in eqn. (6), but now with a factor <IT>n</IT> + 1/2 instead of just 1/2.</text></s> <s sid="87"><CoreSc1 atype="GSC" type="Obs" conceptID="Obs5" novelty="None" advantage="None"/><text>Note that the occupation number is evaluated on the imaginary frequency axis.</text></s></P></DIV><DIV DEPTH="1"><HEADER HEADER_MARKER="V.">Forces between spherical objects</HEADER><P><s sid="88"><CoreSc1 atype="GSC" type="Obj" conceptID="Obj5" novelty="New" advantage="None"/><text>We will now limit the treatment to the interaction between two spherical objects at large and intermediate separations where the dipole-dipole interaction is dominant.</text></s> <s sid="89"><CoreSc1 atype="GSC" type="Met" conceptID="Met6" novelty="Old" advantage="None"/><text>We limit the treatment to the van der Waals region.</text></s> <s sid="90"><CoreSc1 atype="GSC" type="Mod" conceptID="Mod11" novelty="None" advantage="None"/><text>Then the mode defining function is (see <REF TYPE="P" ID="cit1">ref. 1</REF>)<IT>f</IT>(<IT>z</IT>) = [1 − <IT>α</IT><SB>1</SB>(<IT>z</IT>)<IT>α</IT><SB>2</SB>(<IT>z</IT>)/<IT>r</IT><SP>6</SP>]<SP>2</SP>[1 − 4<IT>α</IT><SB>1</SB>(<IT>z</IT>)<IT>α</IT><SB>2</SB>(<IT>z</IT>)/<IT>r</IT><SP>6</SP>]and the free energy is</text></s></P><P><s sid="91"><CoreSc1 atype="GSC" type="Mod" conceptID="Mod11" novelty="None" advantage="None"/><text>In eqns. (27) and (28) we have expanded the logarithm for small arguments.</text></s> <s sid="92"><CoreSc1 atype="GSC" type="Mod" conceptID="Mod11" novelty="None" advantage="None"/><text>Now the polarizability for the spherical object <IT>i</IT> in some ambient medium, a, is where <IT>R</IT><SB><IT>i</IT></SB> is the radius of the object and <IT>ε</IT><SB>a</SB>(<IT>ω</IT>) the dielectric function of the ambient medium.</text></s></P></DIV><DIV DEPTH="1"><HEADER HEADER_MARKER="VI.">Numerical results</HEADER><P><s sid="93"><CoreSc1 atype="GSC" type="Obj" conceptID="Obj6" novelty="New" advantage="None"/><text>We now apply the theory to some systems where the objects have a water content differing from that of the ambient medium.</text></s> <s sid="94"><CoreSc1 atype="GSC" type="Bac" conceptID="Bac16" novelty="None" advantage="None"/><text>Water is strongly active in the microwave region due to the permanent dipole moments of the water molecule.</text></s> <s sid="95"><CoreSc1 atype="GSC" type="Bac" conceptID="Bac16" novelty="None" advantage="None"/><text>This property is the basis of the microwave oven.</text></s> <s sid="96"><CoreSc1 atype="GSC" type="Bac" conceptID="Bac16" novelty="None" advantage="None"/><text>The field induces rotations of the molecules.</text></s> <s sid="97"><CoreSc1 atype="GSC" type="Bac" conceptID="Bac16" novelty="None" advantage="None"/><text>The rotational energy is transformed into heat, due to the internal friction of water.</text></s></P><P><s sid="98"><CoreSc1 atype="GSC" type="Obj" conceptID="Obj7" novelty="New" advantage="None"/><text>We study two water drops, two air bubbles in water, and two blood cells in blood.</text></s> <s sid="99"><CoreSc1 atype="GSC" type="Bac" conceptID="Bac17" novelty="None" advantage="None"/><text>The dielectric properties of water have been studied extensively and are available in the literature.<REF TYPE="P" ID="cit12">12</REF></text></s> <s sid="100"><CoreSc1 atype="GSC" type="Met" conceptID="Met7" novelty="Old" advantage="None"/><text>We need these data both on the imaginary frequency axis for eqn. (27) and at general points of the complex frequency plane for eqn. (28).</text></s> <s sid="101"><CoreSc1 atype="GSC" type="Met" conceptID="Met7" novelty="Old" advantage="None"/><text>The measured values are of course on the real frequency axis.</text></s> <s sid="102"><CoreSc1 atype="GSC" type="Mod" conceptID="Mod12" novelty="None" advantage="None"/><text>The values on the imaginary axis can be obtained from the knowledge of the imaginary part, <IT>ε</IT><SB>2</SB>(<IT>ω</IT>) on the real frequency axis from a generalization of the Kramers–Kronig dispersion relations, derived from general properties of analytical functions.</text></s> <s sid="103"><CoreSc1 atype="GSC" type="Mod" conceptID="Mod12" novelty="None" advantage="None"/><text>The relation is For a general point, <IT>ω</IT> = <IT>a</IT> + i<IT>b</IT>, in the complex frequency plane the relations for the real part <IT>ε</IT><SB>1</SB> (<IT>ω</IT>) and imaginary part, <IT>ε</IT><SB>2</SB>(<IT>ω</IT>), are </text></s></P><P><s sid="104"><CoreSc1 atype="GSC" type="Mod" conceptID="Mod13" novelty="None" advantage="None"/><text>In the case of water drops the dielectric function for the ambient medium in eqn. (29) is unity and <IT>ε</IT><SB>i</SB>(<IT>ω</IT>) is the dielectric function of water.</text></s> <s sid="105"><CoreSc1 atype="GSC" type="Mod" conceptID="Mod13" novelty="None" advantage="None"/><text>Note that the index <IT>i</IT> here runs over the two drops and does not represent real and imaginary parts.</text></s> <s sid="106"><CoreSc1 atype="GSC" type="Mod" conceptID="Mod14" novelty="None" advantage="None"/><text>In the case of air bubbles in water the ambient dielectric function is that of water and <IT>ε</IT><SB>i</SB>(<IT>ω</IT>) is unity.</text></s> <s sid="107"><CoreSc1 atype="GSC" type="Obs" conceptID="Obs6" novelty="None" advantage="None"/><text>The results for two water drops are shown in Fig. 3 and the corresponding results for two bubbles in water are shown in Fig. 4.</text></s></P><P><s sid="108"><CoreSc1 atype="GSC" type="Goa" conceptID="Goa2" novelty="None" advantage="None"/><text>In this work the main objective is the force between two human red blood cells in blood.</text></s> <s sid="109"><CoreSc1 atype="GSC" type="Bac" conceptID="Bac18" novelty="None" advantage="None"/><text>To be able to perform a reliable, quantitative, calculation of the effects on the force between objects one needs to know the dielectric function in the full spectral range, both for the objects and for the ambient medium.</text></s> <s sid="110"><CoreSc1 atype="GSC" type="Bac" conceptID="Bac18" novelty="None" advantage="None"/><text>Since the information we have is limited we are restricted to rather crude model calculations.</text></s> <s sid="111"><CoreSc1 atype="GSC" type="Bac" conceptID="Bac19" novelty="None" advantage="None"/><text>The dielectric properties of blood in the range of 10 Hz to 100 GHz are known.<REF TYPE="P" ID="cit13">13</REF></text></s> <s sid="112"><CoreSc1 atype="GSC" type="Bac" conceptID="Bac19" novelty="None" advantage="None"/><text>The data for red blood cells<REF TYPE="P" ID="cit14">14</REF> are sparser, though.</text></s> <s sid="113"><CoreSc1 atype="GSC" type="Mod" conceptID="Mod15" novelty="None" advantage="None"/><text>We model the cell as a spherical object of radius <IT>R</IT> enclosed by a membrane; the radius of a human red blood cell is 4.5 μm and the thickness of the cell membrane is 8 nm.</text></s> <s sid="114"><CoreSc1 atype="GSC" type="Mod" conceptID="Mod15" novelty="None" advantage="None"/><text>We assume that the membrane has the same dielectric parameters as the cell membrane of a white blood cell of B-type.<REF TYPE="P" ID="cit15">15</REF></text></s> <s sid="115"><CoreSc1 atype="GSC" type="Res" conceptID="Res6" novelty="None" advantage="None"/><text>The interior is treated as homogeneous and we adjust the water and ion content of the cytoplasm so that the real and imaginary parts of the dielectric function for the cell agree with the few available, measured values;<REF TYPE="P" ID="cit14">14</REF> we end up with a water content of 75% and obtain the value 0.525 S m<SP>−1</SP> for the conductivity from the ions; these values seem reasonable.</text></s> <s sid="116"><CoreSc1 atype="GSC" type="Con" conceptID="Con3" novelty="None" advantage="None"/><text>We should be more specific with the dielectric functions used for the blood and blood cells.</text></s> <s sid="117"><CoreSc1 atype="GSC" type="Met" conceptID="Met8" novelty="Old" advantage="None"/><text>For the blood we use the expression in eqn. (4) of .<REF TYPE="P" ID="cit13">ref. 13</REF></text></s> <s sid="118"><CoreSc1 atype="GSC" type="Mod" conceptID="Mod16" novelty="None" advantage="None"/><text>It is valid for frequencies up to 100 GHz and consists of four terms; the first is the high-frequency asymptote; the second is the rotational contribution from water molecules; the third is the rotational contribution from larger entities; the fourth is the contribution from all mobile ions.</text></s> <s sid="119"><CoreSc1 atype="GSC" type="Bac" conceptID="Bac20" novelty="None" advantage="None"/><text>The authors of <REF TYPE="P" ID="cit13">ref. 13</REF> adjusted the eight parameters to give a good fit to the experimental data.</text></s> <s sid="120"><CoreSc1 atype="GSC" type="Bac" conceptID="Bac21" novelty="None" advantage="None"/><text>The red blood cell consists of a membrane enclosing the cytoplasm.</text></s> <s sid="121"><CoreSc1 atype="GSC" type="Bac" conceptID="Bac21" novelty="None" advantage="None"/><text>We thus need the dielectric properties of these two materials.</text></s> <s sid="122"><CoreSc1 atype="GSC" type="Met" conceptID="Met9" novelty="Old" advantage="None"/><text>Here we use just two of the terms discussed above, the first and the fourth, just as in eqn. (3) of <REF TYPE="P" ID="cit15">ref. 15</REF> with parameter values given in that reference.</text></s> <s sid="123"><CoreSc1 atype="GSC" type="Mod" conceptID="Mod17" novelty="None" advantage="None"/><text>For the cytoplasm we keep in principle the first, second and fourth terms.</text></s> <s sid="124"><CoreSc1 atype="GSC" type="Mod" conceptID="Mod17" novelty="None" advantage="None"/><text>The two first terms we replace by 1 + <IT>F</IT>[<IT>ε</IT><SB><IT>w</IT></SB>(<IT>ω</IT>) − 1], where <IT>F</IT> is the fraction of water and <IT>ε</IT><SB>w</SB>(<IT>ω</IT>) is the dielectric function of water.</text></s> <s sid="125"><CoreSc1 atype="GSC" type="Mod" conceptID="Mod17" novelty="None" advantage="None"/><text>This gives us two parameters to vary, <IT>viz.</IT>, <IT>F</IT> and the parameter of the fourth term of the dielectric function, the static conductivity of the mobile ions.</text></s> <s sid="126"><CoreSc1 atype="GSC" type="Met" conceptID="Met10" novelty="Old" advantage="None"/><text>The effective dielectric function of the blood cell we determine along the lines of eqns. (4)–(6) of <REF TYPE="P" ID="cit15">ref. 15</REF>, where we remove the effects from the nucleus.</text></s> <s sid="127"><CoreSc1 atype="GSC" type="Bac" conceptID="Bac22" novelty="None" advantage="None"/><text>The red blood cells have no nucleus.</text></s> <s sid="128"><CoreSc1 atype="GSC" type="Mod" conceptID="Mod18" novelty="None" advantage="None"/><text>We then vary the two parameters, to get a good fit to the experimental imaginary and real parts of the dielectric function of a red blood cell.</text></s> <s sid="129"><CoreSc1 atype="GSC" type="Obs" conceptID="Obs7" novelty="None" advantage="None"/><text>The fit is seen in Fig. 5.</text></s></P><P><s sid="130"><CoreSc1 atype="GSC" type="Mot" conceptID="Mot1" novelty="None" advantage="None"/><text>We have probably got good enough estimates of the dielectric properties of blood and cells for the spectral range up to 100 GHz, but we need the properties also for higher frequencies.</text></s> <s sid="131"><CoreSc1 atype="GSC" type="Mot" conceptID="Mot1" novelty="None" advantage="None"/><text>We lack this information.</text></s> <s sid="132"><CoreSc1 atype="GSC" type="Bac" conceptID="Bac23" novelty="None" advantage="None"/><text>We know the dielectric function of water<REF TYPE="P" ID="cit16">16</REF> in the whole spectral range.</text></s> <s sid="133"><CoreSc1 atype="GSC" type="Bac" conceptID="Bac23" novelty="None" advantage="None"/><text>The most characteristic feature of this dielectric function is the large contribution from Debye<REF TYPE="P" ID="cit1 cit17">1,17</REF> rotational relaxation in the microwave region.</text></s> <s sid="134"><CoreSc1 atype="GSC" type="Met" conceptID="Met11" novelty="New" advantage="None"/><text>We model the dielectric function of the cell and of blood by letting them be equal to the function for water for high frequencies.</text></s> <s sid="135"><CoreSc1 atype="GSC" type="Obs" conceptID="Obs8" novelty="None" advantage="None"/><text>The functions used are displayed in Fig. 5.</text></s> <s sid="136"><CoreSc1 atype="GSC" type="Obs" conceptID="Obs8" novelty="None" advantage="None"/><text>The solid, dashed and dotted curves are the imaginary parts of the dielectric function for the cell, for blood and for water, respectively.</text></s> <s sid="137"><CoreSc1 atype="GSC" type="Bac" conceptID="Bac24" novelty="None" advantage="None"/><text>The circles are the experimental values for the cell from .<REF TYPE="P" ID="cit14">ref. 14</REF></text></s> <s sid="138"><CoreSc1 atype="GSC" type="Obs" conceptID="Obs8" novelty="None" advantage="None"/><text>The short piece of solid curve is our real part of the dielectric function for the cell compared to the experimental values from <REF TYPE="P" ID="cit14">ref. 14</REF>, indicated by the squares.</text></s></P><P><s sid="139"><CoreSc1 atype="GSC" type="Res" conceptID="Res7" novelty="None" advantage="None"/><text>The energy density at the surface of a black-body radiator at 300 K is approximately 6 × 10<SP>−6</SP> J m<SP>−3</SP>.</text></s> <s sid="140"><CoreSc1 atype="GSC" type="Res" conceptID="Res7" novelty="None" advantage="None"/><text>The corresponding radiative power is 46 mW cm<SP>−2</SP>.</text></s> <s sid="141"><CoreSc1 atype="GSC" type="Met" conceptID="Met12" novelty="New" advantage="None"/><text>We choose a Lorentzian function peaked at the photon energy 3.5 × 10<SP>−6</SP> eV and with a FWHM of 5% of the peak energy.</text></s> <s sid="142"><CoreSc1 atype="GSC" type="Res" conceptID="Res8" novelty="None" advantage="None"/><text>The results are found to be insensitive to the peak width.</text></s> <s sid="143"><CoreSc1 atype="GSC" type="Met" conceptID="Met13" novelty="New" advantage="None"/><text>We have let the strength of the distribution be such that the energy density in the radiation field is 1 × 10<SP>−6</SP> J m<SP>−3</SP>.</text></s> <s sid="144"><CoreSc1 atype="GSC" type="Res" conceptID="Res9" novelty="None" advantage="None"/><text>The corresponding radiative power is 7.5 mW cm<SP>−2</SP>.</text></s> <s sid="145"><CoreSc1 atype="GSC" type="Bac" conceptID="Bac25" novelty="None" advantage="None"/><text>Thus we have chosen a slightly weaker radiation than that of the black-body radiator.</text></s> <s sid="146"><CoreSc1 atype="GSC" type="Res" conceptID="Res10" novelty="None" advantage="None"/><text>The numerical values used for <IT>ω</IT><SB>0</SB>, <IT>B</IT> and <IT>A</IT> are 5.32 × 10<SP>9</SP> s<SP>−1</SP>, 1.33 × 10<SP>8</SP> s<SP>−1</SP> and 2.95 × 10<SP>24</SP> s<SP>−1</SP>, respectively.</text></s></P><P><s sid="147"><CoreSc1 atype="GSC" type="Obs" conceptID="Obs9" novelty="None" advantage="None"/><text>In Fig. 6 we show the result, the upper solid curve, for the interaction potential in the microwave field.</text></s> <s sid="148"><CoreSc1 atype="GSC" type="Obs" conceptID="Obs9" novelty="None" advantage="None"/><text>For comparison we have included the room temperature result, middle curve, and one in the absence of radiation, lower curve.</text></s> <s sid="149"><CoreSc1 atype="GSC" type="Obs" conceptID="Obs9" novelty="None" advantage="None"/><text>To give the reader a feeling for the strength of the potential we have added two reference potentials: The first is the dash-dotted curve.</text></s> <s sid="150"><CoreSc1 atype="GSC" type="Res" conceptID="Res11" novelty="None" advantage="None"/><text>It is the unscreened potential between two unit charges; in a colloid the particles become charged and typically attain a charge of the order of 100 unit charges, but the resulting repulsive potential between the particles becomes screened by the counterions in the solution and the net potential is strongly reduced and also short range.</text></s> <s sid="151"><CoreSc1 atype="GSC" type="Obs" conceptID="Obs10" novelty="None" advantage="None"/><text>Thus, a comparison between the repulsive Coulomb potential and the attractive dispersion potential, induced by the microwave field, should be made towards the left in the figure.</text></s> <s sid="152"><CoreSc1 atype="GSC" type="Obs" conceptID="Obs11" novelty="None" advantage="None"/><text>The second reference potential is the short horizontal line in the figure.</text></s> <s sid="153"><CoreSc1 atype="GSC" type="Res" conceptID="Res12" novelty="None" advantage="None"/><text>It represents the energy 6<IT>k</IT><SB>B</SB><IT>T</IT> for room temperature.</text></s> <s sid="154"><CoreSc1 atype="GSC" type="Res" conceptID="Res12" novelty="None" advantage="None"/><text>This number is an estimate used to determine if a potential barrier is large enough to prevent the particles from overcoming it through the Brownian motion.</text></s></P><P><s sid="155"><CoreSc1 atype="GSC" type="Met" conceptID="Met14" novelty="New" advantage="None"/><text>The force between the cells is obtained by taking the derivative of the potential with respect to separation.</text></s> <s sid="156"><CoreSc1 atype="GSC" type="Res" conceptID="Res12" novelty="None" advantage="None"/><text>Doing this we find that the force ranges from 0.15 μN at the small-separation end of the figure to 1.5 zN<SUP TYPE="FOOTNOTE_MARKER" ID="fn2"/> at the large-separation end.</text></s> <s sid="157"><CoreSc1 atype="GSC" type="Con" conceptID="Con4" novelty="None" advantage="None"/><text>The potential and force resulting from the microwave radiation can not be considered negligible in comparison with other forces experienced by the blood cells.</text></s> <s sid="158"><CoreSc1 atype="GSC" type="Obs" conceptID="Obs12" novelty="None" advantage="None"/><text>The lowest curve in the figure is the result without radiation.</text></s> <s sid="159"><CoreSc1 atype="GSC" type="Res" conceptID="Res13" novelty="None" advantage="None"/><text>This potential comes entirely from the zero-point energy of the normal modes.</text></s> <s sid="160"><CoreSc1 atype="GSC" type="Bac" conceptID="Bac26" novelty="None" advantage="None"/><text>It is only of academic interest since it corresponds to absolute zero temperature.</text></s> <s sid="161"><CoreSc1 atype="GSC" type="Bac" conceptID="Bac26" novelty="None" advantage="None"/><text>The thermal radiation enhances the interaction.</text></s> <s sid="162"><CoreSc1 atype="GSC" type="Res" conceptID="Res14" novelty="None" advantage="None"/><text>At room temperature the radiation causes an enhancement of the potential and force at intermediate separations of several orders of magnitude.</text></s> <s sid="163"><CoreSc1 atype="GSC" type="Obs" conceptID="Obs13" novelty="None" advantage="None"/><text>The enhancement at microwave radiation is much more impressive.</text></s> <s sid="164"><CoreSc1 atype="GSC" type="Res" conceptID="Res15" novelty="None" advantage="None"/><text>It gives an additional enhancement of ten orders of magnitude.</text></s> <s sid="165"><CoreSc1 atype="GSC" type="Obs" conceptID="Obs14" novelty="None" advantage="None"/><text>The photon energy where the microwave radiation is concentrated is indicated by a bar at the bottom of Fig. 5.</text></s> <s sid="166"><CoreSc1 atype="GSC" type="Res" conceptID="Res16" novelty="None" advantage="None"/><text>We see that the energy or frequency is here low enough for the mobile ions to contribute to the screening.</text></s> <s sid="167"><CoreSc1 atype="GSC" type="Obs" conceptID="Obs15" novelty="None" advantage="None"/><text>The ion contribution is of the Drude-tail type and varies as <IT>ω</IT><SP>−1</SP>.</text></s> <s sid="168"><CoreSc1 atype="GSC" type="Res" conceptID="Res17" novelty="None" advantage="None"/><text>The enhancement of the force in the microwave region is probably due to both ion contributions and contributions from rotations of the water molecules.</text></s></P><P><s sid="169"><CoreSc1 atype="GSC" type="Res" conceptID="Res18" novelty="None" advantage="None"/><text>In the calculations for water drops and for bubbles in water we found strong enhancement of the force but not as strong as the result in Fig. 6.</text></s> <s sid="170"><CoreSc1 atype="GSC" type="Res" conceptID="Res18" novelty="None" advantage="None"/><text>In these two cases the ion contributions are absent but the rotational contributions are stronger and there are contributions from the whole spectral range including the infrared and ultraviolet regions.</text></s></P></DIV><DIV DEPTH="1"><HEADER HEADER_MARKER="VII.">Summary and conclusions</HEADER><P><s sid="171"><CoreSc1 atype="GSC" type="Obj" conceptID="Obj8" novelty="New" advantage="None"/><text>To summarize, we have gone beyond the approximation of treating cellular phones as black-body radiators, which is usually done in setting the radiation standards.</text></s> <s sid="172"><CoreSc1 atype="GSC" type="Met" conceptID="Met15" novelty="New" advantage="None"/><text>We have focused the radiation power to a peak in the microwave region.</text></s> <s sid="173"><CoreSc1 atype="GSC" type="Obj" conceptID="Obj9" novelty="New" advantage="None"/><text>We have studied the effect of this radiation on the attractive part of the force between two blood cells in blood using a simplified model for the dielectric properties of the system.</text></s> <s sid="174"><CoreSc1 atype="GSC" type="Res" conceptID="Res19" novelty="None" advantage="None"/><text>We found an enhancement of the force by ten orders of magnitude when changing the radiation spectrum from thermal to one that is peaked in the microwave region.</text></s> <s sid="175"><CoreSc1 atype="GSC" type="Con" conceptID="Con5" novelty="None" advantage="None"/><text>Since the results depend on the water and ion content in the blood and blood cells and since these vary between individuals and also depend on the person's health status the effects can vary from person to person.</text></s> <s sid="176"><CoreSc1 atype="GSC" type="Con" conceptID="Con6" novelty="None" advantage="None"/><text>Another possible result from the radiation could be that thin blood vessels contract and thereby limit the flow of blood through them; the surface energy of the blood vessel might increase drastically making a contraction energetically favorable.</text></s> <s sid="177"><CoreSc1 atype="GSC" type="Con" conceptID="Con7" novelty="None" advantage="None"/><text>Still other unwanted effects could be growth of precipitates in tissue and organs, in the eye for example.</text></s> <s sid="178"><CoreSc1 atype="GSC" type="Con" conceptID="Con7" novelty="None" advantage="None"/><text>At this stage it is only speculation.</text></s></P><P><s sid="179"><CoreSc1 atype="GSC" type="Bac" conceptID="Bac27" novelty="None" advantage="None"/><text>A word of caution: The present work should not be considered as a proof of that cellular phones are harmful.</text></s> <s sid="180"><CoreSc1 atype="GSC" type="Bac" conceptID="Bac27" novelty="None" advantage="None"/><text>It shows that there may be effects not considered before.</text></s> <s sid="181"><CoreSc1 atype="GSC" type="Res" conceptID="Res20" novelty="None" advantage="None"/><text>The weakness of the model calculations lies in the incomplete input data for the dielectric properties of biological tissue and in the description of the radiation field.</text></s> <s sid="182"><CoreSc1 atype="GSC" type="Bac" conceptID="Bac28" novelty="None" advantage="None"/><text>We have not taken into account that the field may be polarized; in a polarized field the forces between the two cells also depend on their relative orientation with respect to the polarization direction; the force may be repulsive for some orientations and even more strongly attractive for others.</text></s> <s sid="183"><CoreSc1 atype="GSC" type="Bac" conceptID="Bac29" novelty="None" advantage="None"/><text>In general, the force induced by a radiation field has attractive and repulsive contributions from different parts of the spectral range.</text></s> <s sid="184"><CoreSc1 atype="GSC" type="Res" conceptID="Res21" novelty="None" advantage="None"/><text>The origin of the enhancement, we have found, for the interaction between the cells is that the energy density in the radiation field has been concentrated in a spectral range where the contributions are attractive.</text></s> <s sid="185"><CoreSc1 atype="GSC" type="Res" conceptID="Res21" novelty="None" advantage="None"/><text>The result is not sensitive to the particular choice of distribution as long as it is peaked at the same spectral position.</text></s> <s sid="186"><CoreSc1 atype="GSC" type="Met" conceptID="Met16" novelty="Old" advantage="None"/><text>We have used a Lorentzian distribution function because it has only two poles in the right half of the complex frequency plane, giving rise to the two terms in eqn. (28).</text></s> <s sid="187"><CoreSc1 atype="GSC" type="Met" conceptID="Met17" novelty="Old" advantage="None"/><text>The Bose–Einstein distribution function for thermal radiation has an infinite number of poles giving rise to the infinite number of terms in eqn. (17).</text></s> <s sid="188"><CoreSc1 atype="GSC" type="Bac" conceptID="Bac30" novelty="None" advantage="None"/><text>Had we used a Gaussian distribution function we would also have ended up with an infinite number of terms.</text></s> <s sid="189"><CoreSc1 atype="GSC" type="Bac" conceptID="Bac30" novelty="None" advantage="None"/><text>The final result would have been similar but the mathematics more cumbersome and the treatment less transparent.</text></s></P><P><s sid="190"><CoreSc1 atype="GSC" type="Con" conceptID="Con8" novelty="None" advantage="None"/><text>Hopefully this study will stimulate efforts to measure the dielectric properties of all components in biological tissue over the full spectral range, making more realistic studies feasible.</text></s></P></DIV></BODY></PAPER>