<?xml version="1.0" encoding="UTF-8"?>
<!DOCTYPE PAPER
  SYSTEM "paper-structure-annotation.dtd">
<PAPER><mode2 name="b312620j" hasDoc="yes" version="1153"/><TITLE><s sid="1"><CoreSc1 atype="GSC" type="Obj" conceptID="Obj1" novelty="New" advantage="None"/><text>Photocatalytic water splitting on hydrated layered perovskite tantalate A<SB>2</SB>SrTa<SB>2</SB>O<SB>7</SB>·<IT>n</IT>H<SB>2</SB>O (A = H, K, and Rb)</text></s></TITLE><ABSTRACT><s sid="2"><CoreSc1 atype="GSC" type="Goa" conceptID="Goa1" novelty="None" advantage="None"/><text>A series of layered perovskite tantalates, A<SB>2</SB>SrTa<SB>2</SB>O<SB>7</SB> (A = H, Li, K, and Rb), were prepared as novel photocatalysts for photocatalytic water splitting into H<SB>2</SB> and O<SB>2</SB> under UV irradiation.</text></s> <s sid="3"><CoreSc1 atype="GSC" type="Con" conceptID="Con1" novelty="None" advantage="None"/><text>The layered perovskite tantalates with hydrated interlayer space, A<SB>2</SB>SrTa<SB>2</SB>O<SB>7</SB>·<IT>n</IT>H<SB>2</SB>O (A = H, K, and Rb), showed higher H<SB>2</SB> formation rate than anhydrous layered tantalate, Li<SB>2</SB>SrTa<SB>2</SB>O<SB>7</SB>, and anhydrous perovskite tantalate, KTaO<SB>3</SB>.</text></s> <s sid="4"><CoreSc1 atype="GSC" type="Con" conceptID="Con2" novelty="None" advantage="None"/><text>H<SB>2</SB>SrTa<SB>2</SB>O<SB>7</SB>·<IT>n</IT>H<SB>2</SB>O and K<SB>2</SB>SrTa<SB>2</SB>O<SB>7</SB>·<IT>n</IT>H<SB>2</SB>O showed high activity for overall splitting of water without loading co-catalysts.</text></s> <s sid="5"><CoreSc1 atype="GSC" type="Con" conceptID="Con3" novelty="None" advantage="None"/><text>The reaction over H<SB>2</SB>SrTa<SB>2</SB>O<SB>7</SB>·<IT>n</IT>H<SB>2</SB>O proceeded steadily more than 70 h, demonstrating a high durability of the catalyst.</text></s> <s sid="6"><CoreSc1 atype="GSC" type="Obj" conceptID="Obj2" novelty="New" advantage="None"/><text>Effects of hydrated interlayer space on the catalytic activity were discussed on the basis of the results of photoluminescence spectra and the hydrogen evolution from aqueous solution of <IT>n</IT>-butylamine as a test reaction.</text></s> <s sid="7"><CoreSc1 atype="GSC" type="Con" conceptID="Con4" novelty="None" advantage="None"/><text>The results indicate that the availability of interlayer space of layered tantalate as reaction sites is an important factor to improve the photocatalytic activity of Ta-based semiconductor materials.</text></s></ABSTRACT><BODY><DIV DEPTH="1"><HEADER>Introduction</HEADER><P><s sid="8"><CoreSc1 atype="GSC" type="Mot" conceptID="Mot1" novelty="None" advantage="None"/><text>Among various methods of solar energy conversion, the photocatalytic decomposition of water into H<SB>2</SB> and O<SB>2</SB> over semiconductor materials is one of the most challenging methods.</text></s> <s sid="9"><CoreSc1 atype="GSC" type="Mot" conceptID="Mot2" novelty="None" advantage="None"/><text>Much attention has been paid to this reaction, as it can potentially provide clean and renewable source for hydrogen fuel in the future.</text></s> <s sid="10"><CoreSc1 atype="GSC" type="Bac" conceptID="Bac1" novelty="None" advantage="None"/><text>Since TiO<SB>2</SB> electrode was first studied for water decomposition under UV-light irradiation, a variety of photocatalysts, mainly Ti,<REF TYPE="P" ID="cit1 cit2 cit3 cit4">1–4</REF> Nb<REF TYPE="P" ID="cit5 cit6">5,6</REF> and Ta<REF TYPE="P" ID="cit7 cit8 cit9 cit10 cit11 cit12 cit13">7–13</REF> based oxides, have been reported to be effective for photocatalytic decomposition of water.</text></s> <s sid="11"><CoreSc1 atype="GSC" type="Bac" conceptID="Bac2" novelty="None" advantage="None"/><text>A group of Domen <IT>et al</IT><REF TYPE="P" ID="cit5 cit6">5,6</REF>. first demonstrated the use of ion-exchangeable layered oxides, K<SB>4</SB>Nb<SB>6</SB>O<SB>17</SB> and K<SB>2</SB>La<SB>2</SB>Ti<SB>3</SB>O<SB>10</SB>, as effective photocatalysts for water splitting.</text></s> <s sid="12"><CoreSc1 atype="GSC" type="Bac" conceptID="Bac2" novelty="None" advantage="None"/><text>Upon loading transition metal co-catalyst, NiO<SB><IT>x</IT></SB>, these materials show much higher activity than the “bulk type” catalysts such as Pt/TiO<SB>2</SB>.</text></s> <s sid="13"><CoreSc1 atype="GSC" type="Bac" conceptID="Bac2" novelty="None" advantage="None"/><text>It was explained that these layered materials use their interlayer space as reaction sites, where electron-hole recombination process could be retarded by physical separation of electron and hole pairs generated by photo-absorption.</text></s> <s sid="14"><CoreSc1 atype="GSC" type="Bac" conceptID="Bac3" novelty="None" advantage="None"/><text>On the other hand, Ta-based catalysts have recently been developed as a new class of photocatalyst.</text></s> <s sid="15"><CoreSc1 atype="GSC" type="Bac" conceptID="Bac4" novelty="None" advantage="None"/><text>Kudo <IT>et al.</IT> first studied the photocatalytic properties of many Ta-based catalysts, such as Sr<SB>2</SB>Ta<SB>2</SB>O<SB>7</SB><REF TYPE="P" ID="cit9">9</REF> and NaTaO<SB>3</SB>.<REF TYPE="P" ID="cit10">10</REF></text></s> <s sid="16"><CoreSc1 atype="GSC" type="Bac" conceptID="Bac5" novelty="None" advantage="None"/><text>Among these catalysts, La doped NiO/NaTaO<SB>3</SB> showed extremely high efficiency with quantum yields as high as 50% under UV irradiation.<REF TYPE="P" ID="cit11">11</REF></text></s> <s sid="17"><CoreSc1 atype="GSC" type="Bac" conceptID="Bac6" novelty="None" advantage="None"/><text>Recently, Zou <IT>et al.</IT> demonstrated the direct water splitting under visible light irradiation with In–Ni–Ta oxides.<REF TYPE="P" ID="cit12">12</REF></text></s> <s sid="18"><CoreSc1 atype="GSC" type="Bac" conceptID="Bac7" novelty="None" advantage="None"/><text>However, for most of the photocatalysts, it is necessary to load transition metal co-catalysts to achieve high activity for water splitting.</text></s> <s sid="19"><CoreSc1 atype="GSC" type="Bac" conceptID="Bac8" novelty="None" advantage="None"/><text>The above Ta-based catalysts can be classified to anhydrous bulk type photocatalysts.</text></s> <s sid="20"><CoreSc1 atype="GSC" type="Hyp" conceptID="Hyp1" novelty="None" advantage="None"/><text>We expected that Ta-based materials with hydrous layered structure can be an effective photocatalysts for water splitting.</text></s> <s sid="21"><CoreSc1 atype="GSC" type="Bac" conceptID="Bac9" novelty="None" advantage="None"/><text>Machida <IT>et al.</IT> first studied the photocatalytic properties of layered perovskite tantalates.<REF TYPE="P" ID="cit13">13</REF></text></s> <s sid="22"><CoreSc1 atype="GSC" type="Bac" conceptID="Bac9" novelty="None" advantage="None"/><text>They prepared layered tantalates, ANdTa<SB>2</SB>O<SB>7</SB> (A = H or Na) in hydrous form, whose interlayer space is potentially available for the reaction.</text></s> <s sid="23"><CoreSc1 atype="GSC" type="Bac" conceptID="Bac9" novelty="None" advantage="None"/><text>However, the activity of these layered tantalates was lower than that of NaNdTa<SB>2</SB>O<SB>7</SB> in dehydrated form, indicating that hydration of this type of layered tantalate is not effective in improving the photocatalytic activity.</text></s></P><P><s sid="24"><CoreSc1 atype="GSC" type="Bac" conceptID="Bac10" novelty="None" advantage="None"/><text>A<SB>2</SB>SrTa<SB>2</SB>O<SB>7</SB> (A = H, Li, K and Rb) type tantalate are new members of Ruddlesden–Popper type layered perovskite.<REF TYPE="P" ID="cit14 cit15 cit16 cit17">14–17</REF></text></s> <s sid="25"><CoreSc1 atype="GSC" type="Bac" conceptID="Bac11" novelty="None" advantage="None"/><text>The structure of K<SB>2</SB>SrTa<SB>2</SB>O<SB>7</SB> and its hydrate has been recently clarified.</text></s> <s sid="26"><CoreSc1 atype="GSC" type="Bac" conceptID="Bac11" novelty="None" advantage="None"/><text>These materials are composed of layers of Sr–Ta perovskite sheets and potassium ions located in the interlayer.</text></s> <s sid="27"><CoreSc1 atype="GSC" type="Bac" conceptID="Bac11" novelty="None" advantage="None"/><text>The layered structure allows spontaneous water intercalation when anhydrous K<SB>2</SB>SrTa<SB>2</SB>O<SB>7</SB> is kept in air at ambient temperature.</text></s> <s sid="28"><CoreSc1 atype="GSC" type="Hyp" conceptID="Hyp2" novelty="None" advantage="None"/><text>We hypothesized that from these features, A<SB>2</SB>SrTa<SB>2</SB>O<SB>7</SB> materials act as new Ta-based photocatalysts with two-dimensional structures in water.</text></s></P><P><s sid="29"><CoreSc1 atype="GSC" type="Con" conceptID="Con5" novelty="None" advantage="None"/><text>In this paper, we report the first successful example of layered perovskite-type tantalates with hydrated interlayer space, A<SB>2</SB>SrTa<SB>2</SB>O<SB>7</SB>·<IT>n</IT>H<SB>2</SB>O (A = H, K and Rb), as very active photocatalysts.</text></s> <s sid="30"><CoreSc1 atype="GSC" type="Obj" conceptID="Obj3" novelty="New" advantage="None"/><text>The activity of these novel catalysts is compared to that of Li<SB>2</SB>SrTa<SB>2</SB>O<SB>7</SB> (anhydrous layered perovskite-type tantalate) as well as that of the bulk type perovskite tantalate.</text></s> <s sid="31"><CoreSc1 atype="GSC" type="Obj" conceptID="Obj4" novelty="New" advantage="None"/><text>Photocatalysts are characterized by XRD, diffuse reflectance UV spectroscopy, photoluminescence spectroscopy, and the hydrogen evolution from aqueous solution of <IT>n</IT>-butylamine as a test reaction, and the relationship between the catalytic activity and the structural characteristics is discussed in terms of the effect of the interlayer.</text></s></P></DIV><DIV DEPTH="1"><HEADER>Experimental</HEADER><DIV DEPTH="2"><HEADER>Catalyst preparation and characterization</HEADER><P><s sid="32"><CoreSc1 atype="GSC" type="Exp" conceptID="Exp1" novelty="None" advantage="None"/><text>A<SB>2</SB>SrTa<SB>2</SB>O<SB>7</SB> (A = Li, K, and Rb) powders were prepared by a conventional solid state reaction.</text></s> <s sid="33"><CoreSc1 atype="GSC" type="Exp" conceptID="Exp2" novelty="None" advantage="None"/><text>Stoichiometric amounts of SrCO<SB>3</SB> (Kanto Chemical, purity; 99.9%) and Ta<SB>2</SB>O<SB>5</SB> (Rare Metallic, purity; 99.9%) with a 150% molar excess of K<SB>2</SB>CO<SB>3</SB> (Kanto Chemical, purity; 99.5%) or Rb<SB>2</SB>CO<SB>3</SB> (Kanto Chemical, purity; 99.5%) were mixed together and heated in air at 1173 K for 24 h.</text></s> <s sid="34"><CoreSc1 atype="GSC" type="Exp" conceptID="Exp3" novelty="None" advantage="None"/><text>Li<SB>2</SB>SrTa<SB>2</SB>O<SB>7</SB> was prepared from SrCO<SB>3</SB> and Ta<SB>2</SB>O<SB>5</SB> with a 150% molar excess of Li<SB>2</SB>CO<SB>3</SB> (Kanto Chemical, purity; 99.5%) by heating at 1523 K for 12 h.<REF TYPE="P" ID="cit17">17</REF></text></s> <s sid="35"><CoreSc1 atype="GSC" type="Exp" conceptID="Exp4" novelty="None" advantage="None"/><text>After the calcinations, the excess alkali was washed out with deionized water, and the sample was dried <IT>in vacuo</IT> at 298 K for 20 h.</text></s> <s sid="36"><CoreSc1 atype="GSC" type="Exp" conceptID="Exp5" novelty="None" advantage="None"/><text>According to the previous report,<REF TYPE="P" ID="cit16">16</REF> H<SB>2</SB>SrTa<SB>2</SB>O<SB>7</SB> was prepared by the K<SP>+</SP>/H<SP>+</SP> exchange: K<SB>2</SB>SrTa<SB>2</SB>O<SB>7</SB> (3 g) was added to 150 mL of 0.3 M HNO<SB>3</SB> at room temperature for 24 h with constant stirring, followed by washing with deionized water, and by drying <IT>in vacuo</IT> at 298 K for 20 h.</text></s> <s sid="37"><CoreSc1 atype="GSC" type="Exp" conceptID="Exp6" novelty="None" advantage="None"/><text>After the preparation, A<SB>2</SB>SrTa<SB>2</SB>O<SB>7</SB> (A = H, K, and Rb) materials exhibit hydrated structure and are named as A<SB>2</SB>SrTa<SB>2</SB>O<SB>7</SB>·<IT>n</IT>H<SB>2</SB>O (A = H, K, and Rb).</text></s></P><P><s sid="38"><CoreSc1 atype="GSC" type="Exp" conceptID="Exp7" novelty="None" advantage="None"/><text>The crystal structure of the obtained materials was confirmed by X-ray diffraction (MAC Science; MX Labo) with Cu Kα radiation (40 kV, 25 mA) at room temperature.</text></s> <s sid="39"><CoreSc1 atype="GSC" type="Exp" conceptID="Exp8" novelty="None" advantage="None"/><text>Thermogravimetric (TG) analysis coupled with differential thermal analysis of the hydrated oxides was made using MTC1000 (MAC Science) operating with a heating rate of 10 K min<SP>−1</SP>.</text></s> <s sid="40"><CoreSc1 atype="GSC" type="Exp" conceptID="Exp9" novelty="None" advantage="None"/><text>Diffuse reflectance spectra were obtained with a UV-Vis spectrometer (Jasco; V-550) and were converted from reflection to absorbance by the Kubelka–Munk method.</text></s> <s sid="41"><CoreSc1 atype="GSC" type="Exp" conceptID="Exp10" novelty="None" advantage="None"/><text>The optical band-gap energy was calculated from onset of absorption edges.</text></s> <s sid="42"><CoreSc1 atype="GSC" type="Exp" conceptID="Exp11" novelty="None" advantage="None"/><text>Photoluminescence was measured at 77 K using a closed quartz cell and a fluorometer (HITACHI F-4500).</text></s> <s sid="43"><CoreSc1 atype="GSC" type="Exp" conceptID="Exp12" novelty="None" advantage="None"/><text>For K<SB>2</SB>SrTa<SB>2</SB>O<SB>7</SB> in anhydrous form, XRD, UV-Vis and photoluminescence measurements were carried out immediately after calcination in order to avoid the hydration process.</text></s></P></DIV><DIV DEPTH="2"><HEADER>Photocatalytic reaction</HEADER><P><s sid="44"><CoreSc1 atype="GSC" type="Exp" conceptID="Exp13" novelty="None" advantage="None"/><text>The photocatalytic decomposition of water was performed with a gas-closed circulating system.</text></s> <s sid="45"><CoreSc1 atype="GSC" type="Exp" conceptID="Exp14" novelty="None" advantage="None"/><text>The catalyst powder (0.5 g) was dispersed in 200 mL of pure water by a magnetic stirrer in an inner irradiation cell made of quartz.</text></s> <s sid="46"><CoreSc1 atype="GSC" type="Exp" conceptID="Exp15" novelty="None" advantage="None"/><text>The light source was a 400 W high-pressure mercury lamp.</text></s> <s sid="47"><CoreSc1 atype="GSC" type="Exp" conceptID="Exp16" novelty="None" advantage="None"/><text>Before the reaction, the mixture was degassed completely and then Ar (<IT>ca.</IT> 15 kPa) was introduced.</text></s> <s sid="48"><CoreSc1 atype="GSC" type="Exp" conceptID="Exp17" novelty="None" advantage="None"/><text>The amounts of evolved H<SB>2</SB> and O<SB>2</SB> were determined by gas chromatography (Hitachi, TCD, molecular sieve 5A column and Ar carrier) sampler, 3 mL of which was directly connected to the closed gas circulation system to avoid any contamination from air.</text></s> <s sid="49"><CoreSc1 atype="GSC" type="Obs" conceptID="Obs1" novelty="None" advantage="None"/><text>Gas evolution was observed only under photoirradiation.</text></s></P></DIV></DIV><DIV DEPTH="1"><HEADER>Results and discussions</HEADER><DIV DEPTH="2"><HEADER>Characterization of A<SB>2</SB>SrTa<SB>2</SB>O<SB>7</SB></HEADER><P><s sid="50"><CoreSc1 atype="GSC" type="Obs" conceptID="Obs2" novelty="None" advantage="None"/><text>The powder X-ray diffraction patterns of the samples are shown in Fig. 1.</text></s> <s sid="51"><CoreSc1 atype="GSC" type="Res" conceptID="Res1" novelty="None" advantage="None"/><text>In the XRD pattern of K<SB>2</SB>SrTa<SB>2</SB>O<SB>7</SB> recorded immediately after calcination (Fig. 1a), all the observed lines could be indexed on a tetragonal cell (<IT>I</IT>4/<IT>mmm</IT>, <IT>a</IT> = 3.9072 Å, <IT>c</IT> = 21.6006 Å),<REF TYPE="P" ID="cit15 cit16">15,16</REF> indicating that this compound consists of a single phase of layered perovskite, K<SB>2</SB>SrTa<SB>2</SB>O<SB>7</SB>.</text></s> <s sid="52"><CoreSc1 atype="GSC" type="Obs" conceptID="Obs3" novelty="None" advantage="None"/><text>Fig. 2a represents the schematic crystal structure of K<SB>2</SB>SrTa<SB>2</SB>O<SB>7</SB> before hydration.</text></s> <s sid="53"><CoreSc1 atype="GSC" type="Res" conceptID="Res2" novelty="None" advantage="None"/><text>The structure of anhydrous K<SB>2</SB>SrTa<SB>2</SB>O<SB>7</SB> can be described as formed from two TaO<SB>6</SB> octahedra thick slabs of a perovskite lattice cut along the <IT>c</IT> direction; these alternate layers are shifted by (<IT>a</IT> + <IT>b</IT>)/2 (body centered), with the large Sr cations fully occupying the 12-coordination sites.</text></s> <s sid="54"><CoreSc1 atype="GSC" type="Res" conceptID="Res3" novelty="None" advantage="None"/><text>The potassium ions are located in a rock salt type coordination (C.N. = 9).<REF TYPE="P" ID="cit16">16</REF></text></s></P><P><s sid="55"><CoreSc1 atype="GSC" type="Bac" conceptID="Bac12" novelty="None" advantage="None"/><text>Recently, Crosnier–Lopez <IT>et al</IT><REF TYPE="P" ID="cit16">16</REF>. reported that anhydrous form of K<SB>2</SB>SrTa<SB>2</SB>O<SB>7</SB> completely disappeared after exposing it to humid air for 7 h, and the corresponding hydrated phase appeared simultaneously.</text></s> <s sid="56"><CoreSc1 atype="GSC" type="Obs" conceptID="Obs4" novelty="None" advantage="None"/><text>In our case, it was also confirmed that K<SB>2</SB>SrTa<SB>2</SB>O<SB>7</SB> allowed intercalation of water when exposed to humid air; the anhydrous form of K<SB>2</SB>SrTa<SB>2</SB>O<SB>7</SB> completely disappeared after exposing it to humid air for 24 h or by washing it with deionized water, and the corresponding hydrated phase, K<SB>2</SB>SrTa<SB>2</SB>O<SB>7</SB>·<IT>n</IT>H<SB>2</SB>O,<REF TYPE="P" ID="cit15">15</REF> appeared simultaneously.</text></s> <s sid="57"><CoreSc1 atype="GSC" type="Obs" conceptID="Obs5" novelty="None" advantage="None"/><text>In the XRD pattern of K<SB>2</SB>SrTa<SB>2</SB>O<SB>7</SB>·<IT>n</IT>H<SB>2</SB>O (Fig. 1d), prepared by washing K<SB>2</SB>SrTa<SB>2</SB>O<SB>7</SB> with deionized water and by drying at 298 K, all the observed lines could be indexed on a primitive cell (<IT>P</IT>4/<IT>mmm</IT>, <IT>a</IT> = 3.9974 Å, <IT>c</IT> = 12.133 Å).</text></s> <s sid="58"><CoreSc1 atype="GSC" type="Obs" conceptID="Obs6" novelty="None" advantage="None"/><text>Fig. 2b represents the crystal structure of K<SB>2</SB>SrTa<SB>2</SB>O<SB>7</SB>·<IT>n</IT>H<SB>2</SB>O. This kind of structural change has already been observed in layered perovskites, and has been attributed to a shift of alternate layers.<REF TYPE="P" ID="cit18">18</REF></text></s> <s sid="59"><CoreSc1 atype="GSC" type="Res" conceptID="Res4" novelty="None" advantage="None"/><text>The adjacent layers are stacked immediately above each other in the same arrangement leading to halving the length of the <IT>c</IT>-axis upon hydration.</text></s> <s sid="60"><CoreSc1 atype="GSC" type="Obj" conceptID="Obj5" novelty="New" advantage="None"/><text>The dehydration behaviour of K<SB>2</SB>SrTa<SB>2</SB>O<SB>7</SB>·<IT>n</IT>H<SB>2</SB>O was studied by TG analysis.</text></s> <s sid="61"><CoreSc1 atype="GSC" type="Res" conceptID="Res5" novelty="None" advantage="None"/><text>The result showed a distinct loss of water at a temperature range of 373 K &lt; <IT>T</IT> &lt; 743 K, which could be due to the transformation of hydrate to anhydrous layered material K<SB>2</SB>SrTa<SB>2</SB>O<SB>7</SB>.</text></s> <s sid="62"><CoreSc1 atype="GSC" type="Res" conceptID="Res6" novelty="None" advantage="None"/><text>The number of hydration in the formula of K<SB>2</SB>SrTa<SB>2</SB>O<SB>7</SB>·<IT>n</IT>H<SB>2</SB>O estimated by the analysis was <IT>n</IT> = 0.9.</text></s></P><P><s sid="63"><CoreSc1 atype="GSC" type="Obs" conceptID="Obs7" novelty="None" advantage="None"/><text>In the XRD patterns of H<SB>2</SB>SrTa<SB>2</SB>O<SB>7</SB>·<IT>n</IT>H<SB>2</SB>O (Fig. 1c), the observed lines could be indexed on a primitive cell (<IT>P</IT>4/<IT>mmm</IT>, <IT>a</IT> = 3.9038 Å, <IT>c</IT> = 9.7742 Å).</text></s> <s sid="64"><CoreSc1 atype="GSC" type="Bac" conceptID="Bac13" novelty="None" advantage="None"/><text>The structure of Rb<SB>2</SB>SrTa<SB>2</SB>O<SB>7</SB>·<IT>n</IT>H<SB>2</SB>O has not been reported.</text></s> <s sid="65"><CoreSc1 atype="GSC" type="Exp" conceptID="Exp18" novelty="None" advantage="None"/><text>The Rietveld method with the RIETAN2000 profile refinement program<REF TYPE="P" ID="cit21">21</REF> was used to refine the structure in the space group <IT>P</IT>4/<IT>mmm</IT> (no.</text></s> <s sid="66"><CoreSc1 atype="GSC" type="Obs" conceptID="Obs8" novelty="None" advantage="None"/><text>139) with a starting model for the perovskite slabs similar to that observed in K<SB>2</SB>SrTa<SB>2</SB>O<SB>7</SB>·<IT>n</IT>H<SB>2</SB>O. It was found that the Rb<SB>2</SB>SrTa<SB>2</SB>O<SB>7</SB>·<IT>n</IT>H<SB>2</SB>O material consists of a single-phase layered perovskite in a hydrated form, whose X-ray diffraction pattern were indexed based on a primitive cell (<IT>P</IT>4/<IT>mmm</IT>, <IT>a</IT> = 3.9727 Å, <IT>c</IT> = 12.7632 Å).</text></s> <s sid="67"><CoreSc1 atype="GSC" type="Res" conceptID="Res7" novelty="None" advantage="None"/><text>From the thermogravimetric analysis, the hydration numbers of H<SB>2</SB>SrTa<SB>2</SB>O<SB>7</SB>·<IT>n</IT>H<SB>2</SB>O and Rb<SB>2</SB>SrTa<SB>2</SB>O<SB>7</SB>·<IT>n</IT>H<SB>2</SB>O were estimated to be <IT>n</IT> = 0.6 and <IT>n</IT> = 3.6, respectively.</text></s> <s sid="68"><CoreSc1 atype="GSC" type="Con" conceptID="Con6" novelty="None" advantage="None"/><text>In summary, the above three materials, A<SB>2</SB>SrTa<SB>2</SB>O<SB>7</SB>·<IT>n</IT>H<SB>2</SB>O (A = H, K, and Rb), consist of the layered perovskite in a hydrated form, as illustrated in Fig. 2b, though the hydration number depends on the type of alkali cation.</text></s> <s sid="69"><CoreSc1 atype="GSC" type="Con" conceptID="Con7" novelty="None" advantage="None"/><text>Among these materials, theb <IT>c</IT>-axis length increased in the order of H &lt; K &lt; Rb, which should be due to the increase in the ionic radius of the alkali metal cations and/or increase in the hydration number at the interlayer space.</text></s> <s sid="70"><CoreSc1 atype="GSC" type="Res" conceptID="Res8" novelty="None" advantage="None"/><text>In the XRD pattern of Li<SB>2</SB>SrTa<SB>2</SB>O<SB>7</SB> (Fig. 1b), recorded after exposing it to humid air for 24 h, all the observed lines could be indexed on a tetragonal cell (<IT>I</IT>4/<IT>mmm</IT>, <IT>a</IT> = 3.8470 Å, <IT>c</IT> = 18.1094 Å), indicating that this compound consists of a single phase of layered perovskite, Li<SB>2</SB>SrTa<SB>2</SB>O<SB>7</SB>.<REF TYPE="P" ID="cit17">17</REF></text></s> <s sid="71"><CoreSc1 atype="GSC" type="Obs" conceptID="Obs9" novelty="None" advantage="None"/><text>The XRD pattern of Li<SB>2</SB>SrTa<SB>2</SB>O<SB>7</SB> was essentially the same after the dispersion of the sample to the distilled water for 6 h, followed by drying at ambient temperature.</text></s> <s sid="72"><CoreSc1 atype="GSC" type="Res" conceptID="Res9" novelty="None" advantage="None"/><text>This indicates that water intercalation does not occur on this material.</text></s></P><P><s sid="73"><CoreSc1 atype="GSC" type="Obs" conceptID="Obs10" novelty="None" advantage="None"/><text>UV diffuse reflectance spectra of the catalysts are shown in Fig. 3.</text></s> <s sid="74"><CoreSc1 atype="GSC" type="Obs" conceptID="Obs11" novelty="None" advantage="None"/><text>All the samples had an absorption band in the ultraviolet region and showed a clear absorption edge at around 320 ∼ 330 nm.</text></s> <s sid="75"><CoreSc1 atype="GSC" type="Res" conceptID="Res10" novelty="None" advantage="None"/><text>From the absorption edge, the band gap of H<SB>2</SB>SrTa<SB>2</SB>O<SB>7</SB>·<IT>n</IT>H<SB>2</SB>O, Li<SB>2</SB>SrTa<SB>2</SB>O<SB>7</SB>, K<SB>2</SB>SrTa<SB>2</SB>O<SB>7</SB>·<IT>n</IT>H<SB>2</SB>O, and Rb<SB>2</SB>SrTa<SB>2</SB>O<SB>7</SB>·<IT>n</IT>H<SB>2</SB>O was about 3.9 eV, irrespective of the alkali metal cations at the interlayer space.</text></s> <s sid="76"><CoreSc1 atype="GSC" type="Res" conceptID="Res11" novelty="None" advantage="None"/><text>The band gap of anhydrous K<SB>2</SB>SrTa<SB>2</SB>O<SB>7</SB> was about 3.8 eV.</text></s> <s sid="77"><CoreSc1 atype="GSC" type="Obs" conceptID="Obs12" novelty="None" advantage="None"/><text>As listed in Table 1, the BET surface areas of the samples were very small (0.2–4.0 m<SP>2</SP> g<SP>−1</SP>).</text></s></P><P><s sid="78"><CoreSc1 atype="GSC" type="Obs" conceptID="Obs13" novelty="None" advantage="None"/><text>Fig. 4 shows emission and excitation spectra of the layered tantalates.</text></s> <s sid="79"><CoreSc1 atype="GSC" type="Obs" conceptID="Obs14" novelty="None" advantage="None"/><text>In the emission spectra with an excitation wavelength of 300 nm, the layered tantalates in anhydrous form, Li<SB>2</SB>SrTa<SB>2</SB>O<SB>7</SB> and K<SB>2</SB>SrTa<SB>2</SB>O<SB>7</SB>, showed intense luminescence peak with a maximum around 490 and 470 nm, respectively.</text></s> <s sid="80"><CoreSc1 atype="GSC" type="Res" conceptID="Res12" novelty="None" advantage="None"/><text>Although luminescence properties of these compounds were not reported, the positions of excitation and emission peaks are very close to those of other anhydrous perovskite tantalates, such as KTaO<SB>3</SB> and Sr<SB>2</SB>Ta<SB>2</SB>O<SB>7</SB>.<REF TYPE="P" ID="cit22 cit23 cit24">22–24</REF></text></s> <s sid="81"><CoreSc1 atype="GSC" type="Bac" conceptID="Bac14" novelty="None" advantage="None"/><text>The excitation and emission transitions are known to be due to charge transfer transitions within the octahedral tantalate groups.<REF TYPE="P" ID="cit22">22</REF></text></s></P><P><s sid="82"><CoreSc1 atype="GSC" type="Obs" conceptID="Obs15" novelty="None" advantage="None"/><text>The layered tantalates in hydrous form, H<SB>2</SB>SrTa<SB>2</SB>O<SB>7</SB>·<IT>n</IT>H<SB>2</SB>O and K<SB>2</SB>SrTa<SB>2</SB>O<SB>7</SB>·<IT>n</IT>H<SB>2</SB>O, showed a very weak and broad band with a maximum at around 500 nm.</text></s> <s sid="83"><CoreSc1 atype="GSC" type="Res" conceptID="Res13" novelty="None" advantage="None"/><text>These results can be interpreted as the photoluminescence intensity of the layered tantalates being drastically decreased when the interlayer water is present.</text></s> <s sid="84"><CoreSc1 atype="GSC" type="Obs" conceptID="Obs16" novelty="None" advantage="None"/><text>The excitation spectra of Li<SB>2</SB>SrTa<SB>2</SB>O<SB>7</SB> and K<SB>2</SB>SrTa<SB>2</SB>O<SB>7</SB> have onsets at 320 and 330 nm, respectively, which correspond to the diffuse reflectance spectrum.</text></s> <s sid="85"><CoreSc1 atype="GSC" type="Res" conceptID="Res14" novelty="None" advantage="None"/><text>This indicates that band gap irradiation is necessary for the appearance of the luminescence spectra, and hence photogenerated electrons and holes play a role in the emissions.</text></s> <s sid="86"><CoreSc1 atype="GSC" type="Res" conceptID="Res15" novelty="None" advantage="None"/><text>It is reasonable to assume that in the hydrated layered tantalates, H<SB>2</SB>SrTa<SB>2</SB>O<SB>7</SB>·<IT>n</IT>H<SB>2</SB>O and K<SB>2</SB>SrTa<SB>2</SB>O<SB>7</SB>·<IT>n</IT>H<SB>2</SB>O, photogenerated electrons and holes can be readily transferred to the interlayer water.</text></s> <s sid="87"><CoreSc1 atype="GSC" type="Res" conceptID="Res16" novelty="None" advantage="None"/><text>Hence, we consider that significantly low luminescence efficiency of the hydrated layered tantalates is mainly due to the electron and/or hole trapping by the interlayer water rather than the non-radiative transition.</text></s></P></DIV><DIV DEPTH="2"><HEADER>Photocatalytic activity of A<SB>2</SB>SrTa<SB>2</SB>O<SB>7</SB></HEADER><P><s sid="88"><CoreSc1 atype="GSC" type="Obs" conceptID="Obs17" novelty="None" advantage="None"/><text>Fig. 5 shows a time course of gas evolution for the photocatalytic decomposition of water over H<SB>2</SB>SrTa<SB>2</SB>O<SB>7</SB>·<IT>n</IT>H<SB>2</SB>O without any catalyst pretreatment.</text></s> <s sid="89"><CoreSc1 atype="GSC" type="Obs" conceptID="Obs18" novelty="None" advantage="None"/><text>The catalyst produces H<SB>2</SB> and O<SB>2</SB> in a stoichiometric ratio (H<SB>2</SB>/O<SB>2</SB> = 2 ∶ 1).</text></s> <s sid="90"><CoreSc1 atype="GSC" type="Exp" conceptID="Exp19" novelty="None" advantage="None"/><text>After the first run, the system was evacuated, and the reaction was repeated using the same reaction mixture.</text></s> <s sid="91"><CoreSc1 atype="GSC" type="Res" conceptID="Res17" novelty="None" advantage="None"/><text>In the second and third runs, overall splitting of water occurred with almost the same rate as the first run, which demonstrates a high durability of the catalyst.</text></s> <s sid="92"><CoreSc1 atype="GSC" type="Obs" conceptID="Obs19" novelty="None" advantage="None"/><text>The total amount of H<SB>2</SB> and O<SB>2</SB> evolved during these runs over H<SB>2</SB>SrTa<SB>2</SB>O<SB>7</SB>·<IT>n</IT>H<SB>2</SB>O reached 21.2 and 11.2 mol (mol cat.)<SP>−1</SP>, respectively.</text></s> <s sid="93"><CoreSc1 atype="GSC" type="Res" conceptID="Res18" novelty="None" advantage="None"/><text>These results clearly demonstrate that overall water splitting on this material proceeds catalytically.</text></s> <s sid="94"><CoreSc1 atype="GSC" type="Obs" conceptID="Obs20" novelty="None" advantage="None"/><text>As shown in Fig. 6, the K<SB>2</SB>SrTa<SB>2</SB>O<SB>7</SB>·<IT>n</IT>H<SB>2</SB>O material also produced stoichiometric mixtures of H<SB>2</SB> and O<SB>2</SB>, and the reaction proceeded at a steady rate.</text></s> <s sid="95"><CoreSc1 atype="GSC" type="Res" conceptID="Res19" novelty="None" advantage="None"/><text>Durability test of K<SB>2</SB>SrTa<SB>2</SB>O<SB>7</SB>·<IT>n</IT>H<SB>2</SB>O was also performed for 65 h, and the total amount of H<SB>2</SB> and O<SB>2</SB> evolved during these runs reached 23.2 and 12.1 mol (mol cat.)<SP>−1</SP>, respectively (result not shown).</text></s> <s sid="96"><CoreSc1 atype="GSC" type="Obs" conceptID="Obs21" novelty="None" advantage="None"/><text>The Rb<SB>2</SB>SrTa<SB>2</SB>O<SB>7</SB>·<IT>n</IT>H<SB>2</SB>O material produced H<SB>2</SB> and O<SB>2</SB> simultaneously, though the rate of O<SB>2</SB> evolution was less than the stoichiometric amount.</text></s> <s sid="97"><CoreSc1 atype="GSC" type="Obs" conceptID="Obs22" novelty="None" advantage="None"/><text>Li<SB>2</SB>SrTa<SB>2</SB>O<SB>7</SB> showed very low activity for H<SB>2</SB> formation as compared to the other layered tantalates, and O<SB>2</SB> evolution was not observed with this material.</text></s> <s sid="98"><CoreSc1 atype="GSC" type="Obs" conceptID="Obs23" novelty="None" advantage="None"/><text>Table 1 summarizes the rate of gas evolution over various Ta-based catalysts.</text></s> <s sid="99"><CoreSc1 atype="GSC" type="Obs" conceptID="Obs24" novelty="None" advantage="None"/><text>Using H<SB>2</SB>SrTa<SB>2</SB>O<SB>7</SB>·<IT>n</IT>H<SB>2</SB>O as a photocatalyst, the rates of H<SB>2</SB> and O<SB>2</SB> formation were 385 and 179 μmol h<SP>−1</SP>, respectively.</text></s> <s sid="100"><CoreSc1 atype="GSC" type="Res" conceptID="Res20" novelty="None" advantage="None"/><text>The rates of H<SB>2</SB> and O<SB>2</SB> formation with K<SB>2</SB>SrTa<SB>2</SB>O<SB>7</SB>·<IT>n</IT>H<SB>2</SB>O were very close to those of H<SB>2</SB>SrTa<SB>2</SB>O<SB>7</SB>·<IT>n</IT>H<SB>2</SB>O. It should be noted that the present system is the first example of active Ta-based photocatalysts with hydrous layered structure.</text></s> <s sid="101"><CoreSc1 atype="GSC" type="Res" conceptID="Res21" novelty="None" advantage="None"/><text>The rate of H<SB>2</SB> evolution over A<SB>2</SB>SrTa<SB>2</SB>O<SB>7</SB>(·<IT>n</IT>H<SB>2</SB>O) was strongly dependent on alkali cation and decreased in the sequence of H ≈ K &gt; Rb ≫ Li.</text></s> <s sid="102"><CoreSc1 atype="GSC" type="Obj" conceptID="Obj6" novelty="New" advantage="None"/><text>We also studied the reaction over the non-hydrous perovskite tantalate, KTaO<SB>3</SB>, which was reported to catalyse this reaction.<REF TYPE="P" ID="cit10">10</REF></text></s> <s sid="103"><CoreSc1 atype="GSC" type="Res" conceptID="Res22" novelty="None" advantage="None"/><text>This material showed moderate activity for H<SB>2</SB> evolution, though the rate of H<SB>2</SB> evolution was lower than those of A<SB>2</SB>SrTa<SB>2</SB>O<SB>7</SB>·<IT>n</IT>H<SB>2</SB>O (A = H, K, and Rb).</text></s> <s sid="104"><CoreSc1 atype="GSC" type="Con" conceptID="Con8" novelty="None" advantage="None"/><text>Together with the result that the anhydrous layered tantalate, Li<SB>2</SB>SrTa<SB>2</SB>O<SB>7</SB>, was less effective than hydrous layered tantalate, A<SB>2</SB>SrTa<SB>2</SB>O<SB>7</SB>·<IT>n</IT>H<SB>2</SB>O (A = H, K, and Rb), one can conclude that the presence of hydrated interlayer space is important for improving the photocatalytic activity of Ta-based catalysts.</text></s></P><P><s sid="105"><CoreSc1 atype="GSC" type="Res" conceptID="Res23" novelty="None" advantage="None"/><text>In the photoluminescence study shown in Fig. 4, it was shown that the hydrated layered tantalates, A<SB>2</SB>SrTa<SB>2</SB>O<SB>7</SB>·<IT>n</IT>H<SB>2</SB>O (A = H and K), exhibited a considerably lower luminescence efficiency than anhydrous layered tantalates, A<SB>2</SB>SrTa<SB>2</SB>O<SB>7</SB> (A = Li and K), probably due to the electron and/or hole trapping by the interlayer water.</text></s> <s sid="106"><CoreSc1 atype="GSC" type="Bac" conceptID="Bac15" novelty="None" advantage="None"/><text>From this result, the positive effect of hydrated interlayer on the activity could be explained as follows.</text></s> <s sid="107"><CoreSc1 atype="GSC" type="Con" conceptID="Con9" novelty="None" advantage="None"/><text>The photogenerated electrons and holes can be effectively transferred to the interlayer water, and this results in the effective photocatalytic water splitting in the hydrated layered tantalates.</text></s></P></DIV><DIV DEPTH="2"><HEADER>Effect of sacrificial agents</HEADER><P><s sid="108"><CoreSc1 atype="GSC" type="Bac" conceptID="Bac16" novelty="None" advantage="None"/><text>In overall water splitting, oxidation of water by holes is a slower process than reduction by electrons.</text></s> <s sid="109"><CoreSc1 atype="GSC" type="Bac" conceptID="Bac17" novelty="None" advantage="None"/><text>In order to facilitate the oxidation, hole-scavengers are often introduced.</text></s> <s sid="110"><CoreSc1 atype="GSC" type="Exp" conceptID="Exp20" novelty="None" advantage="None"/><text>In this study, <IT>n</IT>-butylamine was used as a sacrificial agent.</text></s> <s sid="111"><CoreSc1 atype="GSC" type="Obs" conceptID="Obs25" novelty="None" advantage="None"/><text>Fig. 7 shows the time course of H<SB>2</SB> evolution from aqueous solution of <IT>n</IT>-butylamine (0.25 M) using 0.1 g of the catalyst.</text></s> <s sid="112"><CoreSc1 atype="GSC" type="Obs" conceptID="Obs26" novelty="None" advantage="None"/><text>The initial rates of H<SB>2</SB> evolution are listed in Table 2.</text></s> <s sid="113"><CoreSc1 atype="GSC" type="Obs" conceptID="Obs27" novelty="None" advantage="None"/><text>For H<SB>2</SB>SrTa<SB>2</SB>O<SB>7</SB>·<IT>n</IT>H<SB>2</SB>O the rate of H<SB>2</SB> formation (1490 μmol h<SP>−1</SP>) was much higher than that in the absence of <IT>n</IT>-butylamine (385 μmol h<SP>−1</SP>), though the amount of the catalyst used was lower in the former reaction.</text></s> <s sid="114"><CoreSc1 atype="GSC" type="Obs" conceptID="Obs28" novelty="None" advantage="None"/><text>The results in Table 2 show that the activity sequence for the <IT>n</IT>-butylamine/H<SB>2</SB>O system (H<SB>2</SB>SrTa<SB>2</SB>O<SB>7</SB>·<IT>n</IT>H<SB>2</SB>O ≫ K<SB>2</SB>SrTa<SB>2</SB>O<SB>7</SB>·<IT>n</IT>H<SB>2</SB>O &gt; KTaO<SB>3</SB>) is markedly different from that observed in the H<SB>2</SB> evolution from pure water (H<SB>2</SB>SrTa<SB>2</SB>O<SB>7</SB>·<IT>n</IT>H<SB>2</SB>O ≈ K<SB>2</SB>SrTa<SB>2</SB>O<SB>7</SB>·<IT>n</IT>H<SB>2</SB>O ≫ KTaO<SB>3</SB>).</text></s> <s sid="115"><CoreSc1 atype="GSC" type="Bac" conceptID="Bac18" novelty="None" advantage="None"/><text>It is well known that H<SP>+</SP>-exchanged layered oxides, such as HCa<SB>2</SB>Nb<SB>3</SB>O<SB>10</SB>, can intercalate organic bases such as amines into the interlayer space,<REF TYPE="P" ID="cit19 cit20">19,20</REF> while K<SP>+</SP>-exchanged one can not intercalate these molecules.</text></s> <s sid="116"><CoreSc1 atype="GSC" type="Obs" conceptID="Obs29" novelty="None" advantage="None"/><text>Table 2 includes the amount of <IT>n</IT>-butylamine adsorbed on the samples when the sample was stirred in the dark for 24 h under the same condition as the catalytic reaction shown in Fig. 7.</text></s> <s sid="117"><CoreSc1 atype="GSC" type="Obs" conceptID="Obs30" novelty="None" advantage="None"/><text>As expected, 0.94 mmol g<SP>−1</SP> of <IT>n</IT>-butylamine was adsorbed in H<SB>2</SB>SrTa<SB>2</SB>O<SB>7</SB>·<IT>n</IT>H<SB>2</SB>O probably due to the interlayer acidity of this material.</text></s> <s sid="118"><CoreSc1 atype="GSC" type="Obs" conceptID="Obs31" novelty="None" advantage="None"/><text>In contrast, only negligible amount of <IT>n</IT>-butylamine adsorption was observed on K<SB>2</SB>SrTa<SB>2</SB>O<SB>7</SB>·<IT>n</IT>H<SB>2</SB>O and KTaO<SB>3</SB>.</text></s> <s sid="119"><CoreSc1 atype="GSC" type="Res" conceptID="Res24" novelty="None" advantage="None"/><text>This result can explain the activity sequence for the <IT>n</IT>-butylamine/H<SB>2</SB>O system.</text></s> <s sid="120"><CoreSc1 atype="GSC" type="Obs" conceptID="Obs32" novelty="None" advantage="None"/><text>Although the band structures of H<SB>2</SB>SrTa<SB>2</SB>O<SB>7</SB>·<IT>n</IT>H<SB>2</SB>O and K<SB>2</SB>SrTa<SB>2</SB>O<SB>7</SB>·<IT>n</IT>H<SB>2</SB>O are very close to each other (Fig. 3), one of the reactant molecules, <IT>n</IT>-butylamine, is hardly intercalated into the interlayer space of K<SB>2</SB>SrTa<SB>2</SB>O<SB>7</SB>·<IT>n</IT>H<SB>2</SB>O during the reaction, whereas <IT>n</IT>-butylamine is intercalated into the interlayer space of H<SB>2</SB>SrTa<SB>2</SB>O<SB>7</SB>·<IT>n</IT>H<SB>2</SB>O to act as the hole-scavenger over the reaction site at the TaO<SB>6</SB> perovskite sheet.</text></s> <s sid="121"><CoreSc1 atype="GSC" type="Obs" conceptID="Obs33" novelty="None" advantage="None"/><text>As for the decomposition of pure water, these two catalysts show similar reactivity, because the water intercalation occurs during the reaction in both catalysts.</text></s> <s sid="122"><CoreSc1 atype="GSC" type="Res" conceptID="Res25" novelty="None" advantage="None"/><text>These results support the above proposal that the photocatalytic reaction proceeds at interlayers of the hydrated layered tantalates.</text></s> <s sid="123"><CoreSc1 atype="GSC" type="Res" conceptID="Res26" novelty="None" advantage="None"/><text>In the case of hydrous tantalates, electron–hole pairs may be easily migrated to the interlayer surface consisting of TaO<SB>6</SB> before their recombination, and thus intercalated H<SB>2</SB>O molecules can be effectively decomposed.</text></s></P></DIV></DIV><DIV DEPTH="1"><HEADER>Conclusion</HEADER><P><s sid="124"><CoreSc1 atype="GSC" type="Con" conceptID="Con10" novelty="None" advantage="None"/><text>We have developed novel photocatalysts A<SB>2</SB>SrTa<SB>2</SB>O<SB>7</SB>·<IT>n</IT>H<SB>2</SB>O (A = H, K and Rb) with hydrated layered perovskite structure.</text></s> <s sid="125"><CoreSc1 atype="GSC" type="Con" conceptID="Con11" novelty="None" advantage="None"/><text>These catalysts showed higher activity than Li<SB>2</SB>SrTa<SB>2</SB>O<SB>7</SB> (anhydrous tantalate with similar layered structure) and the bulk type perovskite tantalate, KTaO<SB>3</SB>.</text></s> <s sid="126"><CoreSc1 atype="GSC" type="Con" conceptID="Con12" novelty="None" advantage="None"/><text>Overall water splitting was accomplished over A<SB>2</SB>SrTa<SB>2</SB>O<SB>7</SB>·<IT>n</IT>H<SB>2</SB>O (A = H and K) without any modification.</text></s> <s sid="127"><CoreSc1 atype="GSC" type="Con" conceptID="Con13" novelty="None" advantage="None"/><text>This is the first successful example of highly active tantalates photocatalysts with hydrated interlayer space.</text></s> <s sid="128"><CoreSc1 atype="GSC" type="Con" conceptID="Con14" novelty="None" advantage="None"/><text>The results from photoluminescence spectroscopy and H<SB>2</SB> evolution from aqueous <IT>n</IT>-butylamine solution support the hypothesis that the high activity of A<SB>2</SB>SrTa<SB>2</SB>O<SB>7</SB>·<IT>n</IT>H<SB>2</SB>O results from their hydrated layered structure where the photogenerated electrons and holes can be effectively transferred to the interlayer water.</text></s></P></DIV></BODY></PAPER>