<?xml version="1.0" encoding="UTF-8"?>
<!DOCTYPE PAPER
  SYSTEM "paper-structure-annotation.dtd">
<PAPER><mode2 name="b313306k" hasDoc="yes" version="1153"/><TITLE><s sid="1"><CoreSc1 atype="GSC" type="Goa" conceptID="Goa1" novelty="None" advantage="None"/><text>An <IT>in situ</IT> time-dependent study of the photodimerisation of chloro-derivatives of <IT>trans</IT>-cinnamic acid using infrared microspectroscopy with a synchrotron radiation source</text></s></TITLE><ABSTRACT><s sid="2"><CoreSc1 atype="GSC" type="Obj" conceptID="Obj1" novelty="New" advantage="None"/><text>The photodimerisation of single crystals of substituted cinnamic acid has been monitored continuously by infrared microscopy using a synchrotron source.</text></s> <s sid="3"><CoreSc1 atype="GSC" type="Res" conceptID="Res1" novelty="None" advantage="None"/><text>The β-form of 2,4-dichloro-<IT>trans</IT>-cinnamic acid dimerises under ultraviolet irradiation to form the corresponding β-truxinic acid derivative in a reaction which follows strictly first order kinetics.</text></s> <s sid="4"><CoreSc1 atype="GSC" type="Res" conceptID="Res2" novelty="None" advantage="None"/><text>By contrast the corresponding reactions in single crystals of β-2-chloro-<IT>trans</IT>-cinnamic acid and β-4-chloro-<IT>trans</IT>-cinnamic acid deviate somewhat from first order kinetics as a result of solid-state effects.</text></s> <s sid="5"><CoreSc1 atype="GSC" type="Res" conceptID="Res3" novelty="None" advantage="None"/><text>In all three cases the reactions proceed smoothly from monomer to dimer with no hint of any reaction intermediate.</text></s></ABSTRACT><BODY><DIV DEPTH="1"><HEADER/><P><s sid="6"><CoreSc1 atype="GSC" type="Bac" conceptID="Bac1" novelty="None" advantage="None"/><text>Interest in reactions of organic single crystals has recently been rekindled because of the possibility of “crystal engineering” in which the crystal lattice is utilized to direct the course of the reaction and to determine the stereochemistry of products.<REF TYPE="P" ID="cit1 cit2">1,2</REF></text></s> <s sid="7"><CoreSc1 atype="GSC" type="Bac" conceptID="Bac1" novelty="None" advantage="None"/><text>Proper utilization of such methods is held back, however, because of a lack of understanding of reaction mechanism within single crystals.</text></s> <s sid="8"><CoreSc1 atype="GSC" type="Bac" conceptID="Bac1" novelty="None" advantage="None"/><text>In part this deficiency results from the lack of suitable methods to provide the necessary information.</text></s> <s sid="9"><CoreSc1 atype="GSC" type="Bac" conceptID="Bac2" novelty="None" advantage="None"/><text>Single crystal X-ray methods are often not appropriate because the crystals may degrade during the course of the reaction.<REF TYPE="P" ID="cit3">3</REF></text></s> <s sid="10"><CoreSc1 atype="GSC" type="Bac" conceptID="Bac3" novelty="None" advantage="None"/><text>Atomic force microscopy has been used to monitor some reactions and while it allows the reaction progress to be monitored it gives no information concerning chemical structure.<REF TYPE="P" ID="cit4">4</REF></text></s> <s sid="11"><CoreSc1 atype="GSC" type="Bac" conceptID="Bac4" novelty="None" advantage="None"/><text>In recent publications we have demonstrated the use of infrared and Raman microspectroscopy to investigate the structures of products of the photodimerisation of derivatives of <IT>trans</IT>-cinnamic acid.<REF TYPE="P" ID="cit5">5</REF></text></s> <s sid="12"><CoreSc1 atype="GSC" type="Bac" conceptID="Bac4" novelty="None" advantage="None"/><text>Further use could clearly be made of these methods to monitor reactions <IT>in situ</IT> in order to obtain information about reaction intermediates and to provide kinetic data.</text></s> <s sid="13"><CoreSc1 atype="GSC" type="Mot" conceptID="Mot1" novelty="None" advantage="None"/><text>There has never before been reported any experiment in which vibrational spectroscopy has been used to follow the time dependency of a reaction within a single organic crystal.</text></s> <s sid="14"><CoreSc1 atype="GSC" type="Met" conceptID="Met1" novelty="New" advantage="None"/><text>In order to obtain meaningful kinetic data it is, of course, necessary to follow the reaction in one single crystal.</text></s> <s sid="15"><CoreSc1 atype="GSC" type="Met" conceptID="Met1" novelty="New" advantage="Yes"/><text>This eliminates differences in reaction rate, which will arise from variations in the sizes of crystallites, in their orientation and distance from the light source and from overlapping such that some crystallites lie in the shadow of others if a powder sample is studied.</text></s></P><P><s sid="16"><CoreSc1 atype="GSC" type="Con" conceptID="Con1" novelty="None" advantage="None"/><text>We now report that, in a single crystal, the β-form of 2,4-dichloro-<IT>trans</IT>-cinnamic acid dimerises under ultraviolet irradiation to form the corresponding β-truxinic acid derivative in a reaction (see Scheme 1) which follows strictly first order kinetics.</text></s> <s sid="17"><CoreSc1 atype="GSC" type="Con" conceptID="Con2" novelty="None" advantage="None"/><text>By contrast the corresponding reactions in single crystals of β-2-chloro-<IT>trans</IT>-cinnamic acid and β-4-chloro-<IT>trans</IT>-cinnamic acid deviate somewhat from first order kinetics as a result of solid-state effects.</text></s> <s sid="18"><CoreSc1 atype="GSC" type="Con" conceptID="Con3" novelty="None" advantage="None"/><text>In all three cases the reactions proceed smoothly from monomer to dimer with no hint of any reaction intermediate.</text></s></P><P><s sid="19"><CoreSc1 atype="GSC" type="Obj" conceptID="Obj2" novelty="New" advantage="None"/><text>We selected derivatives of <IT>trans</IT>-cinnamic acid as our preliminary subjects for study because these reactions are well-documented and may be taken as a paradigm of single crystal organic reactions.<REF TYPE="P" ID="cit6">6</REF></text></s> <s sid="20"><CoreSc1 atype="GSC" type="Bac" conceptID="Bac5" novelty="None" advantage="None"/><text>The specific choice of the chloro-derivatives was made because it is known that bigger distortions of the crystal structure are possible during the dimerisation of <IT>trans</IT>-cinnamic acid derivatives when large atoms are coordinated to the phenyl ring.<REF TYPE="P" ID="cit6">6</REF></text></s> <s sid="21"><CoreSc1 atype="GSC" type="Bac" conceptID="Bac5" novelty="None" advantage="None"/><text>Thus a smooth conversion from monomer to dimer with no fragmentation of the crystal was anticipated.</text></s></P><P><s sid="22"><CoreSc1 atype="GSC" type="Exp" conceptID="Exp1" novelty="None" advantage="None"/><text>A single crystal (length around 30 µm) of the reagent under investigation<REF TYPE="P" ID="cit7">7</REF> was placed on a BaF<SB>2</SB> window on the stage of a Nicolet Nic-Plan microscope attached to a Nicolet model 730 spectrometer located at beamline 13.3 of the Daresbury Laboratory Synchrotron Radiation Source.</text></s> <s sid="23"><CoreSc1 atype="GSC" type="Exp" conceptID="Exp1" novelty="None" advantage="None"/><text>Details of the design of this line have been reported elsewhere.<REF TYPE="P" ID="cit8">8</REF></text></s> <s sid="24"><CoreSc1 atype="GSC" type="Exp" conceptID="Exp1" novelty="None" advantage="None"/><text>The crystal was subjected to UV–visible irradiation (<IT>λ</IT> = 260–570 nm) using an Oriel 100 W high pressure mercury lamp (model 6281) <IT>via</IT> a fused silica fibre-optic bundle (Oriel 77578).</text></s> <s sid="25"><CoreSc1 atype="GSC" type="Exp" conceptID="Exp1" novelty="None" advantage="None"/><text>It has been shown elsewhere that photodimerisation proceeds by irradiation into the long-wavelength broad absorption band shown by both solid and dissolved (methanolic solution) 2,4-dichloro-<IT>trans</IT>-cinnamic acid in the range 240–300 nm.<REF TYPE="P" ID="cit5 cit6">5,6</REF></text></s> <s sid="26"><CoreSc1 atype="GSC" type="Exp" conceptID="Exp1" novelty="None" advantage="None"/><text>It was not practical to use filters to limit the wavelength range of the incident light further because the loss of light intensity led to unacceptably long reaction times.</text></s> <s sid="27"><CoreSc1 atype="GSC" type="Exp" conceptID="Exp1" novelty="None" advantage="None"/><text>Infrared spectra were recorded at approximately 2-minute intervals until the reaction had proceeded almost to completion.</text></s> <s sid="28"><CoreSc1 atype="GSC" type="Obs" conceptID="Obs1" novelty="None" advantage="None"/><text>It was noted that small cracks typically developed in the crystal during the course of the reaction but that the crystal remained intact.</text></s></P><P><s sid="29"><CoreSc1 atype="GSC" type="Obs" conceptID="Obs2" novelty="None" advantage="None"/><text>In Fig. 1 the conversion of monomer to dimer is clearly shown by the decay in the band arising from <IT>ν</IT>(CC) (1619 cm<SP>–1</SP>) and the shift to higher frequency of the <IT>ν</IT>(CO) band (1686 to 1708 cm<SP>–1</SP>) as conjugation is lost.</text></s> <s sid="30"><CoreSc1 atype="GSC" type="Res" conceptID="Res4" novelty="None" advantage="None"/><text>The presence of clear isosbestic points demonstrates a reaction that proceeds from reactant to product with no detectable intermediate.</text></s> <s sid="31"><CoreSc1 atype="GSC" type="Res" conceptID="Res4" novelty="None" advantage="None"/><text>Very small shifts in the crossover of these points may be accounted for by small variations in the baseline.</text></s> <s sid="32"><CoreSc1 atype="GSC" type="Res" conceptID="Res5" novelty="None" advantage="None"/><text>Similar results were obtained for single crystals of β-2-chloro-<IT>trans</IT>-cinnamic acid and β-4-chloro-<IT>trans</IT>-cinnamic acid.</text></s></P><P><s sid="33"><CoreSc1 atype="GSC" type="Met" conceptID="Met2" novelty="Old" advantage="None"/><text>The spectra were subjected to multivariate quantitative analysis using the Nicolet TQ Analyst program with authentic samples of the monomer and dimer as standards.</text></s> <s sid="34"><CoreSc1 atype="GSC" type="Res" conceptID="Res1" novelty="None" advantage="None"/><text>It may be seen from Fig. 2 that the conversion of β-2,4-dichloro-<IT>trans</IT>-cinnamic acid to the corresponding β-truxinic acid derivative follows strictly first order kinetics over the conversion range 0–97%.</text></s> <s sid="35"><CoreSc1 atype="GSC" type="Res" conceptID="Res6" novelty="None" advantage="None"/><text>(The linear relationship is maintained at even higher conversions, but the scatter in the data becomes greater when the monomer concentration is very low and small measurement errors in this concentration lead to large errors in its logarithm.) Repeat experiments were carried out on crystals of slightly different sizes (range around 30–100 µm) and it was found that the order of reaction was unaffected by crystal size although the reaction proceeded more slowly for larger crystals.</text></s> <s sid="36"><CoreSc1 atype="GSC" type="Con" conceptID="Con4" novelty="None" advantage="None"/><text>First order kinetics reflects the fact that reaction occurs when one molecule of the monomer in the first excited state reacts with the other monomer molecule occupying the same unit cell.</text></s> <s sid="37"><CoreSc1 atype="GSC" type="Res" conceptID="Res7" novelty="None" advantage="None"/><text>Our findings demonstrate that the reaction also certainly proceeds <IT>via</IT> an exciton which may permeate through the crystal, allowing dimerisation of molecules within the crystal when the surface is irradiated.</text></s> <s sid="38"><CoreSc1 atype="GSC" type="Res" conceptID="Res8" novelty="None" advantage="None"/><text>This mechanism explains how the reaction may proceed by first order kinetics even though the extinction coefficient of the monomer is so high (<IT>ε</IT> = 20 000 at <IT>λ</IT><SB>max</SB> = 270 nm in methanolic solution).</text></s> <s sid="39"><CoreSc1 atype="GSC" type="Obs" conceptID="Obs3" novelty="None" advantage="None"/><text>Under these conditions the absorption of photons from the lamp is almost total even at very high conversions of monomer to dimer; extrapolation of the solution data indicates that even when conversion to the dimer reaches 99%, more than 99.99% of the incident photons of the appropriate wavelength and polarization will be absorbed within the thickness of the crystal.</text></s> <s sid="40"><CoreSc1 atype="GSC" type="Hyp" conceptID="Hyp1" novelty="None" advantage="None"/><text>In the absence of an exciton mechanism, one would thus expect the photon flux to be rate-determining and the reaction would be zero order.</text></s> <s sid="41"><CoreSc1 atype="GSC" type="Bac" conceptID="Bac6" novelty="None" advantage="None"/><text>A reaction mechanism of this type has previously been proposed in the photodimerisation of 4-bromo-<IT>trans</IT>-cinnamic acid.<REF TYPE="P" ID="cit9">9</REF></text></s></P><P><s sid="42"><CoreSc1 atype="GSC" type="Res" conceptID="Res2" novelty="None" advantage="None"/><text>As Fig. 3 shows, the photodimerisation of β-2-chloro-<IT>trans</IT>-cinnamic acid and β-4-chloro-<IT>trans</IT>-cinnamic acid deviate somewhat from first order kinetics.</text></s> <s sid="43"><CoreSc1 atype="GSC" type="Obs" conceptID="Obs4" novelty="None" advantage="None"/><text>In the case of the 4-chloro derivative, there is an initial period during which the slope of the graph increases before it stabilizes to give a first-order plot during the later stages of conversion.</text></s> <s sid="44"><CoreSc1 atype="GSC" type="Obs" conceptID="Obs5" novelty="None" advantage="None"/><text>The slope of the graph for the 2-chloro derivative continues to increase throughout the reaction: the kinetics do in fact fit closely to the contracting cube model<REF TYPE="P" ID="cit10">10</REF> over the conversion range studied, although this may be coincidental.</text></s> <s sid="45"><CoreSc1 atype="GSC" type="Res" conceptID="Res9" novelty="None" advantage="None"/><text>The existence of an induction phase during which the effective rate constant increases may be associated with increased ease of reaction when the crystal structure is distorted or the dislocation density is high.</text></s> <s sid="46"><CoreSc1 atype="GSC" type="Res" conceptID="Res9" novelty="None" advantage="None"/><text>The absence of such a phase in the dimerisation of the 2,4-dichloro derivative may then be explained by the smaller distortion needed to produce the dimer when two chlorine atoms, rather than one, are present on the phenyl ring.</text></s> <s sid="47"><CoreSc1 atype="GSC" type="Res" conceptID="Res9" novelty="None" advantage="None"/><text>It is entirely in line with earlier observations regarding the ability of crystal structures of <IT>trans</IT>-cinnamic acid derivatives to distort.<REF TYPE="P" ID="cit6">6</REF></text></s></P><P><s sid="48"><CoreSc1 atype="GSC" type="Con" conceptID="Con5" novelty="None" advantage="None"/><text>Our findings suggest an important role for vibrational microscopy in studying the kinetics and mechanisms of reactions in organic single crystals.</text></s></P></DIV></BODY></PAPER>