<?xml version="1.0" encoding="UTF-8"?>
<!DOCTYPE PAPER
  SYSTEM "paper-structure-annotation.dtd">
<PAPER><mode2 name="b313987e" hasDoc="yes" version="1168"/><TITLE><s sid="1"><CoreSc1 atype="GSC" type="Obj" conceptID="Obj1" novelty="New" advantage="None"/><text>Self-aggregation and phase separation of a styryl dye in monolayer at the liquid–air interface and in Langmuir–Blodgett films<XREF TYPE="FOOTNOTE_MARKER" ID="fn1"/></text></s></TITLE><ABSTRACT><s sid="2"><CoreSc1 atype="GSC" type="Met" conceptID="Met1" novelty="None" advantage="None"/><text>The styryl dye 4-[2-[6-(dioctylamino)-2-naphthalenyl]ethenyl]-1-(3-sulfopropyl)-pyridinium inner salt, (Di-8-ANEPPS), was incorporated in mixed Langmuir, (L), monolayers with the cationic surfactant, octadecyltrimethylammonium bromide, (OTMA).</text></s> <s sid="3"><CoreSc1 atype="GSC" type="Obs" conceptID="Obs1" novelty="None" advantage="None"/><text>The stability of the monolayers was found to vary with the surface pressure and the amount of the diluent in the mixtures.</text></s> <s sid="4"><CoreSc1 atype="GSC" type="Obj" conceptID="Obj2" novelty="New" advantage="None"/><text>The organization of the dye at the interface, deduced from surface pressure–area, <IT>π</IT>–<IT>A</IT>, and surface potential–area, Δ<IT>V</IT>–<IT>A</IT>, isotherms, is compared with the spectroscopic data in Langmuir and Langmuir–Blodgett, (LB), films.</text></s> <s sid="5"><CoreSc1 atype="GSC" type="Res" conceptID="Res1" novelty="None" advantage="None"/><text>UV–visible absorption spectra of the pure dye and of the mixtures in L and LB monolayers show the formation of aggregates or domains of Di-8-ANEPPS within the matrix at high amphiphile content.</text></s> <s sid="6"><CoreSc1 atype="GSC" type="Res" conceptID="Res2" novelty="None" advantage="None"/><text>On the contrary, successful transfer of the monomeric form of the dye was achieved using small molar fraction of the cationic matrix.</text></s></ABSTRACT><BODY><DIV DEPTH="1"><HEADER HEADER_MARKER="1.">Introduction</HEADER><P><s sid="7"><CoreSc1 atype="GSC" type="Bac" conceptID="Bac1" novelty="None" advantage="None"/><text>The investigation of new amphiphilic fluorescent molecules has gained attention due to their interesting electric and optical properties.<REF TYPE="P" ID="cit1 cit2">1,2</REF></text></s> <s sid="8"><CoreSc1 atype="GSC" type="Met" conceptID="Met2" novelty="Old" advantage="None"/><text>In this regard the application of molecular assembly techniques has proven to be an excellent alternative to casting and evaporation methods in preparation of ultra-thin films.<REF TYPE="P" ID="cit3 cit4 cit5">3–5</REF></text></s> <s sid="9"><CoreSc1 atype="GSC" type="Met" conceptID="Met3" novelty="Old" advantage="None"/><text>In particular, Langmuir, (L), monolayers have been widely used as mimetic systems to investigate the self-organization and the nature of the intermolecular interactions, either at the air–water interface or in films transferred onto solid supports by the Langmuir–Blodgett, (LB), technique.<REF TYPE="P" ID="cit3 cit4 cit5 cit6 cit7">3–7</REF></text></s></P><P><s sid="10"><CoreSc1 atype="GSC" type="Obj" conceptID="Obj1" novelty="New" advantage="None"/><text>The present paper reports the spectroscopic characterization of a styryl dye, (Di-8-ANEPPS), embedded in a diluent matrix of a cationic surfactant, (OTMA), in L and LB films.</text></s> <s sid="11"><CoreSc1 atype="GSC" type="Bac" conceptID="Bac2" novelty="None" advantage="None"/><text>Like other styryl dyes,<REF TYPE="P" ID="cit8">8</REF> Di-8-ANEPPS molecules exhibit a strong tendency to aggregate in monolayer and in multilayer systems.</text></s> <s sid="12"><CoreSc1 atype="GSC" type="Bac" conceptID="Bac2" novelty="None" advantage="None"/><text>Moreover, these dye molecules are known to respond to changes in the surrounding medium by modifying their electronic properties.<REF TYPE="P" ID="cit9 cit10 cit11">9–11</REF></text></s> <s sid="13"><CoreSc1 atype="GSC" type="Met" conceptID="Met4" novelty="Old" advantage="None"/><text>The film-forming features of the mixed monolayers were evaluated by means of surface pressure–area, <IT>π</IT>–<IT>A</IT>, and surface potential–area, Δ<IT>V</IT>–<IT>A</IT>, isotherms.</text></s> <s sid="14"><CoreSc1 atype="GSC" type="Obj" conceptID="Obj3" novelty="New" advantage="None"/><text>The spectroscopic behaviour of pure and mixed films at the subphase–air interface as well as in LB films was investigated and compared with the electronic spectra of Di-8-ANEPPS in solution.</text></s></P></DIV><DIV DEPTH="1"><HEADER HEADER_MARKER="2.">Experimental</HEADER><DIV DEPTH="2"><HEADER HEADER_MARKER="2.1">Materials</HEADER><P><s sid="15"><CoreSc1 atype="GSC" type="Exp" conceptID="Exp1" novelty="None" advantage="None"/><text>The dye 4-[2-[6-(dioctylamino)-2-naphthalenyl]ethenyl]-1-(3-sulfopropyl)-pyridinium inner salt, Di-8-ANEPPS, was obtained from Molecular Probes (Eugene, OR) and octadecyltrimethylammonium bromide, OTMA (purity 99.5%), was purchased from Fluka.</text></s> <s sid="16"><CoreSc1 atype="GSC" type="Exp" conceptID="Exp1" novelty="None" advantage="None"/><text>The solvents chloroform and methanol were of spectroscopic grade (Aldrich).</text></s> <s sid="17"><CoreSc1 atype="GSC" type="Exp" conceptID="Exp1" novelty="None" advantage="None"/><text>Amphiphiles and solvents were used as purchased, without further purification.</text></s> <s sid="18"><CoreSc1 atype="GSC" type="Exp" conceptID="Exp1" novelty="None" advantage="None"/><text>Water was obtained from a Milli-RO coupled with a Milli-Q set-up (Millipore), 18.2 MΩ cm resistivity and pH 5.6 at 20 °C.</text></s> <s sid="19"><CoreSc1 atype="GSC" type="Exp" conceptID="Exp1" novelty="None" advantage="None"/><text>An aqueous buffer (pH 3.70), prepared using citric acid anhydrous (Fluka, purity 99.5%) and di-sodium hydrogen phosphate dihydrate (Fluka, purity 99.0%), was used as subphase.</text></s> <s sid="20"><CoreSc1 atype="GSC" type="Exp" conceptID="Exp1" novelty="None" advantage="None"/><text>Quartz slides (Hellma) were used as solid supports; they were cleaned with chromic acid overnight, then rinsed with water and immersed in an ultrasonic bath with CHCl<SB>3</SB> for 10 min.</text></s></P></DIV><DIV DEPTH="2"><HEADER HEADER_MARKER="2.2">Methods</HEADER><P><s sid="21"><CoreSc1 atype="GSC" type="Exp" conceptID="Exp2" novelty="None" advantage="None"/><text><IT>π</IT>–<IT>A</IT> isotherms were obtained with a Lauda Filmwaage FW2 (Lauda, Germany) by discontinuous compression; the compression rate was about 8 Å<SP>2</SP> molecule<SP>−1</SP> min<SP>−1</SP>; three <IT>π</IT> values were recorded for each surface area with a time interval of 30 s between the measurements.</text></s> <s sid="22"><CoreSc1 atype="GSC" type="Exp" conceptID="Exp2" novelty="None" advantage="None"/><text>Thirty minutes were allowed for solvent evaporation and monolayer equilibration at the interface prior to compression.</text></s> <s sid="23"><CoreSc1 atype="GSC" type="Exp" conceptID="Exp2" novelty="None" advantage="None"/><text>All the spreading isotherms shown in this paper are the average of at least two curves and were obtained at 20 °C using a Haake thermostat with a water circulation bath.</text></s> <s sid="24"><CoreSc1 atype="GSC" type="Met" conceptID="Met5" novelty="Old" advantage="None"/><text>Δ<IT>V</IT>–<IT>A</IT> measurements were obtained with the method of the ionising electrode by using <SP>241</SP>Am electrodes with an apparatus assembled in the Department of Chemistry (Florence) and previously described.<REF TYPE="P" ID="cit12 cit13">12,13</REF></text></s> <s sid="25"><CoreSc1 atype="GSC" type="Mod" conceptID="Mod1" novelty="None" advantage="None"/><text>The accuracy of π is ±0.1 mN m<SP>−1</SP>, of A is ±0.5 Å<SP>2</SP> molecule<SP>−1</SP> and of Δ<IT>V</IT> is ±10 mV.</text></s> <s sid="26"><CoreSc1 atype="GSC" type="Met" conceptID="Met6" novelty="Old" advantage="None"/><text>Monolayer relaxation studies, at constant <IT>π</IT> = 15 mN m<SP>−1</SP>, were performed using a KSV 3000 film balance (KSV Instruments).</text></s> <s sid="27"><CoreSc1 atype="GSC" type="Exp" conceptID="Exp3" novelty="None" advantage="None"/><text>The compression rate of the two movable barriers was 3 mm min<SP>−1</SP>.</text></s> <s sid="28"><CoreSc1 atype="GSC" type="Exp" conceptID="Exp3" novelty="None" advantage="None"/><text>After relaxation, Langmuir films of Di-8-ANEPPS/OTMA mixtures were transferred onto quartz slides with an upstroke rate of 12 mm min<SP>−1</SP> and a downstroke rate of 1–2 mm min<SP>−1</SP>.</text></s> <s sid="29"><CoreSc1 atype="GSC" type="Exp" conceptID="Exp3" novelty="None" advantage="None"/><text>The transfer ratio obtained<REF TYPE="P" ID="cit12">12</REF> is 1.0 ± 0.1 in all cases.</text></s> <s sid="30"><CoreSc1 atype="GSC" type="Met" conceptID="Met7" novelty="Old" advantage="None"/><text>UV–visible absorption spectra were obtained using a Perkin-Elmer Lambda 900 spectrophotometer.</text></s> <s sid="31"><CoreSc1 atype="GSC" type="Exp" conceptID="Exp4" novelty="None" advantage="None"/><text>The absorption spectra at the liquid–air interface, at constant areas, were obtained using a Y-shaped fibre optic system connected to the light source and to the photodetector.</text></s> <s sid="32"><CoreSc1 atype="GSC" type="Exp" conceptID="Exp4" novelty="None" advantage="None"/><text>The light beam passes through the monolayer and it is reflected <IT>via</IT> a ‘hard coated’ mirror, placed just below the aqueous surface.<REF TYPE="P" ID="cit14">14</REF></text></s> <s sid="33"><CoreSc1 atype="GSC" type="Met" conceptID="Met8" novelty="Old" advantage="None"/><text>The fluorescent spectra of the LB films were measured with a Perkin-Elmer LS-50B luminescence spectrometer, using a homemade slide holder especially designed to orient the substrates at 30° and at 60° in the excitation and in the emission mode, respectively.</text></s> <s sid="34"><CoreSc1 atype="GSC" type="Met" conceptID="Met9" novelty="Old" advantage="None"/><text>Semi-empirical calculations were run using the software HyperChem 5.1 (HyperCube, USA)<REF TYPE="P" ID="cit15">15</REF>.</text></s></P></DIV></DIV><DIV DEPTH="1"><HEADER HEADER_MARKER="3.">Results and discussion</HEADER><DIV DEPTH="2"><HEADER HEADER_MARKER="3.1">Surface pressure–area and surface potential–area isotherms</HEADER><P><s sid="35"><CoreSc1 atype="GSC" type="Obs" conceptID="Obs2" novelty="None" advantage="None"/><text>Fig. 1 shows <IT>π</IT>–<IT>A</IT> and Δ<IT>V</IT>–<IT>A</IT> isotherms for the monolayers of Di-8-ANEPPS and OTMA and their mixture on citrate buffer (pH 3.70).</text></s> <s sid="36"><CoreSc1 atype="GSC" type="Met" conceptID="Met10" novelty="Old" advantage="None"/><text>The use of buffer solution, instead of pure water subphase, is required in order to avoid the complete dissolution of the lipidic matrix into the bulk phase.</text></s> <s sid="37"><CoreSc1 atype="GSC" type="Obs" conceptID="Obs3" novelty="None" advantage="None"/><text>In Table 1 we report the main parameters extracted from the isotherms, <IT>i.e.</IT> the limiting molecular area <IT>A</IT><SB>0</SB>, the collapse surface pressure <IT>π</IT><SB>c</SB>, the maximum surface compressibility modulus <IT>C</IT>−1s and the maximum surface potential value, Δ<IT>V</IT><SB>max</SB>.</text></s></P><P><s sid="38"><CoreSc1 atype="GSC" type="Res" conceptID="Res3" novelty="None" advantage="None"/><text><IT>A</IT><SB>0</SB> is determined extrapolating the linear portion of the isotherm to zero surface pressure, <IT>π</IT><SB>c</SB> corresponds to the maximum change of slope of the <IT>π</IT>–<IT>A</IT> isotherms and <IT>C</IT>−1s is defined as:<REF TYPE="P" ID="cit16">16</REF> The surface pressure–area profile of the dye monolayer on buffer solution shows a liquid-expanded behaviour, as confirmed by the low surface compressibility modulus value (<IT>C</IT>−1s = 44 mN m<SP>−1</SP>), with a limiting molecular area of 51 Å<SP>2</SP> molecule<SP>−1</SP> and a collapse surface pressure of 39 mN m<SP>−1</SP> (see Table 1).</text></s> <s sid="39"><CoreSc1 atype="GSC" type="Res" conceptID="Res4" novelty="None" advantage="None"/><text>Surface potential values follow a linear increase with increasing surface density of the monolayer with a maximum Δ<IT>V</IT> = 509 mV.</text></s> <s sid="40"><CoreSc1 atype="GSC" type="Bac" conceptID="Bac3" novelty="None" advantage="None"/><text>From the analysis of the spreading isotherm it is possible to estimate the orientation of Di-8-ANEPPS molecules at the interface.</text></s> <s sid="41"><CoreSc1 atype="GSC" type="Mod" conceptID="Mod2" novelty="None" advantage="None"/><text>The experimental surface potential, Δ<IT>V</IT><SB>exp</SB>, for uncharged or un-ionisable substances, is correlated to the vertical component of the dipole moment, <IT>μ</IT><SB>⊥</SB>, of the amphiphile forming the monolayer<REF TYPE="P" ID="cit17 cit18">17,18</REF> by the relation: where <IT></IT> is the intrinsic dipole moment of the molecule, <IT>μ</IT><SB>⊥</SB> is its vertical component and <IT>ϑ</IT> is the angle between the dipole moment vector and the normal to the interface, <IT>A</IT> is the molecular area and <IT>ε</IT> and <IT>ε</IT><SB>0</SB> are the relative dielectric constant and the permittivity of the free space, respectively.</text></s> <s sid="42"><CoreSc1 atype="GSC" type="Mod" conceptID="Mod3" novelty="None" advantage="None"/><text>The dipole moment, <IT></IT>, of a molecule can be calculated with respect to the centre of mass of the molecule using the following equation:where <IT>Z</IT><SB><IT>A</IT></SB> is the charge of the nuclear core, <IT>R</IT><SB><IT>A</IT></SB> is the distance between the origin and nucleus <IT>A</IT> and <IT>r</IT><SB><IT>i</IT></SB> is the distance between the origin and electron <IT>i</IT>.</text></s></P><P><s sid="43"><CoreSc1 atype="GSC" type="Obj" conceptID="Obj4" novelty="New" advantage="None"/><text>On the basis of previous works on analogous compounds in solution<REF TYPE="P" ID="cit19">19</REF> we considered two possible conformations of Di-8-ANEPPS (see Fig. 2) differing only for the position of the polar head group.</text></s> <s sid="44"><CoreSc1 atype="GSC" type="Res" conceptID="Res5" novelty="None" advantage="None"/><text>We computed the dipole moment for both conformations obtaining |<IT></IT>| = 33.9 D in case A, and |<IT></IT>| = 27.2 D in case B where the polar head group is rotated out-of-plane.</text></s> <s sid="45"><CoreSc1 atype="GSC" type="Res" conceptID="Res5" novelty="None" advantage="None"/><text>In both calculations the dipole moment vector is directed along the <SP>−</SP>S–N<SP>+</SP> bond, in Fig. 2 we also report the inertial axes and the dipole moment vectors computed with respect to the centre of mass of the molecule.</text></s></P><P><s sid="46"><CoreSc1 atype="GSC" type="Res" conceptID="Res6" novelty="None" advantage="None"/><text>Application of eqn. (2) to the dye monolayer at maximum packing provided an angle <IT>ϑ</IT> = 89.5° between <IT></IT> and the normal to the interface for conformation A. In the case of conformation B, we obtained <IT>ϑ</IT> = 89.3°.</text></s> <s sid="47"><CoreSc1 atype="GSC" type="Res" conceptID="Res7" novelty="None" advantage="None"/><text>Fig. 2 shows the molecules oriented according to these tilt angles: for conformation A the entire molecule would lies almost parallel to the water–air interface whereas for conformation B the polar group of the dye resides on the aqueous surface whereas the chromophoric moiety and the alkyl chains point towards the air phase.</text></s></P><P><s sid="48"><CoreSc1 atype="GSC" type="Con" conceptID="Con1" novelty="None" advantage="None"/><text>Conformation A was excluded on the basis of the molecular areas at maximum packing observed experimentally (see Table 1): in fact for conformation A depicted in Fig. 2 we would obtain a cross section of 360 Å<SP>2</SP>, a value exceedingly larger than the experimentally observed <IT>A</IT><SB>0</SB>.</text></s></P><P><s sid="49"><CoreSc1 atype="GSC" type="Con" conceptID="Con2" novelty="None" advantage="None"/><text>On the contrary, the cross-section obtained for case B is 70 Å<SP>2</SP> a value of the same order of magnitude of the experimental one, therefore we selected the latter conformation as more likely to occur at water–air interface.</text></s> <s sid="50"><CoreSc1 atype="GSC" type="Met" conceptID="Met11" novelty="Old" advantage="None"/><text>This choice is also supported by NMR<REF TYPE="P" ID="cit20">20</REF> and polarized fluorescence studies<REF TYPE="P" ID="cit21 cit22">21,22</REF> of styryl dyes in a lipid membranes, where a perpendicular orientation of the molecule with respect to the interfacial plane is observed.</text></s></P><P><s sid="51"><CoreSc1 atype="GSC" type="Obs" conceptID="Obs4" novelty="None" advantage="None"/><text>In the case of Di-8-ANEPPS/OTMA mixtures, <IT>π</IT>–<IT>A</IT> profiles indicate monolayers in a liquid-expanded phase, as confirmed by the low surface compressibility modulus values (40–50 mN m<SP>−1</SP>).</text></s> <s sid="52"><CoreSc1 atype="GSC" type="Obs" conceptID="Obs5" novelty="None" advantage="None"/><text>Moreover, Δ<IT>V</IT>–<IT>A</IT> curves are shifted towards surface potential values larger than in the case of the pure dye although the profile of the isotherms remains very similar.</text></s></P><P><s sid="53"><CoreSc1 atype="GSC" type="Mod" conceptID="Mod4" novelty="None" advantage="None"/><text>We obtain additional information on the interaction of the dye with the lipidic matrix analysing the variation of mean molecular areas and of surface potential values at constant surface pressure as a function of the molar fraction of the dye.</text></s> <s sid="54"><CoreSc1 atype="GSC" type="Obs" conceptID="Obs6" novelty="None" advantage="None"/><text>The data are reported in Fig. 3a and in Fig. 3b, respectively.</text></s> <s sid="55"><CoreSc1 atype="GSC" type="Res" conceptID="Res8" novelty="None" advantage="None"/><text>The mean molecular areas and Δ<IT>V</IT> values are higher than those calculated for ideal mixed monolayers except in the case of the equimolar ratio.</text></s></P><P><s sid="56"><CoreSc1 atype="GSC" type="Res" conceptID="Res8" novelty="None" advantage="None"/><text>In the case of mean molecular areas, the displacement is higher at lower surface pressures, while the surface potential data follow the opposite trend.</text></s> <s sid="57"><CoreSc1 atype="GSC" type="Con" conceptID="Con3" novelty="None" advantage="None"/><text>These results indicate that the Di-8-ANEPPS and OTMA molecules give non-ideal mixtures with repulsive interactions with the exception of the equimolar mixture where an ideal miscibility or a complete immiscibility is inferred.</text></s> <s sid="58"><CoreSc1 atype="GSC" type="Con" conceptID="Con4" novelty="None" advantage="None"/><text>Unfortunately, the difference in <IT>π</IT><SB>c</SB> between the two components is too small to draw any exhaustive conclusion on this point.</text></s></P><P><s sid="59"><CoreSc1 atype="GSC" type="Obj" conceptID="Obj5" novelty="New" advantage="None"/><text>We checked the stability of mixed Di-8-ANEPPS/OTMA Langmuir films by monolayer relaxation studies (see Fig. 4) recording the area loss at constant surface pressure.</text></s> <s sid="60"><CoreSc1 atype="GSC" type="Obs" conceptID="Obs7" novelty="None" advantage="None"/><text>The picture shows the results obtained at <IT>π</IT> = 15 mN m<SP>−1</SP> for Di-8-ANEPPS/OTMA mixtures of different composition.</text></s> <s sid="61"><CoreSc1 atype="GSC" type="Obs" conceptID="Obs8" novelty="None" advantage="None"/><text>We observed that the relative decrease in <IT>A</IT><SB><IT>t</IT></SB>/<IT>A</IT><SB>0</SB> is more pronounced in the presence of OTMA molecules.</text></s> <s sid="62"><CoreSc1 atype="GSC" type="Res" conceptID="Res9" novelty="None" advantage="None"/><text>The analysis of the results indicates a partial desorption/dissolution process<REF TYPE="P" ID="cit23 cit24">23,24</REF> of the monolayer into the subphase, further studies are in progress to define the mechanism of this phenomenon.</text></s></P></DIV><DIV DEPTH="2"><HEADER HEADER_MARKER="3.2">Absorption spectra at the liquid–air interface</HEADER><P><s sid="63"><CoreSc1 atype="GSC" type="Goa" conceptID="Goa1" novelty="None" advantage="None"/><text>We acquired the absorption spectra of the dye molecules at the subphase–air interface in order to evaluate the influence of the lipidic matrix on the electronic properties of the dye.</text></s> <s sid="64"><CoreSc1 atype="GSC" type="Obs" conceptID="Obs9" novelty="None" advantage="None"/><text>As illustrated in Fig. 5a, the spectrum of the pure Di-8-ANEPPS, recorded immediately following the deposition of the dye on the surface (105 Å<SP>2</SP> molecule<SP>−1</SP>), is similar to the solution spectrum in methanol.</text></s> <s sid="65"><CoreSc1 atype="GSC" type="Obs" conceptID="Obs10" novelty="None" advantage="None"/><text>The low energy band centred at 500 nm in solution, corresponding to the π–π* transition over the entire chromophore, is shifted to 484 nm at the subphase–air interface, while the band at 322 nm arising from the isolated transition on the pyridinium and naphthyl moieties<REF TYPE="P" ID="cit19 cit25 cit26 cit27">19,25–27</REF> is slightly visible.</text></s> <s sid="66"><CoreSc1 atype="GSC" type="Obs" conceptID="Obs11" novelty="None" advantage="None"/><text>It is interesting to note that, 30 min after spreading, the low energy band completely disappears and a new band centred at 348 nm emerges.</text></s> <s sid="67"><CoreSc1 atype="GSC" type="Res" conceptID="Res10" novelty="None" advantage="None"/><text>The latter transition could be ascribed to the formation of H-aggregates at the interface, as previously reported by other authors for similar compounds.<REF TYPE="P" ID="cit19 cit27">19,27</REF></text></s> <s sid="68"><CoreSc1 atype="GSC" type="Obs" conceptID="Obs12" novelty="None" advantage="None"/><text>After 60 min no more changes were observed in the absorption spectrum; the monolayer was further compressed to higher dye surface density and absorption spectra again acquired.</text></s> <s sid="69"><CoreSc1 atype="GSC" type="Obs" conceptID="Obs12" novelty="None" advantage="None"/><text>Surprisingly no changes were evidenced, either in the position of the bands or in the maximum absorbance values.</text></s> <s sid="70"><CoreSc1 atype="GSC" type="Con" conceptID="Con5" novelty="None" advantage="None"/><text>This indicates that the dye remains in the aggregated domains as the packing of the monolayer increases; the constancy of absorbance is ascribed to the relaxation phenomena at the liquid–air interface, previously described, that causes an overall loss of the chromophore from the monolayer towards the bulk phase.<REF TYPE="P" ID="cit23 cit24">23,24</REF></text></s></P><P><s sid="71"><CoreSc1 atype="GSC" type="Res" conceptID="Res11" novelty="None" advantage="None"/><text>In the case of the mixed monolayers, the time required for the π–π* transition to vanish increases slightly with increasing molar fraction of Di-8-ANEPPS.</text></s> <s sid="72"><CoreSc1 atype="GSC" type="Obs" conceptID="Obs13" novelty="None" advantage="None"/><text>Fig. 5b shows typical absorption spectra acquired after the equilibration time at low surface density for some of the Di-8-ANEPPS/OTMA mixed monolayers examined; the corresponding absorption maxima are reported in Table 2.</text></s> <s sid="73"><CoreSc1 atype="GSC" type="Res" conceptID="Res12" novelty="None" advantage="None"/><text>In the same table we also report the ratio between absorbance maxima of the monomer (Abs<SB>M</SB>; <IT>λ</IT> = 465 nm) and aggregate (Abs<SB>A</SB>; <IT>λ</IT> = 348 nm); the data show that in the case of the 4∶1 mixture the ratio is in favour of the monomer form.</text></s> <s sid="74"><CoreSc1 atype="GSC" type="Res" conceptID="Res13" novelty="None" advantage="None"/><text>For <IT>X</IT><SB>D8</SB> ≤ 0.5 the absorption spectra show always a band between 320 and 370 nm, which could be ascribed to the convolution of the monomer and aggregate transitions.</text></s> <s sid="75"><CoreSc1 atype="GSC" type="Res" conceptID="Res14" novelty="None" advantage="None"/><text>On the contrary, in the case of 4∶1 Di-8-ANEPPS/OTMA monolayers, no aggregate formation is evidenced in the spectrum and the low energy band is shifted to lower wavelengths (see Table 2) with respect to the monomeric form in methanol.</text></s> <s sid="76"><CoreSc1 atype="GSC" type="Res" conceptID="Res14" novelty="None" advantage="None"/><text>Interestingly, the monomer absorption band in the spectrum recorded immediately after monolayer spreading was centred around <IT>λ</IT> = 465 nm, a value similar to the pure dye monolayer and only slightly smaller than <IT>λ</IT><SB>max</SB> in methanol.</text></s> <s sid="77"><CoreSc1 atype="GSC" type="Bac" conceptID="Bac4" novelty="None" advantage="None"/><text>We recall that the monomer absorption in chloroform was observed at <IT>λ</IT> = 550 nm.<REF TYPE="P" ID="cit28">28</REF></text></s> <s sid="78"><CoreSc1 atype="GSC" type="Con" conceptID="Con6" novelty="None" advantage="None"/><text>The shift in the monomer band position might be correlated to a more polar microenvironment sensed by the chromophore in the mixture;<REF TYPE="P" ID="cit10 cit11 cit29">10,11,29</REF> this would imply a deeper penetration of the chromophoric part in the water sublayer at the interface.</text></s></P></DIV><DIV DEPTH="2"><HEADER HEADER_MARKER="3.3">UV–visible absorption and fluorescence emission spectroscopy of the LB films</HEADER><P><s sid="79"><CoreSc1 atype="GSC" type="Obs" conceptID="Obs14" novelty="None" advantage="None"/><text>We successfully transferred monolayers of the 1∶4, 1∶1 and 4∶1 mixtures onto quartz slides in the Y configuration: Figs. 6a and 6b describes the UV–visible absorption and fluorescence emission spectra of 1 LB monolayer of the selected mixtures.</text></s> <s sid="80"><CoreSc1 atype="GSC" type="Obs" conceptID="Obs14" novelty="None" advantage="None"/><text>Absorption spectra are similar to those obtained at the liquid–air interface.</text></s> <s sid="81"><CoreSc1 atype="GSC" type="Res" conceptID="Res15" novelty="None" advantage="None"/><text>In particular, for <IT>X</IT><SB>D8</SB> ≤ 0.5 the absorption spectra show a band centred at about 350 nm that we already ascribed to the transition of H-aggregate molecules.</text></s> <s sid="82"><CoreSc1 atype="GSC" type="Obs" conceptID="Obs15" novelty="None" advantage="None"/><text>The fluorescence emission spectrum shows a maximum at <IT>λ</IT><SB>em</SB> = 424 nm.</text></s> <s sid="83"><CoreSc1 atype="GSC" type="Con" conceptID="Con7" novelty="None" advantage="None"/><text>Thus, based on the electronic spectra recorded for the LB films, we deduce that the aggregate structure formed in Langmuir monolayers is transferred unaltered onto the substrate.</text></s> <s sid="84"><CoreSc1 atype="GSC" type="Con" conceptID="Con7" novelty="None" advantage="None"/><text>This statement is supported also by fluorescence emission experiments.</text></s> <s sid="85"><CoreSc1 atype="GSC" type="Res" conceptID="Res16" novelty="None" advantage="None"/><text>In the case of Di-8-ANEPPS in solution a fluorescence maximum was found at <IT>λ</IT><SB>em</SB> = 636 nm in chloroform<REF TYPE="P" ID="cit28">28</REF> and at <IT>λ</IT><SB>em</SB> = 610 nm in methanol.</text></s> <s sid="86"><CoreSc1 atype="GSC" type="Con" conceptID="Con8" novelty="None" advantage="None"/><text>Fluorescence emission maximum is found at <IT>λ</IT><SB>em</SB> = 434 nm in the case of a single LB layer for the mixtures at low Di-8-ANEPPS content (<IT>X</IT><SB>D8</SB> ≤ 0.5), such displacement in fluorescence maxima is assigned to emission from the H-aggregate<REF TYPE="P" ID="cit27 cit30">27,30</REF> in agreement with the previous deductions.</text></s></P><P><s sid="87"><CoreSc1 atype="GSC" type="Res" conceptID="Res17" novelty="None" advantage="None"/><text>On the contrary, in the case of the 4∶1 Di-8-ANEPPS/OTMA LB film, the absorption band shifts to 450 nm, and the fluorescence spectrum shows a maximum at <IT>λ</IT><SB>em</SB> = 627 nm (see Table 2) confirming the presence of Di-8-ANEPPS monomer.</text></s> <s sid="88"><CoreSc1 atype="GSC" type="Obs" conceptID="Obs16" novelty="None" advantage="None"/><text>This is also clearly evidenced by the computed ratio of the absorbance maxima reported in Table 2.</text></s> <s sid="89"><CoreSc1 atype="GSC" type="Res" conceptID="Res18" novelty="None" advantage="None"/><text>The results obtained for the LB films are in good agreement with the L monolayer with the exception of the 1∶4 mixture where a larger uncertainty is expected due to the extremely low Di-8-ANEPPS content.</text></s></P><P><s sid="90"><CoreSc1 atype="GSC" type="Bac" conceptID="Bac5" novelty="None" advantage="None"/><text>Moreover, comparison with a solvatochromic characterization<REF TYPE="P" ID="cit10 cit11 cit29">10,11,29</REF> of Di-8-ANEPPS previously performed indicates that the monomer resides in a rather polar environment also when transferred in the LB film.</text></s> <s sid="91"><CoreSc1 atype="GSC" type="Obs" conceptID="Obs17" novelty="None" advantage="None"/><text>The absorbance of the electronic spectra recorded for the multilayer systems does increase linearly with the number of layers (data not reported): the outcome is in accordance with the absorbance behaviour at the subphase–air interface.</text></s></P><P><s sid="92"><CoreSc1 atype="GSC" type="Bac" conceptID="Bac6" novelty="None" advantage="None"/><text>The above results allowed to propose a hypothesis on the association of the dye in the mixed monolayers.</text></s> <s sid="93"><CoreSc1 atype="GSC" type="Res" conceptID="Res19" novelty="None" advantage="None"/><text>In the case of <IT>X</IT><SB>Di-8-ANEPPS</SB> ≤ 0.5, OTMA molecules screen the high negative charge density of the dye, allowing the formation of domains of H-aggregates of Di-8-ANEPPS at the interface.</text></s> <s sid="94"><CoreSc1 atype="GSC" type="Res" conceptID="Res19" novelty="None" advantage="None"/><text>Such domains can be transferred on solid supports without any modification in the structure of the aggregate.</text></s> <s sid="95"><CoreSc1 atype="GSC" type="Res" conceptID="Res19" novelty="None" advantage="None"/><text>In contrast for <IT>X</IT><SB>Di-8-ANEPPS</SB> &gt; 0.5 the electrostatic repulsion between the dye amphiphiles predominates and hence Di-8-ANEPPS molecules are dispersed in the OTMA matrix mainly in a monomeric form.</text></s></P></DIV></DIV><DIV DEPTH="1"><HEADER HEADER_MARKER="4.">Conclusions</HEADER><P><s sid="96"><CoreSc1 atype="GSC" type="Met" conceptID="Met12" novelty="Old" advantage="None"/><text>Surface characterization of the styryl dye Di-8-ANEPPS is achieved by surface pressure–area and surface potential–area isotherms on buffer subphase as a function of increasing molar fraction of a diluent matrix, OTMA.</text></s> <s sid="97"><CoreSc1 atype="GSC" type="Res" conceptID="Res20" novelty="None" advantage="None"/><text>The data indicate the presence of repulsive interactions between the two components, except in the case of the equimolar ratio where a complete immiscibility is supposed.</text></s> <s sid="98"><CoreSc1 atype="GSC" type="Obs" conceptID="Obs18" novelty="None" advantage="None"/><text>The absorption spectra of the pure dye and of the mixtures at the liquid–air interface show the formation of domains of aggregates within the amphiphilic matrix at low dye content.</text></s> <s sid="99"><CoreSc1 atype="GSC" type="Res" conceptID="Res21" novelty="None" advantage="None"/><text>In particular, in the case of <IT>X</IT><SB>Di-8-ANEPPS</SB> ≤ 0.5, no monomer species are detected in L and in LB films neither by absorbance spectroscopy nor by fluorescence emission.</text></s> <s sid="100"><CoreSc1 atype="GSC" type="Res" conceptID="Res22" novelty="None" advantage="None"/><text>Interestingly, a significant population of Di-8-ANEPPS monomers appears in the absorption and emission electronic spectra of the 4∶1 Di-8-ANEPPS/OTMA monolayer, both at water–air interface and in LB film.</text></s> <s sid="101"><CoreSc1 atype="GSC" type="Res" conceptID="Res23" novelty="None" advantage="None"/><text>In this case, we also observed that the chromophoric part of the dye molecule resides in a rather polar environment.</text></s> <s sid="102"><CoreSc1 atype="GSC" type="Con" conceptID="Con9" novelty="None" advantage="None"/><text>Since the understanding of the energy migration and transfer in such monolayer and LB systems is essential for the rational design and fabrication of chemical devices based on vectorial energy and electron transport, these results on the aggregation behaviour in an organic matrix appear relevant for the fabrication of microelectronic devices.</text></s></P></DIV></BODY></PAPER>