<?xml version="1.0" encoding="UTF-8"?>
<!DOCTYPE PAPER
  SYSTEM "paper-structure-annotation.dtd">
<PAPER><mode2 name="b313474a" hasDoc="yes" version="1153"/><TITLE><s sid="1"><CoreSc1 atype="GSC" type="Obj" conceptID="Obj1" novelty="New" advantage="None"/><text>Uptake of acetone, 2-butanone, 2,3-butanedione and 2-oxopropanal on a water surface</text></s></TITLE><ABSTRACT><s sid="2"><CoreSc1 atype="GSC" type="Met" conceptID="Met1" novelty="New" advantage="None"/><text>The uptake of acetone, 2-butanone, 2,3-butanedione and 2-oxopropanal on pure water was investigated by means of a single drop experiment.</text></s> <s sid="3"><CoreSc1 atype="GSC" type="Met" conceptID="Met1" novelty="New" advantage="Yes"/><text>This method allows to follow the concentrations in an aqueous drop <IT>in situ</IT> by UV-VIS-spectroscopy.</text></s> <s sid="4"><CoreSc1 atype="GSC" type="Obs" conceptID="Obs1" novelty="None" advantage="None"/><text>Due to Henry's law saturation, the uptake coefficients <IT>γ</IT><SB>meas</SB> decreased with time.</text></s> <s sid="5"><CoreSc1 atype="GSC" type="Obs" conceptID="Obs2" novelty="None" advantage="None"/><text>Maximum values (<IT>T</IT> = 293 K) of 1.8 × 10<SP>−4</SP>, 1.5 × 10<SP>−4</SP>, 8 × 10<SP>−5</SP> and 1.2 × 10<SP>−4</SP> were observed for acetone, 2-butanone, 2,3-butanedione and 2-oxopropanal, respectively.</text></s> <s sid="6"><CoreSc1 atype="GSC" type="Res" conceptID="Res1" novelty="None" advantage="None"/><text>A fit of the experimental data to the resistance model and correction for the effect of gas phase diffusion yield values for the mass accommodation coefficients <IT>α</IT><SB>acetone</SB> = (5.4<SB>−2.6</SB><SP>+4.5</SP>) × 10<SP>−3</SP>, <IT>α</IT><SB>2-butanone</SB> = (2.1<SB>−0.8</SB><SP>+0.9</SP>) × 10<SP>−3</SP>, <IT>α</IT><SB>2,3-butanedione</SB> = (1.0 ± 0.3) × 10<SP>−4</SP> and <IT>α</IT><SB>2-oxopropanal</SB> = (1.5 ± 0.5) × 10<SP>−4</SP>.</text></s> <s sid="7"><CoreSc1 atype="GSC" type="Met" conceptID="Met2" novelty="New" advantage="None"/><text>A separate model approach is used to discuss the impact of turbulent mixing of the drop.</text></s></ABSTRACT><BODY><DIV DEPTH="1"><HEADER HEADER_MARKER="1">Introduction</HEADER><P><s sid="8"><CoreSc1 atype="GSC" type="Bac" conceptID="Bac1" novelty="None" advantage="None"/><text>Oxygenated hydrocarbons, such as the ketones being subject of the present study, are either emitted from biogenic and anthropogenic sources<REF TYPE="P" ID="cit1">1</REF> or formed as intermediates in the oxidation of atmospheric pollutants.</text></s> <s sid="9"><CoreSc1 atype="GSC" type="Hyp" conceptID="Hyp1" novelty="None" advantage="None"/><text>The photolysis of acetone, the most abundant ketone in the atmosphere, in the upper troposphere (UT) may quite efficiently produce HO<IT><SB>x</SB></IT>.</text></s> <s sid="10"><CoreSc1 atype="GSC" type="Hyp" conceptID="Hyp1" novelty="None" advantage="None"/><text>This channel might even be competitive to HO<IT><SB>x</SB></IT> formation from O(<SP>1</SP>D) + H<SB>2</SB>O under UT conditions.<REF TYPE="P" ID="cit2">2</REF></text></s></P><P><s sid="11"><CoreSc1 atype="GSC" type="Bac" conceptID="Bac1" novelty="None" advantage="None"/><text>Because of their high solubility, the mentioned gas phase species can be taken up at the surfaces of liquid tropospheric particles, such as cloud droplets or deliquescent aerosol particles.</text></s> <s sid="12"><CoreSc1 atype="GSC" type="Mot" conceptID="Mot1" novelty="None" advantage="None"/><text>It is necessary to know the parameters that govern this process in order to evaluate the rate of transfer and thereby the compounds' budgets in either phase.</text></s> <s sid="13"><CoreSc1 atype="GSC" type="Goa" conceptID="Goa1" novelty="None" advantage="None"/><text>In the present work, the uptake of acetone, 2-butanone (methyl ethyl ketone), 2,3-butanedione (biacetyl) and 2-oxopropanal (methylglyoxal), respectively, on water is investigated.</text></s> <s sid="14"><CoreSc1 atype="GSC" type="Goa" conceptID="Goa1" novelty="None" advantage="None"/><text>Key parameters of the uptake process are extracted allowing subsequent modeling of the processes studied here.</text></s></P><P><s sid="15"><CoreSc1 atype="GSC" type="Obs" conceptID="Obs3" novelty="None" advantage="None"/><text>The uptake process is a convolution of different processes.</text></s> <s sid="16"><CoreSc1 atype="GSC" type="Mod" conceptID="Mod1" novelty="None" advantage="None"/><text>For species that do not show reactions in the liquid phase these are (i) the gas phase diffusion described by the diffusion coefficient <IT>D</IT><SB>g</SB>, (ii) the actual transfer across the interface which is governed by the mass accommodation coefficient <IT>α</IT>, and (iii) the Henry's law saturation described in terms of <IT>HD</IT>0.5l.<REF TYPE="P" ID="cit3">3</REF></text></s> <s sid="17"><CoreSc1 atype="GSC" type="Bac" conceptID="Bac2" novelty="None" advantage="None"/><text>Here <IT>H</IT> is the Henry's law coefficient and <IT>D</IT><SB>l</SB> is the diffusion coefficient in the liquid phase.</text></s> <s sid="18"><CoreSc1 atype="GSC" type="Bac" conceptID="Bac2" novelty="None" advantage="None"/><text>For convenience <IT>H</IT> is given here in the frequently used units of mol l<SP>−1</SP> atm<SP>−1</SP>.</text></s> <s sid="19"><CoreSc1 atype="GSC" type="Mod" conceptID="Mod2" novelty="None" advantage="None"/><text>This can be converted to the SI units mol N<SP>−1</SP> m<SP>−1</SP> by mol N<SP>−1</SP> m<SP>−1</SP> = 9.87 × 10<SP>−3</SP> mol l<SP>−1</SP> atm<SP>−1</SP>.</text></s> <s sid="20"><CoreSc1 atype="GSC" type="Mod" conceptID="Mod2" novelty="None" advantage="None"/><text><IT>γ</IT><SB>meas</SB>, which is the net probability for the uptake of a molecule of the trace gas species that hits the surface, can be expressed according to the so-called resistance model as follows:<REF TYPE="P" ID="cit3">3</REF> Here <IT>v</IT> is the average thermal velocity of the gas phase molecules, <IT>R</IT> is the gas constant, <IT>T</IT> is the temperature, and <IT>t</IT> represents the time the liquid phase is exposed to the gas phase; <IT>Γ</IT><SB>g</SB> accounts for the effect of gas phase diffusion.</text></s></P><P><s sid="21"><CoreSc1 atype="GSC" type="Bac" conceptID="Bac3" novelty="None" advantage="None"/><text>A number of determinations of the Henry's law coefficient of acetone and 2-butanone are reported in literature.</text></s> <s sid="22"><CoreSc1 atype="GSC" type="Bac" conceptID="Bac3" novelty="None" advantage="None"/><text>The <IT>H</IT>-values at 293 K range from 35 to 45 mol l<SP>−1</SP> atm<SP>−1</SP> (= 0.34–0.45 mol N<SP>−1</SP> m<SP>−1</SP>) for acetone<REF TYPE="P" ID="cit4 cit5 cit6 cit7 cit8">4–8</REF> and from 25 to 27 mol l<SP>−1</SP> atm<SP>−1</SP> (= 0.25–0.27 mol N<SP>−1</SP> m<SP>−1</SP>) for 2-butanone.<REF TYPE="P" ID="cit4 cit7 cit8">4,7,8</REF></text></s> <s sid="23"><CoreSc1 atype="GSC" type="Bac" conceptID="Bac4" novelty="None" advantage="None"/><text>For 2,3-butanone only one <IT>H</IT>-value for 293 K is reported.</text></s> <s sid="24"><CoreSc1 atype="GSC" type="Bac" conceptID="Bac4" novelty="None" advantage="None"/><text>Betterton states 105 mol l<SP>−1</SP> atm<SP>−1</SP> (= 1.0 mol N<SP>−1</SP> m<SP>−1</SP>).<REF TYPE="P" ID="cit6">6</REF></text></s> <s sid="25"><CoreSc1 atype="GSC" type="Bac" conceptID="Bac4" novelty="None" advantage="None"/><text>His result for 298 K is about 30% higher than <IT>H</IT> = 58 mol l<SP>−1</SP> atm<SP>−1</SP> (= 0.57 mol N<SP>−1</SP> m<SP>−1</SP>) given by Snider and Dawson.<REF TYPE="P" ID="cit8">8</REF></text></s> <s sid="26"><CoreSc1 atype="GSC" type="Bac" conceptID="Bac5" novelty="None" advantage="None"/><text>The only determination for the Henry's law coefficient of 2-oxopropanal yields <IT>H</IT> = 5.42 × 10<SP>3</SP> mol l<SP>−1</SP> atm<SP>−1</SP> (= 53 mol N<SP>−1</SP> m<SP>−1</SP>) at 293 K which is very high compared to the other species.<REF TYPE="P" ID="cit9">9</REF></text></s></P><P><s sid="27"><CoreSc1 atype="GSC" type="Bac" conceptID="Bac6" novelty="None" advantage="None"/><text>There is only one single determination of the mass accommodation coefficient for acetone with <IT>α</IT><SB>acetone</SB> = 5.4 × 10<SP>−3</SP> at <IT>T</IT> = 293 K.<REF TYPE="P" ID="cit10">10</REF></text></s> <s sid="28"><CoreSc1 atype="GSC" type="Bac" conceptID="Bac6" novelty="None" advantage="None"/><text>For 2-butanone, 2,3-butanedione and 2-oxopropanal no experimental data for <IT>α</IT> are available.</text></s> <s sid="29"><CoreSc1 atype="GSC" type="Mot" conceptID="Mot2" novelty="None" advantage="None"/><text>Possibly, because of this lack of data, these species are not included in current chemical multiphase mechanisms despite of their atmospheric importance, see ref. <REF TYPE="P" ID="cit11">11</REF> and references therein.</text></s></P><P><s sid="30"><CoreSc1 atype="GSC" type="Bac" conceptID="Bac7" novelty="None" advantage="None"/><text>In a recent publication by Ervens <IT>et al</IT><REF TYPE="P" ID="cit11">11</REF>. a method for the estimation of unknown mass accommodation coefficients was proposed.</text></s> <s sid="31"><CoreSc1 atype="GSC" type="Bac" conceptID="Bac7" novelty="None" advantage="None"/><text>According to this, <IT>α</IT>estacetone = 3.9 × 10<SP>−3</SP>, <IT>α</IT>est2-butanone = 2.1 × 10<SP>−3</SP>, <IT>α</IT>est2,3-butanedione = 3.5 × 10<SP>−3</SP> and <IT>α</IT>est2-oxopropanal = 2.9 × 10<SP>−3</SP> are estimated for T = 293 K.</text></s></P></DIV><DIV DEPTH="1"><HEADER HEADER_MARKER="2">Experimental</HEADER><DIV DEPTH="2"><HEADER HEADER_MARKER="2.1">Setup and chemicals</HEADER><P><s sid="32"><CoreSc1 atype="GSC" type="Exp" conceptID="Exp1" novelty="None" advantage="None"/><text>The uptake experiments were performed in a flow tube reactor (i.d. = 2.13 cm) which includes a section for generation and analysis of a single drop on a pipette’s tip (see Fig. 1).</text></s> <s sid="33"><CoreSc1 atype="GSC" type="Exp" conceptID="Exp1" novelty="None" advantage="None"/><text>Both phases can be analyzed by UV-VIS spectroscopy.</text></s> <s sid="34"><CoreSc1 atype="GSC" type="Bac" conceptID="Bac8" novelty="None" advantage="None"/><text>Details of the setup are described elsewhere.<REF TYPE="P" ID="cit12">12</REF></text></s></P><P><s sid="35"><CoreSc1 atype="GSC" type="Exp" conceptID="Exp1" novelty="None" advantage="None"/><text>The experiments were done at 293 K in humidified He (&gt;99,999%, Linde) at 10.1 kPa total pressure.</text></s> <s sid="36"><CoreSc1 atype="GSC" type="Exp" conceptID="Exp1" novelty="None" advantage="None"/><text>The total gas flow in the reactor was set to 1.00 × 10<SP>4</SP> cm<SP>3</SP> min<SP>−1</SP> by calibrated mass flow controllers (MKS 1259).</text></s> <s sid="37"><CoreSc1 atype="GSC" type="Exp" conceptID="Exp1" novelty="None" advantage="None"/><text>Gas mixtures of the carrier and the trace gas were prepared in a special mixture apparatus and stored in large flasks.</text></s> <s sid="38"><CoreSc1 atype="GSC" type="Exp" conceptID="Exp1" novelty="None" advantage="None"/><text>Before entering the flow tube <IT>via</IT> the main inlet a small flow containing the trace gas species was added to the main flow with partial pressures of <IT>p</IT><SB>He</SB> = 8.0 kPa and <IT>p</IT><SB>H<SB>2</SB>O</SB> = 2.1 kPa.</text></s></P><P><s sid="39"><CoreSc1 atype="GSC" type="Exp" conceptID="Exp1" novelty="None" advantage="None"/><text>The pipette for drop generation had an outer diameter of 1.55 mm.</text></s> <s sid="40"><CoreSc1 atype="GSC" type="Exp" conceptID="Exp1" novelty="None" advantage="None"/><text>The radius of the drops was <IT>r</IT><SB>drop</SB> = 2.2 mm resulting in a gas droplet contact time of <IT>t</IT><SB>cont</SB> = 2.34 ms.</text></s> <s sid="41"><CoreSc1 atype="GSC" type="Exp" conceptID="Exp1" novelty="None" advantage="None"/><text>The surface area of the drop <IT>S</IT><SB>drop</SB> is calculated to be 1.67 × 10<SP>−6</SP> m<SP>2</SP> and the liquid volume <IT>V</IT><SB>drop</SB> was 6.9 × 10<SP>−9</SP> m<SP>3</SP>.</text></s> <s sid="42"><CoreSc1 atype="GSC" type="Exp" conceptID="Exp1" novelty="None" advantage="None"/><text>These values were kept constant for all experiments.</text></s> <s sid="43"><CoreSc1 atype="GSC" type="Exp" conceptID="Exp1" novelty="None" advantage="None"/><text>All drops were made of pure water (Millipore MilliQ, 18 MΩ cm).</text></s></P><P><s sid="44"><CoreSc1 atype="GSC" type="Exp" conceptID="Exp1" novelty="None" advantage="None"/><text>Acetone (99.8%, Fluka), 2-butanone (99.5%, Riedel-de Haën) and 2,3-butanedione (99%, Fluka) were used without further purification.</text></s> <s sid="45"><CoreSc1 atype="GSC" type="Obs" conceptID="Obs4" novelty="None" advantage="None"/><text>The absorption spectra of 1 × 10<SP>−2</SP> mol l<SP>−1</SP> solutions measured with a commercial spectrometer (Hewlett Packard, HP 8453) are shown in Fig. 2.</text></s> <s sid="46"><CoreSc1 atype="GSC" type="Obs" conceptID="Obs5" novelty="None" advantage="None"/><text>One band at 265 nm with <IT>ε</IT><SB>max</SB> = 17.5 l mol<SP>−1</SP> cm<SP>−1</SP> is featured in the spectrum of acetone.</text></s> <s sid="47"><CoreSc1 atype="GSC" type="Obs" conceptID="Obs6" novelty="None" advantage="None"/><text>2-Butanone has an absorption maximum of <IT>ε</IT><SB>max</SB> = 20.5 l mol<SP>−1</SP> cm<SP>−1</SP> at 267 nm.</text></s> <s sid="48"><CoreSc1 atype="GSC" type="Bac" conceptID="Bac9" novelty="None" advantage="None"/><text>These values compare well with literature data.<REF TYPE="P" ID="cit13">13</REF></text></s> <s sid="49"><CoreSc1 atype="GSC" type="Obs" conceptID="Obs7" novelty="None" advantage="None"/><text>The spectrum of 2,3-butanedione has two bands in the 200–500 nm region.</text></s> <s sid="50"><CoreSc1 atype="GSC" type="Obs" conceptID="Obs7" novelty="None" advantage="None"/><text>The strongest one centered at 284 nm has a maximum absorption coefficient of 26.5 l mol<SP>−1</SP> cm<SP>−1</SP>.</text></s> <s sid="51"><CoreSc1 atype="GSC" type="Bac" conceptID="Bac10" novelty="None" advantage="None"/><text>No comparable literature data were found.</text></s></P><P><s sid="52"><CoreSc1 atype="GSC" type="Bac" conceptID="Bac11" novelty="None" advantage="None"/><text>In order to obtain water-free and unpolymerized 2-oxopropanal, the commercially available aqueous solution (40%, Fluka) was processed similarly to the method Schweitzer <IT>et al.</IT> used to produce pure glyoxal.<REF TYPE="P" ID="cit14">14</REF></text></s></P><P><s sid="53"><CoreSc1 atype="GSC" type="Obs" conceptID="Obs8" novelty="None" advantage="None"/><text>The normalized spectrum of diluted 40% aqueous solution of 2-oxopropanal is shown in Fig. 3.</text></s> <s sid="54"><CoreSc1 atype="GSC" type="Obs" conceptID="Obs8" novelty="None" advantage="None"/><text>A spectrum of a drop exposed to 2-oxopropanal in the gas phase is also shown.</text></s> <s sid="55"><CoreSc1 atype="GSC" type="Obs" conceptID="Obs8" novelty="None" advantage="None"/><text>Both are qualitatively different.</text></s> <s sid="56"><CoreSc1 atype="GSC" type="Obs" conceptID="Obs8" novelty="None" advantage="None"/><text>Neither the positions of the band and the minima nor the relative absorptions for different wavelengths match.</text></s> <s sid="57"><CoreSc1 atype="GSC" type="Hyp" conceptID="Hyp2" novelty="None" advantage="None"/><text>This is supposed to be due to oligomerisation in the undiluted stock solution.</text></s></P><P><s sid="58"><CoreSc1 atype="GSC" type="Exp" conceptID="Exp2" novelty="None" advantage="None"/><text>An attempt was made to prepare a solution of the monomer carbonyl by putting the pure substance into water.</text></s> <s sid="59"><CoreSc1 atype="GSC" type="Obs" conceptID="Obs9" novelty="None" advantage="None"/><text>Although the resulting solution showed a spectrum that was qualitatively the same as that observed in the single drop experiment, it was not possible to quantify the amount of 2-oxopropanal dissolved.</text></s> <s sid="60"><CoreSc1 atype="GSC" type="Res" conceptID="Res2" novelty="None" advantage="None"/><text>In all experiments a white precipitation was forming if the pure 2-oxopropanal was about to dissolve in the water indicating no complete dissolution of the substance.</text></s> <s sid="61"><CoreSc1 atype="GSC" type="Met" conceptID="Met3" novelty="New" advantage="None"/><text>Therefore, 2-oxopropanal was dissolved from the gas phase into water using the setup described below.</text></s></P><P><s sid="62"><CoreSc1 atype="GSC" type="Exp" conceptID="Exp3" novelty="None" advantage="None"/><text>Helium was flowed over the water-free substance and subsequently bubbled through a bottle containing water.</text></s> <s sid="63"><CoreSc1 atype="GSC" type="Exp" conceptID="Exp3" novelty="None" advantage="None"/><text>After this the gas phase was analyzed by UV-VIS spectroscopy.</text></s> <s sid="64"><CoreSc1 atype="GSC" type="Exp" conceptID="Exp3" novelty="None" advantage="None"/><text>There was a bypass for the bubbler in order to check the gas phase concentration upstream the water bottle.</text></s> <s sid="65"><CoreSc1 atype="GSC" type="Res" conceptID="Res3" novelty="None" advantage="None"/><text>Gas phase concentrations were calculated from the measured absorption difference between 451 and 470 nm using Δ<IT>σ</IT> (451, 470 nm) = 6.2 × 10<SP>−20</SP> cm<SP>2</SP>.<REF TYPE="P" ID="cit15">15</REF></text></s> <s sid="66"><CoreSc1 atype="GSC" type="Exp" conceptID="Exp4" novelty="None" advantage="None"/><text>This was done alternating with the bypass of the bubbler shut and open.</text></s> <s sid="67"><CoreSc1 atype="GSC" type="Res" conceptID="Res4" novelty="None" advantage="None"/><text>The concentration downstream the bubbler (bypass shut) was less than 1% of the concentration upstream (bypass open) indicating that almost all 2-oxopropanal is taken up in the bubbler.</text></s> <s sid="68"><CoreSc1 atype="GSC" type="Res" conceptID="Res4" novelty="None" advantage="None"/><text>The amount of 2-oxopropanal taken up after 180 s of bubbling through the water bottle was calculated to be 4.26 × 10<SP>−3</SP> mol.</text></s> <s sid="69"><CoreSc1 atype="GSC" type="Res" conceptID="Res4" novelty="None" advantage="None"/><text>Knowing the volume of the water in the bottle from weighing, a liquid phase concentration of 4.7 × 10<SP>−2</SP> mol l<SP>−1</SP> resulted.</text></s> <s sid="70"><CoreSc1 atype="GSC" type="Exp" conceptID="Exp5" novelty="None" advantage="None"/><text>The water bottle and the 2-oxopropanal saturator were weighed before and after the measurement.</text></s> <s sid="71"><CoreSc1 atype="GSC" type="Obs" conceptID="Obs10" novelty="None" advantage="None"/><text>The mass balance was closed within the error limits.</text></s></P><P><s sid="72"><CoreSc1 atype="GSC" type="Obs" conceptID="Obs11" novelty="None" advantage="None"/><text>The spectrum of the resulting solution matches the drop's spectrum very well (see Fig. 3).</text></s> <s sid="73"><CoreSc1 atype="GSC" type="Obs" conceptID="Obs12" novelty="None" advantage="None"/><text>The wavelength dependent absorption coefficient is shown in Fig. 2.</text></s> <s sid="74"><CoreSc1 atype="GSC" type="Res" conceptID="Res5" novelty="None" advantage="None"/><text>One band at 284 nm shows a maximum absorption coefficient of <IT>ε</IT><SB>max</SB> = 16.0 mol<SP>−1</SP> l cm<SP>−1</SP>.</text></s> <s sid="75"><CoreSc1 atype="GSC" type="Bac" conceptID="Bac12" novelty="None" advantage="None"/><text>No previous measurements of this spectrum are reported in literature.</text></s></P><P><s sid="76"><CoreSc1 atype="GSC" type="Res" conceptID="Res6" novelty="None" advantage="None"/><text>The gas phase concentrations were determined spectroscopically to be (0.67–11.1) × 10<SP>16</SP> molecules cm<SP>−3</SP> of acetone, (0.81–3.8) × 10<SP>16</SP> molecules cm<SP>−3</SP> of 2-butanone, (0.49–2.49) × 10<SP>16</SP> molecules cm<SP>−3</SP> of 2,3-butanedione and (0.60–2.14) × 10<SP>16</SP> molecules cm<SP>−3</SP> of 2-oxopropanal, respectively.</text></s> <s sid="77"><CoreSc1 atype="GSC" type="Bac" conceptID="Bac13" novelty="None" advantage="None"/><text>For this <IT>σ</IT><SB>acetone</SB>(280 nm) = 5.05 × 10<SP>−20</SP> cm<SP>2</SP> molecule<SP>−1</SP>,<REF TYPE="P" ID="cit16">16</REF><IT>σ</IT><SB>2-butanone</SB>(280 nm) = 5.74 × 10<SP>−20</SP> cm<SP>2</SP> molecule<SP>−1</SP>,<REF TYPE="P" ID="cit16">16</REF><IT>σ</IT><SB>2,3-butanedione</SB>(280 nm) = 4.71 × 10<SP>−20</SP> cm<SP>2</SP> molecule<SP>−1</SP>,<REF TYPE="P" ID="cit17">17</REF> and <IT>σ</IT><SB>2-oxopropanal</SB>(430 nm) = 1.04 × 10<SP>−19</SP> cm<SP>2</SP> molecule<SP>−1</SP>,<REF TYPE="P" ID="cit15">15</REF> were used.</text></s></P></DIV><DIV DEPTH="2"><HEADER HEADER_MARKER="2.2">Data processing</HEADER><P><s sid="78"><CoreSc1 atype="GSC" type="Met" conceptID="Met4" novelty="New" advantage="None"/><text>The primary result of each measurement is the absorbance <IT>A</IT>(λ) = <IT>c</IT><SB>aq</SB><IT>dε</IT>(<IT>λ</IT>) with <IT>c</IT><SB>aq</SB>: liquid phase concentration, <IT>d</IT>: optical path length in the drop, <IT>ε</IT>: absorption coefficient.</text></s> <s sid="79"><CoreSc1 atype="GSC" type="Bac" conceptID="Bac14" novelty="None" advantage="None"/><text><IT>A</IT>(<IT>λ</IT>) is the decadic logarithm of the quotient of the intensities of the light at wavelength <IT>λ</IT> entering and leaving the drop, respectively.</text></s> <s sid="80"><CoreSc1 atype="GSC" type="Mod" conceptID="Mod3" novelty="None" advantage="None"/><text>As shown in a previous publication,<REF TYPE="P" ID="cit12">12</REF> the measured uptake coefficient <IT>γ</IT><SB>meas</SB> in the single drop experiment is related to <IT>c</IT><SB>aq</SB> by: where <IT>c</IT><SB>g</SB> is the gas phase concentration of the trace gas species.</text></s> <s sid="81"><CoreSc1 atype="GSC" type="Mod" conceptID="Mod3" novelty="None" advantage="None"/><text>The factor <IT>F</IT> is unity for all substances in this study; <IT>a</IT> is an abbreviation used in the following.</text></s></P><P><s sid="82"><CoreSc1 atype="GSC" type="Bac" conceptID="Bac15" novelty="None" advantage="None"/><text>Because of the limited solubility and diffusivity in the liquid phase, evaporation back to the gas phase will occur as the species taken up is accumulating in the liquid.</text></s> <s sid="83"><CoreSc1 atype="GSC" type="Mod" conceptID="Mod2" novelty="None" advantage="None"/><text>In the resistance model, this is accounted for by the time dependence of the right hand term in eqn. (1) which increases with increasing exposure time <IT>t</IT>.</text></s> <s sid="84"><CoreSc1 atype="GSC" type="Mod" conceptID="Mod4" novelty="None" advantage="None"/><text>Merging eqns. (1) and (2) and subsequent integration gives the time dependence of the concentration in the liquid: with and </text></s></P><P><s sid="85"><CoreSc1 atype="GSC" type="Mod" conceptID="Mod4" novelty="None" advantage="None"/><text>A fit of the experimental data to eqn. (3) with <IT>γ</IT><SB>0</SB> and <IT>b</IT> as parameters gives values for <IT>HD</IT>0.5l and the uptake coefficient <IT>γ</IT><SB>meas</SB> for <IT>t</IT> = 0 which equals <IT>γ</IT><SB>0</SB>.</text></s> <s sid="86"><CoreSc1 atype="GSC" type="Mod" conceptID="Mod4" novelty="None" advantage="None"/><text>The latter includes only the mass accommodation coefficient <IT>α</IT> and the effect of the gas phase diffusion.</text></s></P><P><s sid="87"><CoreSc1 atype="GSC" type="Met" conceptID="Met5" novelty="Old" advantage="None"/><text>A previously developed computer model was employed in order to correct for this effect and obtain values for <IT>α</IT>.</text></s> <s sid="88"><CoreSc1 atype="GSC" type="Met" conceptID="Met5" novelty="Old" advantage="Yes"/><text>Shortly, the model solves the diffusion equation in the gas phase numerically for the period of time the gas phase takes to pass the drop <IT>t</IT><SB>cont</SB>.</text></s> <s sid="89"><CoreSc1 atype="GSC" type="Bac" conceptID="Bac16" novelty="None" advantage="None"/><text>Details are given elsewhere.<REF TYPE="P" ID="cit12">12</REF></text></s> <s sid="90"><CoreSc1 atype="GSC" type="Goa" conceptID="Goa2" novelty="None" advantage="None"/><text>The result of the model calculation is the dependence of the observed <IT>γ</IT><SB>0</SB> on the mass accommodation coefficient <IT>α</IT>.</text></s> <s sid="91"><CoreSc1 atype="GSC" type="Goa" conceptID="Goa2" novelty="None" advantage="None"/><text>The plots for the four species investigated in this study are shown in Fig. 4.</text></s> <s sid="92"><CoreSc1 atype="GSC" type="Mod" conceptID="Mod5" novelty="None" advantage="None"/><text>The gas phase diffusion coefficients <IT>D</IT><SB>g</SB> were calculated from the binary diffusion coefficients <IT>D</IT><SB>X–He</SB> and <IT>D</IT><SB>X–H<SB>2</SB>O</SB> according to:<REF TYPE="P" ID="cit18">18</REF></text></s></P><P><s sid="93"><CoreSc1 atype="GSC" type="Bac" conceptID="Bac17" novelty="None" advantage="None"/><text>Experimental data for the binary diffusion coefficients of the species being the subject of this study are not available.</text></s> <s sid="94"><CoreSc1 atype="GSC" type="Met" conceptID="Met6" novelty="Old" advantage="None"/><text>They were calculated using the method of Fuller <IT>et al.</IT><REF TYPE="P" ID="cit19">19</REF></text></s> <s sid="95"><CoreSc1 atype="GSC" type="Met" conceptID="Met6" novelty="Old" advantage="No"/><text>However, a change of 10% in <IT>D</IT><SB>g</SB> would only cause a change in the calculated <IT>α</IT> of less than 5% even for the highest <IT>γ</IT><SB>0</SB>-values observed in this study.</text></s></P><P><s sid="96"><CoreSc1 atype="GSC" type="Obs" conceptID="Obs13" novelty="None" advantage="None"/><text>Two limiting cases are visible in Fig. 4.</text></s> <s sid="97"><CoreSc1 atype="GSC" type="Res" conceptID="Res7" novelty="None" advantage="None"/><text>For very low <IT>α</IT>-values, the uptake is only limited by <IT>α</IT> itself resulting in <IT>γ</IT><SB>0</SB> = <IT>α</IT>.</text></s> <s sid="98"><CoreSc1 atype="GSC" type="Res" conceptID="Res8" novelty="None" advantage="None"/><text>On the other hand, for very high values of <IT>α</IT>, the gas phase diffusion limits the rate of uptake and <IT>γ</IT><SB>0</SB> is independent of <IT>α</IT>.</text></s> <s sid="99"><CoreSc1 atype="GSC" type="Obs" conceptID="Obs14" novelty="None" advantage="None"/><text>Note that the four curves shown in Fig. 4 are nearly identical showing almost no visible difference.</text></s></P></DIV></DIV><DIV DEPTH="1"><HEADER HEADER_MARKER="3">Results and discussion</HEADER><DIV DEPTH="2"><HEADER HEADER_MARKER="3.1">Uptake of acetone</HEADER><P><s sid="100"><CoreSc1 atype="GSC" type="Met" conceptID="Met7" novelty="New" advantage="None"/><text>The time course of the liquid phase concentration of acetone which is shown in Fig. 5 is calculated from the observed differences of the absorptions at 265 and 320 nm, respectively.</text></s> <s sid="101"><CoreSc1 atype="GSC" type="Met" conceptID="Met7" novelty="New" advantage="None"/><text>The difference of the absorptions was applied in order to correct for base line shifts.</text></s></P><P><s sid="102"><CoreSc1 atype="GSC" type="Met" conceptID="Met7" novelty="New" advantage="None"/><text>The measurements were done at four different gas phase concentrations of acetone.</text></s> <s sid="103"><CoreSc1 atype="GSC" type="Met" conceptID="Met7" novelty="New" advantage="None"/><text>Between 9 and 14 individual experiments were used for averaging.</text></s> <s sid="104"><CoreSc1 atype="GSC" type="Res" conceptID="Res9" novelty="None" advantage="None"/><text>The qualitative behavior was the same for the different gas phase concentrations and Fig. 6 shows the calculated <IT>γ</IT><SB>meas</SB> according to eqn. (2) for all four of them.</text></s> <s sid="105"><CoreSc1 atype="GSC" type="Con" conceptID="Con1" novelty="None" advantage="None"/><text>As expected, no dependence of the uptake coefficient on the gas phase concentration can be seen.</text></s> <s sid="106"><CoreSc1 atype="GSC" type="Obs" conceptID="Obs15" novelty="None" advantage="None"/><text>The only difference is the decreasing signal to noise ratio with increasing concentration.</text></s> <s sid="107"><CoreSc1 atype="GSC" type="Obs" conceptID="Obs16" novelty="None" advantage="None"/><text>All curves shown in Fig. 6 show a maximum after about 4 s.</text></s> <s sid="108"><CoreSc1 atype="GSC" type="Bac" conceptID="Bac18" novelty="None" advantage="None"/><text>This behavior was already found in a previous study<REF TYPE="P" ID="cit12">12</REF> and is attributed to the establishment of a steady state mixing of the drop which is driven by the gas phase flowing around.</text></s> <s sid="109"><CoreSc1 atype="GSC" type="Met" conceptID="Met8" novelty="New" advantage="None"/><text>The initial region is excluded in the following fitting procedure because the actual features of the uptake process are only visible after steady state mixing has been reached.</text></s> <s sid="110"><CoreSc1 atype="GSC" type="Obs" conceptID="Obs17" novelty="None" advantage="None"/><text>The maximum value of the uptake coefficient that was observed was 1.8 × 10<SP>−4</SP>.</text></s></P><P><s sid="111"><CoreSc1 atype="GSC" type="Mod" conceptID="Mod2" novelty="None" advantage="None"/><text>An assumption made in the resistance model described by eqn. (1) is that the liquid phase is infinitely deep.<REF TYPE="P" ID="cit20">20</REF></text></s> <s sid="112"><CoreSc1 atype="GSC" type="Mod" conceptID="Mod2" novelty="None" advantage="None"/><text>This results in an infinite capacity of the liquid for uptake of the trace species.</text></s> <s sid="113"><CoreSc1 atype="GSC" type="Mod" conceptID="Mod2" novelty="None" advantage="None"/><text>This, however, can never be the case in a real experiment.</text></s> <s sid="114"><CoreSc1 atype="GSC" type="Mod" conceptID="Mod2" novelty="None" advantage="None"/><text>Therefore, this model can only fit experimental data for conditions far away from saturation.</text></s> <s sid="115"><CoreSc1 atype="GSC" type="Res" conceptID="Res10" novelty="None" advantage="None"/><text>The calculated saturation concentration for a gas phase acetone concentration of 1.11 × 10<SP>17</SP> molecules cm<SP>−3</SP> is about 0.17 mol l<SP>−1</SP> using <IT>H</IT> = 40 mol l<SP>−1</SP> atm<SP>−1</SP>.<REF TYPE="P" ID="cit4">4</REF></text></s> <s sid="116"><CoreSc1 atype="GSC" type="Met" conceptID="Met9" novelty="None" advantage="None"/><text>Only data below a threshold of 40% of this value were used for fitting the measured uptake coefficient to eqn. (3).</text></s></P><P><s sid="117"><CoreSc1 atype="GSC" type="Obs" conceptID="Obs18" novelty="None" advantage="None"/><text>The parameters of the best fit shown in Fig. 5 are <IT>γ</IT><SB>0</SB> = 3.0 × 10<SP>−3</SP> and <IT>b</IT> = 4.0 × 10<SP>3</SP> s<SP>−0.5</SP>.</text></s> <s sid="118"><CoreSc1 atype="GSC" type="Res" conceptID="Res11" novelty="None" advantage="None"/><text>As expected, the fit line shows strong deviations from the experimental data for longer times.</text></s> <s sid="119"><CoreSc1 atype="GSC" type="Res" conceptID="Res11" novelty="None" advantage="None"/><text>The uptake process becomes slower than predicted as the drop's capacity for the solute gradually saturates.</text></s> <s sid="120"><CoreSc1 atype="GSC" type="Res" conceptID="Res11" novelty="None" advantage="None"/><text>But, nevertheless, the initial behavior of the concentration is represented very well.</text></s></P><P><s sid="121"><CoreSc1 atype="GSC" type="Res" conceptID="Res12" novelty="None" advantage="None"/><text>After correction for the effect of gas phase diffusion (see Fig. 4), <IT>α</IT> = (5.4<SB>−2.6</SB><SP>+4.5</SP>) × 10<SP>−3</SP> is obtained estimating an overall error for <IT>γ</IT><SB>0</SB> of 30%.</text></s> <s sid="122"><CoreSc1 atype="GSC" type="Bac" conceptID="Bac19" novelty="None" advantage="None"/><text>This is in excellent agreement with the data of Duan <IT>et al</IT><REF TYPE="P" ID="cit10">10</REF>. and the estimation method of Ervens <IT>et al.</IT><REF TYPE="P" ID="cit11">11</REF></text></s></P><P><s sid="123"><CoreSc1 atype="GSC" type="Res" conceptID="Res13" novelty="None" advantage="None"/><text><IT>HD</IT>0.5l = (1.5 ± 0.5) × 10<SP>−5</SP> mol N<SP>−1</SP> s<SP>−0.5</SP> is obtained from <IT>b</IT><IT>via</IT> eqn. (5).</text></s> <s sid="124"><CoreSc1 atype="GSC" type="Res" conceptID="Res14" novelty="None" advantage="None"/><text>Assuming <IT>D</IT><SB>l</SB> = (1 ± 0.2) × 10<SP>−9</SP> m<SP>2</SP> s<SP>−1</SP> and an overall error for <IT>b</IT> of 30%, <IT>H</IT> is estimated to be in the range 29–71 mol l<SP>−1</SP> atm<SP>−1</SP> which is in agreement with the measurements.</text></s></P></DIV><DIV DEPTH="2"><HEADER HEADER_MARKER="3.2">Uptake of 2-butanone</HEADER><P><s sid="125"><CoreSc1 atype="GSC" type="Met" conceptID="Met10" novelty="New" advantage="None"/><text>The differences between the absorptions at 267 and 320 nm give the time dependent concentration of 2-butanone in the drop.</text></s> <s sid="126"><CoreSc1 atype="GSC" type="Obs" conceptID="Obs19" novelty="None" advantage="None"/><text>As shown in Fig. 7, the uptake of 2-butanone is quite similar to that of acetone.</text></s></P><P><s sid="127"><CoreSc1 atype="GSC" type="Met" conceptID="Met10" novelty="None" advantage="None"/><text>Between 12 and 14 experiments were averaged for gas phase concentrations of 0.81, 2.44, 3.12 and 3.75 in units of 10<SP>16</SP> molecules cm<SP>−3</SP> of 2-butanone.</text></s> <s sid="128"><CoreSc1 atype="GSC" type="Res" conceptID="Res15" novelty="None" advantage="None"/><text>The maximum value of the time dependent uptake coefficient calculated according to eqn. (2) was 1.5 × 10<SP>−4</SP>, independent of the gas phase concentration.</text></s> <s sid="129"><CoreSc1 atype="GSC" type="Res" conceptID="Res15" novelty="None" advantage="None"/><text>Using <IT>H</IT> = 27 mol l<SP>−1</SP> atm<SP>−1</SP>,<REF TYPE="P" ID="cit4">4</REF> the saturation liquid phase concentration for <IT>c</IT><SB>g</SB> = 3.8 × 10<SP>16</SP> molecules cm<SP>−3</SP> is about 4.0 × 10<SP>−2</SP> mol l<SP>−1</SP>.</text></s> <s sid="130"><CoreSc1 atype="GSC" type="Met" conceptID="Met11" novelty="New" advantage="None"/><text>Using a 40% of this value threshold, the same fitting procedure was employed as for acetone.</text></s> <s sid="131"><CoreSc1 atype="GSC" type="Res" conceptID="Res16" novelty="None" advantage="None"/><text>The parameters for the fit shown in Fig. 7 are <IT>γ</IT><SB>0</SB> = 1.6 × 10<SP>−3</SP> and <IT>b</IT> = 4.9 × 10<SP>3</SP> s<SP>−0.5</SP> with an estimated overall error of 30%.</text></s> <s sid="132"><CoreSc1 atype="GSC" type="Res" conceptID="Res17" novelty="None" advantage="None"/><text><IT>α</IT> = (2.1<SB>−0.8</SB><SP>+0.9</SP>) × 10<SP>−3</SP> is obtained after correction for the effect of the gas phase diffusion using Fig. 4 which equals the estimation according to Ervens <IT>et al.</IT><REF TYPE="P" ID="cit11">11</REF></text></s></P><P><s sid="133"><CoreSc1 atype="GSC" type="Res" conceptID="Res18" novelty="None" advantage="None"/><text><IT>HD</IT>0.5l = (1.1 ± 0.3) × 10<SP>−5</SP> mol N<SP>−1</SP> s<SP>−0.5</SP> can be extracted from <IT>b</IT><IT>via</IT> eqn. (5).</text></s> <s sid="134"><CoreSc1 atype="GSC" type="Res" conceptID="Res19" novelty="None" advantage="None"/><text>With <IT>D</IT><SB>l</SB> = (1 ± 0.2) × 10<SP>−9</SP> m<SP>2</SP> s<SP>−1</SP>, <IT>H</IT> is estimated to be between 23 and 50 mol l<SP>−1</SP> atm<SP>−1</SP> which is in agreement with the measurements.</text></s></P></DIV><DIV DEPTH="2"><HEADER HEADER_MARKER="3.3">Uptake of 2,3-butanedione</HEADER><P><s sid="135"><CoreSc1 atype="GSC" type="Met" conceptID="Met12" novelty="None" advantage="None"/><text>Using the differences of the absorptions at 284 and 334 nm the time dependent concentration in the drop, see Fig. 8, was calculated.</text></s> <s sid="136"><CoreSc1 atype="GSC" type="Obs" conceptID="Obs20" novelty="None" advantage="None"/><text>The measured time dependent uptake coefficient <IT>γ</IT><SB>meas</SB> is shown in Fig. 9 for the different gas phase concentrations of 2,3-butanedione that were used.</text></s> <s sid="137"><CoreSc1 atype="GSC" type="Met" conceptID="Met12" novelty="New" advantage="None"/><text>The mean of at least 12 individual measurements for each gas phase concentration was taken for calculation according to eqn. (2).</text></s> <s sid="138"><CoreSc1 atype="GSC" type="Obs" conceptID="Obs21" novelty="None" advantage="None"/><text>For times larger than 7 s there is no significant difference between the four graphs.</text></s> <s sid="139"><CoreSc1 atype="GSC" type="Con" conceptID="Con2" novelty="None" advantage="None"/><text>The variations before this time are attributed to the onset of the mixing of the drop.</text></s> <s sid="140"><CoreSc1 atype="GSC" type="Res" conceptID="Res20" novelty="None" advantage="None"/><text>The highest uptake coefficient that was observed is around 8 × 10<SP>−5</SP> neglecting the first 7 s.</text></s></P><P><s sid="141"><CoreSc1 atype="GSC" type="Obs" conceptID="Obs22" novelty="None" advantage="None"/><text>Fig. 8 shows that the saturation of the drop after 100 s is very small unlike the acetone and 2-butanone experiments.</text></s> <s sid="142"><CoreSc1 atype="GSC" type="Con" conceptID="Con3" novelty="None" advantage="None"/><text>This is at least partially due to the much larger Henry's law coefficient.</text></s> <s sid="143"><CoreSc1 atype="GSC" type="Res" conceptID="Res21" novelty="None" advantage="None"/><text>Using <IT>H</IT> = 105 mol l<SP>−1</SP> atm<SP>−1</SP>,<REF TYPE="P" ID="cit6">6</REF> all experimental data are within 30% of the saturation concentration which is around 0.1 mol l<SP>−1</SP> for <IT>c</IT><SB>g</SB> = 2.49 × 10<SP>16</SP> molecules cm<SP>−3</SP>.</text></s> <s sid="144"><CoreSc1 atype="GSC" type="Met" conceptID="Met13" novelty="None" advantage="None"/><text>Consequently, all data were used for fitting to eqn. (3) except the first 5 s.</text></s> <s sid="145"><CoreSc1 atype="GSC" type="Obs" conceptID="Obs23" novelty="None" advantage="None"/><text>The best fit shown in Fig. 8 as a solid line is obtained using <IT>γ</IT><SB>0</SB> = 1.0 × 10<SP>−4</SP> and <IT>b</IT> = 1.9 × 10<SP>3</SP> s<SP>−0.5</SP>.</text></s> <s sid="146"><CoreSc1 atype="GSC" type="Obs" conceptID="Obs24" novelty="None" advantage="None"/><text>Employing the computer model for correcting for the gas phase diffusion effect, <IT>α</IT> = (1.0 ± 0.3) × 10<SP>−4</SP> and <IT>HD</IT>0.5l = (2.6 ± 0.8) × 10<SP>−5</SP> mol N<SP>−1</SP> s<SP>−0.5</SP> are obtained.</text></s> <s sid="147"><CoreSc1 atype="GSC" type="Res" conceptID="Res22" novelty="None" advantage="None"/><text>The correction is smaller than 5% in this case indicating that the uptake is hardly limited by gas phase diffusion.</text></s> <s sid="148"><CoreSc1 atype="GSC" type="Con" conceptID="Con4" novelty="None" advantage="None"/><text>This value for the mass accommodation coefficient is more than one order of magnitude lower than the estimation according to Ervens <IT>et al.</IT><REF TYPE="P" ID="cit11">11</REF></text></s></P><P><s sid="149"><CoreSc1 atype="GSC" type="Res" conceptID="Res23" novelty="None" advantage="None"/><text>The estimation for <IT>H</IT> assuming <IT>D</IT><SB>l</SB> = (1 ± 0.2) × 10<SP>−9</SP> m<SP>2</SP> s<SP>−1</SP> is 53 &lt; <IT>H</IT>/mol l<SP>−1</SP> atm<SP>−1</SP> &lt; 122 covering literature data.</text></s></P></DIV><DIV DEPTH="2"><HEADER HEADER_MARKER="3.4">Uptake of 2-oxopropanal</HEADER><P><s sid="150"><CoreSc1 atype="GSC" type="Met" conceptID="Met14" novelty="New" advantage="None"/><text>The time dependent concentration of 2-oxopropanal in the drop is calculated from the difference of the absorptions at 284 nm and 334 nm, respectively.</text></s> <s sid="151"><CoreSc1 atype="GSC" type="Obs" conceptID="Obs25" novelty="None" advantage="None"/><text>The picture shown in Fig. 10 is quite similar to the one for 2,3-butanedione because <IT>H</IT> is high for this species, too.</text></s> <s sid="152"><CoreSc1 atype="GSC" type="Res" conceptID="Res24" novelty="None" advantage="None"/><text>A saturation concentration of <IT>c</IT><SB>aq</SB> = 4.6 mol l<SP>−1</SP> is calculated for <IT>c</IT><SB>g</SB> = 2.14 × 10<SP>16</SP> molecules cm<SP>−3</SP> with <IT>H</IT> = 5.4 × 10<SP>3</SP> mol l<SP>−1</SP> atm<SP>−1</SP>.<REF TYPE="P" ID="cit9">9</REF></text></s> <s sid="153"><CoreSc1 atype="GSC" type="Obs" conceptID="Obs26" novelty="None" advantage="None"/><text>All experimental data are well below 2% of this.</text></s> <s sid="154"><CoreSc1 atype="GSC" type="Hyp" conceptID="Hyp3" novelty="None" advantage="None"/><text>Therefore virtually no effect of saturation is expected.</text></s> <s sid="155"><CoreSc1 atype="GSC" type="Res" conceptID="Res25" novelty="None" advantage="None"/><text>This is verified by the plot which nearly is a straight line with constant slope.</text></s></P><P><s sid="156"><CoreSc1 atype="GSC" type="Met" conceptID="Met14" novelty="New" advantage="None"/><text>Measurements were done for gas phase concentrations of 0.6, 0.88, 1.35 and 2.14 × 10<SP>16</SP> molecules cm<SP>−3</SP> of 2-oxopropanal.</text></s> <s sid="157"><CoreSc1 atype="GSC" type="Met" conceptID="Met14" novelty="New" advantage="None"/><text>14 Individual experimental runs were averaged, respectively.</text></s> <s sid="158"><CoreSc1 atype="GSC" type="Res" conceptID="Res26" novelty="None" advantage="None"/><text>For all four concentrations the calculated uptake coefficients <IT>γ</IT><SB>meas</SB> showed the same time course similar to that of 2,3-butanedione with a maximum of about 1.2 × 10<SP>−4</SP>.</text></s></P><P><s sid="159"><CoreSc1 atype="GSC" type="Res" conceptID="Res27" novelty="None" advantage="None"/><text>The fit to eqn. (3) was performed using all data except the first 5 s yielding <IT>γ</IT><SB>0</SB> = 1.5 × 10<SP>−4</SP> and <IT>b</IT> = 7.5 × 10<SP>2</SP> s<SP>−0.5</SP> with estimated overall errors of 30%.</text></s> <s sid="160"><CoreSc1 atype="GSC" type="Res" conceptID="Res28" novelty="None" advantage="None"/><text>The correction for the gas phase was less than 5% leading to <IT>α</IT> = (1.5 ± 0.5) × 10<SP>−4</SP>.</text></s> <s sid="161"><CoreSc1 atype="GSC" type="Res" conceptID="Res29" novelty="None" advantage="None"/><text>This value is failed by about a factor of 20 by the estimation method of Ervens <IT>et al</IT><REF TYPE="P" ID="cit11">11</REF>.<IT>HD</IT>0.5l = (7.2 ± 2.2) × 10<SP>−5</SP> was calculated <IT>via</IT> eqn. (5).</text></s> <s sid="162"><CoreSc1 atype="GSC" type="Res" conceptID="Res29" novelty="None" advantage="None"/><text>From this, <IT>H</IT> is estimated to be in the range (1.4–3.4) × 10<SP>2</SP> mol l<SP>−1</SP> atm<SP>−1</SP>.</text></s> <s sid="163"><CoreSc1 atype="GSC" type="Con" conceptID="Con5" novelty="None" advantage="None"/><text>This is more than one order of magnitude lower than the value given by Betterton and Hoffmann.<REF TYPE="P" ID="cit9">9</REF></text></s> <s sid="164"><CoreSc1 atype="GSC" type="Con" conceptID="Con5" novelty="None" advantage="None"/><text>This discrepancy might be due to different influences of the oligomerisation of the carbonyl in both experiments.</text></s> <s sid="165"><CoreSc1 atype="GSC" type="Con" conceptID="Con5" novelty="None" advantage="None"/><text>However, the estimate is still much higher than the values for the other species.</text></s></P></DIV></DIV><DIV DEPTH="1"><HEADER HEADER_MARKER="4">A different model approach</HEADER><P><s sid="166"><CoreSc1 atype="GSC" type="Obs" conceptID="Obs27" novelty="None" advantage="None"/><text>The resistance model shows strong deviations from the experimental data for larger times as can be seen in Figs. 5 and 7.</text></s> <s sid="167"><CoreSc1 atype="GSC" type="Mot" conceptID="Mot3" novelty="None" advantage="None"/><text>This is due to the assumptions made for deriving eqn. (1) which are not fully met by the present experiment.</text></s></P><P><s sid="168"><CoreSc1 atype="GSC" type="Obj" conceptID="Obj2" novelty="New" advantage="None"/><text>In order to check which are the effects of these assumptions, the uptake process is treated numerically in an explicit form.</text></s> <s sid="169"><CoreSc1 atype="GSC" type="Mod" conceptID="Mod6" novelty="None" advantage="None"/><text>The liquid was treated as a sphere with concentrical layers of thickness Δ<IT>r</IT>.</text></s> <s sid="170"><CoreSc1 atype="GSC" type="Mod" conceptID="Mod6" novelty="None" advantage="None"/><text>The fluxes of the trace species in and out each sphere where calculated for discrete time steps according to the diffusion equation in spherical coordinates: The flux into the outermost layer which results from the uptake of the trace species from the gas phase is: Here <IT>p</IT> is the partial pressure of the trace species in the gas phase.</text></s></P><P><s sid="171"><CoreSc1 atype="GSC" type="Met" conceptID="Met15" novelty="New" advantage="None"/><text>For a test of the explicit model, the radius of the drop was set to infinity.</text></s> <s sid="172"><CoreSc1 atype="GSC" type="Bac" conceptID="Bac20" novelty="None" advantage="None"/><text>This situation is comparable to the resistance model where an infinitely deep liquid with a plane surface is assumed for the derivation of the resistance of the bulk liquid (right hand term in eqn. (1))<REF TYPE="P" ID="cit20">20</REF>.<IT>H</IT> and <IT>γ</IT><SB>0</SB> were taken from the best fit in Fig. 5.</text></s></P><P><s sid="173"><CoreSc1 atype="GSC" type="Met" conceptID="Met16" novelty="New" advantage="None"/><text>Both models are compared for the uptake of acetone in Fig. 11.</text></s> <s sid="174"><CoreSc1 atype="GSC" type="Obs" conceptID="Obs28" novelty="None" advantage="None"/><text>The principal behavior of the explicit model (dashed line) is the same as that of the resistance model (straight line).</text></s> <s sid="175"><CoreSc1 atype="GSC" type="Obs" conceptID="Obs28" novelty="None" advantage="None"/><text>There is only a little shift which seems to be built up at early times.</text></s> <s sid="176"><CoreSc1 atype="GSC" type="Hyp" conceptID="Hyp4" novelty="None" advantage="None"/><text>The shift might be due to another assumption implied in the resistance model, <IT>i.e.</IT> the decoupling of the individual processes convoluted in the phase transfer.</text></s> <s sid="177"><CoreSc1 atype="GSC" type="Hyp" conceptID="Hyp4" novelty="None" advantage="None"/><text>This is expressed by an instantaneous saturation of the liquid layer adjacent to the surface.</text></s> <s sid="178"><CoreSc1 atype="GSC" type="Con" conceptID="Con6" novelty="None" advantage="None"/><text>The outermost layer becomes only saturated step by step in the explicit model which results in a steeper concentration gradient.</text></s> <s sid="179"><CoreSc1 atype="GSC" type="Con" conceptID="Con6" novelty="None" advantage="None"/><text>Therefore, the flux is larger in the first phase of the uptake process.</text></s></P><P><s sid="180"><CoreSc1 atype="GSC" type="Met" conceptID="Met17" novelty="New" advantage="None"/><text>Setting <IT>r</IT><SB>drop</SB> to the experimental value of 1.1 × 10<SP>−3</SP> m and keeping all other parameters constant gives the dash-dot plot in Fig. 11.</text></s> <s sid="181"><CoreSc1 atype="GSC" type="Obs" conceptID="Obs29" novelty="None" advantage="None"/><text>While the initial behavior remains unchanged, the modeled concentrations for larger times become smaller than in the resistance model.</text></s> <s sid="182"><CoreSc1 atype="GSC" type="Con" conceptID="Con7" novelty="None" advantage="None"/><text>This slower increase is in good agreement with the experiment.</text></s> <s sid="183"><CoreSc1 atype="GSC" type="Con" conceptID="Con7" novelty="None" advantage="None"/><text>Therefore, the deviation of the resistance model from the experiment seems to be mainly resulting in the radial symmetry of the system.</text></s></P><P><s sid="184"><CoreSc1 atype="GSC" type="Bac" conceptID="Bac21" novelty="None" advantage="None"/><text>Another effect that is not included in the resistance model is possible turbulent mixing of the bulk liquid.</text></s> <s sid="185"><CoreSc1 atype="GSC" type="Bac" conceptID="Bac21" novelty="None" advantage="None"/><text>Danckwerts who derived the resistance term for liquid phase saturation in eqn. (1) assumed a ‘quiescent liquid’ in which mass transport is only performed by diffusion.<REF TYPE="P" ID="cit20">20</REF></text></s> <s sid="186"><CoreSc1 atype="GSC" type="Bac" conceptID="Bac22" novelty="None" advantage="None"/><text>On the other hand, the presence of a mixing motion was observed in the single drop experiment.<REF TYPE="P" ID="cit12">12</REF></text></s> <s sid="187"><CoreSc1 atype="GSC" type="Bac" conceptID="Bac22" novelty="None" advantage="None"/><text>This is supposed to be driven by the gas phase flowing around the drop.</text></s> <s sid="188"><CoreSc1 atype="GSC" type="Bac" conceptID="Bac22" novelty="None" advantage="None"/><text>It takes along the surface layer of the liquid by means of friction from the most up stream area of the drop to the most downstream one.</text></s> <s sid="189"><CoreSc1 atype="GSC" type="Bac" conceptID="Bac22" novelty="None" advantage="None"/><text>In these regions the liquid is supposed to come from and to go into bulk liquid, respectively.</text></s> <s sid="190"><CoreSc1 atype="GSC" type="Bac" conceptID="Bac22" novelty="None" advantage="None"/><text>This, in turn, might induce turbulent mixing in the core of the drop.</text></s></P><P><s sid="191"><CoreSc1 atype="GSC" type="Met" conceptID="Met18" novelty="New" advantage="None"/><text>In order to approach this situation in the explicit model, the liquid sphere was divided into two parts, (i) the inner core of radius <IT>r</IT><SB>mix</SB> which is totally mixed resulting in a uniform concentration profile and (ii) the outer shell which follows the gas phase laminarly and where radial transport is performed by diffusion only.</text></s> <s sid="192"><CoreSc1 atype="GSC" type="Bac" conceptID="Bac23" novelty="None" advantage="None"/><text>This is called the ‘Film model’ in the treatment of Danckwerts.<REF TYPE="P" ID="cit20">20</REF></text></s> <s sid="193"><CoreSc1 atype="GSC" type="Met" conceptID="Met18" novelty="New" advantage="None"/><text>The results for different radiuses of the core are compared with the experimental data for acetone in Fig. 12.</text></s> <s sid="194"><CoreSc1 atype="GSC" type="Obs" conceptID="Obs30" novelty="None" advantage="None"/><text>It can be seen that, although the initial behavior is unaffected, the deviation from the experiment gets larger with increasing core radius.</text></s></P><P><s sid="195"><CoreSc1 atype="GSC" type="Con" conceptID="Con8" novelty="None" advantage="None"/><text>It is concluded that in a drop under the present experimental conditions the effect of turbulent mixing on radial transport is negligible.</text></s> <s sid="196"><CoreSc1 atype="GSC" type="Bac" conceptID="Bac24" novelty="None" advantage="None"/><text>It can be proposed that the observed mixing process proceeds as follows, see Fig. 13 for illustration.</text></s> <s sid="197"><CoreSc1 atype="GSC" type="Con" conceptID="Con9" novelty="None" advantage="None"/><text>The surface liquid is flushed to the downstream part of the drop laminarly.</text></s> <s sid="198"><CoreSc1 atype="GSC" type="Con" conceptID="Con9" novelty="None" advantage="None"/><text>Subsequently it is passing the drop in a narrow tube around its symmetry axis that is parallel to the gas flow in the converse direction.</text></s> <s sid="199"><CoreSc1 atype="GSC" type="Con" conceptID="Con9" novelty="None" advantage="None"/><text>At the end of this tube the liquid is again flushed onto the surface and dragged along by the gas phase again.</text></s> <s sid="200"><CoreSc1 atype="GSC" type="Con" conceptID="Con9" novelty="None" advantage="None"/><text>All other parts of the drop follow this circulation laminarly with tracks of a similar shape but smaller size.</text></s> <s sid="201"><CoreSc1 atype="GSC" type="Met" conceptID="Met19" novelty="Old" advantage="None"/><text>This flow pattern was also the result of study by Chen who solved the governing differential equations for the diffusion simultaneously with those for convective transport.<REF TYPE="P" ID="cit21">21</REF></text></s></P><P><s sid="202"><CoreSc1 atype="GSC" type="Con" conceptID="Con10" novelty="None" advantage="None"/><text>The application of the resistance model is verified only for conditions far away from liquid phase saturation as it was done in this study.</text></s></P></DIV><DIV DEPTH="1"><HEADER HEADER_MARKER="5">Summary and implications for the atmosphere</HEADER><P><s sid="203"><CoreSc1 atype="GSC" type="Obj" conceptID="Obj3" novelty="New" advantage="None"/><text>The uptake of four ketones was investigated using a single drop experiment that allows <IT>in situ</IT> analysis of the liquid phase by absorption spectroscopy.</text></s> <s sid="204"><CoreSc1 atype="GSC" type="Met" conceptID="Met20" novelty="New" advantage="None"/><text>After fitting to a model values for the mass accommodation coefficients <IT>α</IT> are obtained.</text></s> <s sid="205"><CoreSc1 atype="GSC" type="Obs" conceptID="Obs31" novelty="None" advantage="None"/><text>For acetone and 2-butanone similar values of some 10<SP>−3</SP> are obtained.</text></s> <s sid="206"><CoreSc1 atype="GSC" type="Res" conceptID="Res30" novelty="None" advantage="None"/><text>For mass accommodation coefficients of this order of magnitude the rate of gas uptake under tropospheric conditions is affected by both <IT>Γ</IT><SB>diff</SB> and <IT>α.</IT><REF TYPE="P" ID="cit22">22</REF></text></s></P><P><s sid="207"><CoreSc1 atype="GSC" type="Obs" conceptID="Obs32" novelty="None" advantage="None"/><text>However, under the experimental conditions of this study, <IT>i.e.</IT> large drops with <IT>r</IT> ≈ 10<SP>−3</SP> m, saturation is reached after roughly 10<SP>2</SP> s.</text></s> <s sid="208"><CoreSc1 atype="GSC" type="Bac" conceptID="Bac25" novelty="None" advantage="None"/><text>The capacity of tropospheric cloud droplets with <IT>r</IT> ≈ 10<SP>−5</SP> m is about six orders of magnitude lower.</text></s> <s sid="209"><CoreSc1 atype="GSC" type="Con" conceptID="Con11" novelty="None" advantage="None"/><text>Therefore, saturation is expected to occur on a very short time scale if no reactive sink in the liquid phase would be present.</text></s></P><P><s sid="210"><CoreSc1 atype="GSC" type="Res" conceptID="Res31" novelty="None" advantage="None"/><text>For 2,3-butanedione and 2-oxopropanal mass accommodation coefficients somewhat larger than 10<SP>−4</SP> are obtained.</text></s> <s sid="211"><CoreSc1 atype="GSC" type="Con" conceptID="Con12" novelty="None" advantage="None"/><text>The uptake rate under tropospheric conditions is therefore predominantly limited by <IT>α</IT>.</text></s> <s sid="212"><CoreSc1 atype="GSC" type="Obs" conceptID="Obs33" novelty="None" advantage="None"/><text>The Henry's law coefficients for these bicarbonyls are much larger than for the monocarbonyls.</text></s> <s sid="213"><CoreSc1 atype="GSC" type="Con" conceptID="Con13" novelty="None" advantage="None"/><text>Therefore, Henry's law saturation is not reached on the timescale of the present experiment.</text></s> <s sid="214"><CoreSc1 atype="GSC" type="Con" conceptID="Con13" novelty="None" advantage="None"/><text>However, regarding atmospheric aerosol particles having a much lower volumes, it is expected to be reached on a still very short timescale even if the very high <IT>H</IT> for 2-oxopropanal determined by Betterton and Hoffmann is considered which is about two orders of magnitude larger than that for acetone.<REF TYPE="P" ID="cit9">9</REF></text></s></P><P><s sid="215"><CoreSc1 atype="GSC" type="Bac" conceptID="Bac26" novelty="None" advantage="None"/><text>According to the present knowledge, tropospheric aqueous phase radical chemistry could establish a sink driven by OH during the day and NO<SB>3</SB> during night-time.</text></s> <s sid="216"><CoreSc1 atype="GSC" type="Met" conceptID="Met21" novelty="New" advantage="None"/><text>If Henry's law equilibrium is established for the trace species, the relative importance of the reactions in the gas and aqueous phase, respectively, can be estimated.</text></s> <s sid="217"><CoreSc1 atype="GSC" type="Obs" conceptID="Obs34" novelty="None" advantage="None"/><text>In Table 1 this is done considering only the reactions with OH in either phase of a continental cloud at 25 °C.</text></s> <s sid="218"><CoreSc1 atype="GSC" type="Met" conceptID="Met22" novelty="New" advantage="None"/><text>The partitioning of the trace species between the two phases <IT>N</IT><SB>aq</SB>/<IT>N</IT><SB>g</SB> is calculated as the product of <IT>HRT</IT> and the liquid water content (LWC).</text></s> <s sid="219"><CoreSc1 atype="GSC" type="Res" conceptID="Res32" novelty="None" advantage="None"/><text>In terms of molecule number fractions, less than one per thousand molecules of acetone, 2-butanone and 2-3-butanedione are in the aqueous phase.</text></s> <s sid="220"><CoreSc1 atype="GSC" type="Res" conceptID="Res33" novelty="None" advantage="None"/><text>For 2-oxopropanal having a much higher Henry's law coefficient, only a few percent of the molecules are dissolved.</text></s></P><P><s sid="221"><CoreSc1 atype="GSC" type="Obs" conceptID="Obs35" novelty="None" advantage="None"/><text>Nevertheless, the picture changes if the ratio of the rates of the reactions between the ketones and OH in either phase are regarded.</text></s> <s sid="222"><CoreSc1 atype="GSC" type="Res" conceptID="Res34" novelty="None" advantage="None"/><text>The rate of the aqueous phase reaction is at least four orders of magnitude larger than that for the gas phase reaction for all substances being subject to this study.</text></s> <s sid="223"><CoreSc1 atype="GSC" type="Con" conceptID="Con14" novelty="None" advantage="None"/><text>This is due to the higher concentrations of the reactants in the aqueous phase.</text></s></P><P><s sid="224"><CoreSc1 atype="GSC" type="Met" conceptID="Met23" novelty="New" advantage="None"/><text>Multiplying the partitioning <IT>N</IT><SB>aq</SB>/<IT>N</IT><SB>g</SB> with the ratio of the rates <IT>R</IT><SB>aq</SB>/<IT>R</IT><SB>g</SB> gives the ratio of the conversions due to the reaction with OH in the aqueous and gas phase, respectively.</text></s> <s sid="225"><CoreSc1 atype="GSC" type="Obs" conceptID="Obs36" novelty="None" advantage="None"/><text>This value is given in the last column of Table 1.</text></s> <s sid="226"><CoreSc1 atype="GSC" type="Obs" conceptID="Obs37" novelty="None" advantage="None"/><text>Obviously, the conversion by the aqueous phase reaction is much higher for all substances.</text></s></P><P><s sid="227"><CoreSc1 atype="GSC" type="Con" conceptID="Con15" novelty="None" advantage="None"/><text>The uptake parameters obtained in this study will be used for the extension of atmospheric multiphase chemistry models such as CAPRAM in its different versions, see ref. <REF TYPE="P" ID="cit11">11</REF> and references therein.</text></s></P></DIV></BODY></PAPER>