<?xml version="1.0" encoding="UTF-8"?>
<!DOCTYPE PAPER
  SYSTEM "paper-structure-annotation.dtd">
<PAPER><mode2 name="b313399k" hasDoc="yes" version="1153"/><TITLE><s sid="1"><CoreSc1 atype="GSC" type="Res" conceptID="Res1" novelty="None" advantage="None"/><text>Dramatic enhancement of intrinsic two-photon absorption in a conjugated porphyrin dimer<XREF TYPE="FOOTNOTE_MARKER" ID="fn1"/></text></s></TITLE><ABSTRACT><s sid="2"><CoreSc1 atype="GSC" type="Res" conceptID="Res1" novelty="None" advantage="None"/><text>We report strong cooperative enhancement of simultaneous two-photon absorption cross section in a porphyrin dimer.</text></s> <s sid="3"><CoreSc1 atype="GSC" type="Con" conceptID="Con1" novelty="None" advantage="None"/><text>The two-photon cross section, <IT>σ</IT><SB>2</SB> = 6 × 10<SP>–47</SP> cm<SP>4</SP>s/photon, corresponds to a 400-fold increase over the value measured for the monomer, and is one of the largest ever obtained for organic chromophore of similar size.</text></s></ABSTRACT><BODY><DIV DEPTH="1"><HEADER/><P><s sid="4"><CoreSc1 atype="GSC" type="Mot" conceptID="Mot1" novelty="None" advantage="None"/><text>Promising applications of two-photon absorption (TPA) in high-density optical data storage,<REF TYPE="P" ID="cit1 cit2">1,2</REF> two-photon fluorescence microscopy,<REF TYPE="P" ID="cit3">3</REF> microfabrication,<REF TYPE="P" ID="cit2 cit4">2,4</REF> photodynamic therapy,<REF TYPE="P" ID="cit5 cit6">5,6</REF> and other areas of photonics have recently stimulated the search for novel materials with high efficiency of simultaneous (intrinsic) two-photon absorption (TPA).</text></s> <s sid="5"><CoreSc1 atype="GSC" type="Mot" conceptID="Mot2" novelty="None" advantage="None"/><text>Porphyrins, notably porphyrin oligomers and polymers, deserve a particular attention since tetrapyrrolic chromophores are inherently suitable for medical and biological applications,<REF TYPE="P" ID="cit7 cit8">7,8</REF> and also because their photophysical behaviour can easily be optimized by changing the central metal, as well as by peripheral substitution.<REF TYPE="P" ID="cit9 cit10 cit11">9–11</REF></text></s> <s sid="6"><CoreSc1 atype="GSC" type="Bac" conceptID="Bac1" novelty="None" advantage="None"/><text>On the other hand, previous studies have revealed that the majority of regular porphyrins show rather small TPA cross sections, <IT>σ</IT><SB>2</SB>, which, typically, do not exceed 1–10 GM (1 GM = 10<SP>–50</SP> cm<SP>4</SP> s photon<SP>–1</SP>) in the biologically important range of near-IR wavelengths.<REF TYPE="P" ID="cit12">12</REF></text></s> <s sid="7"><CoreSc1 atype="GSC" type="Bac" conceptID="Bac1" novelty="None" advantage="None"/><text>This fact alone has so far largely precluded tetrapyrrolic compounds from being used in real TPA-based applications.</text></s></P><P><s sid="8"><CoreSc1 atype="GSC" type="Obj" conceptID="Obj1" novelty="New" advantage="None"/><text>In this paper, we report on a π-conjugated porphyrin dimer molecule, which shows about 400 times greater two-photon absorptivity than the corresponding monomer.</text></s> <s sid="9"><CoreSc1 atype="GSC" type="Obs" conceptID="Obs1" novelty="None" advantage="None"/><text>The intrinsic TPA cross section, measured with femtosecond pulses, is, <IT>σ</IT><SB>2</SB> = 6 × 10<SP>3</SP> GM at 780 nm illumination wavelength.</text></s> <s sid="10"><CoreSc1 atype="GSC" type="Res" conceptID="Res2" novelty="None" advantage="None"/><text>This value is comparable to or even exceeds the largest simultaneous TPA cross sections measured for organic chromophores,<REF TYPE="P" ID="cit13 cit14 cit15 cit16">13–16</REF> and is certainly the largest value measured for a tetrapyrrolic molecule.<SUP TYPE="FOOTNOTE_MARKER" ID="fn2"/></text></s></P><P><s sid="11"><CoreSc1 atype="GSC" type="Bac" conceptID="Bac2" novelty="None" advantage="None"/><text>It is known that in linear oligomers<REF TYPE="P" ID="cit17 cit18 cit19">17–19</REF> and multi-branched<REF TYPE="P" ID="cit15 cit16">15,16</REF> conjugated systems the lowest-energy TPA-allowed transition is well separated from other higher TPA-energy levels, leading to characteristic peaks in near-IR TPA spectra.</text></s> <s sid="12"><CoreSc1 atype="GSC" type="Bac" conceptID="Bac2" novelty="None" advantage="None"/><text>We have recently used this circumstance to study cooperative enhancement of <IT>σ</IT><SB>2</SB> in a series of conjugated multi-branched systems.<REF TYPE="P" ID="cit16">16</REF></text></s> <s sid="13"><CoreSc1 atype="GSC" type="Bac" conceptID="Bac3" novelty="None" advantage="None"/><text>In porphyrins, however, the relevant TPA transitions are known<REF TYPE="P" ID="cit9 cit20 cit21 cit22">9,20–22</REF> to be devoid of distinct spectral features, and rather form a broad continuum due to several overlapping electronic transitions and their vibronic satellites.</text></s> <s sid="14"><CoreSc1 atype="GSC" type="Bac" conceptID="Bac4" novelty="None" advantage="None"/><text>Another peculiar feature of porphyrins consists in a possibility of strong resonance enhancement, which occurs if the TPA excitation frequency is close to one-photon-allowed Q-transition(s).</text></s> <s sid="15"><CoreSc1 atype="GSC" type="Bac" conceptID="Bac4" novelty="None" advantage="None"/><text>Depending on chemical structure, the lowest Q-band is located at 620–740 nm, <IT>i.e.</IT> close to the important near-IR region of wavelengths.</text></s> <s sid="16"><CoreSc1 atype="GSC" type="Obs" conceptID="Obs2" novelty="None" advantage="None"/><text>In the experiments with two different porphyrins described below, we found that their TPA spectra correspond to very broad features in the excitation region of 780–900 nm.</text></s> <s sid="17"><CoreSc1 atype="GSC" type="Obj" conceptID="Obj2" novelty="New" advantage="None"/><text>Therefore, we chose <IT>λ</IT> = 780 nm for excitation, which is close to the Q-band, and measure <IT>σ</IT><SB>2</SB> for both the parent porphyrin monomer and its dimer at this particular wavelength.</text></s> <s sid="18"><CoreSc1 atype="GSC" type="Obj" conceptID="Obj3" novelty="New" advantage="None"/><text>We then invoke the knowledge of linear absorption properties from the ground- and excited state to explain the very strong enhancement of <IT>σ</IT><SB>2</SB> in dimer as compared to monomer.</text></s></P><P><s sid="19"><CoreSc1 atype="GSC" type="Obj" conceptID="Obj4" novelty="New" advantage="None"/><text>The chemical structures of [5,15-bis(3,5-bi-tert-butylphenyl)-10,20-bis(trihexylsilylethynyl)porphyrinato]zinc(ii) (monomer) and 5,5′-(1,3-butadiyne-1,4-diyl)bis[[10,20-bis(3,5-bi-tert-butylphenyl)-15-(trihexylsilylethynyl)porphyrinato]zinc(ii) (dimer) are shown in the insets in Fig. 1.</text></s> <s sid="20"><CoreSc1 atype="GSC" type="Obs" conceptID="Obs3" novelty="None" advantage="None"/><text>Linear absorption and fluorescence spectra of monomer and dimer in polyvinylbutyral (PVB) film are presented in Fig. 1.</text></s> <s sid="21"><CoreSc1 atype="GSC" type="Res" conceptID="Res3" novelty="None" advantage="None"/><text>The extended conjugation in the dimer manifests itself in a pronounced red shift of the absorption and fluorescence maxima relative to monomer.</text></s></P><P><s sid="22"><CoreSc1 atype="GSC" type="Obj" conceptID="Obj2" novelty="New" advantage="Yes"/><text>In order to maximize the resonance enhancement, we chose the excitation wavelength <IT>λ</IT> = 780 nm on the red side of dimer’s longest wavelength absorption band.</text></s> <s sid="23"><CoreSc1 atype="GSC" type="Exp" conceptID="Exp1" novelty="None" advantage="None"/><text>The excitation is performed by 150 fs time duration laser pulses with the repetition rate of 1 kHz (see electronic supplementary information (ESI)<SUP TYPE="FOOTNOTE_MARKER" ID="fn1"/> for experimental details).</text></s> <s sid="24"><CoreSc1 atype="GSC" type="Obj" conceptID="Obj2" novelty="New" advantage="None"/><text>Even though the linear extinction at 780 nm is rather small (the corresponding one-photon absorption (OPA) cross section is <IT>σ</IT><SB>1</SB> ∼ 3 × 10<SP>–17</SP> cm<SP>2</SP>), it can still surpass the TPA, especially at room temperature.</text></s> <s sid="25"><CoreSc1 atype="GSC" type="Bac" conceptID="Bac5" novelty="None" advantage="None"/><text>In our recent paper<REF TYPE="P" ID="cit23">23</REF> we showed that this residual OPA in porphyrins originates from thermal population of higher-lying vibrational levels of the ground electronic state, and that one can reduce this side effect by lowering the temperature of the sample.</text></s> <s sid="26"><CoreSc1 atype="GSC" type="Bac" conceptID="Bac5" novelty="None" advantage="None"/><text>Upon lowering temperature, the population of these states depletes, thus decreasing the efficiency of OPA.</text></s> <s sid="27"><CoreSc1 atype="GSC" type="Obs" conceptID="Obs4" novelty="None" advantage="None"/><text>Fig. 2 shows the excitation power dependence of fluorescence intensity at several different temperatures measured for porphyrin dimer in PVB film.</text></s> <s sid="28"><CoreSc1 atype="GSC" type="Res" conceptID="Res4" novelty="None" advantage="None"/><text>The degree of the power dependence progressively increases with decreasing temperature (Fig. 2) because of the lowering of OPA, and turns into purely quadratic one at <IT>T</IT> = 20 K. However, analysis of these dependencies with the expression <IT>F</IT>(<IT>P</IT>) = <IT>aP</IT> + <IT>bP</IT><SP>2</SP> shows that the value of two-photon cross section, proportional to coefficient b,<REF TYPE="P" ID="cit23">23</REF> does not depend on temperature.</text></s> <s sid="29"><CoreSc1 atype="GSC" type="Res" conceptID="Res4" novelty="None" advantage="None"/><text>This is not surprising, because, in contrast to OPA, two-photon transitions predominantly occur from the ground state and do not depend on the depletion of the thermally populated vibronic states.</text></s></P><P><s sid="30"><CoreSc1 atype="GSC" type="Exp" conceptID="Exp2" novelty="None" advantage="None"/><text>The two-photon cross section was measured at 20 K, where only TPA is present.</text></s> <s sid="31"><CoreSc1 atype="GSC" type="Met" conceptID="Met1" novelty="New" advantage="None"/><text>The measurement was performed by the method based on the comparison of fluorescence intensity upon two- and one-photon excitation.</text></s> <s sid="32"><CoreSc1 atype="GSC" type="Res" conceptID="Res5" novelty="None" advantage="None"/><text>We thus obtained <IT>σ</IT><SB>2</SB> = (6 ± 1) × 10<SP>3</SP> GM.<SUP TYPE="FOOTNOTE_MARKER" ID="fn3"/> This constitutes one of the largest intrinsic molecular TPA cross section values known to date.<REF TYPE="P" ID="cit13 cit14 cit15 cit16">13–16</REF></text></s></P><P><s sid="33"><CoreSc1 atype="GSC" type="Goa" conceptID="Goa1" novelty="None" advantage="None"/><text>To clarify the origin of such a large nonlinear cross section, we performed similar measurements for the monomeric porphyrin in PVB film.</text></s> <s sid="34"><CoreSc1 atype="GSC" type="Res" conceptID="Res6" novelty="None" advantage="None"/><text>The obtained value, <IT>σ</IT><SB>2</SB> = 15 ± 4 GM, falls well in the range that is typical for regular porphyrins.<REF TYPE="P" ID="cit12">12</REF></text></s> <s sid="35"><CoreSc1 atype="GSC" type="Res" conceptID="Res6" novelty="None" advantage="None"/><text>In this case, the excitation at 780 nm was sufficiently far away to the red from the closest Q-band absorption peak at 646 nm, such that no detectable OPA was present, even at room temperature.</text></s></P><P><s sid="36"><CoreSc1 atype="GSC" type="Res" conceptID="Res7" novelty="None" advantage="None"/><text>We conclude that the porphyrin dimer exhibits at 780 nm an <IT>σ</IT><SB>2</SB> value that is about 400 times larger than the corresponding porphyrin monomer.</text></s> <s sid="37"><CoreSc1 atype="GSC" type="Con" conceptID="Con2" novelty="None" advantage="None"/><text>This experimental result is in agreement with the recent quantum mechanical calculations<REF TYPE="P" ID="cit24">24</REF> showing that, upon transition from a similar porphyrin monomer to a dimer about a hundredfold enhancement of TPA cross section is expected.</text></s></P><P><s sid="38"><CoreSc1 atype="GSC" type="Goa" conceptID="Goa2" novelty="None" advantage="None"/><text>Our task now is to explain how such drastic enhancement occurs.</text></s> <s sid="39"><CoreSc1 atype="GSC" type="Mod" conceptID="Mod1" novelty="None" advantage="None"/><text>Quantitatively, <IT>σ</IT><SB>2</SB> for porphyrins in the near-IR excitation wavelength region may be calculated in the so-called single intermediate state approximation.</text></s> <s sid="40"><CoreSc1 atype="GSC" type="Mod" conceptID="Mod1" novelty="None" advantage="None"/><text>This is because the real intermediate level (the first Q-band) in porphyrins is close to the excitation wavelength (<IT>λ</IT><SB>ex</SB> = 780 nm).</text></s> <s sid="41"><CoreSc1 atype="GSC" type="Mod" conceptID="Mod1" novelty="None" advantage="None"/><text>As a result, the contribution of this level into the two-photon cross section dominates over the rest of the intermediate levels. <REF TYPE="P" ID="cit22">Ref. 22</REF> discusses the application of the single intermediate level model to porphyrins in detail.</text></s> <s sid="42"><CoreSc1 atype="GSC" type="Mod" conceptID="Mod1" novelty="None" advantage="None"/><text>In the framework of this model, the two-photon cross section is proportional to: Here, subscripts 0, i and f refer to the ground, intermediate, and final excited states, respectively, <IT>M</IT><SB>i0</SB> and <IT>M</IT><SB>if</SB> are the 0 → i and i → f transition dipole moments, respectively, <IT>Γ</IT> is the half width at the half maximum of the 0 → i transition, <IT>g</IT>(2<IT>ν</IT><SB>p</SB>) is the normalized lineshape function (in Hz<SP>–1</SP>), proportional to the cross-sectional contour of the final state, <IT>ν</IT><SB>p</SB> and <IT>ν</IT><SB>i0</SB> are the photon frequency and the frequency of the 0 → i transition.</text></s></P><P><s sid="43"><CoreSc1 atype="GSC" type="Mod" conceptID="Mod1" novelty="None" advantage="None"/><text>By applying the above formula to both dimer and monomer, we can express the ratio of the two cross sections as: where superscript D and M refer to dimer and monomer, respectively.</text></s> <s sid="44"><CoreSc1 atype="GSC" type="Mod" conceptID="Mod1" novelty="None" advantage="None"/><text>The three main factors contributing to the large TPA cross section of the dimer are the resonance enhancement term<REF TYPE="P" ID="cit12 cit22">12,22</REF> [(<IT>ν</IT><SB>i0</SB> – <IT>ν</IT><SB>p</SB>)<SP>2</SP> + <IT>Γ</IT><SP>2</SP>]<SP>–1</SP>, the 0 → i transition dipole squared |<IT>M</IT><SB><IT>i</IT>0</SB>|<SP>2</SP>, and the product of the i → f transition dipole squared and the normalized lineshape function |<IT>M</IT><SB>if</SB>|<SP>2</SP><IT>g</IT>(2<IT>ν</IT><SB>p</SB>).</text></s> <s sid="45"><CoreSc1 atype="GSC" type="Res" conceptID="Res8" novelty="None" advantage="None"/><text>At 780-nm, the resonance enhancement factor for the dimer is <IT>ca.</IT> 13 times larger than that for the monomer.</text></s> <s sid="46"><CoreSc1 atype="GSC" type="Hyp" conceptID="Hyp1" novelty="None" advantage="None"/><text>If the two porphyrin units forming the dimer were not coupled, then we could assume that each unit absorbs independently.</text></s> <s sid="47"><CoreSc1 atype="GSC" type="Hyp" conceptID="Hyp1" novelty="None" advantage="None"/><text>Excluding the above resonance enhancement factor, the resulting dimer TPA cross section would be just twice as large as that of the monomer.</text></s> <s sid="48"><CoreSc1 atype="GSC" type="Res" conceptID="Res9" novelty="None" advantage="None"/><text>However, our experiment gives 400/13 ≈ 30 times enhancement, which serves as an evidence of strong electronic coupling between the two units.</text></s> <s sid="49"><CoreSc1 atype="GSC" type="Res" conceptID="Res9" novelty="None" advantage="None"/><text>This further significant enhancement has to come from the product |<IT>M</IT><SB>i0</SB>|<SP>2</SP>|<IT>M</IT><SB>if</SB>|<SP>2</SP><IT>g</IT>(2<IT>ν</IT><SB>p</SB>).</text></s> <s sid="50"><CoreSc1 atype="GSC" type="Met" conceptID="Met2" novelty="New" advantage="None"/><text>The 0 → i transition dipoles can be quite easily obtained from the linear absorption spectra.</text></s> <s sid="51"><CoreSc1 atype="GSC" type="Met" conceptID="Met2" novelty="New" advantage="None"/><text>Indeed, since the oscillator strength <IT>f</IT><SB>i0</SB> is proportional to the transition dipole squared times <IT>ν</IT><SB>i0</SB>, then it is straightforward to calculate the ratio (Fig. 1):The last remaining factor in eqn. (2) consists of the product of the <IT>i</IT> → <IT>f</IT> transition dipole squared and the normalized lineshape function.</text></s> <s sid="52"><CoreSc1 atype="GSC" type="Met" conceptID="Met2" novelty="New" advantage="No"/><text>In this case, however, we know neither the oscillator strength of the transition from the first excited state nor the TPA spectral shape <IT>g</IT>(2<IT>ν</IT><SB>p</SB>).</text></s> <s sid="53"><CoreSc1 atype="GSC" type="Met" conceptID="Met2" novelty="New" advantage="None"/><text>On the other hand, since we know the TPA cross sections we can calculate the ratio: The product |<B><IT>M</IT></B><SB>if</SB>|<SP>2</SP><IT>g</IT>(2<IT>ν</IT><SB>p</SB>) is proportional to the excited state absorption <IT>ε</IT><SB>if</SB>(2<IT>ν</IT><SB>p</SB> – <IT>ν</IT><SB>i0</SB>).</text></s> <s sid="54"><CoreSc1 atype="GSC" type="Met" conceptID="Met2" novelty="New" advantage="None"/><text>In effect, (4) gives us the ratio of the excited-state extinction coefficients of dimer and monomer <IT>ε</IT>(D)if(2<IT>ν</IT><SB>p</SB> – <IT>ν</IT><SB>i0</SB>)/<IT>ε</IT>(M)if(2<IT>ν</IT><SB>p</SB> – <IT>ν</IT><SB>i0</SB>).</text></s> <s sid="55"><CoreSc1 atype="GSC" type="Obj" conceptID="Obj5" novelty="New" advantage="None"/><text>Singlet–singlet excited-state absorption spectra of related monomer and dimer systems were calculated in <REF TYPE="P" ID="cit9">ref. 9</REF> and are in good qualitative agreement with our experiment.</text></s> <s sid="56"><CoreSc1 atype="GSC" type="Obs" conceptID="Obs5" novelty="None" advantage="None"/><text>In particular, a dimer with cumulenic structure of butadiyne linker in the first singlet excited state exhibits an order of magnitude enhancement in <IT>ε</IT><SB>if</SB>(2<IT>ν</IT><SB>p</SB> – <IT>ν</IT><SB>i0</SB>), as compared to monomer.</text></s> <s sid="57"><CoreSc1 atype="GSC" type="Res" conceptID="Res10" novelty="None" advantage="None"/><text>The cumulenic structure of the linker in the first excited state was favoured over the alternated in <REF TYPE="P" ID="cit9">ref. 9</REF> to explain the linear optical properties of the dimer.</text></s></P><P><s sid="58"><CoreSc1 atype="GSC" type="Con" conceptID="Con3" novelty="None" advantage="None"/><text>Therefore, the extremely large two-photon cross section of the dimer can be explained by the very favourable position of the energy levels.</text></s> <s sid="59"><CoreSc1 atype="GSC" type="Res" conceptID="Res11" novelty="None" advantage="None"/><text>The strong conjugation between porphyrin units in the dimer brings first one-photon transition close to one-half of one of the strong two-photon transitions giving rise to nearly double-resonance TPA conditions.</text></s> <s sid="60"><CoreSc1 atype="GSC" type="Bac" conceptID="Bac6" novelty="None" advantage="None"/><text>In fact, the only known reported system,<REF TYPE="P" ID="cit15">15</REF> with larger TPA cross section is a second-generation dendrimer based on diphenylaminostilbene.</text></s> <s sid="61"><CoreSc1 atype="GSC" type="Con" conceptID="Con4" novelty="None" advantage="None"/><text>The porphyrin dimer molecule, studied in this article, holds a record large <IT>σ</IT><SB>2</SB> among relatively small molecules.</text></s> <s sid="62"><CoreSc1 atype="GSC" type="Met" conceptID="Met3" novelty="Old" advantage="None"/><text>One possible way to compare the two-photon cross sections of different molecules is to calculate the ratio of the <IT>σ</IT><SB>2</SB> to molecular weight.</text></s> <s sid="63"><CoreSc1 atype="GSC" type="Res" conceptID="Res12" novelty="None" advantage="None"/><text>For the porphyrin dimer studied here this ratio is equal to 2.8 GM amu<SP>–1</SP>, while for the dendrimer from<REF TYPE="P" ID="cit15">15</REF> it is only about 1 GM amu<SP>–1</SP>, making it a less efficient two-photon absorber in this sense than the porphyrin dimer.</text></s></P><P><s sid="64"><CoreSc1 atype="GSC" type="Res" conceptID="Res13" novelty="None" advantage="None"/><text>In conclusion, we have observed a 400 times enhancement of TPA in conjugated porphyrin dimer, as compared to its related monomer at 780 nm.</text></s> <s sid="65"><CoreSc1 atype="GSC" type="Res" conceptID="Res13" novelty="None" advantage="None"/><text>The very strong enhancement of the TPA cross section in dimer is explained by the π-conjugation-induced red shift, strengthening of the one-photon allowed Q-transition, and strengthening of transitions from the first excited state, which all result in almost double-resonance conditions for two-photon absorption.</text></s> <s sid="66"><CoreSc1 atype="GSC" type="Con" conceptID="Con5" novelty="None" advantage="None"/><text>The resulting values of the intrinsic TPA cross section, 6 × 10<SP>3</SP> GM, and TPA cross section per molecular weight are the largest intrinsic values obtained so far for tetrapyrrolic compounds and are among the largest for any organic chromophore.</text></s> <s sid="67"><CoreSc1 atype="GSC" type="Con" conceptID="Con6" novelty="None" advantage="None"/><text>The fact that conjugated porphyrin dimer has such high two-photon cross section implies that it can have practical applications in high-density optical data storage, 3D fluorescence imaging, microfabrication and photodynamic therapy.</text></s></P><P><s sid="68"><CoreSc1 atype="GSC" type="Exp" conceptID="Exp3" novelty="None" advantage="None"/><text>This work was supported by grants from US Air Force Office for Scientific Research.</text></s></P></DIV></BODY></PAPER>