<?xml version="1.0" encoding="UTF-8"?>
<!DOCTYPE PAPER
  SYSTEM "paper-structure-annotation.dtd">
<PAPER><mode2 name="b314609j" hasDoc="yes" version="1153"/><TITLE><s sid="1"><CoreSc1 atype="GSC" type="Goa" conceptID="Goa1" novelty="None" advantage="None"/><text>Changes on the physico-chemical surface properties and adhesion behaviour of <IT>Enterococcus faecalis</IT> by the addition of serum or urine to the growth medium<XREF TYPE="FOOTNOTE_MARKER" ID="fn1"/></text></s></TITLE><ABSTRACT><s sid="2"><CoreSc1 atype="GSC" type="Mot" conceptID="Mot1" novelty="None" advantage="None"/><text>The initial microbial adhesion of bacteria to different surfaces seems to be mediated by physico-chemical forces and this is the reason why the physico-chemical surface characterisation of bacteria has recently gained interest.</text></s> <s sid="3"><CoreSc1 atype="GSC" type="Goa" conceptID="Goa2" novelty="None" advantage="None"/><text>In this context, the adhesion of different microorganisms to biological substrata has been described from a physico-chemical point of view, aiming to simulate, as closely as possible, the conditions of interest.</text></s> <s sid="4"><CoreSc1 atype="GSC" type="Goa" conceptID="Goa1" novelty="None" advantage="None"/><text>On this basis, the objective of this work is to characterise the surface of <IT>Enterococcus faecalis</IT> ATCC29212 through hydrophobicity, surface free energy and zeta potential at 37 °C, when cells grow in Trypticase Soy Broth (TSB) and TSB supplemented with serum or urine.</text></s> <s sid="5"><CoreSc1 atype="GSC" type="Met" conceptID="Met1" novelty="New" advantage="None"/><text>These variations are used to provide a theoretical description of the bacterial adhesion to glass by interaction free energy, which is verified with experimental results employing a parallel plate flow chamber set at 37 °C, to simulate the conditions of flow inside the human body.</text></s> <s sid="6"><CoreSc1 atype="GSC" type="Res" conceptID="Res1" novelty="None" advantage="None"/><text>The results show that the addition of serum to the growth medium increases the hydrophobicity and isoelectric point (i.e.p.) of the microorganisms, and this could indicate an increase in the protein content on the cell surface.</text></s> <s sid="7"><CoreSc1 atype="GSC" type="Obs" conceptID="Obs1" novelty="None" advantage="None"/><text>However urine does not introduce a change in the above magnitudes.</text></s> <s sid="8"><CoreSc1 atype="GSC" type="Res" conceptID="Res2" novelty="None" advantage="None"/><text>At short separation distances between the cells and the substratum, the interaction free energy predicts a favourable adhesion for serum-grown cells while non-favourable adhesion is expected for control (TSB-grown cells) and urine-grown cells.</text></s> <s sid="9"><CoreSc1 atype="GSC" type="Con" conceptID="Con1" novelty="None" advantage="None"/><text>These results are in agreement with the experimental adhesion data, obtained with the flow chamber.</text></s></ABSTRACT><BODY><DIV DEPTH="1"><HEADER HEADER_MARKER="1.">Introduction</HEADER><P><s sid="10"><CoreSc1 atype="GSC" type="Mot" conceptID="Mot2" novelty="None" advantage="None"/><text>Bacterial adhesion to different surfaces is a process that is of importance in many fields.<REF TYPE="P" ID="cit1 cit2 cit3">1–3</REF></text></s> <s sid="11"><CoreSc1 atype="GSC" type="Mot" conceptID="Mot2" novelty="None" advantage="None"/><text>In particular, in the field of medicine, the adhesion of microorganisms to inert surfaces has gained importance in recent decades due to the increasing number of clinical practices which require the use of implants.</text></s> <s sid="12"><CoreSc1 atype="GSC" type="Mot" conceptID="Mot2" novelty="None" advantage="None"/><text>One of the microorganisms of current interest because of its adhesion to such biomaterials is <IT>Enterococcus faecalis</IT>.</text></s> <s sid="13"><CoreSc1 atype="GSC" type="Bac" conceptID="Bac1" novelty="None" advantage="None"/><text>This bacterium is responsible for a great number of nosocomial infections including urinary tract and abdominal infections, wound infections, bacteremia and endocarditis.<REF TYPE="P" ID="cit4 cit5">4,5</REF></text></s></P><P><s sid="14"><CoreSc1 atype="GSC" type="Bac" conceptID="Bac2" novelty="None" advantage="None"/><text>The initial adhesion of cells to biomaterials is followed by the formation of a biofilm which, because of its structure, is very difficult to eradicate.<REF TYPE="P" ID="cit6">6</REF></text></s> <s sid="15"><CoreSc1 atype="GSC" type="Bac" conceptID="Bac3" novelty="None" advantage="None"/><text>In these cases, the treatment with antimicrobial agents results in a non-effective therapy.<REF TYPE="P" ID="cit7 cit8">7,8</REF></text></s> <s sid="16"><CoreSc1 atype="GSC" type="Bac" conceptID="Bac4" novelty="None" advantage="None"/><text>Therefore, the prevention of the formation of biofilm at its initial stages, seems to be the most promising procedure.</text></s> <s sid="17"><CoreSc1 atype="GSC" type="Bac" conceptID="Bac5" novelty="None" advantage="None"/><text>For this reason many papers have studied the initial interaction between microorganisms and different substrata.<REF TYPE="P" ID="cit9 cit10 cit11">9–11</REF></text></s> <s sid="18"><CoreSc1 atype="GSC" type="Bac" conceptID="Bac5" novelty="None" advantage="None"/><text>It is widely accepted that the initial adhesion of bacteria to biomaterials is mediated by physico-chemical forces similar to those acting in the adhesion of colloidal particles.<REF TYPE="P" ID="cit6 cit10">6,10</REF></text></s> <s sid="19"><CoreSc1 atype="GSC" type="Met" conceptID="Met2" novelty="Old" advantage="None"/><text>In this sense, theoretical predictions of the adhesion process based on interaction free energy calculations have been compared with experimental adhesion results in different investigations.<REF TYPE="P" ID="cit10 cit12">10,12</REF></text></s> <s sid="20"><CoreSc1 atype="GSC" type="Met" conceptID="Met2" novelty="Old" advantage="Yes"/><text>The positive correlation between both magnitudes could help to predict and consequently control biofilm formation.</text></s></P><P><s sid="21"><CoreSc1 atype="GSC" type="Mod" conceptID="Mod1" novelty="None" advantage="None"/><text>The interaction free energy between a particle (in this case bacterium) and a surface is described, from a theoretical point of view, as the sum of the Lifshitz–van der Waals, acid–base and electrical interaction free energies.<REF TYPE="P" ID="cit13 cit14">13,14</REF></text></s> <s sid="22"><CoreSc1 atype="GSC" type="Mod" conceptID="Mod1" novelty="None" advantage="None"/><text>This theory, known as the extended DLVO (X-DLVO: Derjaguin, Landau, Verwey and Overbeek), provides the dependence of the interaction free energy with the separation distance.</text></s> <s sid="23"><CoreSc1 atype="GSC" type="Mod" conceptID="Mod1" novelty="None" advantage="None"/><text>The long-range Lifshitz–van der Waals and the short-range acid–base forces are obtained through the surface free energy of both interacting surfaces, expressed as the sum of the Lifshitz–van der Waals and acid–base surface free energy components (<IT>γ</IT><SP>LW</SP> and <IT>γ</IT><SP>AB</SP>, respectively).</text></s> <s sid="24"><CoreSc1 atype="GSC" type="Met" conceptID="Met3" novelty="Old" advantage="None"/><text>Both components are calculated from the contact angles that probe liquids form on lawns of bacteria deposited on filters.</text></s> <s sid="25"><CoreSc1 atype="GSC" type="Met" conceptID="Met4" novelty="Old" advantage="None"/><text>The electrical interaction free energy is obtained from the zeta potential (<IT>ζ</IT>) of bacteria and substrata.</text></s></P><P><s sid="26"><CoreSc1 atype="GSC" type="Bac" conceptID="Bac6" novelty="None" advantage="None"/><text>In relation to bacterial adhesion, there are different methods to quantify the adhesion of microorganisms to biomaterials.</text></s> <s sid="27"><CoreSc1 atype="GSC" type="Met" conceptID="Met5" novelty="Old" advantage="None"/><text>Static and dynamic adhesion-based tests are the most commonly used.<REF TYPE="P" ID="cit10">10</REF></text></s> <s sid="28"><CoreSc1 atype="GSC" type="Met" conceptID="Met5" novelty="Old" advantage="No"/><text>However, static tests have been criticised because they neglect the conditions of flow that bacteria find in different parts of the human body and because they usually need a biochemical method to permit the count of the adhered bacteria.</text></s> <s sid="29"><CoreSc1 atype="GSC" type="Met" conceptID="Met6" novelty="New" advantage="None"/><text>This work therefore utilises a flow chamber to carry out the adhesion of <IT>E. faecalis</IT> to glass, allowing a live observation of microorganisms adhered to solid substrata.</text></s></P><P><s sid="30"><CoreSc1 atype="GSC" type="Goa" conceptID="Goa3" novelty="None" advantage="None"/><text>In line with the above explanation, the goal of this work is the physico-chemical characterisation of <IT>E. faecalis</IT> ATCC29212 through measurements of water, formamide and diiodomethane contact angles and zeta potential determinations at 37 °C.</text></s> <s sid="31"><CoreSc1 atype="GSC" type="Exp" conceptID="Exp1" novelty="None" advantage="None"/><text>The incubation of cells is carried out in a standard culture medium (TSB) and TSB supplemented with serum or urine, in order to simulate the physiological conditions in which bacteria cause infections.</text></s> <s sid="32"><CoreSc1 atype="GSC" type="Exp" conceptID="Exp2" novelty="None" advantage="None"/><text>The theoretical predictions of the adhesion process of such microorganisms to glass, defined by the X-DLVO, are verified with the adhesion experiments carried out in a parallel plate flow chamber at 37 °C.</text></s></P></DIV><DIV DEPTH="1"><HEADER HEADER_MARKER="2.">Experimental</HEADER><DIV DEPTH="2"><HEADER>Bacteria preparation process</HEADER><P><s sid="33"><CoreSc1 atype="GSC" type="Exp" conceptID="Exp3" novelty="None" advantage="None"/><text><IT>E. faecalis</IT> ATCC29212 bacteria were stored at −80 °C in porous beads (Microbank, Pro-Lab Diagnostics, Austin, Texas, USA).</text></s> <s sid="34"><CoreSc1 atype="GSC" type="Exp" conceptID="Exp4" novelty="None" advantage="None"/><text>From the frozen stock, blood agar plates were inoculated and incubated at 37 °C to obtain cultures.</text></s> <s sid="35"><CoreSc1 atype="GSC" type="Exp" conceptID="Exp5" novelty="None" advantage="None"/><text>Bacteria were incubated overnight in 100 ml of urine-free Trypticase Soy Broth (TSB) (BBL, Becton Dickinson, Cockeysville, Maryland, USA) or TSB containing 10% human serum or 50% human urine at 37 °C.</text></s> <s sid="36"><CoreSc1 atype="GSC" type="Exp" conceptID="Exp6" novelty="None" advantage="None"/><text>The cells were harvested by centrifugation at 37 °C for 5 min at 1000 g (Sorvall TC6, Dulont, Newtown, Pennsylvania, USA) and washed three times with phosphate buffer saline (PBS, 0.15 mol l<SP>−1</SP>) for flow experiments and with water (Millipore, Mosheim, France) for contact angle measurements.</text></s></P></DIV><DIV DEPTH="2"><HEADER>Serum and urine collection</HEADER><P><s sid="37"><CoreSc1 atype="GSC" type="Exp" conceptID="Exp7" novelty="None" advantage="None"/><text>Serum and urine were collected from 5 healthy men, between the ages of 20 and 45.</text></s> <s sid="38"><CoreSc1 atype="GSC" type="Exp" conceptID="Exp8" novelty="None" advantage="None"/><text>They were pooled and sterilised by filtration employing 0.45 μm pore-size filters (Millipore, Mosheim, Francia) and volumes of approximately 10 ml and 50 ml of sterile serum and urine, respectively were stored at −20 °C in sterile flasks.</text></s> <s sid="39"><CoreSc1 atype="GSC" type="Exp" conceptID="Exp9" novelty="None" advantage="None"/><text>Prior to use, the flasks were warmed at room temperature.</text></s></P></DIV><DIV DEPTH="2"><HEADER>Adhesion experiments—the flow chamber</HEADER><P><s sid="40"><CoreSc1 atype="GSC" type="Exp" conceptID="Exp10" novelty="None" advantage="None"/><text>Glass (Menzel-Glaser, Braunschweig, Germany) was employed as the substratum for the adhesion experiments in the parallel plate flow chamber.</text></s> <s sid="41"><CoreSc1 atype="GSC" type="Exp" conceptID="Exp11" novelty="None" advantage="None"/><text>It was cleaned by sonication for 5 min in 2% v/v commercially available surfactant solution (Vilenet, Vileda Iberica, Barcelona, Spain), rinsed thoroughly with water, sonicated in water for 5 min, and finally inserted in the flow chamber.</text></s></P><P><s sid="42"><CoreSc1 atype="GSC" type="Exp" conceptID="Exp10" novelty="None" advantage="None"/><text>The parallel plate flow chamber (dimensions: <IT>l</IT> × <IT>w</IT> × <IT>h</IT> = 7.6 × 3.8 × 0.06 cm) has been described in detail before.<REF TYPE="P" ID="cit15">15</REF></text></s> <s sid="43"><CoreSc1 atype="GSC" type="Exp" conceptID="Exp12" novelty="None" advantage="None"/><text>For enumeration of the adhered bacteria, the flow chamber was placed on the stage of a microscope (Leitz Diaplan, Leica, Wetzlar, Germany) equipped with a 40x ultra-long working distance objective (Leica, Wetzlar, Germany) with a numerical aperture of 0.5.</text></s> <s sid="44"><CoreSc1 atype="GSC" type="Exp" conceptID="Exp13" novelty="None" advantage="None"/><text>The images obtained from the microscope focussed on microorganisms adhered to the bottom plate of the flow chamber were registered by a CCD camera (Hitachi, Tokyo, Japan).</text></s> <s sid="45"><CoreSc1 atype="GSC" type="Exp" conceptID="Exp14" novelty="None" advantage="None"/><text>Images were recorded in sets of three images, captured at intervals of a tenth of a second.</text></s> <s sid="46"><CoreSc1 atype="GSC" type="Met" conceptID="Met7" novelty="New" advantage="None"/><text>Adhered bacteria were identified from non-adhered ones by comparing the three images and counting the fixed bacteria.</text></s> <s sid="47"><CoreSc1 atype="GSC" type="Exp" conceptID="Exp15" novelty="None" advantage="None"/><text>An image covered a surface area of 0.025 mm<SP>2</SP>.</text></s></P><P><s sid="48"><CoreSc1 atype="GSC" type="Exp" conceptID="Exp16" novelty="None" advantage="None"/><text>Experimentally, <IT>E. faecalis</IT> ATCC29212 bacterium grown in TSB or in TSB with serum or urine, were suspended in PBS to a concentration of 3 × 10<SP>8</SP> cells ml<SP>−1</SP> and the suspension flowed through the system at 37 °C for 4 h.</text></s> <s sid="49"><CoreSc1 atype="GSC" type="Exp" conceptID="Exp17" novelty="None" advantage="None"/><text>A pulse-free flow (0.034 ml s<SP>−1</SP>) was created by the hydrostatic pressure, and the suspension was recirculated by a Miniplus 2 peristaltic pump (Gilson, Villers le Bel, France).</text></s> <s sid="50"><CoreSc1 atype="GSC" type="Exp" conceptID="Exp18" novelty="None" advantage="None"/><text>During the first 30 min of adhesion, a large number of images were taken to determine the initial deposition rate, after that images were taken every 10 min approximately up to 4 h.</text></s></P><P><s sid="51"><CoreSc1 atype="GSC" type="Met" conceptID="Met8" novelty="New" advantage="None"/><text>Experiments were repeated at least three times with separately cultured bacteria.</text></s> <s sid="52"><CoreSc1 atype="GSC" type="Met" conceptID="Met9" novelty="New" advantage="None"/><text>The numbers of adhered bacteria were compared using an unpaired Students <IT>t</IT>-test.</text></s> <s sid="53"><CoreSc1 atype="GSC" type="Met" conceptID="Met9" novelty="New" advantage="None"/><text>Changes were statistically significant if <IT>P</IT> &lt; 0.05.</text></s> <s sid="54"><CoreSc1 atype="GSC" type="Met" conceptID="Met9" novelty="New" advantage="None"/><text><IT>P</IT> gives the probability of observing differences between samples means when the confidence interval selected is of 95%.</text></s></P></DIV><DIV DEPTH="2"><HEADER>Contact angle measurements. Surface energy calculations. Interaction free energy</HEADER><P><s sid="55"><CoreSc1 atype="GSC" type="Met" conceptID="Met10" novelty="Old" advantage="None"/><text>Water (Milli-Q Plus), formamide (puriss &gt; 99.0%, Fluka, Switzerland) and diiodomethane (purum &gt; 98%, Fluka, Switzerland) contact angles on lawns of partially dried bacteria at 37 °C without the residual water were determined using the sessile drop technique.<REF TYPE="P" ID="cit16">16</REF></text></s> <s sid="56"><CoreSc1 atype="GSC" type="Exp" conceptID="Exp19" novelty="None" advantage="None"/><text>The values of the Lifshitz–van der Waals (LW) surface tension component (<IT>γ</IT><SP>LW</SP>), electron-donor (<IT>γ</IT><SP>−</SP>) and electron-acceptor (<IT>γ</IT><SP>+</SP>) parameters of the acid–base (AB) surface tension component (<IT>γ</IT><SP>AB</SP>) of these three liquids at 37 °C are the following: for water <IT>γ</IT><SP>LW</SP> = 20.3 mJ m<SP>−2</SP>, <IT>γ</IT><SP>−</SP> = 25.0 mJ m<SP>−2</SP>, <IT>γ</IT><SP>+</SP> = 25.0 mJ m<SP>−2</SP>, <IT>γ</IT><SP>AB</SP> = 50.0 mJ m<SP>−2</SP>; for formamide <IT>γ</IT><SP>LW</SP> = 36.7 mJ m<SP>−2</SP>, <IT>γ</IT><SP>−</SP> = 38.3 mJ m<SP>−2</SP>, <IT>γ</IT><SP>+</SP> = 2.2 mJ m<SP>−2</SP>, <IT>γ</IT><SP>AB</SP> = 18.4 mJ m<SP>−2</SP> for diiodomethane <IT>γ</IT><SP>LW</SP> = 48.1 mJ m<SP>−2</SP>, <IT>γ</IT><SP>−</SP> = 0.0 mJ m<SP>−2</SP>, <IT>γ</IT><SP>+</SP> = 0.7 mJ m<SP>−2</SP>, <IT>γ</IT><SP>AB</SP> = 0.0 mJ m<SP>−2</SP> being calculated in terms of the constant relation for the <IT>γ</IT><SP>+</SP> and <IT>γ</IT><SP>−</SP> parameters for water.<REF TYPE="P" ID="cit17">17</REF></text></s></P><P><s sid="57"><CoreSc1 atype="GSC" type="Exp" conceptID="Exp20" novelty="None" advantage="None"/><text>Briefly, bacteria suspended in demineralised water were layered onto 0.45 μm pore size filters (Millipore, Molsheim, France) using a negative pressure.</text></s> <s sid="58"><CoreSc1 atype="GSC" type="Exp" conceptID="Exp21" novelty="None" advantage="None"/><text>Filters were left to air dry at 37 °C for 45 min.</text></s> <s sid="59"><CoreSc1 atype="GSC" type="Bac" conceptID="Bac7" novelty="None" advantage="None"/><text>The time of drying was the time at the “plateau contact angles” (<IT>θ</IT>) could be measured,<REF TYPE="P" ID="cit17">17</REF> and has been checked previously.</text></s> <s sid="60"><CoreSc1 atype="GSC" type="Exp" conceptID="Exp22" novelty="None" advantage="None"/><text>After that, the filters were introduced in an environmental chamber G211 (krüss, Hamburg, Germany), connected to a thermostat to maintain the temperature at 37 °C.</text></s> <s sid="61"><CoreSc1 atype="GSC" type="Exp" conceptID="Exp23" novelty="None" advantage="None"/><text>Before measuring the contact angle with a probe liquid, the chamber was allowed to saturate with vapour of the liquid employed.</text></s> <s sid="62"><CoreSc1 atype="GSC" type="Met" conceptID="Met11" novelty="New" advantage="None"/><text>Subsequently, the contact angles were obtained analysing the images captured with a computer.</text></s></P><P><s sid="63"><CoreSc1 atype="GSC" type="Met" conceptID="Met12" novelty="Old" advantage="None"/><text>The surface free energy components, <IT>γ</IT><SP>LW</SP>, , were calculated from the three-equation system by applying the Young–Dupré equation to each probe liquid (L): where <IT>γ</IT><SB>L</SB> = <IT>γ</IT>LWL + <IT>γ</IT>ABL is the surface tension of the probe liquid and the subscript B denotes bacteria.</text></s></P><P><s sid="64"><CoreSc1 atype="GSC" type="Met" conceptID="Met13" novelty="Old" advantage="None"/><text>The total interaction free energy, Δ<IT>G</IT><SP>T</SP>, between microorganisms and substrata through water (W) as a function of the separation distance (<IT>d</IT>) is calculated by the sum of the Lifshitz–van der Waals (LW), the acid–base (AB) and the electrical interaction free energies (Δ<IT>G</IT><SP>LW</SP>, Δ<IT>G</IT><SP>AB</SP> and Δ<IT>G</IT><SP>EL</SP>, respectively) as proposed by the extended DLVO theory (X-DLVO).<REF TYPE="P" ID="cit13 cit14">13,14</REF></text></s> <s sid="65"><CoreSc1 atype="GSC" type="Met" conceptID="Met13" novelty="Old" advantage="None"/><text>These three components are calculated as follows.</text></s></P><P><s sid="66"><CoreSc1 atype="GSC" type="Met" conceptID="Met13" novelty="Old" advantage="None"/><text>Expression of Δ<IT>G</IT><SP>LW</SP>: <IT>A</IT> is the Hamaker constant, <IT>A</IT> = −12π<IT>d</IT>20Δ<IT>G</IT>LWadh, <IT>a</IT> is the microorganism radius, <IT>d</IT><SB>0</SB> the distance of the closest approach between two surfaces and Δ<IT>G</IT>LWadh is obtained through the Lifshitz–van der Waals surface free energy as follows, subscripts <IT>B</IT> and <IT>S</IT> being bacterium and substratum, respectively, and <IT>W</IT> indicates that surface free energy of the suspending liquid is nearly equal to water.</text></s></P><P><s sid="67"><CoreSc1 atype="GSC" type="Met" conceptID="Met13" novelty="Old" advantage="None"/><text>Expression of Δ<IT>G</IT><SP>AB</SP>: Expression of Δ<IT>G</IT><SP>EL</SP>: <IT>ε</IT><SB>0</SB> is the dielectric constant of the vacuum and <IT>ε</IT><SB>r</SB> the relative dielectric constant of the suspending liquid.</text></s> <s sid="68"><CoreSc1 atype="GSC" type="Met" conceptID="Met13" novelty="Old" advantage="None"/><text><IT>ζ</IT><SB>B</SB> and <IT>ζ</IT><SB>S</SB> are the zeta potentials of bacteria and substrata and the subscript S denotes substratum.</text></s></P><P><s sid="69"><CoreSc1 atype="GSC" type="Met" conceptID="Met13" novelty="Old" advantage="None"/><text>Interaction free energies predict favourable adhesion when they are negative and no adhesion when they are positive.</text></s></P></DIV></DIV><DIV DEPTH="1"><HEADER HEADER_MARKER="3.">Results and discussion</HEADER><P><s sid="70"><CoreSc1 atype="GSC" type="Obs" conceptID="Obs2" novelty="None" advantage="None"/><text>The addition of serum and urine to the growth medium of <IT>E. faecalis</IT> ATCC29212 involves a series of changes in its physico-chemical surface properties and adhesion behaviour as the following tables and figures indicate.</text></s></P><DIV DEPTH="2"><HEADER>Physico-chemical surface properties</HEADER><P><s sid="71"><CoreSc1 atype="GSC" type="Obs" conceptID="Obs3" novelty="None" advantage="None"/><text>The first columns of Table 1 contain the water, formamide and diiodomethane contact angles measured at 37 °C on lawns of bacteria grown in TSB (control), TSB with 10% serum and TSB plus 50% urine.</text></s> <s sid="72"><CoreSc1 atype="GSC" type="Obs" conceptID="Obs3" novelty="None" advantage="None"/><text>Serum increases the water contact angle of microorganisms which, in terms of hydrophobicity, means that under such a condition <IT>E. faecalis</IT> becomes more hydrophobic.<REF TYPE="P" ID="cit16 cit18">16,18</REF></text></s> <s sid="73"><CoreSc1 atype="GSC" type="Obs" conceptID="Obs4" novelty="None" advantage="None"/><text>On the other hand, urine has no effect on the surface hydrophobicity of the studied bacteria, which remains invariable compared to that of the control, within the experimental error.</text></s> <s sid="74"><CoreSc1 atype="GSC" type="Res" conceptID="Res3" novelty="None" advantage="None"/><text>The formamide contact angle does not depend on the constituents of the growth medium, while the diiodomethane contact angle only changes for urine-grown cells.</text></s> <s sid="75"><CoreSc1 atype="GSC" type="Met" conceptID="Met12" novelty="Old" advantage="None"/><text>These contact angles of the probe liquids provide, through eqn. (1), the components and parameters of the surface free energy of the cells, which also appear in Table 1.</text></s> <s sid="76"><CoreSc1 atype="GSC" type="Res" conceptID="Res4" novelty="None" advantage="None"/><text>Serum-grown cells have the highest Lifshitz–van der Waals surface free energy component, but the lowest acid–base surface free energy component, making the total surface free energy in this case very similar to that of the control and urine-grown cells.</text></s> <s sid="77"><CoreSc1 atype="GSC" type="Res" conceptID="Res5" novelty="None" advantage="None"/><text>The asymmetry found between the electron-donor and electron-acceptor parameters of <IT>γ</IT><SP>AB</SP> is very similar in the cases of the control and urine-grown cells and very much higher than that for serum-grown cells.</text></s> <s sid="78"><CoreSc1 atype="GSC" type="Con" conceptID="Con2" novelty="None" advantage="None"/><text>According to Van Oss <IT>et al.</IT>,<REF TYPE="P" ID="cit19">19</REF> this result emphasises the higher hydrophobicity of serum-grown cells compared to the other two samples studied, taking into account that the degree of asymmetry between <IT>γ</IT><SP>+</SP> and <IT>γ</IT><SP>−</SP> is an indicator of the level of hydrophilicity.</text></s></P><P><s sid="79"><CoreSc1 atype="GSC" type="Con" conceptID="Con3" novelty="None" advantage="None"/><text>The change that serum introduces in the cellular surface hydrophobicity of cells is in agreement with the results obtained by microbial adhesion to hydrocarbons (MATH method) and recently published by this group.<REF TYPE="P" ID="cit20">20</REF></text></s></P><P><s sid="80"><CoreSc1 atype="GSC" type="Obs" conceptID="Obs5" novelty="None" advantage="None"/><text>In relation to the electrical characterization of the cell surface, the last column of Table 1 presents the values of the zeta potential of bacteria when they are suspended in PBS, a liquid also employed in the adhesion experiments.</text></s> <s sid="81"><CoreSc1 atype="GSC" type="Obs" conceptID="Obs5" novelty="None" advantage="None"/><text>The data show that, within the experimental error, the addition of urine to the culture medium produces a very small increase in the effective negative charge on the bacterial surface, while the addition of serum makes the net negative charge higher.</text></s> <s sid="82"><CoreSc1 atype="GSC" type="Bac" conceptID="Bac8" novelty="None" advantage="None"/><text>It is interesting to point out that when we say that <IT>ζ</IT> is a measure of the effective charge, we mean that it measures the electrical potential which one particle manifests when it approaches another particle.</text></s> <s sid="83"><CoreSc1 atype="GSC" type="Bac" conceptID="Bac8" novelty="None" advantage="None"/><text>In this context, it is the quantity which characterises the electrical force between the approaching particles, as can be verified below.</text></s></P><P><s sid="84"><CoreSc1 atype="GSC" type="Bac" conceptID="Bac9" novelty="None" advantage="None"/><text>Additional information on the surface charge of the microorganisms is provided by the isoelectric point (i.e.p.), which measures the value of the pH when the net surface charge is equal to zero.</text></s> <s sid="85"><CoreSc1 atype="GSC" type="Obs" conceptID="Obs6" novelty="None" advantage="None"/><text>Thereby, Fig. 1(a) shows the zeta potential <IT>versus</IT> pH for the three cases studied, when cells are suspended in KPi—buffer of low ionic strength, with physiological properties and widely used in determining the i.e.p. of biological samples.<REF TYPE="P" ID="cit21 cit22">21,22</REF></text></s> <s sid="86"><CoreSc1 atype="GSC" type="Obs" conceptID="Obs6" novelty="None" advantage="None"/><text>When urine is added to the culture medium, the <IT>ζ</IT>–pH curve is in most cases similar to that of the control, with the exception of those points obtained around pH 3.3.</text></s> <s sid="87"><CoreSc1 atype="GSC" type="Obs" conceptID="Obs7" novelty="None" advantage="None"/><text>Nevertheless, serum diminishes the net surface charge of <IT>E. faecalis</IT> over the entire pH range.</text></s> <s sid="88"><CoreSc1 atype="GSC" type="Res" conceptID="Res6" novelty="None" advantage="None"/><text>These graphs indicate that the i.e.p.s of control and urine-grown cells are nearly equal (1.9 and 2.0, respectively), while the i.e.p. of serum-grown cells is higher and equal to 2.9.</text></s> <s sid="89"><CoreSc1 atype="GSC" type="Obj" conceptID="Obj1" novelty="New" advantage="None"/><text>We also determined the i.e.p. when cells were suspended in the same liquid as that employed in the adhesion experiments, <IT>i.e.</IT> PBS, a liquid with a higher ionic strength.</text></s> <s sid="90"><CoreSc1 atype="GSC" type="Obs" conceptID="Obs8" novelty="None" advantage="None"/><text>The results are presented in Fig. 1(b).</text></s> <s sid="91"><CoreSc1 atype="GSC" type="Res" conceptID="Res7" novelty="None" advantage="None"/><text>Firstly, it has to be mentioned that the amount of acid or base required to change the pH of PBS suspensions was very much higher than in the case of KPi, due to the higher stability of the buffer PBS.</text></s> <s sid="92"><CoreSc1 atype="GSC" type="Res" conceptID="Res8" novelty="None" advantage="None"/><text>Despite the fact that PBS makes the curves less pronounced than those obtained with KPi, because of the reduction in the net surface charge of microorganisms (due to the compression of the electrical double layer), the effects of serum and urine on the zeta potential are similar to those observed in the case of KPi.</text></s> <s sid="93"><CoreSc1 atype="GSC" type="Con" conceptID="Con4" novelty="None" advantage="None"/><text>This means that urine does not introduce important changes in <IT>ζ</IT> over the entire pH range selected, while serum makes the microbial surface less negatively charged, especially at low pHs.</text></s> <s sid="94"><CoreSc1 atype="GSC" type="Res" conceptID="Res9" novelty="None" advantage="None"/><text>Based on the curves (Fig. 1(b)), it can be seen that neither the control nor the urine-grown cells have their i.e.p.s in the pH range studied, while the i.e.p. of serum-grown cells is approximately 1.8, a unit less than with KPi, in agreement with the ionic characteristics of both suspending liquids.</text></s></P><P><s sid="95"><CoreSc1 atype="GSC" type="Res" conceptID="Res10" novelty="None" advantage="None"/><text>The increase in the i.e.p. of serum-grown cells with respect to the control and the invariability of the i.e.p. in the case of the urine-grown cells is positively correlated with the higher and equal hydrophobicity of serum-grown cells and urine-grown cells, respectively, compared to that of the control.</text></s></P><P><s sid="96"><CoreSc1 atype="GSC" type="Bac" conceptID="Bac10" novelty="None" advantage="None"/><text>In addition to the previous analysis of the i.e.p. as a magnitude to characterise the electrical behaviour of the cell surface, the i.e.p. value has been related by several authors to chemical components of the bacterial surface such as proteins.<REF TYPE="P" ID="cit11 cit23 cit24">11,23,24</REF></text></s> <s sid="97"><CoreSc1 atype="GSC" type="Bac" conceptID="Bac10" novelty="None" advantage="None"/><text>It is widely accepted that a direct relation between i.e.p.s and the ratio nitrogen–carbon (N/C, determined by X-ray electron spectroscopy) exists.<REF TYPE="P" ID="cit11 cit23 cit24">11,23,24</REF></text></s> <s sid="98"><CoreSc1 atype="GSC" type="Bac" conceptID="Bac10" novelty="None" advantage="None"/><text>The explanation is based on the excess of amino groups, NH<SB>4</SB><SP>+</SP>, positively charged, against phosphate groups, PO<SB>4</SB><SP>3−</SP>, negatively charged on the bacterial surface.</text></s> <s sid="99"><CoreSc1 atype="GSC" type="Bac" conceptID="Bac10" novelty="None" advantage="None"/><text>This picture causes a reduction in the net value of <IT>ζ</IT> over the pHs, with the consequent increase in the i.e.p..</text></s> <s sid="100"><CoreSc1 atype="GSC" type="Bac" conceptID="Bac10" novelty="None" advantage="None"/><text>Some authors<REF TYPE="P" ID="cit11 cit24">11,24</REF> have related the increase in NH<SB>4</SB><SP>+</SP> groups (and also the i.e.p. increase) with a rise in the number of proteins exposed to the bacterial surface which, due to their hydrophobic character, contributes to an increase in the cellular surface hydrophobicity.</text></s> <s sid="101"><CoreSc1 atype="GSC" type="Con" conceptID="Con5" novelty="None" advantage="None"/><text>This result is in total agreement with the hydrophobic behaviour of <IT>E. faecalis</IT> as shown in the first column of Table 1, where serum-grown cells are presented as the most hydrophobic microorganisms.</text></s> <s sid="102"><CoreSc1 atype="GSC" type="Con" conceptID="Con6" novelty="None" advantage="None"/><text>The effect of serum on the hydrophobicity of the cell surface of enterococci is in agreement with the results obtained by Ljungh and Wadstrom<REF TYPE="P" ID="cit25">25</REF> when they determined the hydrophobicity of different microorganisms (among them <IT>E. faecalis</IT>) grown with serum.</text></s> <s sid="103"><CoreSc1 atype="GSC" type="Bac" conceptID="Bac11" novelty="None" advantage="None"/><text>Nevertheless, these authors could not attribute the phenomenon to a specific serum compound.</text></s> <s sid="104"><CoreSc1 atype="GSC" type="Con" conceptID="Con7" novelty="None" advantage="None"/><text>The direct relation between i.e.p. and hydrophobicity found in this work, in addition to the correlations between i.e.p., hydrophobicity and NH<SB>4</SB><SP>+</SP> obtained by our group and other researchers in previous studies, may indicate that the presence of proteins, contained in serum, on the bacterial surface is responsible for the increase in cellular surface hydrophobicity of serum-grown bacteria.</text></s></P></DIV><DIV DEPTH="2"><HEADER>Theoretical predictions and experimental results of adhesion</HEADER><P><s sid="105"><CoreSc1 atype="GSC" type="Goa" conceptID="Goa4" novelty="None" advantage="None"/><text>The main objective when analysing the physico-chemical surface parameters of <IT>E. faecalis</IT> grown in TSB and TSB supplemented with serum or urine is to check whether they are able to predict the initial adhesion of the microorganisms.</text></s> <s sid="106"><CoreSc1 atype="GSC" type="Bac" conceptID="Bac12" novelty="None" advantage="None"/><text>On this basis, interaction free energy, obtained through the above physico-chemical surface parameters, is related to the number of adhered cells discussed in this section.</text></s></P><P><s sid="107"><CoreSc1 atype="GSC" type="Mod" conceptID="Mod2" novelty="None" advantage="None"/><text>When a bacterium approaches a surface, the value of the interaction free energy, Δ<IT>G</IT><SP>T</SP>, is a function of the separation distance between both phases, as described by the extended DLVO theory (X-DLVO).</text></s> <s sid="108"><CoreSc1 atype="GSC" type="Mod" conceptID="Mod2" novelty="None" advantage="None"/><text>When representing Δ<IT>G</IT><SP>T</SP><IT>versus</IT> the separation distance (<IT>d</IT>) many systems present two minima, one called the secondary minimum (in most cases no higher than 100 <IT>kT</IT>, <IT>k</IT> and <IT>T</IT> being Boltman's constant and absolute temperature, respectively) and the other called the primary minimum, located at shorter distances, much deeper and separated from the secondary minimum by a potential barrier (in the order of some tens of <IT>kT</IT>).</text></s> <s sid="109"><CoreSc1 atype="GSC" type="Bac" conceptID="Bac13" novelty="None" advantage="None"/><text>The state of stable equilibrium corresponds to the primary minimum and the ‘jump’ from the secondary to the primary minimum is relatively easy for cells, which use in their metabolism an amount of energy in the range of 10<SP>6</SP>–10<SP>8</SP><IT>kT.</IT><REF TYPE="P" ID="cit26">26</REF></text></s> <s sid="110"><CoreSc1 atype="GSC" type="Met" conceptID="Met14" novelty="Old" advantage="None"/><text>When calculating the Δ<IT>G</IT><SP>T</SP> in biological systems to predict non-specific bacterial adhesion, the minimal separation distance (1.57 Å) between cells and substrata is estimated in order to form a new interface.<REF TYPE="P" ID="cit27">27</REF></text></s> <s sid="111"><CoreSc1 atype="GSC" type="Met" conceptID="Met14" novelty="Old" advantage="No"/><text>This implies that bacteria falls into the primary minimum, an assumption that cannot be completely true if the primary minimum does not exist.</text></s></P><P><s sid="112"><CoreSc1 atype="GSC" type="Met" conceptID="Met15" novelty="New" advantage="None"/><text>This reasoning led us in this work to take into account not only the value of Δ<IT>G</IT><SP>T</SP> at 1.57 Å but also to draw the Δ<IT>G</IT><SP>T</SP> curves as a function of the separation distances between the interacting surfaces.</text></s> <s sid="113"><CoreSc1 atype="GSC" type="Obs" conceptID="Obs9" novelty="None" advantage="None"/><text>The graphics are presented in Figs. 2–4, each relating to one of the samples studied.</text></s></P><P><s sid="114"><CoreSc1 atype="GSC" type="Res" conceptID="Res11" novelty="None" advantage="None"/><text>At first glance, one can observe the similarity between Figs. 2 and 4, corresponding to control and urine-grown cells, while Fig. 3 appears very different from the others, not only at high separation distances but also when in close approximation (compare Figs. 2(a), 3(a) and 4(a) and Figs. 2(b), 3(b) and 4(b)).</text></s> <s sid="115"><CoreSc1 atype="GSC" type="Con" conceptID="Con8" novelty="None" advantage="None"/><text>This result is well correlated with all the data belonging to the previously mentioned physico-chemical characterisation of the cells, in which control and urine-grown cells behave in a similar way and differently from serum-grown cells.</text></s> <s sid="116"><CoreSc1 atype="GSC" type="Res" conceptID="Res12" novelty="None" advantage="None"/><text>On analysing each type of force as a function of the separation distance, Lifshitz–van der Waals interaction free energy governs the interaction between <IT>E. faecalis</IT> and glass at high separation distances (this is clearly verified from 50 Å for all the cases studied).</text></s> <s sid="117"><CoreSc1 atype="GSC" type="Res" conceptID="Res13" novelty="None" advantage="None"/><text>At intermediate distances (from approximately 10 Å to 50 Å), the Lifshitz–van der Waals and mainly the electrical force control the sign and magnitude of the total interaction free energy, while at short distances (below 10 Å, see especially Figs denoted with (b)) the acid–base force is the dominant interaction.</text></s> <s sid="118"><CoreSc1 atype="GSC" type="Obs" conceptID="Obs10" novelty="None" advantage="None"/><text>With respect to the shape of Δ<IT>G</IT><SP>T</SP>, serum-grown cells exhibit a deep primary minimum (Fig. 2(b)), while control and urine-grown cells lack this potential well.</text></s> <s sid="119"><CoreSc1 atype="GSC" type="Res" conceptID="Res14" novelty="None" advantage="None"/><text>This fact implies, from a physico-chemical point of view, that serum-grown cells would have a far higher initial adhesion to glass than in the other cases.</text></s> <s sid="120"><CoreSc1 atype="GSC" type="Hyp" conceptID="Hyp1" novelty="None" advantage="None"/><text>The high potential barrier that control and urine-grown cells have at the minimal separation distance means that the bacteria are not able to reach this state and so, from a theoretical point of view, the adhesion to glass of <IT>E. faecalis</IT> grown in TSB and in TSB supplemented with urine is not possible.</text></s> <s sid="121"><CoreSc1 atype="GSC" type="Hyp" conceptID="Hyp1" novelty="None" advantage="None"/><text>The cells in the last two cases would remain in the secondary minimum, which for the control is about −6 <IT>kT</IT> and for urine-grown cells −0.5 <IT>kT</IT>, at distances of 35 Å and 59 Å, respectively, far from the minimal interaction distance required to form a new interface.</text></s></P><P><s sid="122"><CoreSc1 atype="GSC" type="Met" conceptID="Met16" novelty="New" advantage="None"/><text>In order to validate the theory, the interaction free energy of the adhesion process of <IT>E. faecalis</IT> to glass should be checked with the experimental adhesion data.</text></s> <s sid="123"><CoreSc1 atype="GSC" type="Obs" conceptID="Obs11" novelty="None" advantage="None"/><text>In this sense, Fig. 5 represents the number of adhered cells per square centimetre throughout the adhesion period in a parallel plate flow chamber.</text></s> <s sid="124"><CoreSc1 atype="GSC" type="Res" conceptID="Res15" novelty="None" advantage="None"/><text>It can be clearly seen that the adhesion to glass of <IT>E. faecalis</IT> grown with serum is higher than that of the control and urine-grown cells (<IT>P</IT> &lt; 0.05), the last two cases being mostly similar (<IT>P</IT> &gt; 0.05).</text></s> <s sid="125"><CoreSc1 atype="GSC" type="Con" conceptID="Con9" novelty="None" advantage="None"/><text>These adhesion data are in good agreement with the theoretical predictions of adhesion dictated by the X-DLVO theory, in the sense that Δ<IT>G</IT> values anticipate favourable adhesion to glass of serum-grown cells against the control or urine-grown bacteria.</text></s> <s sid="126"><CoreSc1 atype="GSC" type="Con" conceptID="Con10" novelty="None" advantage="None"/><text>In these last two cases, adhesion is expected to be similar between them and lower than serum-grown cells.</text></s></P></DIV></DIV><DIV DEPTH="1"><HEADER HEADER_MARKER="4.">Conclusion</HEADER><P><s sid="127"><CoreSc1 atype="GSC" type="Con" conceptID="Con11" novelty="None" advantage="None"/><text>The present study brings to light that components of serum modify the physico-chemical surface of <IT>E. faecalis</IT> by enhancing its hydrophobicity, isoelectric point and by changing the components and parameters of the surface free energy.</text></s> <s sid="128"><CoreSc1 atype="GSC" type="Con" conceptID="Con12" novelty="None" advantage="None"/><text>Such changes predict a favourable adhesion to glass taking into account the X-DLVO theory, which is in agreement with the experimental adhesion data.</text></s> <s sid="129"><CoreSc1 atype="GSC" type="Con" conceptID="Con13" novelty="None" advantage="None"/><text>On the other hand, the supplementation of the culture medium with urine does not produce any effect on the hydrophobicity and surface charge of microorganisms, as shown by the similar adhesion curves obtained for this sample and that of the control.</text></s></P><P><s sid="130"><CoreSc1 atype="GSC" type="Con" conceptID="Con14" novelty="None" advantage="None"/><text>This work can help to deepen in the knowledge of the infections by <IT>E. faecalis</IT>, which in the last decades has become an important nosocomial pathogen.</text></s> <s sid="131"><CoreSc1 atype="GSC" type="Con" conceptID="Con15" novelty="None" advantage="None"/><text>Its ability to modify its physico-chemical properties in the presence of serum, favouring its adhesion to inert surfaces, could, for example, explain the importance of enterococcus in endocarditis.</text></s> <s sid="132"><CoreSc1 atype="GSC" type="Con" conceptID="Con16" novelty="None" advantage="None"/><text>Moreover, enterococcal infections of the urinary tract could be related to other kinds of forces, different from physico-chemical interactions.</text></s> <s sid="133"><CoreSc1 atype="GSC" type="Con" conceptID="Con17" novelty="None" advantage="None"/><text>This last point remains unclear and warrants further investigation.</text></s></P></DIV></BODY></PAPER>