<?xml version="1.0" encoding="UTF-8"?>
<!DOCTYPE PAPER
  SYSTEM "paper-structure-annotation.dtd">
<PAPER><mode2 name="b314644h" hasDoc="yes" version="1153"/><TITLE><s sid="1"><CoreSc1 atype="GSC" type="Obj" conceptID="Obj1" novelty="New" advantage="None"/><text>Quantum free energies of the conformers of glycine on an <IT>ab initio</IT> potential energy surface<XREF TYPE="FOOTNOTE_MARKER" ID="fn1"/></text></s></TITLE><ABSTRACT><s sid="2"><CoreSc1 atype="GSC" type="Res" conceptID="Res1" novelty="None" advantage="None"/><text>The torsional path integral Monte Carlo (TPIMC) technique is used to study the five lowest-energy conformers of glycine.</text></s> <s sid="3"><CoreSc1 atype="GSC" type="Res" conceptID="Res2" novelty="None" advantage="None"/><text>The theoretical method provides an anharmonic and quantum-mechanical description of conformational free energy and is used for the first time with an <IT>ab initio</IT> potential energy surface.</text></s> <s sid="4"><CoreSc1 atype="GSC" type="Res" conceptID="Res3" novelty="None" advantage="None"/><text>The 3-dimensional torsional potential energy surface of glycine was obtained at the MP2/6-311++G** level of theory and is optimized with respect to the non-torsional degrees of freedom.</text></s> <s sid="5"><CoreSc1 atype="GSC" type="Res" conceptID="Res4" novelty="None" advantage="None"/><text>Calculated conformer populations compare well with those reported in recent matrix-isolation infrared spectroscopy experiments.</text></s> <s sid="6"><CoreSc1 atype="GSC" type="Res" conceptID="Res5" novelty="None" advantage="None"/><text>An additional conformer, not yet observed, is predicted to be heavily populated in the thermal equilibria probed by experiment, and a new explanation for its elusiveness is provided.</text></s> <s sid="7"><CoreSc1 atype="GSC" type="Res" conceptID="Res6" novelty="None" advantage="None"/><text>Quantum effects, such as zero point energy, are found to substantially alter conformer populations, and an algorithm for estimating the role of non-torsional vibrations in the conformational thermodynamics of a molecule is introduced.</text></s></ABSTRACT><BODY><DIV DEPTH="1"><HEADER HEADER_MARKER="1">Introduction</HEADER><P><s sid="8"><CoreSc1 atype="GSC" type="Bac" conceptID="Bac1" novelty="None" advantage="None"/><text>Glycine, the simplest amino acid, is a benchmark system for the experimental and theoretical determination of molecular conformation.</text></s> <s sid="9"><CoreSc1 atype="GSC" type="Bac" conceptID="Bac2" novelty="None" advantage="None"/><text>It is among the smallest compounds to exhibit intramolecular hydrogen bonds, which stabilize various structural configurations and give rise to a subtle potential energy surface.<REF TYPE="P" ID="cit1 cit2 cit3 cit4">1–4</REF></text></s> <s sid="10"><CoreSc1 atype="GSC" type="Bac" conceptID="Bac3" novelty="None" advantage="None"/><text>With flexible degrees of freedom and low-energy pathways between local minima, the potential energy surface of glycine contains the basic elements of the complex configurational landscapes which govern protein folding and other sophisticated biological processes.<REF TYPE="P" ID="cit5 cit6">5,6</REF></text></s></P><P><s sid="11"><CoreSc1 atype="GSC" type="Bac" conceptID="Bac4" novelty="None" advantage="None"/><text>In the gas phase, glycine exists in the non-zwitterionic isomer.<REF TYPE="P" ID="cit7 cit8">7,8</REF></text></s> <s sid="12"><CoreSc1 atype="GSC" type="Bac" conceptID="Bac5" novelty="None" advantage="None"/><text>Extensive theoretical analysis of the electronic structure of glycine has revealed multiple stable conformers arising from internal rotation about its three torsional degrees of freedom.<REF TYPE="P" ID="cit9 cit10 cit11 cit12 cit13 cit14 cit15 cit16 cit17 cit18">9–18</REF></text></s> <s sid="13"><CoreSc1 atype="GSC" type="Bac" conceptID="Bac6" novelty="None" advantage="None"/><text>High level <IT>ab initio</IT> calculations predict five glycine conformers to exist within 10 kJ mol<SP>−1</SP> of the global potential minimum.<REF TYPE="P" ID="cit15 cit16">15,16</REF></text></s> <s sid="14"><CoreSc1 atype="GSC" type="Bac" conceptID="Bac7" novelty="None" advantage="None"/><text>Fig. 1 presents the structures and energies of the lowest energy conformers of glycine first reported by Császár and reproduced in the current study.</text></s> <s sid="15"><CoreSc1 atype="GSC" type="Mod" conceptID="Mod1" novelty="None" advantage="None"/><text>The torsional angles <IT></IT> = (<IT>ϕ</IT><SB>1</SB>, <IT>ϕ</IT><SB>2</SB>, <IT>ϕ</IT><SB>3</SB>) in the figure indicate the coordinate of the twisting motions about the C–C bond (<IT>ϕ</IT><SB>1</SB>),the C–O single bond (<IT>ϕ</IT><SB>2</SB>), and the C–N bond (<IT>ϕ</IT><SB>3</SB>).</text></s></P><P><s sid="16"><CoreSc1 atype="GSC" type="Bac" conceptID="Bac8" novelty="None" advantage="None"/><text>Conformer I is generally calculated to be the lowest energy conformer and to have a geometry of <IT>C</IT><SB>s</SB> symmetry.<REF TYPE="P" ID="cit9">9</REF></text></s> <s sid="17"><CoreSc1 atype="GSC" type="Bac" conceptID="Bac9" novelty="None" advantage="None"/><text>However, the level of theory employed alters the prediction of whether conformer II exhibits a symmetry plane.</text></s> <s sid="18"><CoreSc1 atype="GSC" type="Bac" conceptID="Bac10" novelty="None" advantage="None"/><text>Early studies found the conformer to be symmetric, but the subsequent inclusion of electron correlation and larger basis sets revealed that the minimized geometry distorts in favor of strengthening hydrogen-bonding interactions.<REF TYPE="P" ID="cit14 cit15 cit16">14–16</REF></text></s> <s sid="19"><CoreSc1 atype="GSC" type="Bac" conceptID="Bac11" novelty="None" advantage="None"/><text>The heavy atoms of conformers III–V are all calculated to be non-planar.</text></s> <s sid="20"><CoreSc1 atype="GSC" type="Bac" conceptID="Bac12" novelty="None" advantage="None"/><text>Every glycine structure of <IT>C</IT><SB>1</SB> symmetry exhibits a mirror-image structure (with inverted torsional angles) of equivalent energy.<REF TYPE="P" ID="cit13">13</REF></text></s></P><P><s sid="21"><CoreSc1 atype="GSC" type="Bac" conceptID="Bac13" novelty="None" advantage="None"/><text>The determination of glycine conformer populations is a challenging experimental problem.</text></s> <s sid="22"><CoreSc1 atype="GSC" type="Bac" conceptID="Bac14" novelty="None" advantage="None"/><text>The structure of glycine conformers in the gas phase was first probed using microwave and millimeter wave spectroscopy.<REF TYPE="P" ID="cit19 cit20">19,20</REF></text></s> <s sid="23"><CoreSc1 atype="GSC" type="Bac" conceptID="Bac15" novelty="None" advantage="None"/><text>Because of its greater dipole moment, conformer II is more easily detected using rotational spectroscopy and was observed before the lower-energy conformer I.<REF TYPE="P" ID="cit21 cit22">21,22</REF></text></s> <s sid="24"><CoreSc1 atype="GSC" type="Bac" conceptID="Bac16" novelty="None" advantage="None"/><text>Other glycine conformers have not been found using millimeter wave or microwave spectroscopy, most likely because they interconvert to conformer I during the free jet expansion step of the experiments.<REF TYPE="P" ID="cit23 cit24">23,24</REF></text></s> <s sid="25"><CoreSc1 atype="GSC" type="Bac" conceptID="Bac17" novelty="None" advantage="None"/><text>Conformer interconversion is a shift in the population of molecules from one conformer to another during the cooling period between thermal equilibration and experimental observation.<REF TYPE="P" ID="cit25">25</REF></text></s></P><P><s sid="26"><CoreSc1 atype="GSC" type="Bac" conceptID="Bac18" novelty="None" advantage="None"/><text>A gas-phase electron diffraction study of the glycine conformers also identified at least two conformers of glycine.<REF TYPE="P" ID="cit8">8</REF></text></s> <s sid="27"><CoreSc1 atype="GSC" type="Bac" conceptID="Bac19" novelty="None" advantage="None"/><text>In principle, this technique enables direct observation of the thermal population distribution and avoids the problem of conformer interconversion.</text></s> <s sid="28"><CoreSc1 atype="GSC" type="Bac" conceptID="Bac19" novelty="None" advantage="None"/><text>However, electron diffraction only determines the heavy atom positions in a molecule, so it has difficulty determining the relative population of conformers, such as II and III, which exhibit overlapping heavy-atom thermal distributions.</text></s></P><P><s sid="29"><CoreSc1 atype="GSC" type="Bac" conceptID="Bac20" novelty="None" advantage="None"/><text>When coupled with the technique of matrix isolation, infrared (IR) spectroscopy has proven to be a valuable tool for studying the conformers of glycine.<REF TYPE="P" ID="cit26 cit27 cit28 cit29">26–29</REF></text></s> <s sid="30"><CoreSc1 atype="GSC" type="Bac" conceptID="Bac21" novelty="None" advantage="None"/><text>The analysis of glycine with conventional gas-phase IR spectroscopy is precluded by the low thermal stability of the molecule.<REF TYPE="P" ID="cit28">28</REF></text></s> <s sid="31"><CoreSc1 atype="GSC" type="Bac" conceptID="Bac22" novelty="None" advantage="None"/><text>Matrix-IR spectroscopy is the only experimental technique for which all three conformers in Fig. 1a have been conclusively observed.</text></s> <s sid="32"><CoreSc1 atype="GSC" type="Bac" conceptID="Bac23" novelty="None" advantage="None"/><text>Matrix deposition is a more gentle process than free jet expansion, so conformer interconversion is less problematic for this technique than for microwave spectroscopy.<REF TYPE="P" ID="cit26 cit28">26,28</REF></text></s> <s sid="33"><CoreSc1 atype="GSC" type="Bac" conceptID="Bac24" novelty="None" advantage="None"/><text>Also, IR spectroscopy directly probes the structure of the glycine molecules and discriminates between conformers more readily than electron diffraction.</text></s> <s sid="34"><CoreSc1 atype="GSC" type="Bac" conceptID="Bac25" novelty="None" advantage="None"/><text>Nonetheless, the non-ideal behavior of the matrix gas can affect the measurement of conformer populations, and the absence of the low-energy conformer IV from the observations of matrix-IR studies requires explanation.</text></s></P><P><s sid="35"><CoreSc1 atype="GSC" type="Bac" conceptID="Bac26" novelty="None" advantage="None"/><text>The accurate determination of glycine conformer populations also poses serious challenges for theory.</text></s> <s sid="36"><CoreSc1 atype="GSC" type="Bac" conceptID="Bac27" novelty="None" advantage="None"/><text>It was previously mentioned that electron correlation and a flexible basis set are necessary for describing the intramolecular hydrogen-bonding structure of the glycine conformers.</text></s> <s sid="37"><CoreSc1 atype="GSC" type="Bac" conceptID="Bac28" novelty="None" advantage="None"/><text>However, the theoretical difficulties of calculating the conformer populations of glycine extend beyond those of electronic structure theory.</text></s> <s sid="38"><CoreSc1 atype="GSC" type="Bac" conceptID="Bac29" novelty="None" advantage="None"/><text>Glycine is a highly flexible molecule with shallow potential barriers separating minima of competitive energy.<REF TYPE="P" ID="cit13 cit23 cit24">13,23,24</REF></text></s> <s sid="39"><CoreSc1 atype="GSC" type="Bac" conceptID="Bac30" novelty="None" advantage="None"/><text>Moreover, the pathways of interconversion between conformers coincide with torsional degrees of freedom exhibiting low moments of inertia.</text></s> <s sid="40"><CoreSc1 atype="GSC" type="Mot" conceptID="Mot1" novelty="None" advantage="None"/><text>Quantitative theoretical determination of the equilibrium population distribution of glycine therefore requires an anharmonic, quantum-mechanical description of the conformational thermodynamics.</text></s> <s sid="41"><CoreSc1 atype="GSC" type="Mot" conceptID="Mot2" novelty="None" advantage="None"/><text>To interpret experiment, it is not sufficient to calculate only the potential energy of the conformers.</text></s> <s sid="42"><CoreSc1 atype="GSC" type="Mot" conceptID="Mot3" novelty="None" advantage="None"/><text>The temperature-dependent free energy must also be computed.</text></s></P><P><s sid="43"><CoreSc1 atype="GSC" type="Met" conceptID="Met1" novelty="Old" advantage="None"/><text>In the current study, the recently developed torsional path integral Monte Carlo (TPIMC) technique is used to study the conformer free energies of glycine.</text></s> <s sid="44"><CoreSc1 atype="GSC" type="Bac" conceptID="Bac31" novelty="None" advantage="None"/><text>The TPIMC technique provides a completely anharmonic description of the intramolecular torsional degrees of freedom and systematically includes quantum effects such as zero point energy.<REF TYPE="P" ID="cit30 cit31">30,31</REF></text></s> <s sid="45"><CoreSc1 atype="GSC" type="Bac" conceptID="Bac32" novelty="None" advantage="None"/><text>Although TPIMC has been successfully employed for the prediction of molecular conformation,<REF TYPE="P" ID="cit32">32</REF> this is the first study in which the technique is performed on an <IT>ab initio</IT> potential energy surface.</text></s></P></DIV><DIV DEPTH="1"><HEADER HEADER_MARKER="2">Methodology</HEADER><DIV DEPTH="2"><HEADER HEADER_MARKER="2.1">Torsional path integral Monte Carlo</HEADER><P><s sid="46"><CoreSc1 atype="GSC" type="Bac" conceptID="Bac33" novelty="None" advantage="None"/><text>Torsional path integral Monte Carlo (TPIMC) is a quantum mechanical technique for calculating the equilibrium thermodynamics of molecules at finite temperature.<REF TYPE="P" ID="cit30 cit31">30,31</REF></text></s> <s sid="47"><CoreSc1 atype="GSC" type="Bac" conceptID="Bac34" novelty="None" advantage="None"/><text>It has been previously employed to investigate the quantum thermodynamics of large molecules<REF TYPE="P" ID="cit30 cit31">30,31</REF> and was recently shown to be a powerful tool for investigating the conformational preference of biomolecules.<REF TYPE="P" ID="cit32">32</REF></text></s> <s sid="48"><CoreSc1 atype="GSC" type="Bac" conceptID="Bac35" novelty="None" advantage="None"/><text>The TPIMC technique extends the applicability of the more general path integral Monte Carlo (PIMC) technique<REF TYPE="P" ID="cit33 cit34 cit35">33–35</REF> to larger molecules by explicitly treating only the intramolecular torsional degrees of freedom.</text></s> <s sid="49"><CoreSc1 atype="GSC" type="Bac" conceptID="Bac36" novelty="None" advantage="None"/><text>Other implementations of PIMC have enabled the calculation of molecular thermodynamics for two- and three-atom systems using high-quality potentials,<REF TYPE="P" ID="cit36 cit37">36,37</REF> but the authors are unaware of any previous study in which the technique has been employed with an <IT>ab initio</IT> potential to explore the conformer free energies of a biomolecule.</text></s></P><P><s sid="50"><CoreSc1 atype="GSC" type="Bac" conceptID="Bac37" novelty="None" advantage="None"/><text>A convenient feature of path integral theory is that a single parameter <IT>n</IT><SB><IT>b</IT></SB> modulates the accuracy of the calculations between exact classical mechanics (<IT>n</IT><SB><IT>b</IT></SB> = 1) and exact quantum mechanics (<IT>n</IT><SB><IT>b</IT></SB> = ∞), neglecting Monte Carlo sampling error.<REF TYPE="P" ID="cit34">34</REF></text></s> <s sid="51"><CoreSc1 atype="GSC" type="Bac" conceptID="Bac38" novelty="None" advantage="None"/><text>For intramolecular torsions, it has been shown that the bulk of quantum effects are recovered using only a value of <IT>n</IT><SB><IT>b</IT></SB> ≈ .5<REF TYPE="P" ID="cit31">31</REF></text></s> <s sid="52"><CoreSc1 atype="GSC" type="Bac" conceptID="Bac39" novelty="None" advantage="None"/><text>Upon varying the parameter <IT>n</IT><SB><IT>b</IT></SB>, TPIMC calculations explore the extent to which quantum effects are significant in the conformational thermodynamics of biomolecules.</text></s></P><P><s sid="53"><CoreSc1 atype="GSC" type="Bac" conceptID="Bac40" novelty="None" advantage="None"/><text>The details of the TPIMC technique have been explained elsewhere,<REF TYPE="P" ID="cit30 cit31">30,31</REF> so we include only the major features of the calculations reported in this study.</text></s> <s sid="54"><CoreSc1 atype="GSC" type="Met" conceptID="Met2" novelty="New" advantage="None"/><text>All three torsional degrees of freedom in the glycine molecule were treated explicitly.</text></s> <s sid="55"><CoreSc1 atype="GSC" type="Met" conceptID="Met3" novelty="New" advantage="None"/><text>Simulations were performed at 100 K, 150 K, 200 K, 300 K, 400 K, 500 K, and 700 K. At each temperature, TPIMC calculations were performed with the parameter <IT>n</IT><SB><IT>b</IT></SB> set to 1, 5, and 15.</text></s> <s sid="56"><CoreSc1 atype="GSC" type="Bac" conceptID="Bac41" novelty="None" advantage="None"/><text>We will subsequently refer to the TPIMC technique employed with <IT>n</IT><SB><IT>b</IT></SB> = 1 as “classical TPIMC” and to the TPIMC technique employed with <IT>n</IT><SB><IT>b</IT></SB> = 15 as “quantum TPIMC”.</text></s> <s sid="57"><CoreSc1 atype="GSC" type="Met" conceptID="Met4" novelty="Old" advantage="None"/><text>Torsional sampling was performed using the free rotor (FR-TPIMC) algorithm to ensure that the entire torsional configuration space of glycine was explored.<REF TYPE="P" ID="cit31">31</REF></text></s> <s sid="58"><CoreSc1 atype="GSC" type="Met" conceptID="Met5" novelty="Old" advantage="None"/><text>Simulations were tightly converged to ensure minimal uncertainty and negligible estimator bias.</text></s> <s sid="59"><CoreSc1 atype="GSC" type="Met" conceptID="Met6" novelty="Old" advantage="None"/><text>Total enthalpies and free energies for glycine were calculated with estimated standard deviation of less than 0.0129 kJ mol<SP>−1</SP> and 0.0066 kJ mol<SP>−1</SP>, respectively.</text></s> <s sid="60"><CoreSc1 atype="GSC" type="Met" conceptID="Met7" novelty="Old" advantage="None"/><text>In every case, estimator bias was calculated to be within the standard deviation of the corresponding value.</text></s> <s sid="61"><CoreSc1 atype="GSC" type="Met" conceptID="Met8" novelty="Old" advantage="None"/><text>The TPIMC program developed in our research group uses several subroutines from the TINKER software package.<REF TYPE="P" ID="cit38">38</REF></text></s> The current TPIMC algorithm scales as <IT>n</IT>3<IT>b</IT>, and the longest TPIMC calculations reported in this study were completed within eight days on a single Intel Pentium III processor (1.26 GHz).</P></DIV><DIV DEPTH="2"><HEADER HEADER_MARKER="2.2"><IT>Ab initio</IT> torsional potential energy surface</HEADER><P>The TPIMC technique can be employed using any torsional potential energy surface. <s sid="62"><CoreSc1 atype="GSC" type="Bac" conceptID="Bac42" novelty="None" advantage="None"/><text>All previous studies have used atom-atom molecular mechanics force fields to describe intramolecular potential energy.<REF TYPE="P" ID="cit30 cit31 cit32">30–32</REF></text></s> <s sid="63"><CoreSc1 atype="GSC" type="Met" conceptID="Met9" novelty="New" advantage="None"/><text>The current study is the first application of the TPIMC technique on an <IT>ab initio</IT> potential energy surface.</text></s></P><P><s sid="64"><CoreSc1 atype="GSC" type="Met" conceptID="Met10" novelty="Old" advantage="None"/><text>All electronic structure calculations reported in this study were performed using second-order Møller–Plesset perturbation theory (MP2)<REF TYPE="P" ID="cit39">39</REF> with the 6-311++G** basis set of Pople <IT>et al.</IT>,<REF TYPE="P" ID="cit40">40</REF> which contains 145 contracted Gaussian functions for glycine.</text></s> <s sid="65"><CoreSc1 atype="GSC" type="Bac" conceptID="Bac43" novelty="None" advantage="None"/><text>An important conclusion from previous theoretical work is that MP2 theory with a sufficiently large basis set accurately describes the relative energies of the conformers of glycine.<REF TYPE="P" ID="cit15 cit16">15,16</REF></text></s> <s sid="66"><CoreSc1 atype="GSC" type="Bac" conceptID="Bac44" novelty="None" advantage="None"/><text>Recent studies of glycine anharmonic vibrational frequencies further indicate that this level of theory provides a satisfactory description of the anharmonic regions of the potential energy surface.<REF TYPE="P" ID="cit24 cit41 cit42">24,41,42</REF></text></s> <s sid="67"><CoreSc1 atype="GSC" type="Met" conceptID="Met11" novelty="Old" advantage="None"/><text>The Gaussian 98 package was employed for all electronic structure calculations.<REF TYPE="P" ID="cit43">43</REF></text></s></P><P><s sid="68"><CoreSc1 atype="GSC" type="Met" conceptID="Met12" novelty="New" advantage="None"/><text>The glycine potential energy surface calculated in this study has three dimensions corresponding to torsional angles <IT></IT> = (<IT>ϕ</IT><SB>1</SB>, <IT>ϕ</IT><SB>2</SB>, <IT>ϕ</IT><SB>3</SB>).</text></s> <s sid="69"><CoreSc1 atype="GSC" type="Met" conceptID="Met13" novelty="New" advantage="None"/><text>A 12 × 12 × 12 grid was constructed by calculating the glycine energy at each <IT>ϕ</IT><SB><IT>i</IT></SB> = 30<IT>n</IT>°, <IT>n</IT> = 1,2,…,12.</text></s> <s sid="70"><CoreSc1 atype="GSC" type="Met" conceptID="Met14" novelty="Old" advantage="None"/><text>At each grid point, a constrained energy minimization was performed to optimize all non-torsional degrees of freedom.</text></s> <s sid="71"><CoreSc1 atype="GSC" type="Met" conceptID="Met15" novelty="Old" advantage="None"/><text>This minimization allowed the bond angles and stretches to relax with respect to the changing torsional angles.</text></s></P><P><s sid="72"><CoreSc1 atype="GSC" type="Mod" conceptID="Mod2" novelty="None" advantage="None"/><text>An analytic potential energy surface was obtained by interpolating the grid points with an expansion of periodic functions of the form <IT>g</IT>(<IT>ϕ</IT><SB>1</SB>, <IT>ϕ</IT><SB>2</SB>, <IT>ϕ</IT><SB>3</SB>) = <IT>f</IT><SB>1</SB>(<IT>ϕ</IT><SB>1</SB>) <IT>f</IT><SB>2</SB>(<IT>ϕ</IT><SB>2</SB>) <IT>f</IT><SB>3</SB>(<IT>ϕ</IT><SB>3</SB>), where <IT>f</IT><SB><IT>i</IT></SB>(<IT>ϕ</IT><SB><IT>i</IT></SB>) ∈ {sin(2π<IT>nϕ</IT><SB><IT>i</IT></SB>/360°),cos(2π<IT>nϕ</IT><SB><IT>i</IT></SB>/360°)} and <IT>n</IT> ∈ {0,1,…,6}.</text></s> <s sid="73"><CoreSc1 atype="GSC" type="Met" conceptID="Met16" novelty="Old" advantage="None"/><text>All 1728 orthogonal functions of this form were included in the expansion to yield an exact fit of the calculated grid points.</text></s></P><P><s sid="74"><CoreSc1 atype="GSC" type="Res" conceptID="Res7" novelty="None" advantage="None"/><text>The potential energy surface fit described above accurately recovers the geometry and energy of almost every major glycine conformation.</text></s> <s sid="75"><CoreSc1 atype="GSC" type="Res" conceptID="Res8" novelty="None" advantage="None"/><text>The only exception is conformer II, for which the surface is not sufficiently flexible to predict the slight out-of-plane relaxation of the geometry to <IT></IT> = (±12°,∓3°,±161°).</text></s> <s sid="76"><CoreSc1 atype="GSC" type="Mod" conceptID="Mod3" novelty="None" advantage="None"/><text>To include this feature, the analytical potential energy surface is supplemented with two Gaussian “dimple” functions of the form <IT>g</IT>(<IT></IT>) = <IT>α</IT>exp((<IT></IT> − <IT></IT><SB>0</SB>)<SP>2</SP>/<IT>β</IT><SP>2</SP>), where <IT>α</IT> = −1.0 kJ mol<SP>−1</SP>, <IT>β</IT> = 13°, and <IT></IT><SB>0</SB> = (±14.5°,∓6°,±158°).</text></s> <s sid="77"><CoreSc1 atype="GSC" type="Res" conceptID="Res9" novelty="None" advantage="None"/><text>Although preliminary results indicate that this minor adjustment has negligible impact on the predicted conformer populations, the correction provides a better analytical fit of this important region of the potential energy surface.</text></s></P><P><s sid="78"><CoreSc1 atype="GSC" type="Obs" conceptID="Obs1" novelty="None" advantage="None"/><text>In Table 1, we compare the stationary point energies of glycine on the torsional potential energy surface with reference energies from MP2/6-311++G** geometry optimizations.</text></s> <s sid="79"><CoreSc1 atype="GSC" type="Res" conceptID="Res10" novelty="None" advantage="None"/><text>The conformer labels are consistent with those of Császár.<REF TYPE="P" ID="cit15">15</REF></text></s> <s sid="80"><CoreSc1 atype="GSC" type="Res" conceptID="Res11" novelty="None" advantage="None"/><text>For no stationary point does the torsional potential energy surface deviate from its reference value by more than 0.16 kJ mol<SP>−1</SP>.</text></s> <s sid="81"><CoreSc1 atype="GSC" type="Res" conceptID="Res12" novelty="None" advantage="None"/><text>The average RMS difference between the torsional potential and the reference energies for the stationary points is 0.0058 kJ mol<SP>−1</SP>.</text></s></P><P><s sid="82"><CoreSc1 atype="GSC" type="Bac" conceptID="Bac45" novelty="None" advantage="None"/><text>We also point out a technical detail regarding the definition of torsional angle <IT>ϕ</IT><SB>3</SB>.</text></s> <s sid="83"><CoreSc1 atype="GSC" type="Mod" conceptID="Mod4" novelty="None" advantage="None"/><text>In the calculation of the <IT>ab initio</IT> grid points, <IT>ϕ</IT><SB>3</SB> was defined as the dihedral angle C<SB>1</SB>–C<SB>2</SB>–N<SB>3</SB>–X, where X is a dummy atom between H<SB>9</SB> and H<SB>10</SB> (Fig. 1).</text></s> <s sid="84"><CoreSc1 atype="GSC" type="Mod" conceptID="Mod5" novelty="None" advantage="None"/><text>The dihedral angle C<SB>1</SB>–C<SB>2</SB>–N<SB>3</SB>–H<SB>9</SB> was fixed at <IT>ϕ</IT><SB>3</SB> + 60° so that changes in <IT>ϕ</IT><SB>3</SB> correspond to changes in the position of real atoms.</text></s> <s sid="85"><CoreSc1 atype="GSC" type="Mod" conceptID="Mod6" novelty="None" advantage="None"/><text>The torsional angle C<SB>1</SB>–C<SB>2</SB>–N<SB>3</SB>–H<SB>10</SB> was left unconstrained.</text></s> <s sid="86"><CoreSc1 atype="GSC" type="Mod" conceptID="Mod7" novelty="None" advantage="None"/><text>For no conformer in this study does the <IT>ϕ</IT><SB>3</SB> angle differ from the bisector of the C<SB>1</SB>–C<SB>2</SB>–N<SB>3</SB>–H<SB>9</SB> and C<SB>1</SB>–C<SB>2</SB>–N<SB>3</SB>–H<SB>10</SB> dihedral angles by more than 2°.</text></s></P></DIV><DIV DEPTH="2"><HEADER HEADER_MARKER="2.3">Conformer coordinate ranges</HEADER><P><s sid="87"><CoreSc1 atype="GSC" type="Met" conceptID="Met17" novelty="Old" advantage="None"/><text>The TPIMC technique uses quantum Boltzmann statistics to generate a multidimensional probability distribution function in terms of the torsional angles.</text></s> <s sid="88"><CoreSc1 atype="GSC" type="Met" conceptID="Met18" novelty="Old" advantage="None"/><text>Conformer populations are calculated by integrating this function over the range of coordinates ascribed to each particular conformer.</text></s> <s sid="89"><CoreSc1 atype="GSC" type="Met" conceptID="Met19" novelty="Old" advantage="None"/><text>The integral of the entire distribution function over all coordinates is unity.</text></s> <s sid="90"><CoreSc1 atype="GSC" type="Met" conceptID="Met20" novelty="Old" advantage="None"/><text>A similar energy distribution is also generated to enable the evaluation of conformer enthalpies.</text></s></P><P><s sid="91"><CoreSc1 atype="GSC" type="Bac" conceptID="Bac46" novelty="None" advantage="None"/><text>To calculate the conformer populations (and other thermodynamic quantities), it is necessary to pre-define the coordinate ranges of each conformer.</text></s> <s sid="92"><CoreSc1 atype="GSC" type="Met" conceptID="Met21" novelty="New" advantage="None"/><text>In general, the torsional configuration space is partitioned into coordinate ranges approximately along the potential barriers that separate the minima of neighboring conformers.</text></s> <s sid="93"><CoreSc1 atype="GSC" type="Res" conceptID="Res13" novelty="None" advantage="None"/><text>Because the probability distribution function is largest in the potential wells and smallest in the barrier regions, the exact choice of partition has little effect on calculated quantities.</text></s> <s sid="94"><CoreSc1 atype="GSC" type="Obs" conceptID="Obs2" novelty="None" advantage="None"/><text>Informed by analysis of the <IT>ab initio</IT> torsional potential energy surface of glycine, we chose the conformer coordinate ranges reported in Table 2.</text></s> <s sid="95"><CoreSc1 atype="GSC" type="Met" conceptID="Met22" novelty="New" advantage="None"/><text>The <IT>ϕ</IT><SB>1</SB> and <IT>ϕ</IT><SB>2</SB> ranges were divided into two partitions, and the <IT>ϕ</IT><SB>3</SB> range was divided into three partitions.</text></s> <s sid="96"><CoreSc1 atype="GSC" type="Met" conceptID="Met23" novelty="Old" advantage="None"/><text>The <IT>ϕ</IT><SB>1</SB> boundaries for conformers I and III were chosen carefully because the torsional distribution is non-zero in the barrier range separating these conformers at higher temperatures, as will be seen later.</text></s> <s sid="97"><CoreSc1 atype="GSC" type="Res" conceptID="Res14" novelty="None" advantage="None"/><text>Other conformers, in addition to conformers I–V, were also analysed in this study.</text></s> <s sid="98"><CoreSc1 atype="GSC" type="Res" conceptID="Res15" novelty="None" advantage="None"/><text>However, they were effectively unpopulated at the temperatures considered and are not discussed in detail.</text></s></P></DIV><DIV DEPTH="2"><HEADER HEADER_MARKER="2.4">Harmonic frequency calculations</HEADER><P><s sid="99"><CoreSc1 atype="GSC" type="Met" conceptID="Met24" novelty="Old" advantage="None"/><text>For conformers I–V, unconstrained geometry optimizations and harmonic frequency calculations were also performed at the 6-311++G**/MP2 level of theory.</text></s> <s sid="100"><CoreSc1 atype="GSC" type="Met" conceptID="Met25" novelty="Old" advantage="None"/><text>Conformers II–V were allowed to converge to their non-planar minima so that all frequencies were positive.</text></s> <s sid="101"><CoreSc1 atype="GSC" type="Bac" conceptID="Bac47" novelty="None" advantage="None"/><text>The conformer frequency vibrations are included in the electronic supplementary information (ESI).<SUP TYPE="FOOTNOTE_MARKER" ID="fn1"/> Harmonic thermodynamic quantities were obtained from the standard statistical mechanical expressions for the harmonic oscillator.<REF TYPE="P" ID="cit44">44</REF></text></s> <s sid="102"><CoreSc1 atype="GSC" type="Met" conceptID="Met26" novelty="New" advantage="None"/><text>Because experimental conformer populations for glycine are available primarily from infrared spectroscopy studies in which the sample molecules are fixed in an inert gas matrix, the translational and rotational partition functions of the glycine conformers are neglected throughout this study<REF TYPE="P" ID="cit28">28</REF>.</text></s></P></DIV></DIV><DIV DEPTH="1"><HEADER HEADER_MARKER="3">Results and discussion</HEADER><DIV DEPTH="2"><HEADER HEADER_MARKER="3.1">TPIMC conformer populations</HEADER><P><s sid="103"><CoreSc1 atype="GSC" type="Obs" conceptID="Obs3" novelty="None" advantage="None"/><text>Fig. 2 displays the calculated conformer populations of glycine as a function of temperature.</text></s> <s sid="104"><CoreSc1 atype="GSC" type="Res" conceptID="Res16" novelty="None" advantage="None"/><text>Calculations were performed using the quantum TPIMC technique and reflect the equilibrium thermal distribution of the glycine conformers.</text></s> <s sid="105"><CoreSc1 atype="GSC" type="Obs" conceptID="Obs4" novelty="None" advantage="None"/><text>The populations of conformers II–V are expanded in Fig. 2b.</text></s> <s sid="106"><CoreSc1 atype="GSC" type="Mod" conceptID="Mod8" novelty="None" advantage="None"/><text>The population of no higher-energy conformer is calculated to exceed 1% in this temperature range.</text></s> <s sid="107"><CoreSc1 atype="GSC" type="Res" conceptID="Res17" novelty="None" advantage="None"/><text>In Fig. 2b, the estimated standard deviation of the reported populations are less than 0.1% for all conformers and all temperatures.</text></s></P><P><s sid="108"><CoreSc1 atype="GSC" type="Res" conceptID="Res18" novelty="None" advantage="None"/><text>The TPIMC calculations predict that conformer I, which corresponds to the global minimum of the potential energy surface, is the most populated conformer at every considered temperature.</text></s> <s sid="109"><CoreSc1 atype="GSC" type="Res" conceptID="Res19" novelty="None" advantage="None"/><text>Conformer II is the most thermally accessible of the other conformers and is found to contain 11% of the total glycine population at only 300 K (Fig. 2b).</text></s> <s sid="110"><CoreSc1 atype="GSC" type="Res" conceptID="Res20" novelty="None" advantage="None"/><text>With increasing temperature, the population of conformer II reaches a maximum of 12.5% at about 400 K before decreasing as higher energy conformers become thermally accessible.</text></s> <s sid="111"><CoreSc1 atype="GSC" type="Res" conceptID="Res21" novelty="None" advantage="None"/><text>The populations of conformers III and IV are calculated to increase rapidly between 200 K and 500 K and to surpass the population of conformer II at ≈400 K. Conformer IV, though it has not yet been experimentally observed, is calculated to have a slightly higher equilibrium population than conformer III at all temperatures.</text></s> <s sid="112"><CoreSc1 atype="GSC" type="Res" conceptID="Res22" novelty="None" advantage="None"/><text>Conformer V is also found to be a substantial component of the thermal distribution above 300 K.</text></s></P><P><s sid="113"><CoreSc1 atype="GSC" type="Res" conceptID="Res23" novelty="None" advantage="None"/><text>Growth in the population of conformers III–V with respect to conformer II as temperature rises (Fig. 2b) suggests that entropy plays a major role in the relative free energies of the conformers.</text></s> <s sid="114"><CoreSc1 atype="GSC" type="Res" conceptID="Res24" novelty="None" advantage="None"/><text>Previous theoretical work has determined that conformer III exhibits high standard entropy, and this result is confirmed by the TPIMC results presented in Table .3<REF TYPE="P" ID="cit13">13</REF></text></s> <s sid="115"><CoreSc1 atype="GSC" type="Obs" conceptID="Obs5" novelty="None" advantage="None"/><text>The table displays the calculated relative enthalpies and entropies of the glycine conformers at various temperatures.</text></s> <s sid="116"><CoreSc1 atype="GSC" type="Res" conceptID="Res25" novelty="None" advantage="None"/><text>The conformer enthalpies are weakly dependent on changing temperature and reflect the relative energies of the optimized conformer structures in Fig. 1.</text></s> <s sid="117"><CoreSc1 atype="GSC" type="Res" conceptID="Res26" novelty="None" advantage="None"/><text>The calculated entropies, however, are more dependent on temperature and vary substantially between the conformers.</text></s> <s sid="118"><CoreSc1 atype="GSC" type="Res" conceptID="Res27" novelty="None" advantage="None"/><text>In particular, during the temperature range in which conformer III rapidly gains population (150 K to 400 K), its entropy is higher than the entropy of conformer II by about 8 kJ mol<SP>−1</SP> and exceeds the entropy of conformer I by 4–8 kJ mol<SP>−1</SP>.</text></s> <s sid="119"><CoreSc1 atype="GSC" type="Res" conceptID="Res28" novelty="None" advantage="None"/><text>At higher temperatures, the fact that conformers IV and V become entropically favored coincides with their calculated rise in population (Fig. 2b).</text></s></P><P><s sid="120"><CoreSc1 atype="GSC" type="Obs" conceptID="Obs6" novelty="None" advantage="None"/><text>The calculated torsional distributions in Fig. 3 provide insight into the relative entropies of the experimentally observed conformers I, II, and III.</text></s> <s sid="121"><CoreSc1 atype="GSC" type="Met" conceptID="Met27" novelty="Old" advantage="None"/><text>In the figure, the 3-dimensional torsional probability distribution obtained with quantum TPIMC is reduced along the C–C torsional angle, <IT>ϕ</IT><SB>1</SB>.</text></s> <s sid="122"><CoreSc1 atype="GSC" type="Met" conceptID="Met28" novelty="Old" advantage="None"/><text>The conformer populations reported in Fig. 2 may be recovered by integrating the distribution curves with respect to <IT>ϕ</IT><SB>1</SB>.</text></s></P><P><s sid="123"><CoreSc1 atype="GSC" type="Hyp" conceptID="Hyp1" novelty="None" advantage="None"/><text>Because of its symmetric minimum energy structure, it is expected that the torsional distribution of conformer I has a single peak at <IT>ϕ</IT><SB>1</SB> = 180°.</text></s> <s sid="124"><CoreSc1 atype="GSC" type="Res" conceptID="Res29" novelty="None" advantage="None"/><text>However, the minimum energy geometry of conformer II deviates from <IT>C</IT><SB><IT>s</IT></SB> symmetry with <IT>ϕ</IT><SB>1</SB> = ±12.</text></s> <s sid="125"><CoreSc1 atype="GSC" type="Res" conceptID="Res30" novelty="None" advantage="None"/><text>It is therefore notable that the torsional distribution of conformer II exhibits only one maxima in the heavy atom positions at <IT>ϕ</IT><SB>1</SB> = 0 for every temperature (Figs. 3c and 3d).</text></s> <s sid="126"><CoreSc1 atype="GSC" type="Res" conceptID="Res31" novelty="None" advantage="None"/><text>This is consistent with the findings of microwave spectroscopy and indicates that the shallow barrier separating the local minima of conformer II is easily overcome.<REF TYPE="P" ID="cit22 cit23 cit45">22,23,45</REF></text></s></P><P><s sid="127"><CoreSc1 atype="GSC" type="Res" conceptID="Res32" novelty="None" advantage="None"/><text>As was previously noted in regard to Fig. 2b, the population of conformer II rises with temperature until approximately 400 K, after which it diminishes.</text></s> <s sid="128"><CoreSc1 atype="GSC" type="Obs" conceptID="Obs7" novelty="None" advantage="None"/><text>This is again illustrated in Figs. 3c and 3d.</text></s> <s sid="129"><CoreSc1 atype="GSC" type="Res" conceptID="Res33" novelty="None" advantage="None"/><text>Between 300 K and 400 K, as the torsional distribution spreads, Fig. 3d shows that the distribution peak height lowers despite a slight increase in integrated conformer population.</text></s></P><P><s sid="130"><CoreSc1 atype="GSC" type="Res" conceptID="Res34" novelty="None" advantage="None"/><text>Conformer III is seen to have a flatter torsional distribution than those of conformers I and II (Fig. 3b).</text></s> <s sid="131"><CoreSc1 atype="GSC" type="Res" conceptID="Res35" novelty="None" advantage="None"/><text>The flexibility of conformer III and the large volume of configuration space occupied by its distribution are consistent with the high entropy reported for the conformer in Table 3.</text></s> <s sid="132"><CoreSc1 atype="GSC" type="Res" conceptID="Res36" novelty="None" advantage="None"/><text>It is seen that conformer III exhibits two peaks in the calculated torsional distribution which correspond to the symmetric, non-planar minima of the conformer at <IT>ϕ</IT><SB>1</SB> = ±30°.</text></s> <s sid="133"><CoreSc1 atype="GSC" type="Res" conceptID="Res37" novelty="None" advantage="None"/><text>However, the peaks increasingly overlap at higher temperatures as the distribution converges toward a broad single peak spanning <IT>ϕ</IT><SB>1</SB> = [−60°,60°].</text></s></P><P><s sid="134"><CoreSc1 atype="GSC" type="Res" conceptID="Res38" novelty="None" advantage="None"/><text>This behavior explains the relative entropy of conformers I and III as a function of temperature (Table 3).</text></s> <s sid="135"><CoreSc1 atype="GSC" type="Res" conceptID="Res39" novelty="None" advantage="None"/><text>Conformer I exhibits a single distribution peak at every temperature and therefore has a statistical degeneracy number of one.</text></s> <s sid="136"><CoreSc1 atype="GSC" type="Res" conceptID="Res40" novelty="None" advantage="None"/><text>At low temperatures, when the distribution peaks of conformer III are fairly distinct, it will exhibit two-fold statistical degeneracy.</text></s> <s sid="137"><CoreSc1 atype="GSC" type="Res" conceptID="Res41" novelty="None" advantage="None"/><text>The greater degeneracy of conformer III contributes to its larger entropy.</text></s> <s sid="138"><CoreSc1 atype="GSC" type="Hyp" conceptID="Hyp2" novelty="None" advantage="None"/><text>The degeneracy number of conformer III will reduce to one as the distribution peaks merge at higher temperatures, so the corresponding decrease in the relative conformer entropies is to be expected.</text></s></P><P><s sid="139"><CoreSc1 atype="GSC" type="Res" conceptID="Res42" novelty="None" advantage="None"/><text>Unlike conformer III, the equivalent minima for both conformers IV and V are well separated on the potential energy surface, so they exhibit two-fold statistical degeneracy at all temperatures.</text></s> <s sid="140"><CoreSc1 atype="GSC" type="Res" conceptID="Res43" novelty="None" advantage="None"/><text>As a result, the relative entropies of conformers IV and V rise with respect to conformer III as temperature increases.</text></s></P><P><s sid="141"><CoreSc1 atype="GSC" type="Res" conceptID="Res44" novelty="None" advantage="None"/><text>For higher temperatures, it is seen in Fig. 3b that the distribution of conformer III is non-zero at <IT>ϕ</IT><SB>1</SB> = ±100°, the position of the potential barrier preventing interconversion of conformer III to conformer I. Therefore, depending on how the glycine molecules are cooled for experimental analysis, the ideal equilibrium populations of conformers I and III will not necessarily be observed.</text></s></P></DIV><DIV DEPTH="2"><HEADER HEADER_MARKER="3.2">Comparison with experiment</HEADER><P><s sid="142"><CoreSc1 atype="GSC" type="Obs" conceptID="Obs8" novelty="None" advantage="None"/><text>Fig. 4 displays the calculated and experimentally observed populations of glycine conformers II and III as a function of temperature.</text></s> <s sid="143"><CoreSc1 atype="GSC" type="Bac" conceptID="Bac48" novelty="None" advantage="None"/><text>The relative populations of conformers I, II, and III have been reported in two recent matrix-IR studies performed using neon and argon matrices.<REF TYPE="P" ID="cit28 cit29">28,29</REF></text></s> <s sid="144"><CoreSc1 atype="GSC" type="Mod" conceptID="Mod9" novelty="None" advantage="None"/><text>Since conformers IV and V have not been conclusively observed experimentally, it is assumed that molecules in these conformations at equilibrium interconvert to conformer I under experimental conditions.</text></s> <s sid="145"><CoreSc1 atype="GSC" type="Mod" conceptID="Mod10" novelty="None" advantage="None"/><text>The population of conformer I is therefore complementary to the sum of the populations in the figure.</text></s></P><P><s sid="146"><CoreSc1 atype="GSC" type="Bac" conceptID="Bac49" novelty="None" advantage="None"/><text>The neon matrix-IR populations were obtained by measuring the absorption intensities of the conformer CO stretching vibrations for two different temperatures.<REF TYPE="P" ID="cit29">29</REF></text></s> <s sid="147"><CoreSc1 atype="GSC" type="Bac" conceptID="Bac50" novelty="None" advantage="None"/><text>In this study, the conformer populations ratios are reported explicitly at 358 K, and the shift in the conformer equilibrium at 438 K is estimated.</text></s> <s sid="148"><CoreSc1 atype="GSC" type="Bac" conceptID="Bac51" novelty="None" advantage="None"/><text>The argon matrix-IR conformer populations were obtained by comparing the calculated and observed intensities of the CO stretching vibrations at 443 K.<REF TYPE="P" ID="cit28">28</REF></text></s> <s sid="149"><CoreSc1 atype="GSC" type="Bac" conceptID="Bac52" novelty="None" advantage="None"/><text>No error estimate was given for the measurements in argon.</text></s></P><P><s sid="150"><CoreSc1 atype="GSC" type="Res" conceptID="Res45" novelty="None" advantage="None"/><text>The conformer populations calculated using the TPIMC technique are in close agreement with the experimental results.</text></s> <s sid="151"><CoreSc1 atype="GSC" type="Res" conceptID="Res46" novelty="None" advantage="None"/><text>For conformer III, the interpolated theoretical results coincide with the experimental population of ≈13% determined at 358 K in the Ne matrix and remain within the uncertainty of that study at 438 K. The calculated population for conformer III at 443 K is also in precise agreement with the measurement in the Ar matrix.</text></s></P><P><s sid="152"><CoreSc1 atype="GSC" type="Res" conceptID="Res47" novelty="None" advantage="None"/><text>For conformer II, the calculated results are within the error bars of the Ne matrix-IR experiments at 358 K and 438 K. At ≈440 K, it is seen that the measured population of conformer II differs by approximately 5% depending on whether the neon or argon matrix is employed.</text></s> <s sid="153"><CoreSc1 atype="GSC" type="Hyp" conceptID="Hyp3" novelty="None" advantage="None"/><text>However, it is likely that the experiments employing the lighter neon gas provides a more appropriate basis for comparison with the gas-phase calculations.</text></s></P><P><s sid="154"><CoreSc1 atype="GSC" type="Res" conceptID="Res48" novelty="None" advantage="None"/><text>Despite the good agreement between theory and experiment in Fig. 4, quantitative comparison of conformer populations determined from gas-phase theoretical calculations and matrix-IR spectroscopy experiments is vulnerable to several sources of error.</text></s> <s sid="155"><CoreSc1 atype="GSC" type="Bac" conceptID="Bac53" novelty="None" advantage="None"/><text>In addition to the possible flaws of the potential energy surface and assumptions of the theoretical technique, the identity of the matrix is known to affect experimentally determined conformer populations.<REF TYPE="P" ID="cit29">29</REF></text></s> <s sid="156"><CoreSc1 atype="GSC" type="Mod" conceptID="Mod11" novelty="None" advantage="None"/><text>Neon and argon atoms, although chemically inert, contain electron density that will alter the local environment of the sample molecules in the matrix.</text></s> <s sid="157"><CoreSc1 atype="GSC" type="Hyp" conceptID="Hyp4" novelty="None" advantage="None"/><text>Therefore, the matrix can induce real changes in conformer populations as well as perceived changes arising from distortion of the IR spectra.</text></s> <s sid="158"><CoreSc1 atype="GSC" type="Bac" conceptID="Bac54" novelty="None" advantage="None"/><text>The development of techniques for doping helium droplets with glycine molecules improves the possibility of obtaining effectively gas-phase conformer populations of glycine in the near future.<REF TYPE="P" ID="cit46">46</REF></text></s></P><P><s sid="159"><CoreSc1 atype="GSC" type="Bac" conceptID="Bac55" novelty="None" advantage="None"/><text>For the matrix-IR results discussed above, the substrate temperature was kept very low (5 K for Ne, 8 K for Ar) with the intention of minimizing changes in the glycine conformer populations during matrix deposition.</text></s> <s sid="160"><CoreSc1 atype="GSC" type="Bac" conceptID="Bac56" novelty="None" advantage="None"/><text>However, the disappearance of conformer peaks during sample cooling is difficult to avoid, particularly when low-energy pathways of interconversion are available.<REF TYPE="P" ID="cit25">25</REF></text></s> <s sid="161"><CoreSc1 atype="GSC" type="Bac" conceptID="Bac57" novelty="None" advantage="None"/><text>It was mentioned previously that conformer III of glycine is not found in microwave spectroscopy experiments because the potential barrier for III → I conformer interconversion is small enough to be overcome during the collisional cooling of free jet expansion.<REF TYPE="P" ID="cit23">23</REF></text></s> <s sid="162"><CoreSc1 atype="GSC" type="Hyp" conceptID="Hyp5" novelty="None" advantage="None"/><text>Although the presence of conformer III in the matrix-IR experiments suggests that matrix deposition cooling is more gentle than free jet expansion, the possibility of interconversion cannot be discounted.</text></s></P><P><s sid="163"><CoreSc1 atype="GSC" type="Res" conceptID="Res49" novelty="None" advantage="None"/><text>It was seen in Fig. 2b that the TPIMC technique predicts ≈15% of the total glycine population to be in conformer IV in the equilibrium distributions at 350–450 K. The absence of this conformer in the matrix-IR spectra, particularly in light of the otherwise good agreement between theory and experiment, suggests that a large portion of the equilibrium population of conformer IV is collapsing to conformer I during matrix cooling.</text></s> <s sid="164"><CoreSc1 atype="GSC" type="Bac" conceptID="Bac58" novelty="None" advantage="None"/><text>Previous theoretical studies have dismissed the likelihood of isolating conformer IV on the basis that the calculated barrier for IV → I interconversion was substantially lower than that for III → I interconversion.</text></s> <s sid="165"><CoreSc1 atype="GSC" type="Bac" conceptID="Bac59" novelty="None" advantage="None"/><text>However, these electronic structure calculations either relied on small basis sets<REF TYPE="P" ID="cit13">13</REF> or did not optimize the molecular geometry as a function of the interconversion coordinate.<REF TYPE="P" ID="cit24">24</REF></text></s> <s sid="166"><CoreSc1 atype="GSC" type="Res" conceptID="Res50" novelty="None" advantage="None"/><text>The potential energy surface employed in the current study has neither of these deficiencies.</text></s></P><P><s sid="167"><CoreSc1 atype="GSC" type="Obs" conceptID="Obs9" novelty="None" advantage="None"/><text>Fig. 5 displays the calculated potential curves along the coordinate of interconversion for conformers III and IV to conformer I. The III → I interconversion takes place along the C–C torsion, <IT>ϕ</IT><SB>1</SB>, and IV → I occurs along the C–N torsion, <IT>ϕ</IT><SB>3</SB>.</text></s> <s sid="168"><CoreSc1 atype="GSC" type="Met" conceptID="Met29" novelty="Old" advantage="None"/><text>In obtaining the curves, the torsional coordinate of interconversion was fixed and the remaining torsions were allowed to relax on the potential energy surface.</text></s> <s sid="169"><CoreSc1 atype="GSC" type="Res" conceptID="Res51" novelty="None" advantage="None"/><text>The figure reveals barrier heights of 3.15 kJ mol<SP>−1</SP> and 2.97 kJ mol<SP>−1</SP> for interconversions III → I and IV → I, respectively.</text></s> <s sid="170"><CoreSc1 atype="GSC" type="Res" conceptID="Res52" novelty="None" advantage="None"/><text>These barrier heights are markedly closer in energy than has been previously reported, so an alternative explanation for the absence of conformer IV in the experiments is required.</text></s></P><P><s sid="171"><CoreSc1 atype="GSC" type="Res" conceptID="Res53" novelty="None" advantage="None"/><text>We suggest two possible explanations for the observation that conformer IV is more likely to interconvert to conformer I than conformer III.</text></s> <s sid="172"><CoreSc1 atype="GSC" type="Hyp" conceptID="Hyp6" novelty="None" advantage="None"/><text>In the first explanation, we note that the the minimum energy cross section of the potential energy surface along the reaction coordinate (Fig. 5) does not necessarily provide an adequate dynamical description of conformer interconversion.</text></s> <s sid="173"><CoreSc1 atype="GSC" type="Hyp" conceptID="Hyp7" novelty="None" advantage="None"/><text>Among other things, this minimized surface neglects the entropic effects and internal energy arising from the other degrees of freedom.</text></s> <s sid="174"><CoreSc1 atype="GSC" type="Bac" conceptID="Bac60" novelty="None" advantage="None"/><text>It is well known from transition state theory that the free energy surface, or the potential mean force, incorporates these thermodynamic effects in an averaged fashion and may provide a more appropriate set of barrier heights.<REF TYPE="P" ID="cit47">47</REF></text></s> <s sid="175"><CoreSc1 atype="GSC" type="Res" conceptID="Res54" novelty="None" advantage="None"/><text>Once we have obtained the glycine torsional distribution functions from the TPIMC calculations, it is a simple task to convert them into free energy surfaces for coordinates <IT>ϕ</IT><SB>1</SB> and <IT>ϕ</IT><SB>3</SB>.<REF TYPE="P" ID="cit48">48</REF></text></s> <s sid="176"><CoreSc1 atype="GSC" type="Res" conceptID="Res55" novelty="None" advantage="None"/><text>Doing so for a temperature of 400 K, we find that the free energy barriers for III → I and IV → I are 3.72 kJ mol<SP>−1</SP> and 2.98 kJ mol<SP>−1</SP>, respectively.</text></s> <s sid="177"><CoreSc1 atype="GSC" type="Res" conceptID="Res56" novelty="None" advantage="None"/><text>That is, the difference in barrier heights on the free energy surface is over four times the difference in energy on the minimized potential energy surface.</text></s> <s sid="178"><CoreSc1 atype="GSC" type="Res" conceptID="Res57" novelty="None" advantage="None"/><text>Using a simple Arrhenius analysis, we find that the ratio of interconversion rates <IT>k</IT><SB>IV→I</SB>/<IT>k</IT><SB>III→I</SB> is about 20% higher using the free energy surface rather than the potential energy surface.</text></s> <s sid="179"><CoreSc1 atype="GSC" type="Res" conceptID="Res58" novelty="None" advantage="None"/><text>In agreement with experiment, this finding suggests that conformer III will be less likely to interconvert than conformer IV.</text></s></P><P><s sid="180"><CoreSc1 atype="GSC" type="Res" conceptID="Res59" novelty="None" advantage="None"/><text>The second factor favoring the observation of conformer III in preference to conformer IV is statistical.</text></s> <s sid="181"><CoreSc1 atype="GSC" type="Res" conceptID="Res60" novelty="None" advantage="None"/><text>Note from Fig. 5 that conformers III and IV each have two corresponding local minima.</text></s> <s sid="182"><CoreSc1 atype="GSC" type="Res" conceptID="Res61" novelty="None" advantage="None"/><text>The minima of conformer III are close neighbors on the potential energy surface separated by a low barrier, but the minima of conformer IV are separated by either a larger barrier or the deep potential well of conformer I. Therefore, in the event that a glycine molecule in one of the potential wells corresponding to conformer IV undergoes a collision strong enough to induce interconversion, the only likely outcome is that it falls into the neighboring potential well of conformer I. On the other hand, if a glycine molecule in one of the potential wells of conformer III undergoes interconversion, there are two possible results: (<IT>i</IT>) the deep potential well of conformer I or (<IT>ii</IT>) the <IT>other</IT> shallow well of conformer III.</text></s> <s sid="183"><CoreSc1 atype="GSC" type="Res" conceptID="Res62" novelty="None" advantage="None"/><text>Because the population of conformer III can shuttle between its two local minima, it is expected to survive more collisions than the population of conformer IV which can only collapse to conformer I. Although the rotationally inelastic scattering of glycine and the quantum dynamics of the <IT>ϕ</IT><SB>1</SB> torsional angle have been recently explored theoretically,<REF TYPE="P" ID="cit49 cit50">49,50</REF> verification of these hypothesis requires a comparative dynamical study of the III → I and IV → I conversion pathways and is currently in progress.</text></s></P><P><s sid="184"><CoreSc1 atype="GSC" type="Bac" conceptID="Bac61" novelty="None" advantage="None"/><text>It is noted that other previous studies have used experimental techniques to estimate the energetics and equilibrium populations of the glycine conformers.</text></s> <s sid="185"><CoreSc1 atype="GSC" type="Bac" conceptID="Bac62" novelty="None" advantage="None"/><text>The populations at ≈500 K (219 °C) have been reported using gas-phase electron diffraction by Iijima <IT>et al.</IT><REF TYPE="P" ID="cit8">8</REF></text></s> <s sid="186"><CoreSc1 atype="GSC" type="Res" conceptID="Res63" novelty="None" advantage="None"/><text>This study determined the combined population of conformers II and III to be 24%, which bears only qualitative agreement with the matrix-IR data and the TPIMC value of 31% in Fig. 4.</text></s> <s sid="187"><CoreSc1 atype="GSC" type="Bac" conceptID="Bac63" novelty="None" advantage="None"/><text>However, to interpret the electron diffraction pattern, the authors relied on structural parameters obtained from early theoretical calculations and highly simplified expressions for the glycine potential energy surface.</text></s> <s sid="188"><CoreSc1 atype="GSC" type="Bac" conceptID="Bac64" novelty="None" advantage="None"/><text>Other theoretical studies have had similar difficulties in trying to reproduce the conformer structures and energies predicted in this study.<REF TYPE="P" ID="cit15 cit16 cit18">15,16,18</REF></text></s></P><P><s sid="189"><CoreSc1 atype="GSC" type="Bac" conceptID="Bac65" novelty="None" advantage="None"/><text>In 1980, Suanram and Lovas estimated the relative minimum energies of conformers I and II to be 5.9 ± 1.8 kJ mol<SP>−1</SP> using millimeter wave spectroscopy.<REF TYPE="P" ID="cit21">21</REF></text></s> <s sid="190"><CoreSc1 atype="GSC" type="Bac" conceptID="Bac66" novelty="None" advantage="None"/><text>This study neglected the glycine intramolecular partition function and relied on a crude estimate of the conformer dipole moments.<REF TYPE="P" ID="cit21">21</REF></text></s> <s sid="191"><CoreSc1 atype="GSC" type="Res" conceptID="Res64" novelty="None" advantage="None"/><text>The discrepancy of this energy difference with subsequent theoretical evidence<REF TYPE="P" ID="cit15 cit16">15,16</REF> most likely arises from the fact that the experimental estimation did not account for the collapse of the substantial populations of conformers III and IV to conformer I. Therefore, the measured equilibrium population of conformer I would have been too large, leading to an over-estimation of the energy difference between the conformers.</text></s> <s sid="192"><CoreSc1 atype="GSC" type="Bac" conceptID="Bac67" novelty="None" advantage="None"/><text>More recent microwave spectroscopy experiments sacrificed frequency response in favor of sensitivity, so the relative population and energetics of conformers I and II observed in these experiments was not determined<REF TYPE="P" ID="cit51">51</REF>.</text></s></P></DIV><DIV DEPTH="2"><HEADER HEADER_MARKER="3.3">Quantum effects</HEADER><P><s sid="193"><CoreSc1 atype="GSC" type="Res" conceptID="Res65" novelty="None" advantage="None"/><text>Up to this point, only the TPIMC calculations which provide a quantum mechanical description of torsional motion have been discussed.</text></s> <s sid="194"><CoreSc1 atype="GSC" type="Goa" conceptID="Goa1" novelty="None" advantage="None"/><text>However, it is of interest to consider how the glycine conformer populations and torsional distributions are altered by quantum effects.</text></s> <s sid="195"><CoreSc1 atype="GSC" type="Obs" conceptID="Obs10" novelty="None" advantage="None"/><text>Fig. 6 reports the population of conformer II at various temperatures as determined by TPIMC calculations performed with the parameter <IT>n</IT><SB><IT>b</IT></SB> set to 1, 5, and 15.</text></s> <s sid="196"><CoreSc1 atype="GSC" type="Hyp" conceptID="Hyp8" novelty="None" advantage="None"/><text>TPIMC calculations with <IT>n</IT><SB><IT>b</IT></SB> = 1 are equivalent to a classical mechanical description, and the calculations <IT>n</IT><SB><IT>b</IT></SB> = 15 are expected to recover almost all quantum effects for glycine in this temperature range.</text></s> <s sid="197"><CoreSc1 atype="GSC" type="Res" conceptID="Res66" novelty="None" advantage="None"/><text>In the figure, the very small differences between the <IT>n</IT><SB><IT>b</IT></SB> = 5 and <IT>n</IT><SB><IT>b</IT></SB> = 15 results support this conclusion.</text></s></P><P><s sid="198"><CoreSc1 atype="GSC" type="Res" conceptID="Res67" novelty="None" advantage="None"/><text>Fig. 6 shows that quantum effects are greatest at lower temperatures, whereas the quantum and classical descriptions converge at high temperatures.</text></s> <s sid="199"><CoreSc1 atype="GSC" type="Res" conceptID="Res68" novelty="None" advantage="None"/><text>At 200 K, the classical result over-estimates the population of conformer II by a factor of ≈1.5.</text></s> <s sid="200"><CoreSc1 atype="GSC" type="Res" conceptID="Res69" novelty="None" advantage="None"/><text>Even at the higher temperatures probed by the matrix-IR experiments (350–450 K), differences arising from quantum effects remain of similar magnitude to differences attributed to the identity of the matrix gas (Fig. 4).</text></s> <s sid="201"><CoreSc1 atype="GSC" type="Res" conceptID="Res70" novelty="None" advantage="None"/><text>Necessarily, quantum effects changed the populations of the other glycine conformers, but to a lesser extent than seen here for conformer II.</text></s></P><P><s sid="202"><CoreSc1 atype="GSC" type="Obs" conceptID="Obs11" novelty="None" advantage="None"/><text>Quantum effects on the torsional distribution of the glycine conformers are illustrated in Fig. 7.</text></s> <s sid="203"><CoreSc1 atype="GSC" type="Met" conceptID="Met30" novelty="Old" advantage="None"/><text>The 3-dimensional torsional distribution of glycine is reduced over <IT>ϕ</IT><SB>1</SB> = [−90, 90] and plotted as a function of <IT>ϕ</IT><SB>2</SB> and <IT>ϕ</IT><SB>3</SB>.</text></s> <s sid="204"><CoreSc1 atype="GSC" type="Obs" conceptID="Obs12" novelty="None" advantage="None"/><text>For this range of <IT>ϕ</IT><SB>1</SB>, the torsional distributions of conformers II, III, and V can be simultaneously displayed.</text></s> <s sid="205"><CoreSc1 atype="GSC" type="Obs" conceptID="Obs13" novelty="None" advantage="None"/><text>The left column displays the classical TPIMC distribution, and the right column displays the quantum TPIMC distribution.</text></s></P><P><s sid="206"><CoreSc1 atype="GSC" type="Res" conceptID="Res71" novelty="None" advantage="None"/><text>As was noted before in Fig. 6, the role of quantum mechanics is particularly striking for conformer II.</text></s> <s sid="207"><CoreSc1 atype="GSC" type="Res" conceptID="Res72" novelty="None" advantage="None"/><text>At each temperature, the quantum distribution of conformer II about (<IT>ϕ</IT><SB>2</SB>, <IT>ϕ</IT><SB>3</SB>) = (360°, 180°) is diminished and broadened in comparison to the corresponding classical distribution.</text></s> <s sid="208"><CoreSc1 atype="GSC" type="Res" conceptID="Res73" novelty="None" advantage="None"/><text>These two-dimensional plots offer further insight into the reason for the sensitivity of conformer II to quantum effects.</text></s> <s sid="209"><CoreSc1 atype="GSC" type="Res" conceptID="Res74" novelty="None" advantage="None"/><text>In the classical plots, the distribution of conformer II exhibits two slight peaks corresponding to symmetric, non-planar minima of the conformer at <IT>ϕ</IT><SB>3</SB> ≈ 160° and 200°.</text></s> <s sid="210"><CoreSc1 atype="GSC" type="Res" conceptID="Res75" novelty="None" advantage="None"/><text>In the quantum distributions, this feature is largely washed out as the light –NH<SB>2</SB> torsion tunnels between the neighboring minima, resulting in a single, broad distribution peak for conformer II at <IT>ϕ</IT><SB>3</SB> = 180°.</text></s> <s sid="211"><CoreSc1 atype="GSC" type="Con" conceptID="Con1" novelty="None" advantage="None"/><text>This tunneling effect gives rise to the notably quantum behavior of conformer II.</text></s></P></DIV><DIV DEPTH="2"><HEADER HEADER_MARKER="3.4">Non-torsional modes</HEADER><P><s sid="212"><CoreSc1 atype="GSC" type="Bac" conceptID="Bac68" novelty="None" advantage="None"/><text>The TPIMC technique enables the efficient quantum mechanical analysis of large molecules by reducing the total number of intramolecular degrees of freedom to the number of single-bond torsions.<REF TYPE="P" ID="cit30 cit31">30,31</REF></text></s> <s sid="213"><CoreSc1 atype="GSC" type="Met" conceptID="Met31" novelty="Old" advantage="None"/><text>By not explicitly including the thermodynamic contributions of non-torsional motions, such as bond stretches and angle bends, the method assumes that these contributions are identical for every conformer and cancel in the evaluation of relative quantities.</text></s></P><P><s sid="214"><CoreSc1 atype="GSC" type="Bac" conceptID="Bac69" novelty="None" advantage="None"/><text>The motivation for this assumption is best understood within the context of the harmonic oscillator approximation.</text></s> <s sid="215"><CoreSc1 atype="GSC" type="Bac" conceptID="Bac70" novelty="None" advantage="None"/><text>For the quantum harmonic oscillator, the contribution of a particular vibrational mode to the free energy of a conformer is composed of two terms.</text></s> <s sid="216"><CoreSc1 atype="GSC" type="Bac" conceptID="Bac71" novelty="None" advantage="None"/><text>The first is the zero point energy, which is independent of temperature and proportional to the frequency of the vibrational mode.</text></s> <s sid="217"><CoreSc1 atype="GSC" type="Bac" conceptID="Bac72" novelty="None" advantage="None"/><text>The second term vanishes exponentially for large frequencies and becomes infinite as the frequency approaches zero.</text></s> <s sid="218"><CoreSc1 atype="GSC" type="Bac" conceptID="Bac73" novelty="None" advantage="None"/><text>It follows that high-frequency modes will make free energy contributions approximately equal to the zero point energy, and low-frequency modes will make potentially huge contributions to the free energy arising from the second term.</text></s></P><P><s sid="219"><CoreSc1 atype="GSC" type="Goa" conceptID="Goa2" novelty="None" advantage="None"/><text>We can now consider the relative contribution of a particular vibrational mode to the free energy of two different conformers.</text></s> <s sid="220"><CoreSc1 atype="GSC" type="Bac" conceptID="Bac74" novelty="None" advantage="None"/><text>Although high-frequency vibrations, such as bond stretches and most angle bends, will certainly vary depending on conformation, the relative free energy contribution is only proportional to the size of this frequency shift.</text></s> <s sid="221"><CoreSc1 atype="GSC" type="Bac" conceptID="Bac75" novelty="None" advantage="None"/><text>A frequency shift of the same magnitude in the low-frequency range can lead to much larger relative contributions.</text></s> <s sid="222"><CoreSc1 atype="GSC" type="Bac" conceptID="Bac76" novelty="None" advantage="None"/><text>It is therefore appealing to assume that relative conformer free energies are dominated by the contributions from low-frequency modes.</text></s></P><P><s sid="223"><CoreSc1 atype="GSC" type="Res" conceptID="Res76" novelty="None" advantage="None"/><text>Comparison of TPIMC calculations with experiment has supported the assumption that the torsional degrees of freedom dominate conformational thermodynamics.</text></s> <s sid="224"><CoreSc1 atype="GSC" type="Res" conceptID="Res77" novelty="None" advantage="None"/><text>Quantitative agreement between calculated and observed conformer populations is reported above for glycine and in a previous study for the 2-amino-1-phenylethanol molecule.<REF TYPE="P" ID="cit32">32</REF></text></s> <s sid="225"><CoreSc1 atype="GSC" type="Bac" conceptID="Bac77" novelty="None" advantage="None"/><text>However, it is important to recognize that, in addition to torsional modes, flexible molecules exhibit other low frequency motions that can be conformer dependent and substantially affect the relative free energy.</text></s> <s sid="226"><CoreSc1 atype="GSC" type="Goa" conceptID="Goa3" novelty="None" advantage="None"/><text>It is therefore worthwhile to estimate the influence of non-torsional motions on the glycine conformer populations calculations reported in this study.</text></s></P><P><s sid="227"><CoreSc1 atype="GSC" type="Met" conceptID="Met32" novelty="New" advantage="None"/><text>A straightforward algorithm for estimating the effect of non-torsional vibrations on the calculated conformer populations involves (<IT>i</IT>) calculating the harmonic frequencies of the conformers of interest, (<IT>ii</IT>) identifying the vibrational motions that most resemble torsions, (<IT>iii</IT>) using the remainder of the vibrational frequencies to calculate harmonic free energy corrections, and (<IT>iv</IT>) using these free energy corrections to adjust the conformer populations.</text></s> <s sid="228"><CoreSc1 atype="GSC" type="Hyp" conceptID="Hyp9" novelty="None" advantage="None"/><text>The quantitative reliability of these corrections depends on the extent to which the torsional modes couple with other vibrations and the accuracy of the harmonic oscillator approximation for the non-torsional motions.</text></s> <s sid="229"><CoreSc1 atype="GSC" type="Hyp" conceptID="Hyp10" novelty="None" advantage="None"/><text>Nonetheless, comparison of the calculated populations before and after correction will indicate the extent to which non-torsional vibrations are relevant in the current study.</text></s></P><P><s sid="230"><CoreSc1 atype="GSC" type="Met" conceptID="Met33" novelty="Old" advantage="None"/><text>The left side of Table 4 compares the quantum TPIMC conformer populations before and after non-torsional correction at the experimentally relevant temperature of 400 K. Harmonic frequencies for the five conformers used in the corrections were calculated at the MP2/6-311++G** level of theory and are listed in the ESI.<SUP TYPE="FOOTNOTE_MARKER" ID="fn1"/> The close agreement between the second and third columns of Table 4 indicates that the free energy contributions from the non-torsional modes largely cancel in the various conformers of glycine at 400 K. The non-torsional harmonic correction generally changes the calculated TPIMC populations 1–2% at 400 K. It is concluded that the above comparison of quantum TPIMC populations with experiment is not significantly effected by contributions arising from non-torsional motions.</text></s></P><P><s sid="231"><CoreSc1 atype="GSC" type="Bac" conceptID="Bac78" novelty="None" advantage="None"/><text>The harmonic vibrational frequencies of glycine, including the torsional modes, can also be used to directly calculate conformer populations.</text></s> <s sid="232"><CoreSc1 atype="GSC" type="Bac" conceptID="Bac79" novelty="None" advantage="None"/><text>This is a standard electronic structure theory approach for analyzing intramolecular thermodynamics.</text></s> <s sid="233"><CoreSc1 atype="GSC" type="Met" conceptID="Met34" novelty="Old" advantage="None"/><text>Harmonic vibrational analysis approximates the potential energy surface about a local minimum with a quadratic function.</text></s> <s sid="234"><CoreSc1 atype="GSC" type="Met" conceptID="Met35" novelty="Old" advantage="None"/><text>To avoid large errors in the evaluation of conformer populations, the technique requires <IT>a priori</IT> specification of each conformer that will be populated and the statistical degeneracy number <IT>g</IT><SB><IT>i</IT></SB> of each conformer.</text></s> <s sid="235"><CoreSc1 atype="GSC" type="Mod" conceptID="Mod12" novelty="None" advantage="None"/><text>Conformer I, which has a planar energy minimum, is singly degenerate (<IT>g</IT><SB>I</SB> = 1).</text></s> <s sid="236"><CoreSc1 atype="GSC" type="Mod" conceptID="Mod13" novelty="None" advantage="None"/><text>The symmetric, nonplanar minima of conformers IV and V are well separated on the potential energy surface, so we can reliably assign <IT>g</IT><SB>IV</SB> = 2 and <IT>g</IT><SB>V</SB> = 2.</text></s> <s sid="237"><CoreSc1 atype="GSC" type="Bac" conceptID="Bac80" novelty="None" advantage="None"/><text>The appropriate degeneracy numbers of conformers II and III, however, are less obvious.</text></s> <s sid="238"><CoreSc1 atype="GSC" type="Res" conceptID="Res78" novelty="None" advantage="None"/><text>It was shown in Fig. 3b that the torsional distribution of conformer III has two maxima at low temperature which converge toward a single maximum at high temperature.</text></s> <s sid="239"><CoreSc1 atype="GSC" type="Res" conceptID="Res79" novelty="None" advantage="None"/><text>Similarly, despite the fact that the quantum torsional distribution of conformer II exhibits only a single peak (Fig. 7), the conformer has a symmetric pair of minimum energy structures at <IT></IT> = (±12°, ∓3°, ±161°).</text></s> <s sid="240"><CoreSc1 atype="GSC" type="Res" conceptID="Res80" novelty="None" advantage="None"/><text>It is therefore difficult to make an <IT>a priori</IT> selection of appropriate degeneracy numbers for conformers II and III in the harmonic vibrational thermodynamic analysis of glycine.</text></s></P><P><s sid="241"><CoreSc1 atype="GSC" type="Obs" conceptID="Obs14" novelty="None" advantage="None"/><text>The right side of Table 4 presents the glycine conformer populations calculated using three different sets of degeneracy numbers.</text></s> <s sid="242"><CoreSc1 atype="GSC" type="Mod" conceptID="Mod14" novelty="None" advantage="None"/><text>In each set, it is assumed that <IT>g</IT><SB>I</SB> = 1 and <IT>g</IT><SB>IV</SB> = <IT>g</IT><SB>V</SB> = 2.</text></s> <s sid="243"><CoreSc1 atype="GSC" type="Mod" conceptID="Mod15" novelty="None" advantage="None"/><text>In the fourth column of the table (HO<SB>1</SB>), we set <IT>g</IT><SB>II</SB> = <IT>g</IT><SB>III</SB> = 1.</text></s> <s sid="244"><CoreSc1 atype="GSC" type="Mod" conceptID="Mod16" novelty="None" advantage="None"/><text>For HO<SB>2</SB>, we set <IT>g</IT><SB>II</SB> = 1 and <IT>g</IT><SB>III</SB> = 2, and for HO<SB>3</SB>, we set <IT>g</IT><SB>II</SB> = <IT>g</IT><SB>III</SB> = 2.</text></s></P><P><s sid="245"><CoreSc1 atype="GSC" type="Res" conceptID="Res81" novelty="None" advantage="None"/><text>In qualitative agreement with the TPIMC results, the HO<SB><IT>X</IT></SB> columns in Table 4 predict the majority of molecules to be found in conformer I and smaller populations for conformers II–V.</text></s> <s sid="246"><CoreSc1 atype="GSC" type="Res" conceptID="Res82" novelty="None" advantage="None"/><text>The HO<SB>2</SB> degeneracy number choice of <IT>g</IT><SB>II</SB> = 1 and <IT>g</IT><SB>III</SB> = 2 recovers the relative ordering of conformer populations, a finding that is consistent with the numbers of maxima in the TPIMC <IT>ϕ</IT><SB>1</SB> torsional distributions (Fig. 3).</text></s> <s sid="247"><CoreSc1 atype="GSC" type="Res" conceptID="Res83" novelty="None" advantage="None"/><text>However, the harmonic approximation can severely hinder the calculation of conformer populations,<REF TYPE="P" ID="cit32">32</REF> and it is seen in the table that the results vary depending on the choice of degeneracy numbers.</text></s> <s sid="248"><CoreSc1 atype="GSC" type="Res" conceptID="Res84" novelty="None" advantage="None"/><text>Without prior knowledge of the TPIMC results, it would have been difficult in this case to reliably compare the harmonic approximation calculations with experiment.</text></s></P></DIV></DIV><DIV DEPTH="1"><HEADER HEADER_MARKER="4">Conclusions</HEADER><P><s sid="249"><CoreSc1 atype="GSC" type="Con" conceptID="Con2" novelty="None" advantage="None"/><text>By combining an anharmonic, quantum-mechanical description of the glycine torsions with an <IT>ab initio</IT> description of the electronic structure of the molecule, the current study achieves a level of accuracy not previously available in the theoretical study of molecular conformation.</text></s> <s sid="250"><CoreSc1 atype="GSC" type="Con" conceptID="Con3" novelty="None" advantage="None"/><text>The population of the three experimentally observed conformers are calculated in good agreement with recent matrix-IR experiments, and the presence of a fourth conformer is predicted at equilibrium.</text></s> <s sid="251"><CoreSc1 atype="GSC" type="Con" conceptID="Con4" novelty="None" advantage="None"/><text>Contrary to previous conclusions, it is suggested that the absence of conformer IV from experimental observation is not primarily due to the height of the IV → I potential barrier but rather to other aspects of the dynamics of interconversion.</text></s> <s sid="252"><CoreSc1 atype="GSC" type="Con" conceptID="Con5" novelty="None" advantage="None"/><text>Quantum effects are found to substantially alter the population of conformer II, especially at low temperature, and the role of the non-torsional vibrations of glycine is not found to significantly alter the comparison of the TPIMC calculations with experiment.</text></s></P><P><s sid="253"><CoreSc1 atype="GSC" type="Con" conceptID="Con6" novelty="None" advantage="None"/><text>To achieve optimal accuracy, the study employs a high-quality potential energy surface, accounts for the contributions of non-torsional modes, and utilizes conservative parameters for numerical convergence criteria and TPIMC quantum convergence.</text></s> <s sid="254"><CoreSc1 atype="GSC" type="Con" conceptID="Con7" novelty="None" advantage="None"/><text>These measures have led to calculated results that are in strong agreement with available experimental data, but they introduce considerable computational cost.</text></s> <s sid="255"><CoreSc1 atype="GSC" type="Res" conceptID="Res85" novelty="None" advantage="None"/><text>The longest TPIMC calculations presented took approximately eight days to complete on a single processor, and the construction of a global <IT>ab initio</IT> potential energy surface would soon become unfeasible with more degrees of freedom.</text></s> <s sid="256"><CoreSc1 atype="GSC" type="Res" conceptID="Res86" novelty="None" advantage="None"/><text>Nonetheless, previous studies show that the TPIMC technique, when used with a molecular mechanics potential, can be affordably applied to systems of at least 75 atoms<REF TYPE="P" ID="cit31">31</REF> and that the approach can quantitatively reproduce experimental findings.<REF TYPE="P" ID="cit32">32</REF></text></s> <s sid="257"><CoreSc1 atype="GSC" type="Con" conceptID="Con8" novelty="None" advantage="None"/><text>Furthermore, the quantum anharmonic description provided by the TPIMC technique will be critical in future applications that consider the explicit interaction of a biomolecule with its solvent.</text></s> <s sid="258"><CoreSc1 atype="GSC" type="Con" conceptID="Con9" novelty="None" advantage="None"/><text>When employed with a reliable potential energy surface, the TPIMC technique is a promising new method for the prediction of biomolecular conformation that is expected to gain future application on more complicated systems of biological interest.</text></s></P></DIV><DIV DEPTH="1"><HEADER>Supporting information available</HEADER><P><s sid="259"><CoreSc1 atype="GSC" type="Obs" conceptID="Obs15" novelty="None" advantage="None"/><text>Tables listing the calculated harmonic frequencies of the glycine conformers.</text></s></P></DIV></BODY></PAPER>