<?xml version="1.0" encoding="UTF-8"?>
<!DOCTYPE PAPER
  SYSTEM "paper-structure-annotation.dtd">
<PAPER><mode2 name="b315038k" hasDoc="yes" version="1153"/><TITLE><s sid="1"><CoreSc1 atype="GSC" type="Obj" conceptID="Obj1" novelty="New" advantage="None"/><text>Crystal density prediction for cyclic and cage compounds</text></s></TITLE><ABSTRACT><s sid="2"><CoreSc1 atype="GSC" type="Met" conceptID="Met1" novelty="New" advantage="None"/><text>Politzer's approach was extended to predict the crystal densities of cyclic and cage molecules with quantum mechanics (QM) calculated surface electrostatic properties.</text></s> <s sid="3"><CoreSc1 atype="GSC" type="Con" conceptID="Con1" novelty="None" advantage="None"/><text>It was found that there is significant improvement in density prediction for cage molecules by replacing the surface area with molecular volume.</text></s> <s sid="4"><CoreSc1 atype="GSC" type="Res" conceptID="Res1" novelty="None" advantage="None"/><text>The best rms deviations of calculated values using molecular volume are 0.118 g cm<SP>–3</SP> and 0.068 g cm<SP>–3</SP> from the experimental values of cyclic and cage compounds respectively.</text></s></ABSTRACT><BODY><DIV DEPTH="1"><HEADER HEADER_MARKER="1.">Introduction</HEADER><P><s sid="5"><CoreSc1 atype="GSC" type="Bac" conceptID="Bac1" novelty="None" advantage="None"/><text>Knowing the geometry of a molecule, several methods can be used to predict its crystal density.</text></s> <s sid="6"><CoreSc1 atype="GSC" type="Met" conceptID="Met2" novelty="Old" advantage="None"/><text>The group additivity methods are the simplest, assuming that the volume of a molecule is a linear sum of appropriate atoms and groups.<REF TYPE="P" ID="cit1">1</REF></text></s> <s sid="7"><CoreSc1 atype="GSC" type="Met" conceptID="Met2" novelty="Old" advantage="No"/><text>The possible conformation and packing efficiency are not taken into consideration by these methods.</text></s> <s sid="8"><CoreSc1 atype="GSC" type="Met" conceptID="Met3" novelty="Old" advantage="None"/><text>Packing optimization methods are the most sophisticated ones, which build packing arrangements in various space groups.<REF TYPE="P" ID="cit2">2</REF></text></s> <s sid="9"><CoreSc1 atype="GSC" type="Met" conceptID="Met4" novelty="Old" advantage="None"/><text>In a method by Politzer and his co-workers,<REF TYPE="P" ID="cit3">3</REF> crystal density (<IT>ρ</IT>, in g cm<SP>–3</SP>) is correlated with molecular surface electrostatic potential (<IT>V</IT>(<IT>r</IT>)) on a 0.001 au isodensity surface (calculated at the HF/STO-5G*//HF/STO-3G* level), characterized by its total variance (<IT>σ</IT>2tot), where <IT>M</IT> is molecular mass, and <IT>A</IT> is the surface area, <IT>V</IT><SB>S</SB><SP>+</SP>(<IT>r</IT><SB><IT>i</IT></SB>) and <IT>V</IT><SB>S</SB><SP>–</SP>(<IT>r</IT><SB><IT>j</IT></SB>) are the positive and negative value of <IT>V</IT>(<IT>r</IT>) on the surface, and <IT>V̄</IT><SB>S</SB><SP>+</SP> and <IT>V̄</IT><SB>S</SB><SP>–</SP> are their averages.</text></s> <s sid="10"><CoreSc1 atype="GSC" type="Met" conceptID="Met4" novelty="Old" advantage="None"/><text>The <IT>M</IT>/<IT>A</IT> term reflects the molecular density, and (<IT>σ</IT>2tot/<IT>A</IT>) reflects the contribution of packing efficiency to crystal density.</text></s> <s sid="11"><CoreSc1 atype="GSC" type="Met" conceptID="Met4" novelty="Old" advantage="None"/><text>The <IT>M</IT>/<IT>A</IT> term was used in the equation because of its convenience in the calculations and its satisfactory results for the database.<REF TYPE="P" ID="cit3">3</REF></text></s> <s sid="12"><CoreSc1 atype="GSC" type="Con" conceptID="Con1" novelty="None" advantage="None"/><text>We calculated the density of some cyclic and cage molecules with eqn. (1), and found that replacing the molecular surface area (<IT>A</IT>) with volume (<IT>V</IT>) improves the prediction accuracy especially for cage molecules.</text></s></P></DIV><DIV DEPTH="1"><HEADER HEADER_MARKER="2.">Methodology</HEADER><P><s sid="13"><CoreSc1 atype="GSC" type="Mod" conceptID="Mod1" novelty="None" advantage="None"/><text>Quantum mechanics calculations were carried out with the G98W program.<REF TYPE="P" ID="cit4">4</REF></text></s> <s sid="14"><CoreSc1 atype="GSC" type="Mod" conceptID="Mod2" novelty="None" advantage="None"/><text>Geometries were fully optimized at the HF/STO-3G* level.</text></s> <s sid="15"><CoreSc1 atype="GSC" type="Mod" conceptID="Mod2" novelty="None" advantage="None"/><text>The optimized geometry was verified to be stable with frequency computation.</text></s> <s sid="16"><CoreSc1 atype="GSC" type="Mod" conceptID="Mod3" novelty="None" advantage="None"/><text>The electrostatic potential <IT>V</IT>(<IT>r</IT>) was obtained from the single point calculations with the HF/STO-5G* basis set on these structures.</text></s> <s sid="17"><CoreSc1 atype="GSC" type="Mod" conceptID="Mod3" novelty="None" advantage="None"/><text>The average values, <IT>V̄</IT><SB>S</SB><SP>+</SP> and <IT>V̄</IT><SB>S</SB><SP>–</SP>, were obtained by averaging the positive or negative values over the points within a shell between the 0.0011 and 0.0009 au isodensity surfaces.</text></s> <s sid="18"><CoreSc1 atype="GSC" type="Mod" conceptID="Mod4" novelty="None" advantage="None"/><text>The surface area (<IT>A</IT>) and molecular volume (<IT>V</IT>) were directly obtained from the isodensity polarized continuum model (IPCM) of self-consistent reaction field (SCRF) calculations in the G98W program.<REF TYPE="P" ID="cit5">5</REF></text></s></P><P><s sid="19"><CoreSc1 atype="GSC" type="Mod" conceptID="Mod5" novelty="None" advantage="None"/><text>Curve fitting was performed with an online program, using its 3D polynomial equation simplified linear data modeller (<IT>Z</IT> = <IT>aX</IT> + <IT>bY</IT> + <IT>c</IT>)<REF TYPE="P" ID="cit6">6</REF>.</text></s></P></DIV><DIV DEPTH="1"><HEADER HEADER_MARKER="3.">Results and discussion</HEADER><P><s sid="20"><CoreSc1 atype="GSC" type="Res" conceptID="Res2" novelty="None" advantage="None"/><text>Compounds in Table 1 are classified into three groups.</text></s> <s sid="21"><CoreSc1 atype="GSC" type="Bac" conceptID="Bac2" novelty="None" advantage="None"/><text>Molecules in Group I are from Politzer's database.<REF TYPE="P" ID="cit3">3</REF></text></s> <s sid="22"><CoreSc1 atype="GSC" type="Bac" conceptID="Bac2" novelty="None" advantage="None"/><text>Except RDX, they are either highly symmetrical small molecules or substituted benzenes.</text></s> <s sid="23"><CoreSc1 atype="GSC" type="Bac" conceptID="Bac3" novelty="None" advantage="None"/><text>RDX also belongs to Group II.</text></s> <s sid="24"><CoreSc1 atype="GSC" type="Bac" conceptID="Bac4" novelty="None" advantage="None"/><text>Molecules in Group II are mono- or polycyclic.</text></s> <s sid="25"><CoreSc1 atype="GSC" type="Bac" conceptID="Bac4" novelty="None" advantage="None"/><text>Most of them are nitramine and they have a variety of molecular shapes.</text></s> <s sid="26"><CoreSc1 atype="GSC" type="Bac" conceptID="Bac5" novelty="None" advantage="None"/><text>Molecules in Group III have cage structures.</text></s></P><P><s sid="27"><CoreSc1 atype="GSC" type="Met" conceptID="Met5" novelty="Old" advantage="None"/><text>First, crystal densities of compounds in Group I were calculated using eqn. (1).</text></s> <s sid="28"><CoreSc1 atype="GSC" type="Res" conceptID="Res3" novelty="None" advantage="None"/><text>The calculated <IT>σ</IT>2tot and surface areas are quite comparable with Politzer's values.<REF TYPE="P" ID="cit3">3</REF></text></s> <s sid="29"><CoreSc1 atype="GSC" type="Res" conceptID="Res3" novelty="None" advantage="None"/><text>The root mean square (rms) deviation of the calculated densities from the experimental values for compounds in Group I is 0.060 g cm<SP>–3</SP>, which is comparable with that of the original work (0.055 g cm<SP>–3</SP>).<REF TYPE="P" ID="cit3">3</REF></text></s> <s sid="30"><CoreSc1 atype="GSC" type="Res" conceptID="Res3" novelty="None" advantage="None"/><text>Therefore, our calculations are consistent with that of Politzer.</text></s></P><P><s sid="31"><CoreSc1 atype="GSC" type="Met" conceptID="Met6" novelty="Old" advantage="None"/><text>The same equation was then used to predict densities of compounds in Group II and Group III.</text></s> <s sid="32"><CoreSc1 atype="GSC" type="Res" conceptID="Res4" novelty="None" advantage="None"/><text>It was found that the predictions for compounds in these two groups are poor.</text></s> <s sid="33"><CoreSc1 atype="GSC" type="Res" conceptID="Res5" novelty="None" advantage="None"/><text>The rms deviations of the calculated densities from the literature values are 0.153 and 0.126 g cm<SP>–3</SP> for compounds in Group II and III respectively.</text></s></P><P><s sid="34"><CoreSc1 atype="GSC" type="Res" conceptID="Res6" novelty="None" advantage="None"/><text>Eqn. (1) was then re-parameterized over all molecules in the three groups, and the following equation was obtained: The predictions of crystal densities using eqn. (3) did not improve significantly.</text></s> <s sid="35"><CoreSc1 atype="GSC" type="Res" conceptID="Res7" novelty="None" advantage="None"/><text>The rms deviation of the calculated values from the literature values for all molecules in the three groups is 0.110 g cm<SP>–3</SP>, comparable with 0.126 g cm<SP>–3</SP> from eqn. (1) calculations.</text></s></P><P><s sid="36"><CoreSc1 atype="GSC" type="Res" conceptID="Res8" novelty="None" advantage="None"/><text><IT>M</IT>/<IT>A</IT> in eqn. (3) was then replaced with <IT>M</IT>/<IT>V</IT>, and eqn. (4) was obtained through parameterization over all molecules in the three groups: It is noticed from the rms deviations, that the predictions of eqn. (4) for compounds in Group I are as good as eqn. (1).</text></s> <s sid="37"><CoreSc1 atype="GSC" type="Res" conceptID="Res9" novelty="None" advantage="None"/><text>The predictions for compounds in Group II are still very poor.</text></s> <s sid="38"><CoreSc1 atype="GSC" type="Res" conceptID="Res10" novelty="None" advantage="None"/><text>However, there is a large improvement for cage molecules in Group III.</text></s> <s sid="39"><CoreSc1 atype="GSC" type="Res" conceptID="Res11" novelty="None" advantage="None"/><text>A graphical representation of the calculated and literature densities in Table 1 is given in Fig. 1.</text></s></P></DIV><DIV DEPTH="1"><HEADER>Conclusions</HEADER><P><s sid="40"><CoreSc1 atype="GSC" type="Con" conceptID="Con1" novelty="None" advantage="None"/><text>The predictions of crystal density of cage molecules can be largely improved when replacing <IT>M</IT>/<IT>A</IT> in Politzer's equation with <IT>M</IT>/<IT>V</IT>.</text></s> <s sid="41"><CoreSc1 atype="GSC" type="Res" conceptID="Res12" novelty="None" advantage="None"/><text>For molecules in Group I, the molecular density is well reflected by <IT>M</IT>/<IT>A</IT> as well as the <IT>M</IT>/<IT>V</IT> term.</text></s> <s sid="42"><CoreSc1 atype="GSC" type="Res" conceptID="Res12" novelty="None" advantage="None"/><text>However, for cage molecules in Group III, the molecular density is best reflected by <IT>M</IT>/<IT>V</IT>.</text></s> <s sid="43"><CoreSc1 atype="GSC" type="Res" conceptID="Res13" novelty="None" advantage="None"/><text>The rms deviations of the calculated values with three equations from the literature values are all very large for compounds in Group II, 0.153, 0.103 and 0.118 g cm<SP>–3</SP> respectively.</text></s> <s sid="44"><CoreSc1 atype="GSC" type="Con" conceptID="Con2" novelty="None" advantage="None"/><text>The variety of molecular shapes may largely affect molecular packing efficiency.</text></s> <s sid="45"><CoreSc1 atype="GSC" type="Con" conceptID="Con2" novelty="None" advantage="None"/><text>Therefore, other terms such as shape descriptors may be included in the relationship in order to give good predictions for compounds in this group for future work.</text></s></P></DIV></BODY></PAPER>