<?xml version="1.0" encoding="UTF-8"?>
<!DOCTYPE PAPER
  SYSTEM "paper-structure-annotation.dtd">
<PAPER><mode2 name="b316620a" hasDoc="yes" version="1153"/><TITLE><s sid="1"><CoreSc1 atype="GSC" type="Obj" conceptID="Obj1" novelty="New" advantage="None"/><text>Conformational control of electron delocalisation in geometrically-constrained, binuclear ruthenium(ii) <IT>bis</IT>(2,2′:6′,2″-terpyridine) complexes</text></s></TITLE><ABSTRACT><s sid="2"><CoreSc1 atype="GSC" type="Con" conceptID="Con1" novelty="None" advantage="None"/><text>On the basis of temperature-dependent emission studies made with the target binuclear compounds, it is concluded that the extent of electron delocalisation at the triplet level depends on the torsion angle imposed by the bridge.</text></s></ABSTRACT><BODY><DIV DEPTH="1"><HEADER/><P><s sid="3"><CoreSc1 atype="GSC" type="Bac" conceptID="Bac1" novelty="None" advantage="None"/><text>It is well established that the triplet lifetime of ruthenium(ii) <IT>bis</IT>(2,2′:6′,2″-terpyridine) at ambient temperatures can be prolonged by attaching an alkynylene substituent at the 4′-position.<REF TYPE="P" ID="cit1">1</REF></text></s> <s sid="4"><CoreSc1 atype="GSC" type="Bac" conceptID="Bac2" novelty="None" advantage="None"/><text>This strategy works particularly well for the corresponding binuclear complexes, where the triplet lifetimes at 20 °C exceed that of the parent complex by a factor of at least .1000<REF TYPE="P" ID="cit2">2</REF></text></s> <s sid="5"><CoreSc1 atype="GSC" type="Bac" conceptID="Bac3" novelty="None" advantage="None"/><text>Prolongation of the triplet lifetime is due to two complementary effects; namely, decoupling of the lowest-energy triplet state from upper-lying metal-centred states and extended delocalisation of the promoted electron over the substituted ligand.</text></s> <s sid="6"><CoreSc1 atype="GSC" type="Bac" conceptID="Bac4" novelty="None" advantage="None"/><text>Electron delocalisation can occur because the lowest-energy triplet is of metal-to-ligand, charge-transfer (MLCT) character and is formed by selective charge injection into the alkyne-substituted ligand.</text></s> <s sid="7"><CoreSc1 atype="GSC" type="Hyp" conceptID="Hyp1" novelty="None" advantage="None"/><text>We now show that the extent of electron delocalisation is subject to conformational control, as imposed by constraining the geometry of the alkynylene-based bridge.</text></s></P><P><s sid="8"><CoreSc1 atype="GSC" type="Exp" conceptID="Exp1" novelty="None" advantage="None"/><text>The target molecules comprise the following units: (i) The main chromophore is a ruthenium(ii) <IT>bis</IT>(2,2′:6′,2″-terpyridine) unit.</text></s> <s sid="9"><CoreSc1 atype="GSC" type="Exp" conceptID="Exp2" novelty="None" advantage="None"/><text>(ii) To ensure luminescence at ambient temperature, an ethynylene group is attached at the 4′-position.</text></s> <s sid="10"><CoreSc1 atype="GSC" type="Exp" conceptID="Exp3" novelty="None" advantage="None"/><text>(iii) A central biphenylene unit is used as a variable rotor.</text></s> <s sid="11"><CoreSc1 atype="GSC" type="Exp" conceptID="Exp4" novelty="None" advantage="None"/><text>(iv) A strap of predetermined length is attached at the 2,2′-positions of the rotor so as to restrict internal twisting around the connecting bond.</text></s> <s sid="12"><CoreSc1 atype="GSC" type="Exp" conceptID="Exp5" novelty="None" advantage="None"/><text>The generic molecular structures, and their abbreviations, are shown in Fig. 1.</text></s> <s sid="13"><CoreSc1 atype="GSC" type="Exp" conceptID="Exp6" novelty="None" advantage="None"/><text>These compounds were synthesized as outlined previously<REF TYPE="P" ID="cit3">3</REF> and fully characterised by <SP>1</SP>H and <SP>13</SP>C NMR, mass spectrometry and elemental analysis.</text></s></P><P><s sid="14"><CoreSc1 atype="GSC" type="Obs" conceptID="Obs1" novelty="None" advantage="None"/><text>Each compound shows a prominent MLCT transition centred at 490 nm, with a tail stretching towards 600 nm.</text></s> <s sid="15"><CoreSc1 atype="GSC" type="Res" conceptID="Res1" novelty="None" advantage="None"/><text>The tail is due to the spin-forbidden MLCT transitions.</text></s> <s sid="16"><CoreSc1 atype="GSC" type="Obs" conceptID="Obs2" novelty="None" advantage="None"/><text>At higher energy, the parent terpyridine ligand absorbs around 270 nm whilst the polytopic ligand displays absorption bands between 290 and 400 nm.</text></s> <s sid="17"><CoreSc1 atype="GSC" type="Obs" conceptID="Obs3" novelty="None" advantage="None"/><text>Very weak luminescence can be observed in deoxygenated solution at ambient temperature.</text></s> <s sid="18"><CoreSc1 atype="GSC" type="Res" conceptID="Res2" novelty="None" advantage="None"/><text>This emission is centred around 675 nm and can be assigned to phosphorescence from the lowest-energy MLCT triplet state of the metal complex.<REF TYPE="P" ID="cit4">4</REF></text></s> <s sid="19"><CoreSc1 atype="GSC" type="Obs" conceptID="Obs4" novelty="None" advantage="None"/><text>At room temperature, the emission quantum yields are very low (<IT>Φ</IT><SB>LUM</SB> ≈ 0.0004) and the lifetimes are relatively short (<IT>τ</IT><SB>LUM</SB> ≈ 20 ns).</text></s> <s sid="20"><CoreSc1 atype="GSC" type="Res" conceptID="Res3" novelty="None" advantage="None"/><text>Even so, emission is much more intense than that observed from the parent complex under these conditions.<REF TYPE="P" ID="cit5">5</REF></text></s></P><P><s sid="21"><CoreSc1 atype="GSC" type="Obs" conceptID="Obs5" novelty="None" advantage="None"/><text>Luminescence from the binuclear complexes becomes more pronounced as the temperature is lowered.</text></s> <s sid="22"><CoreSc1 atype="GSC" type="Obs" conceptID="Obs6" novelty="None" advantage="None"/><text>In all cases, there is good agreement between the increase in quantum yield and lifetime.</text></s> <s sid="23"><CoreSc1 atype="GSC" type="Res" conceptID="Res4" novelty="None" advantage="None"/><text>The corrected excitation spectrum matches the absorption spectrum over the entire visible and near-UV regions and all spectroscopic measurements indicate that only a single species emits.</text></s> <s sid="24"><CoreSc1 atype="GSC" type="Obs" conceptID="Obs7" novelty="None" advantage="None"/><text>Even in a frozen glass, there is no suggestion of emission from either a ligand-centred triplet or an intramolecular charge-transfer state.<REF TYPE="P" ID="cit6">6</REF></text></s> <s sid="25"><CoreSc1 atype="GSC" type="Res" conceptID="Res5" novelty="None" advantage="None"/><text>As such, the temperature dependence is due to perturbation of the photophysical properties of the lowest-energy MLCT triplet state.</text></s></P><P><s sid="26"><CoreSc1 atype="GSC" type="Bac" conceptID="Bac5" novelty="None" advantage="None"/><text>The photophysical properties of metal poly(pyridine) complexes are subject to the energy-gap law.<REF TYPE="P" ID="cit7">7</REF></text></s> <s sid="27"><CoreSc1 atype="GSC" type="Bac" conceptID="Bac5" novelty="None" advantage="None"/><text>But, in order to expose this relationship, it is necessary to allow for coupling between the emitting state and higher-lying triplets.</text></s> <s sid="28"><CoreSc1 atype="GSC" type="Obj" conceptID="Obj2" novelty="New" advantage="None"/><text>The energy of the lowest triplet excited state (<IT>E</IT><SB>T</SB>) can be derived by detailed analysis of the emission spectrum.</text></s> <s sid="29"><CoreSc1 atype="GSC" type="Obs" conceptID="Obs8" novelty="None" advantage="None"/><text>For the target compounds in fluid solution, <IT>E</IT><SB>T</SB> (≈15,800 cm<SP>–1</SP>) is independent of temperature and insensitive to the length of the strap.</text></s> <s sid="30"><CoreSc1 atype="GSC" type="Obs" conceptID="Obs9" novelty="None" advantage="None"/><text>Likewise, the total reorganisation energy (<IT>λ</IT><SB>T</SB> ≈ 700 cm<SP>–1</SP>) accompanying decay of the first triplet excited state remains essentially constant for all the complexes studied here.</text></s></P><P><s sid="31"><CoreSc1 atype="GSC" type="Obs" conceptID="Obs10" novelty="None" advantage="None"/><text>The rate constant (<IT>k</IT><SB>NR</SB>) for nonradiative deactivation of the lowest-energy triplet state was found to follow eqn. (1) over a wide temperature range (Fig. 2).</text></s> <s sid="32"><CoreSc1 atype="GSC" type="Res" conceptID="Res6" novelty="None" advantage="None"/><text>This expression provides for the activationless rate of decay (<IT>k</IT><SB>0</SB>), seen at low temperature, and for coupling to two additional excited triplet states.</text></s> <s sid="33"><CoreSc1 atype="GSC" type="Obs" conceptID="Obs11" novelty="None" advantage="None"/><text>Of these two higher-energy triplets, one is accessed by passage over a small barrier (<IT>E</IT><SB>1</SB>).</text></s> <s sid="34"><CoreSc1 atype="GSC" type="Res" conceptID="Res7" novelty="None" advantage="None"/><text>This upper-lying state is probably a second MLCT triplet but with increased singlet character.</text></s> <s sid="35"><CoreSc1 atype="GSC" type="Res" conceptID="Res8" novelty="None" advantage="None"/><text>The overall rate constant (<IT>k</IT><SB>1</SB>) associated with reaching this state is rendered complex by the reversible nature of the barrier crossing.</text></s> <s sid="36"><CoreSc1 atype="GSC" type="Obs" conceptID="Obs12" novelty="None" advantage="None"/><text>At ambient temperature, a metal-centred (MC) state can be accessed by crossing a more substantial barrier (<IT>E</IT><SB>2</SB>).</text></s> <s sid="37"><CoreSc1 atype="GSC" type="Res" conceptID="Res9" novelty="None" advantage="None"/><text>In this case, barrier crossing is considered to be irreversible such that the derived rate constant (<IT>k</IT><SB>2</SB>) is set by the rate of decay of the MC state.</text></s> <s sid="38"><CoreSc1 atype="GSC" type="Res" conceptID="Res10" novelty="None" advantage="None"/><text>This latter process results in direct population of the ground state.</text></s> <s sid="39"><CoreSc1 atype="GSC" type="Obs" conceptID="Obs13" novelty="None" advantage="None"/><text>The various values extracted from the kinetic fits are collected in Table 1.</text></s> <s sid="40"><CoreSc1 atype="GSC" type="Res" conceptID="Res11" novelty="None" advantage="None"/><text>It is seen that only <IT>k</IT><SB>0</SB> depends on the length of the strap.</text></s> <s sid="41"><CoreSc1 atype="GSC" type="Bac" conceptID="Bac6" novelty="None" advantage="None"/><text>It is known from related systems that <IT>k</IT><SB>0</SB> decreases with increasing extent of electron delocalisation of the promoted electron.<REF TYPE="P" ID="cit8">8</REF></text></s> <s sid="42"><CoreSc1 atype="GSC" type="Res" conceptID="Res12" novelty="None" advantage="None"/><text>The fact that <IT>k</IT><SB>0</SB> depends on the length of the strap is clear indication that the conformation of the bridging unit affects the degree of electronic communication along the molecular axis.</text></s> <s sid="43"><CoreSc1 atype="GSC" type="Res" conceptID="Res13" novelty="None" advantage="None"/><text>Two possibilities need be considered on the basis of molecular dynamics simulations made for the target compounds in a bath of acetonitrile molecules.</text></s> <s sid="44"><CoreSc1 atype="GSC" type="Res" conceptID="Res14" novelty="None" advantage="None"/><text>First, the strap controls the torsion angle between the phenylene rings.</text></s> <s sid="45"><CoreSc1 atype="GSC" type="Res" conceptID="Res14" novelty="None" advantage="None"/><text>As such, the length of the strap should influence the degree of orbital overlap, in the event that the promoted electron extends to the LUMO on the biphenylene group.</text></s> <s sid="46"><CoreSc1 atype="GSC" type="Res" conceptID="Res15" novelty="None" advantage="None"/><text>Second, the strapped biphenylene unit does not lie coplanar with the covalently-linked terpyridine groups.</text></s> <s sid="47"><CoreSc1 atype="GSC" type="Obs" conceptID="Obs14" novelty="None" advantage="None"/><text>The mean torsion angle between nearby phenylene and pyridine rings varies markedly with strap length, especially for optimised structures.</text></s> <s sid="48"><CoreSc1 atype="GSC" type="Res" conceptID="Res16" novelty="None" advantage="None"/><text>This torsion angle controls the degree of electronic coupling between the terpyridine ligand and the ethynylene group and will have a pronounced effect on the extent of electron delocalisation over the acetylenic unit.</text></s></P><P><s sid="49"><CoreSc1 atype="GSC" type="Mod" conceptID="Mod1" novelty="None" advantage="None"/><text>As mentioned above, the variation in <IT>k</IT><SB>0</SB> should be explainable within the framework of the energy-gap law, eqn. (2).<REF TYPE="P" ID="cit7">7</REF></text></s> <s sid="50"><CoreSc1 atype="GSC" type="Mod" conceptID="Mod2" novelty="None" advantage="None"/><text>The most important variable within this expression is the amount of energy to be dissipated during nonradiative decay.</text></s> <s sid="51"><CoreSc1 atype="GSC" type="Res" conceptID="Res17" novelty="None" advantage="None"/><text>However, since <IT>E</IT><SB>T</SB> remains invariant throughout this series it is clear that other factors combine to affect the magnitude of <IT>k</IT><SB>0</SB>.</text></s> <s sid="52"><CoreSc1 atype="GSC" type="Mod" conceptID="Mod3" novelty="None" advantage="None"/><text>The remaining parameters in eqn. (2) are the Huang–Rhys factor (<IT>S</IT><SB>M</SB>),<REF TYPE="P" ID="cit9">9</REF> the electron-vibrational coupling matrix element (<IT>C</IT>) and the averaged medium-frequency vibrational mode (<IT>hω</IT><SB>M</SB>) coupled to nonradiative decay.</text></s> <s sid="53"><CoreSc1 atype="GSC" type="Mod" conceptID="Mod4" novelty="None" advantage="None"/><text>The coefficient <IT>γ</IT> depends on both the energy gap and the extent of nuclear displacement.</text></s> <s sid="54"><CoreSc1 atype="GSC" type="Mod" conceptID="Mod5" novelty="None" advantage="None"/><text>Both <IT>S</IT> and <IT>hω</IT><SB>M</SB> can be determined by analysis of the emission spectra recorded in fluid solution.</text></s> <s sid="55"><CoreSc1 atype="GSC" type="Mod" conceptID="Mod6" novelty="None" advantage="None"/><text>Usually, the full emission spectrum, at any temperature, can be expressed<REF TYPE="P" ID="cit10">10</REF> in terms of a weighted average, medium-frequency mode (<IT>hω</IT><SB>M</SB>) of around 1380 cm<SP>–1</SP>.</text></s> <s sid="56"><CoreSc1 atype="GSC" type="Mod" conceptID="Mod7" novelty="None" advantage="None"/><text>This was not the case for the target compounds studied here since, even in fluid solution, it was necessary to include an additional low frequency mode (<IT>hω</IT><SB>L</SB>) to properly express the emission spectra.</text></s> <s sid="57"><CoreSc1 atype="GSC" type="Mod" conceptID="Mod8" novelty="None" advantage="None"/><text>Thus, the normalised emission spectra could be reconstituted on the basis of eqn. (3)<REF TYPE="P" ID="cit11">11</REF> and using the data collected in Table 2.</text></s> <s sid="58"><CoreSc1 atype="GSC" type="Mod" conceptID="Mod9" novelty="None" advantage="None"/><text>It should be stressed that the inclusion of <IT>hω</IT><SB>L</SB> in fluid solution is unique to those metal complexes equipped with the constraining strap.</text></s></P><P><s sid="59"><CoreSc1 atype="GSC" type="Mod" conceptID="Mod10" novelty="None" advantage="None"/><text>In fitting the experimental data to eqn. (3) (Fig. 3), <IT>I</IT>(<IT>ν</IT>) is the normalised emission intensity at wavenumber <IT>ν</IT>, <IT>n</IT><SB>M</SB> and <IT>n</IT><SB>L</SB> are the vibrational quantum numbers for the averaged medium (<IT>hω</IT><SB>M</SB>) and low (<IT>hω</IT><SB>L</SB>) frequency acceptor modes, Δ<IT>v</IT><SB>1/2</SB> is the half-width of individual vibronic bands and <IT>E</IT><SB>00</SB> is the energy gap for the 0–0 transition.</text></s> <s sid="60"><CoreSc1 atype="GSC" type="Mod" conceptID="Mod11" novelty="None" advantage="None"/><text>The quantities <IT>S</IT><SB>M</SB> and <IT>S</IT><SB>L</SB> are the Huang–Rhys factors for medium and low frequency modes, respectively.</text></s> <s sid="61"><CoreSc1 atype="GSC" type="Mod" conceptID="Mod12" novelty="None" advantage="None"/><text>Only the half-width depends on temperature and the other parameters were averaged over the entire temperature range (Table 2).</text></s> <s sid="62"><CoreSc1 atype="GSC" type="Obs" conceptID="Obs15" novelty="None" advantage="None"/><text>The best fits to the experimental data gave <IT>hω</IT><SB>M</SB> and <IT>hω</IT><SB>L</SB> values, respectively, of <IT>ca.</IT> 1400 and <IT>ca.</IT> 800 cm<SP>–1</SP>.</text></s> <s sid="63"><CoreSc1 atype="GSC" type="Obs" conceptID="Obs16" novelty="None" advantage="None"/><text>The latter value increases systematically with increasing temperature; <IT>e.g.</IT> for C4 <IT>hω</IT><SB>L</SB> varies from <IT>ca.</IT> 535 cm<SP>–1</SP> at 90 K to 1020 cm<SP>–1</SP> at 290 K.</text></s></P><P><s sid="64"><CoreSc1 atype="GSC" type="Res" conceptID="Res18" novelty="None" advantage="None"/><text>The medium-frequency mode corresponds to CC and CN stetching vibrations associated with the terpyridine ligand.<REF TYPE="P" ID="cit12">12</REF></text></s> <s sid="65"><CoreSc1 atype="GSC" type="Res" conceptID="Res19" novelty="None" advantage="None"/><text>The low frequency vibration can be assigned to substituted phenylene bending modes.<REF TYPE="P" ID="cit13">13</REF></text></s> <s sid="66"><CoreSc1 atype="GSC" type="Con" conceptID="Con2" novelty="None" advantage="None"/><text>It is now clear that motion around the bridging phenylene unit is coupled to nonradiative decay of the lowest-energy triplet state.</text></s> <s sid="67"><CoreSc1 atype="GSC" type="Con" conceptID="Con2" novelty="None" advantage="None"/><text>Presumably, this effect relates to the system trying to achieve the maximum orbital overlap at the triplet level.</text></s> <s sid="68"><CoreSc1 atype="GSC" type="Con" conceptID="Con3" novelty="None" advantage="None"/><text>It should be noted that the strap exerts a pronounced effect on <IT>k</IT><SB>0</SB> since there is a 90-fold increase in rate between C2 and the corresponding complex lacking the strap.</text></s> <s sid="69"><CoreSc1 atype="GSC" type="Bac" conceptID="Bac7" novelty="None" advantage="None"/><text>The exact details underlying this behaviour will be described elsewhere.</text></s></P></DIV></BODY></PAPER>