<?xml version="1.0" encoding="UTF-8"?>
<!DOCTYPE PAPER
  SYSTEM "paper-structure-annotation.dtd">
<PAPER><mode2 name="b316053j" hasDoc="yes" version="1153"/><TITLE><s sid="1"><CoreSc1 atype="GSC" type="Obj" conceptID="Obj1" novelty="New" advantage="None"/><text>Investigation of the protonation site in the dialanine peptide by infrared multiphoton dissociation spectroscopy</text></s></TITLE><ABSTRACT><s sid="2"><CoreSc1 atype="GSC" type="Met" conceptID="Met1" novelty="Old" advantage="None"/><text>Protonated dialanine cations have been isolated in a Fourier transform ion cyclotron resonance mass-spectrometer (FT-ICR-MS) and subjected to infrared multiphoton dissociation (IRMPD) at the free electron laser facility CLIO in Orsay (France).</text></s> <s sid="3"><CoreSc1 atype="GSC" type="Obj" conceptID="Obj2" novelty="New" advantage="None"/><text>The spectral dependence of the IR induced fragmentation pattern in the mid-infrared region (800–2000 cm<SP>−1</SP>) is interpreted with the help of structure and vibrational spectrum calculations of the different protonated conformers.</text></s> <s sid="4"><CoreSc1 atype="GSC" type="Con" conceptID="Con1" novelty="None" advantage="None"/><text>This comparison allows for the assignment of the proton on the terminal amino group, as the most favourable proton site, the neighbouring amide bond being in the <IT>trans</IT> conformation.</text></s></ABSTRACT><BODY><DIV DEPTH="1"><HEADER HEADER_MARKER="1">Introduction</HEADER><P><s sid="5"><CoreSc1 atype="GSC" type="Bac" conceptID="Bac1" novelty="None" advantage="None"/><text>Identification of proteins is routinely performed by means of mass-spectrometry.</text></s> <s sid="6"><CoreSc1 atype="GSC" type="Bac" conceptID="Bac1" novelty="None" advantage="None"/><text>Following proteolysis, a tryptic digest peptide fragment can be introduced in the gas phase and ionised, either by means of electrospray ionisation (ESI) or by matrix assisted laser desorption ionisation (MALDI), and then submitted to fragmentation.</text></s> <s sid="7"><CoreSc1 atype="GSC" type="Bac" conceptID="Bac1" novelty="None" advantage="None"/><text>The peptide fragment mass-fingerprint then leads to the protein primary sequence.</text></s> <s sid="8"><CoreSc1 atype="GSC" type="Bac" conceptID="Bac2" novelty="None" advantage="None"/><text>Collision induced dissociation (CID) is a very efficient process for deposition of energy in an isolated peptide cation leading to its fragmentation.<REF TYPE="P" ID="cit1 cit2 cit3 cit4 cit5">1–5</REF></text></s> <s sid="9"><CoreSc1 atype="GSC" type="Bac" conceptID="Bac2" novelty="None" advantage="None"/><text>According to the peptide cation sequence, different fragmentation patterns are observed and several authors have contributed to the development of a “mobile proton model” which aims to explain those cleavage patterns.<REF TYPE="P" ID="cit6 cit7 cit8">6–8</REF></text></s> <s sid="10"><CoreSc1 atype="GSC" type="Bac" conceptID="Bac2" novelty="None" advantage="None"/><text>In this model, it is assumed that before energy deposition, a proton is tightly bound by the peptide in its lowest energy configuration at a basic site (<IT>e.g.</IT> at the N-terminal or on a side-chain).</text></s> <s sid="11"><CoreSc1 atype="GSC" type="Bac" conceptID="Bac2" novelty="None" advantage="None"/><text>Following excitation, the proton then explores different excited configurations that become populated and cleavage takes place once it is located on a backbone site.</text></s> <s sid="12"><CoreSc1 atype="GSC" type="Bac" conceptID="Bac2" novelty="None" advantage="None"/><text>For example, as recently reviewed in <REF TYPE="P" ID="cit9">ref. 9</REF> different (b or y) cations are produced whether the positive charge remains on the N terminal fragment or on the C terminal.</text></s> <s sid="13"><CoreSc1 atype="GSC" type="Bac" conceptID="Bac3" novelty="None" advantage="None"/><text>Understanding gas-phase dissociation mechanisms is useful for improving procedures which are used in peptide sequencing and protein identification by means of mass spectrometry.<REF TYPE="P" ID="cit7">7</REF></text></s></P><P><s sid="14"><CoreSc1 atype="GSC" type="Bac" conceptID="Bac4" novelty="None" advantage="None"/><text>It has recently been shown that gas-phase conformations can strongly influence peptide fragmentation.<REF TYPE="P" ID="cit10">10</REF></text></s> <s sid="15"><CoreSc1 atype="GSC" type="Obj" conceptID="Obj3" novelty="New" advantage="None"/><text>We consider here a method that provides enough energy to induce protonated peptide fragmentation and that leads to structural information about the initial intact gas-phase peptide cations.</text></s> <s sid="16"><CoreSc1 atype="GSC" type="Met" conceptID="Met2" novelty="Old" advantage="None"/><text>Those protonated ions, produced by MALDI, are first stored and mass-selected in a Fourier transform ion cyclotron resonance mass spectrometer (FT-ICR-MS).</text></s> <s sid="17"><CoreSc1 atype="GSC" type="Met" conceptID="Met2" novelty="Old" advantage="None"/><text>They are further submitted to infrared multiphoton dissociation (IRMPD) and the fragment ion yields are recorded as a function of the IR excitation energy.<REF TYPE="P" ID="cit11">11</REF></text></s> <s sid="18"><CoreSc1 atype="GSC" type="Bac" conceptID="Bac5" novelty="None" advantage="None"/><text>IRMPD requires the use of a laser source of high peak fluence of infrared photons, which can be tuned over the different vibrational absorption lines.</text></s> <s sid="19"><CoreSc1 atype="GSC" type="Bac" conceptID="Bac5" novelty="None" advantage="None"/><text>A high repetition rate is also required for multiple photon absorption leading to dissociation during ion trapping times.</text></s> <s sid="20"><CoreSc1 atype="GSC" type="Bac" conceptID="Bac5" novelty="None" advantage="None"/><text>These conditions are well fulfilled by infrared free electron lasers (FEL) as recently demonstrated at FELIX<REF TYPE="P" ID="cit12">12</REF> and CLIO.<REF TYPE="P" ID="cit11">11</REF></text></s></P><P><s sid="21"><CoreSc1 atype="GSC" type="Bac" conceptID="Bac6" novelty="None" advantage="None"/><text>Some important points must be stressed concerning this technique.</text></s> <s sid="22"><CoreSc1 atype="GSC" type="Bac" conceptID="Bac6" novelty="None" advantage="None"/><text>Although cations are produced by MALDI, at high internal energies of about 1500 K, they are trapped in the ICR cell for a few seconds (2 s in the present experiments) before exposure to the IR radiation.</text></s> <s sid="23"><CoreSc1 atype="GSC" type="Bac" conceptID="Bac6" novelty="None" advantage="None"/><text>Thus, they have enough time to substantially relax towards room temperature, as has been shown by the extensive work of Ho and Dunbar on the radiative relaxation time constants for cations of similar size and similar initial excess internal energies.<REF TYPE="P" ID="cit13">13</REF></text></s> <s sid="24"><CoreSc1 atype="GSC" type="Met" conceptID="Met3" novelty="Old" advantage="None"/><text>In the present IRMPD experiments, the first IR photon is then absorbed by cations that present a low density of vibrational states.</text></s> <s sid="25"><CoreSc1 atype="GSC" type="Met" conceptID="Met3" novelty="Old" advantage="None"/><text>This first step is resonant and its spectral dependence is thus characteristic of the initial cation conformations at room temperature, as usual in IR absorption spectroscopy.</text></s> <s sid="26"><CoreSc1 atype="GSC" type="Met" conceptID="Met3" novelty="Old" advantage="None"/><text>This first amount of added energy is then rapidly redistributed over the different coupled modes and further absorption of IR photons leads to fragmentation, due to progressive heating, in a very similar fashion as compared to multiple collision activation (MCA–CID).<REF TYPE="P" ID="cit1 cit2 cit3 cit4 cit5">1–5</REF></text></s> <s sid="27"><CoreSc1 atype="GSC" type="Met" conceptID="Met3" novelty="Old" advantage="Yes"/><text>Direct absorption infrared spectroscopy of cations would be very difficult due to the extremely small ion densities obtainable in mass spectrometers and one here takes advantage of the high sensitivity of fragment ion detection in FT-ICR-MS, in order to monitor the first resonant step.</text></s> <s sid="28"><CoreSc1 atype="GSC" type="Met" conceptID="Met3" novelty="Old" advantage="None"/><text>However, one should not expect a perfect matching between observed and calculated spectral fragmentation patterns.</text></s> <s sid="29"><CoreSc1 atype="GSC" type="Bac" conceptID="Bac7" novelty="None" advantage="None"/><text>For calculating fragmentation spectra, it is assumed for simplicity that only the resonant initial excitation step has to be taken into account.</text></s> <s sid="30"><CoreSc1 atype="GSC" type="Bac" conceptID="Bac7" novelty="None" advantage="None"/><text>While absorption frequencies can be determined with a reasonable accuracy by means of DFT (Density Functional Theory), which is the most accessible method for such mid-size molecular systems, intensities are not so well predicted.<REF TYPE="P" ID="cit14">14</REF></text></s> <s sid="31"><CoreSc1 atype="GSC" type="Bac" conceptID="Bac7" novelty="None" advantage="None"/><text>Moreover, for fragmentation, this first step is necessarily followed by multiple absorption within a quasi-continuum where vibrational transitions can be slightly red-shifted and broadened due to anharmonic couplings.<REF TYPE="P" ID="cit15">15</REF></text></s></P><P><s sid="32"><CoreSc1 atype="GSC" type="Bac" conceptID="Bac8" novelty="None" advantage="None"/><text>Up to now, different methods have been used for the determination of protonation sites of peptides.</text></s> <s sid="33"><CoreSc1 atype="GSC" type="Bac" conceptID="Bac9" novelty="None" advantage="None"/><text>Experimentally, one can study deprotonation reactions of investigated peptides by reference compounds<REF TYPE="P" ID="cit16">16</REF> or hydrogen/deuterium exchange reactions.<REF TYPE="P" ID="cit17">17</REF></text></s> <s sid="34"><CoreSc1 atype="GSC" type="Bac" conceptID="Bac9" novelty="None" advantage="None"/><text>Those studies are usually complemented by quantum chemistry calculations, which provide low-energy equilibrium structures and protonation energetics.<REF TYPE="P" ID="cit3 cit6">3,6</REF></text></s> <s sid="35"><CoreSc1 atype="GSC" type="Goa" conceptID="Goa1" novelty="None" advantage="None"/><text>In the present work, we would like to show that IR spectroscopy can also bring valuable information on the protonation sites of peptides ions, isolated in the gas-phase and close to thermal equilibrium at room temperature.</text></s> <s sid="36"><CoreSc1 atype="GSC" type="Met" conceptID="Met4" novelty="Old" advantage="None"/><text>The results reported here concern the protonated dialanine cation, Ala–Ala–H<SP>+</SP>, whose fragmentation pattern has been thoroughly studied, in MCA–CID experiments.<REF TYPE="P" ID="cit1 cit4">1,4</REF></text></s> <s sid="37"><CoreSc1 atype="GSC" type="Met" conceptID="Met4" novelty="None" advantage="None"/><text>This cation already possesses several conformers, similar to those encountered in larger protonated peptides, with different protonation sites.</text></s> <s sid="38"><CoreSc1 atype="GSC" type="Met" conceptID="Met4" novelty="Old" advantage="Yes"/><text>However, its small size (24 atoms), and its very simple methyl side-chains, allows for a rather easy exploration of its whole potential energy surface (PES), with still simple computational means.</text></s> <s sid="39"><CoreSc1 atype="GSC" type="Met" conceptID="Met5" novelty="Old" advantage="None"/><text>We also take advantage of the detailed theoretical study of the very similar protonated diglycine, previously performed by Suhai <IT>et al.</IT><REF TYPE="P" ID="cit6 cit8">6,8</REF></text></s> <s sid="40"><CoreSc1 atype="GSC" type="Obj" conceptID="Obj4" novelty="New" advantage="None"/><text>After a description of the experimental procedure, spectral dependencies of IRMPD fragmentation yields will be discussed with the help of calculation of the different Ala–Ala–H<SP>+</SP> cation structures and their simulated vibrational spectra.</text></s></P></DIV><DIV DEPTH="1"><HEADER HEADER_MARKER="2">Experimental</HEADER><P><s sid="41"><CoreSc1 atype="GSC" type="Exp" conceptID="Exp1" novelty="None" advantage="None"/><text>IRMPD of Ala–Ala–H<SP>+</SP> cations has been studied in a home-built compact FT-ICR-MS, MICRA, which has been described in detail elsewhere.<REF TYPE="P" ID="cit18">18</REF></text></s> <s sid="42"><CoreSc1 atype="GSC" type="Exp" conceptID="Exp1" novelty="None" advantage="None"/><text>This spectrometer has a permanent magnet producing a magnetic field of 1.25 T, allowing for a mass-range of 10 to 1000 amu, and its mass-resolution is better than 30 000 at mass 161 of the studied cations.</text></s> <s sid="43"><CoreSc1 atype="GSC" type="Exp" conceptID="Exp1" novelty="None" advantage="None"/><text>Those Ala–Ala–H<SP>+</SP> cations were produced by a MALDI technique: racemic dialanine (dl–Ala–dl–Ala from Aldrich) was mixed with α-cyano-4-hydroxycinnamic acid (CHCA) as the matrix, in a 1∶1 mass ratio, and compressed into a 1 mm thick pellet.</text></s> <s sid="44"><CoreSc1 atype="GSC" type="Exp" conceptID="Exp1" novelty="None" advantage="None"/><text>A 4 × 4 mm piece of this pellet was then glued on a steel holder, which was mounted just outside the ICR, 6 mm away from a trapping plate.</text></s> <s sid="45"><CoreSc1 atype="GSC" type="Exp" conceptID="Exp1" novelty="None" advantage="None"/><text>The cations entered the ICR cell collinearly with the magnetic field through a 5 mm diameter hole.</text></s> <s sid="46"><CoreSc1 atype="GSC" type="Exp" conceptID="Exp1" novelty="None" advantage="None"/><text>The target holder was maintained at 1.8 V, while a 3.5 V potential was applied to the trapping plates, so as to optimise the ion signals.</text></s> <s sid="47"><CoreSc1 atype="GSC" type="Exp" conceptID="Exp1" novelty="None" advantage="None"/><text>Furthermore, synchronised with the pulsed laser output at the YAG third harmonic wavelength, the potential of the entrance trapping plate was pulsed down to 0 V for about 25 μs, in order to allow for ion entrance into the cell.</text></s> <s sid="48"><CoreSc1 atype="GSC" type="Exp" conceptID="Exp2" novelty="None" advantage="None"/><text>As outlined above, these cations initially possess a large amount of internal energy and thus fragment.</text></s> <s sid="49"><CoreSc1 atype="GSC" type="Exp" conceptID="Exp2" novelty="None" advantage="None"/><text>They were thus allowed to internally relax, close to room temperature, either by collisions with the background gas (few 10<SP>−8</SP> Torr) or by radiative decay, over 2 s.</text></s> <s sid="50"><CoreSc1 atype="GSC" type="Exp" conceptID="Exp2" novelty="None" advantage="None"/><text>Cations with the mass of interest, <IT>i.e.</IT> 161 amu, were then mass-selected, by ejection of all other ions, before IR irradiation.</text></s></P><P><s sid="51"><CoreSc1 atype="GSC" type="Exp" conceptID="Exp2" novelty="None" advantage="None"/><text>Fragmentation was then resonantly induced by IRMPD.</text></s> <s sid="52"><CoreSc1 atype="GSC" type="Exp" conceptID="Exp3" novelty="None" advantage="None"/><text>The electron accelerator of the FEL CLIO facility was set at 44 MeV and a continuously tunable laser beam was obtained between 800 and 2000 cm<SP>−1</SP> with a bandwidth of about 10 cm<SP>−1</SP>.</text></s> <s sid="53"><CoreSc1 atype="GSC" type="Exp" conceptID="Exp3" novelty="None" advantage="None"/><text>A train of 25 macropulses s<SP>−1</SP> was sent into the trap during 2 s after cation selection.</text></s> <s sid="54"><CoreSc1 atype="GSC" type="Exp" conceptID="Exp3" novelty="None" advantage="None"/><text>One macropulse contained 500 micropulses, each of them of a few picoseconds duration, separated by 16 ns.</text></s> <s sid="55"><CoreSc1 atype="GSC" type="Exp" conceptID="Exp3" novelty="None" advantage="None"/><text>During the present experiments, the measured mean laser power was stable around 800 mW, at 9 μm, thus corresponding to energies of 32 mJ macropulse<SP>−1</SP> or 64 μJ micropulse<SP>−1</SP>.</text></s> <s sid="56"><CoreSc1 atype="GSC" type="Exp" conceptID="Exp3" novelty="None" advantage="None"/><text>At 5 μm, the laser power was only 380 mW.</text></s> <s sid="57"><CoreSc1 atype="GSC" type="Exp" conceptID="Exp3" novelty="None" advantage="None"/><text>However, in the present experiments, this FEL beam was attenuated by a factor of 3, using one attenuator, in order to avoid saturation.</text></s> <s sid="58"><CoreSc1 atype="GSC" type="Exp" conceptID="Exp3" novelty="None" advantage="None"/><text>The laser beam entered the vacuum chamber perpendicular to the magnetic field through a ZnSe window.</text></s> <s sid="59"><CoreSc1 atype="GSC" type="Exp" conceptID="Exp3" novelty="None" advantage="None"/><text>It was mildly focused with a one-meter focal length spherical mirror and the beam waist was estimated to be about 0.3 mm at 5 μm, <IT>i.e.</IT> smaller than the size of the ion cloud.<REF TYPE="P" ID="cit18">18</REF></text></s> <s sid="60"><CoreSc1 atype="GSC" type="Exp" conceptID="Exp3" novelty="None" advantage="None"/><text>Considering the variation of the waist as a function of the laser wavelength, the IR fluence can be estimated to be about the same from 5 to 9 μm.</text></s> <s sid="61"><CoreSc1 atype="GSC" type="Exp" conceptID="Exp3" novelty="None" advantage="None"/><text>Thus, considering the complex multiphoton character of the IRMPD process, no fluence correction has been applied and the raw IRMPD spectra are provided here and compared to calculated absorption spectra.</text></s></P></DIV><DIV DEPTH="1"><HEADER HEADER_MARKER="3">Results and discussion</HEADER><P><s sid="62"><CoreSc1 atype="GSC" type="Res" conceptID="Res1" novelty="None" advantage="None"/><text>The observed mass spectra are very simple and similar to those obtained in the high-pressure regime of CID experiments,<REF TYPE="P" ID="cit1">1</REF> which corresponds to multiple-collision activation.</text></s> <s sid="63"><CoreSc1 atype="GSC" type="Obs" conceptID="Obs1" novelty="None" advantage="None"/><text>Before IR irradiation or for a FEL wavelength outside the absorption bands, the main peaks correspond to mass 161, <IT>i.e.</IT> intact protonated dialanine, and to masses 189, 172 and 146, <IT>i.e.</IT> parent and fragment cations from the CHCA matrix.</text></s> <s sid="64"><CoreSc1 atype="GSC" type="Obs" conceptID="Obs2" novelty="None" advantage="None"/><text>Another small peak corresponds to mass 44, <IT>i.e.</IT> the well-known immonium a<SB>1</SB> ion H<SB>2</SB>N<SP>+</SP>CH–CH<SB>3</SB> that is always observed for alanine-containing peptides.<REF TYPE="P" ID="cit1">1</REF></text></s> <s sid="65"><CoreSc1 atype="GSC" type="Obs" conceptID="Obs3" novelty="None" advantage="None"/><text>Two other small peaks appear at masses 70 and 187, corresponding to masses 44 and 161 plus an additional mass 26.</text></s> <s sid="66"><CoreSc1 atype="GSC" type="Obs" conceptID="Obs4" novelty="None" advantage="None"/><text>When IRMPD occurs, no spectral fingerprint is observed for any of these ions except for the parent (161) and immonium fragment (44) ions.</text></s> <s sid="67"><CoreSc1 atype="GSC" type="Obs" conceptID="Obs4" novelty="None" advantage="None"/><text>The former displays spectral depletion that corresponds to a simultaneous increase of the fragment signals.</text></s> <s sid="68"><CoreSc1 atype="GSC" type="Res" conceptID="Res2" novelty="None" advantage="None"/><text>Thus we present here the fragmentation yield as corresponding to mass 44 fragment signals divided by the sum of the fragment and parent cation signals, as plotted as a function of the FEL photon energy in Fig. 1.</text></s> <s sid="69"><CoreSc1 atype="GSC" type="Res" conceptID="Res2" novelty="None" advantage="None"/><text>This spectrum is dominated by three groups of absorption bands: a first one with two peaks at 1130 and 1170 cm<SP>−1</SP>, a second one with several peaks at 1375, 1400, 1460 and 1525 cm<SP>−1</SP>, and a last double peak at 1700 and 1760 cm<SP>−1</SP>.</text></s> <s sid="70"><CoreSc1 atype="GSC" type="Res" conceptID="Res3" novelty="None" advantage="None"/><text>Despite the laser attenuation, the fragmentation yield is quite high and amounts to up to 60% for the first peaks.</text></s> <s sid="71"><CoreSc1 atype="GSC" type="Res" conceptID="Res4" novelty="None" advantage="None"/><text>From the shape of the first and the last three peaks, it can be estimated that the full width at half maximum (FWHM) is about 40 cm<SP>−1</SP>, for each individual absorption line.</text></s> <s sid="72"><CoreSc1 atype="GSC" type="Res" conceptID="Res4" novelty="None" advantage="None"/><text>A similar bandwidth had been obtained in the case of organometallic complexes,<REF TYPE="P" ID="cit11">11</REF> protonated benzenes<REF TYPE="P" ID="cit19">19</REF> and sodiated amino acids,<REF TYPE="P" ID="cit15">15</REF> which were recorded with a similar experimental procedure.</text></s> <s sid="73"><CoreSc1 atype="GSC" type="Con" conceptID="Con2" novelty="None" advantage="None"/><text>Since the laser bandwidth is only about 10 cm<SP>−1</SP>, this experimental line width is probably mainly due to the rotational bandwidth of the ions at room temperature, as it is observed for similar neutral molecular species in the gas phase.<REF TYPE="P" ID="cit20">20</REF></text></s> <s sid="74"><CoreSc1 atype="GSC" type="Con" conceptID="Con2" novelty="None" advantage="None"/><text>However, we cannot exclude some additional broadening due to some remaining saturation or due to the multiphoton process.</text></s></P><P><s sid="75"><CoreSc1 atype="GSC" type="Obj" conceptID="Obj5" novelty="New" advantage="None"/><text>Infrared absorption spectra of different low-lying energy configurations of the AlaAla–H<SP>+</SP> cation have been calculated in order to assign the IRMPD fragmentation patterns.</text></s> <s sid="76"><CoreSc1 atype="GSC" type="Obj" conceptID="Obj5" novelty="New" advantage="None"/><text>As already stated above, different sites are available for the excess proton and several conformations must be considered for each of them.</text></s> <s sid="77"><CoreSc1 atype="GSC" type="Mod" conceptID="Mod1" novelty="None" advantage="None"/><text>An exploration of the PES of the protonated dialanine cation has been carried out using the conformational search algorithm implemented in HyperChem 7.0 (Hypercube Inc.).</text></s> <s sid="78"><CoreSc1 atype="GSC" type="Met" conceptID="Met6" novelty="Old" advantage="None"/><text>Here we use the same nomenclature as in the study of protonated diglycine.<REF TYPE="P" ID="cit6">6</REF></text></s> <s sid="79"><CoreSc1 atype="GSC" type="Met" conceptID="Met6" novelty="Old" advantage="None"/><text>The site of protonation is indicated by A for the N-terminal amino group or O for the carbonyl oxygen of the amide CO group.</text></s> <s sid="80"><CoreSc1 atype="GSC" type="Met" conceptID="Met6" novelty="Old" advantage="None"/><text>Here we consider only A and O protonation sites since the PES of protonated dialanine is expected to be very similar to that of protonated diglycine, as calculated by Suhai <IT>et al.</IT><REF TYPE="P" ID="cit6">6</REF></text></s> <s sid="81"><CoreSc1 atype="GSC" type="Res" conceptID="Res5" novelty="None" advantage="None"/><text>In this case, conformers protonated at the nitrogen atom of the amide group (D) and diol-like conformers (G), originating from protonation at the acidic CO group, lie more than 10 kcal mol<SP>−1</SP> above the A and O conformers and are thus very unlikely to be populated at 300 K. We indeed calculated that the lowest D conformer lies more than 12 kcal mol<SP>−1</SP> above the most stable conformer in the present dialanine case.</text></s></P><P><s sid="82"><CoreSc1 atype="GSC" type="Mod" conceptID="Mod1" novelty="None" advantage="None"/><text>The conformational search was performed at the AM1 semi-empirical level.</text></s> <s sid="83"><CoreSc1 atype="GSC" type="Met" conceptID="Met7" novelty="Old" advantage="None"/><text>For both A and O isomers, we explored the PES along all the torsion (dihedral) angles of the peptide backbone and the O–H bond orientations.</text></s> <s sid="84"><CoreSc1 atype="GSC" type="Mod" conceptID="Mod1" novelty="None" advantage="None"/><text>About 20 local minima, lying within 10 kcal mol<SP>−1</SP> above the absolute minimum, were selected as starting points for full structure optimisations at the hybrid density functional B3LYP/6-31G* level, using the Gaussian 03 package.<REF TYPE="P" ID="cit21">21</REF></text></s> <s sid="85"><CoreSc1 atype="GSC" type="Met" conceptID="Met8" novelty="Old" advantage="None"/><text>Subsequent (harmonic) frequency calculations were also performed, in order to check for actual minima and to obtain the corresponding IR frequencies.</text></s> <s sid="86"><CoreSc1 atype="GSC" type="Res" conceptID="Res6" novelty="None" advantage="None"/><text>Calculated relative energies of the lowest conformers, including the zero-point-energy (ZPE) and the thermal energy at 298 K, are provided in Table 1 together with the energies relative to the most stable A1 conformer.</text></s> <s sid="87"><CoreSc1 atype="GSC" type="Mod" conceptID="Mod2" novelty="None" advantage="None"/><text>In order to check the validity of the present calculation level, we also performed single point B3LYP/6-31++G** energy calculations, at the B3LYP/6-31G* geometry.</text></s> <s sid="88"><CoreSc1 atype="GSC" type="Res" conceptID="Res7" novelty="None" advantage="None"/><text>The results are also given in Table 1 for the eleven most stable conformers.</text></s> <s sid="89"><CoreSc1 atype="GSC" type="Res" conceptID="Res7" novelty="None" advantage="None"/><text>With these larger basis set calculations, the corresponding relative energetics of the low-lying conformers do not change much and are always within 0.7 kcal mol<SP>−1</SP> with respect to the B3LYP/6-31G* results.</text></s> <s sid="90"><CoreSc1 atype="GSC" type="Met" conceptID="Met9" novelty="New" advantage="None"/><text>In the following, we will thus refer only to these results.</text></s> <s sid="91"><CoreSc1 atype="GSC" type="Met" conceptID="Met9" novelty="New" advantage="None"/><text>We also give the backbone (<IT>Ψ</IT>, <IT>ω</IT>, <IT>ϕ</IT>) and OH (<IT>α</IT>, <IT>β</IT>) orientation torsion angle values that have been used in the conformational search, again with the same nomenclature as in the diglycine study.<REF TYPE="P" ID="cit6">6</REF></text></s> <s sid="92"><CoreSc1 atype="GSC" type="Res" conceptID="Res8" novelty="None" advantage="None"/><text>Fig. 2 displays the four lowest calculated equilibrium structures of AlaAla–H<SP>+</SP>.</text></s> <s sid="93"><CoreSc1 atype="GSC" type="Res" conceptID="Res8" novelty="None" advantage="None"/><text>Among the lowest-energy conformers, A1/A2/A3 and O1/O2/O3 conformers are similar, in geometry and in relative energies, to those calculated for protonated diglycine.<REF TYPE="P" ID="cit6">6</REF></text></s> <s sid="94"><CoreSc1 atype="GSC" type="Res" conceptID="Res8" novelty="None" advantage="None"/><text>In particular, they correspond to a <IT>trans</IT> conformation of the amide bond, <IT>i.e.</IT><IT>ω</IT> values close to 180°.</text></s> <s sid="95"><CoreSc1 atype="GSC" type="Res" conceptID="Res8" novelty="None" advantage="None"/><text>However, for each of them, we found some additional minima, denoted in Table 1 by ‘or’ symbols, which correspond to some variations in the torsion angles.</text></s> <s sid="96"><CoreSc1 atype="GSC" type="Res" conceptID="Res9" novelty="None" advantage="None"/><text>More importantly, we also found additional minima corresponding to a <IT>cis</IT> conformation of the amide bond, <IT>i.e.</IT><IT>ω</IT> values close to 0°.</text></s> <s sid="97"><CoreSc1 atype="GSC" type="Res" conceptID="Res10" novelty="None" advantage="None"/><text>These equilibrium structures were not considered for the protonated diglycine ion although one of them, the <IT>cis</IT>A3 conformer in the present study, lies only 1.63 kcal mol<SP>−1</SP> above the lowest conformation A1.</text></s> <s sid="98"><CoreSc1 atype="GSC" type="Res" conceptID="Res11" novelty="None" advantage="None"/><text>We must however outline that the <IT>trans</IT>–<IT>cis</IT> isomerisation is highly improbable since the corresponding barrier is expected to be very high.</text></s> <s sid="99"><CoreSc1 atype="GSC" type="Res" conceptID="Res11" novelty="None" advantage="None"/><text>We indeed calculated that the barrier height between <IT>trans</IT>A1 and <IT>cis</IT>A3 conformers is more than 1 eV (24.2 kcal mol<SP>−1</SP>).</text></s> <s sid="100"><CoreSc1 atype="GSC" type="Res" conceptID="Res11" novelty="None" advantage="None"/><text>For comparison, the calculated barrier height values, for the <IT>trans</IT> conformations, are only 3.2 kcal mol<SP>−1</SP> between A1 and O1 and 2.5 kcal mol<SP>−1</SP> between A1 and A2.</text></s> <s sid="101"><CoreSc1 atype="GSC" type="Met" conceptID="Met10" novelty="Old" advantage="None"/><text>In the matrix, dialanine molecules are expected to be initially in the regular <IT>trans</IT> conformation.</text></s> <s sid="102"><CoreSc1 atype="GSC" type="Con" conceptID="Con3" novelty="None" advantage="None"/><text>When produced by MALDI, protonated ions are created with high internal energies, typically of about <IT>kT</IT> ∼ 3 kcal mol<SP>−1</SP> per mode at an estimated temperature of about 1500 K. From the above isomerisation barriers, it is thus expected that only <IT>trans</IT> ion conformations can be formed.</text></s> <s sid="103"><CoreSc1 atype="GSC" type="Met" conceptID="Met11" novelty="Old" advantage="None"/><text>After being cooled down close to 300 K, the mean cation internal energy per mode is decreased to <IT>kT</IT> ∼ 0.6 kcal mol<SP>−1</SP> and the relevant energetic quantities are the free energies.</text></s> <s sid="104"><CoreSc1 atype="GSC" type="Res" conceptID="Res12" novelty="None" advantage="None"/><text>The present calculated (harmonic) free energy differences with respect to A1 are 2.21 kcal mol<SP>−1</SP> for O1 and 1.59 kcal mol<SP>−1</SP> for A2 conformers.</text></s> <s sid="105"><CoreSc1 atype="GSC" type="Con" conceptID="Con4" novelty="None" advantage="None"/><text>From the above isomerisation barriers and energy differences, it is thus expected that the <IT>trans</IT> conformer populations should be in the order A1 ≫ A2 &gt; O1.</text></s> <s sid="106"><CoreSc1 atype="GSC" type="Con" conceptID="Con4" novelty="None" advantage="None"/><text>Other conformers lie at too high energies (about 3 kcal mol<SP>−1</SP> or more, with respect to A1) to be noticeably present at room temperature.</text></s> <s sid="107"><CoreSc1 atype="GSC" type="Met" conceptID="Met12" novelty="New" advantage="None"/><text>These theoretical predictions are discussed below from the comparison between the experimental spectrum and the simulated spectra.</text></s></P><P><s sid="108"><CoreSc1 atype="GSC" type="Res" conceptID="Res13" novelty="None" advantage="None"/><text>For the four lowest calculated conformers, <IT>trans</IT>A1, <IT>cis</IT>A3, <IT>trans</IT>A2 and <IT>trans</IT>O1, the corresponding predicted IR absorption spectra in the 800–2000 cm<SP>−1</SP> range are presented in Fig. 3.</text></s> <s sid="109"><CoreSc1 atype="GSC" type="Met" conceptID="Met13" novelty="New" advantage="None"/><text>Those simulated spectra have been obtained by using the regular scaling factor of 0.9614,<REF TYPE="P" ID="cit22">22</REF> for the calculated harmonic vibrations at the present level of theory.</text></s> <s sid="110"><CoreSc1 atype="GSC" type="Met" conceptID="Met13" novelty="New" advantage="None"/><text>Furthermore, calculated stick spectra have been convoluted with a 40 cm<SP>−1</SP> wide (FWHM) Lorentzian profile, in order to better simulate the experimental spectrum.</text></s> <s sid="111"><CoreSc1 atype="GSC" type="Con" conceptID="Con5" novelty="None" advantage="None"/><text>The comparison between those simulated spectra and the experimental spectrum leads us to the conclusion that the observed conformer must correspond mainly to a <IT>trans</IT>A geometry.</text></s> <s sid="112"><CoreSc1 atype="GSC" type="Res" conceptID="Res14" novelty="None" advantage="None"/><text>The best fit to the experimental spectrum indeed corresponds to conformer <IT>trans</IT>A1, while conformer <IT>trans</IT>A2 also matches quite well.</text></s> <s sid="113"><CoreSc1 atype="GSC" type="Res" conceptID="Res14" novelty="None" advantage="None"/><text>In those cases, the theoretical line positions correspond nicely to peaks in the IRMPD absorption spectrum, particularly in the region above 1300 cm<SP>−1</SP>, while A1 appears to perform slightly better than A2 in the region 1000–1200 cm<SP>−1</SP>.</text></s> <s sid="114"><CoreSc1 atype="GSC" type="Res" conceptID="Res14" novelty="None" advantage="None"/><text>However, in both cases and at least below 1500 cm<SP>−1</SP>, the line intensities are clearly not as good as the line positions.</text></s> <s sid="115"><CoreSc1 atype="GSC" type="Con" conceptID="Con6" novelty="None" advantage="None"/><text>These discrepancies in the line intensities could be due either to the rather rough theoretical method employed here or, as discussed in the introduction, to the IRMPD process itself.</text></s> <s sid="116"><CoreSc1 atype="GSC" type="Con" conceptID="Con7" novelty="None" advantage="None"/><text>The <IT>cis</IT>A3 conformer can be clearly ruled out.</text></s> <s sid="117"><CoreSc1 atype="GSC" type="Res" conceptID="Res15" novelty="None" advantage="None"/><text>First, it displays only one intense peak at 1725 cm<SP>−1</SP> instead of two at 1700 and 1760 cm<SP>−1</SP> in the experimental spectrum.</text></s> <s sid="118"><CoreSc1 atype="GSC" type="Res" conceptID="Res16" novelty="None" advantage="None"/><text>Second, this conformer spectrum does not display any intense peak around 1525 cm<SP>−1</SP> whereas a quite large IRMPD fragmentation is observed at this energy.</text></s> <s sid="119"><CoreSc1 atype="GSC" type="Con" conceptID="Con8" novelty="None" advantage="None"/><text>The <IT>trans</IT>O1 conformer can also be ruled out because of the discrepancies again at 1700 cm<SP>−1</SP>, where two peaks are present but too much separated at 1680 and 1760 cm<SP>−1</SP>.</text></s> <s sid="120"><CoreSc1 atype="GSC" type="Res" conceptID="Res17" novelty="None" advantage="None"/><text>Furthermore, around 1400 cm<SP>−1</SP>, calculated absorption bands are much too weak as compared to the experimental data.</text></s> <s sid="121"><CoreSc1 atype="GSC" type="Res" conceptID="Res18" novelty="None" advantage="None"/><text>We have also checked that, for the following higher energy conformers, such, or even worse, discrepancies are observed.</text></s> <s sid="122"><CoreSc1 atype="GSC" type="Con" conceptID="Con9" novelty="None" advantage="None"/><text>We can thus conclude that, in protonated dialanine, protonation occurs on the terminal amino group, corresponding either to the <IT>trans</IT>A1 or the <IT>trans</IT>A2 conformers.</text></s> <s sid="123"><CoreSc1 atype="GSC" type="Con" conceptID="Con9" novelty="None" advantage="None"/><text>This is in good agreement with the above theoretical predictions, from the calculated conformer energetics.</text></s> <s sid="124"><CoreSc1 atype="GSC" type="Con" conceptID="Con9" novelty="None" advantage="None"/><text>However, only more refined calculations and better-resolved experimental data could provide more information on all conformer populations at room temperature.</text></s></P></DIV><DIV DEPTH="1"><HEADER HEADER_MARKER="4">Summary and conclusions</HEADER><P><s sid="125"><CoreSc1 atype="GSC" type="Con" conceptID="Con1" novelty="None" advantage="None"/><text>From the IRMPD spectrum of the protonated dialanine cation, as compared to standard quantum chemistry calculations, we conclude that the favoured protonation site is the terminal amino group, at least at low internal energies close to room temperature.</text></s> <s sid="126"><CoreSc1 atype="GSC" type="Res" conceptID="Res19" novelty="None" advantage="None"/><text>We found that the IRMPD spectrum matches with those of the two low-energy conformers corresponding to this protonation site.</text></s> <s sid="127"><CoreSc1 atype="GSC" type="Res" conceptID="Res19" novelty="None" advantage="None"/><text>These two conformers were predicted to be within the four lowest energy isomers of the system and, for both of them, the adjacent amide bond is in the regular <IT>trans</IT> conformation.</text></s> <s sid="128"><CoreSc1 atype="GSC" type="Res" conceptID="Res20" novelty="None" advantage="None"/><text>The lowest energy conformer A1 corresponds to an almost planar geometry of the peptide backbone (all torsion angles close to 180°).</text></s> <s sid="129"><CoreSc1 atype="GSC" type="Res" conceptID="Res20" novelty="None" advantage="None"/><text>It differs from the second one A2 in only one torsion angle, the C<SB>amide</SB>–N–C–C<SB>acid</SB> dihedral angle that is close to 90°, leading the acidic group to be almost perpendicular to the beginning of the peptide backbone.</text></s> <s sid="130"><CoreSc1 atype="GSC" type="Con" conceptID="Con10" novelty="None" advantage="None"/><text>From this comparison and from the calculated energetics, it is concluded that all other conformers, such as <IT>cis</IT> conformations of the amide bond or protonation sites on the amide oxygen, do not noticeably contribute to the experimental IR spectrum.</text></s></P><P><s sid="131"><CoreSc1 atype="GSC" type="Con" conceptID="Con11" novelty="None" advantage="None"/><text>Additional information, obtained from other parts of the IR spectrum, and more refined energetic and frequency calculations of the low-lying equilibrium structures, may help to obtain a more quantitative agreement between the calculated and experimental spectra.</text></s> <s sid="132"><CoreSc1 atype="GSC" type="Con" conceptID="Con12" novelty="None" advantage="None"/><text>It seems that the present technique may be limited to relatively small systems (several tens of atoms) so that only few low-energy conformers contribute to the experimental spectrum, which can still retain some characteristic sharp features, and so that accurate quantum chemistry calculations can still be performed, over the whole low-energy part of the PES.</text></s> <s sid="133"><CoreSc1 atype="GSC" type="Con" conceptID="Con12" novelty="None" advantage="None"/><text>The IRMPD technique is however a unique tool for studying the main structures of <IT>isolated</IT> molecular or complex ions of biological interest, at a well-defined thermodynamic temperature.</text></s> <s sid="134"><CoreSc1 atype="GSC" type="Con" conceptID="Con13" novelty="None" advantage="None"/><text>The comparison with theoretical calculations is made much easier than for condensed phase data, because of the absence of solvent effects.</text></s> <s sid="135"><CoreSc1 atype="GSC" type="Con" conceptID="Con14" novelty="None" advantage="None"/><text>Other data obtained on different small protonated peptides will be reported soon and future experiments should also concern negative ions such as nucleotides or sulfated monosaccharides.</text></s></P></DIV></BODY></PAPER>