<?xml version="1.0" encoding="UTF-8"?>
<!DOCTYPE PAPER
  SYSTEM "paper-structure-annotation.dtd">
<PAPER><mode2 name="b316166h" hasDoc="yes" version="1184"/><TITLE><s sid="1"><CoreSc1 atype="GSC" type="Obj" conceptID="Obj1" novelty="New" advantage="None"/><text>Electrochemical transport properties of a cone-shaped nanopore: revisited</text></s></TITLE><ABSTRACT><s sid="2"><CoreSc1 atype="GSC" type="Bac" conceptID="Bac1" novelty="None" advantage="None"/><text>There are reports in the literature that a single cone-shaped nanopore generated in a polymer foil separating two equally concentrated dilute aqueous potassium chloride solutions can reach high and low stationary electrical conductivity states respectively depending on the sign of the applied electrical potential.</text></s> <s sid="3"><CoreSc1 atype="GSC" type="Bac" conceptID="Bac1" novelty="None" advantage="None"/><text>On the basis of published data it has been argued (D. Woermann, <IT>Phys. Chem. Chem. Phys.</IT>, 2003, <B>5</B>, 1853) that this phenomenon can be understood in terms of a well established model describing the electrochemical transport properties of polyelectrolyte membranes (“model of the membrane with narrow pores”).</text></s> <s sid="4"><CoreSc1 atype="GSC" type="Goa" conceptID="Goa1" novelty="None" advantage="None"/><text>In the present contribution experimental evidence is presented which gives strong support to these arguments using a model system.</text></s> <s sid="5"><CoreSc1 atype="GSC" type="Met" conceptID="Met1" novelty="New" advantage="None"/><text>Based on the “model of the membrane with narrow pores” a composite membrane is constructed mimicking the structure and electrochemical function of an ensemble of conical nanopores.</text></s> <s sid="6"><CoreSc1 atype="GSC" type="Con" conceptID="Con1" novelty="None" advantage="None"/><text>It is found that the characteristic electrochemical transport property of the composite membrane is that of a cone-shaped nanopore.</text></s></ABSTRACT><BODY><DIV DEPTH="1"><HEADER HEADER_MARKER="1.">Introduction</HEADER><P><s sid="7"><CoreSc1 atype="GSC" type="Bac" conceptID="Bac2" novelty="None" advantage="None"/><text>In recent publications observations of a non-ohmic (diode-like) current voltage characteristic of membranes carrying a single cone-shaped nanopore in contact with equally concentrated dilute aqueous potassium chloride solutions have been reported.<REF TYPE="P" ID="cit1 cit2 cit3 cit4">1–4</REF></text></s> <s sid="8"><CoreSc1 atype="GSC" type="Bac" conceptID="Bac2" novelty="None" advantage="None"/><text>The nanopore is produced by an advanced track etch technique.</text></s> <s sid="9"><CoreSc1 atype="GSC" type="Bac" conceptID="Bac2" novelty="None" advantage="None"/><text>The following values characterizing the pore geometry are given in the literature: length of the pore, <IT>δ</IT> ≈ 10 μm; diameter of the base of the conical pore, 2<IT>r</IT><SB>base</SB>≈500 nm; tip of the conical pore 2<IT>r</IT><SB>tip</SB> ≈ 2 nm–10 nm.</text></s> <s sid="10"><CoreSc1 atype="GSC" type="Bac" conceptID="Bac2" novelty="None" advantage="None"/><text>It has to be kept in mind that the diameter of the tip of the cone-shaped pore is not well defined.</text></s> <s sid="11"><CoreSc1 atype="GSC" type="Bac" conceptID="Bac2" novelty="None" advantage="None"/><text>It cannot be smaller than the diameter of the latent ion track in the membrane matrix.</text></s> <s sid="12"><CoreSc1 atype="GSC" type="Bac" conceptID="Bac2" novelty="None" advantage="None"/><text>For polymeric organic materials an estimated value of the diameter of a latent ion track of about 10 nm is given.<REF TYPE="P" ID="cit5">5</REF></text></s></P><P><s sid="13"><CoreSc1 atype="GSC" type="Bac" conceptID="Bac3" novelty="None" advantage="None"/><text>In <REF TYPE="P" ID="cit6">ref. 6</REF> the transport properties of single cone-shaped pores described in the literature are compared with predictions of the “model of the membrane with narrow pores”.</text></s> <s sid="14"><CoreSc1 atype="GSC" type="Bac" conceptID="Bac3" novelty="None" advantage="None"/><text>It is concluded that these properties can be rationalised on the basis of this model.</text></s> <s sid="15"><CoreSc1 atype="GSC" type="Bac" conceptID="Bac3" novelty="None" advantage="None"/><text>The arguments in <REF TYPE="P" ID="cit6">ref. 6</REF> and <REF TYPE="P" ID="cit7">ref. 7</REF> are based on three assumptions:<REF TYPE="P" ID="cit8 cit9">8,9</REF> (a) The internal surface of a cone-shaped pore carries negative charged groups (–COO<SP>−</SP> groups) which are generated by the etching process.</text></s> <s sid="16"><CoreSc1 atype="GSC" type="Bac" conceptID="Bac3" novelty="None" advantage="None"/><text>The fixed charges are compensated by mobile counterions (<IT>e.g.</IT> K<SP>+</SP>, Na<SP>+</SP> ions) (b) In the <IT>narrow tip region</IT> of the cone-shaped pore there exists a homogeneous positive electrical charge density <IT>ρ</IT><SB>tip</SB> which is formed by the thermal motion of the mobile counterions (<IT>ρ</IT><SB>tip</SB> = −<IT>F</IT><IT>ω</IT><IT>X</IT><SB>tip</SB>; <IT>ω</IT><IT>X</IT><SB>tip</SB> = −(<IT>c</IT><SB>+</SB> − <IT>c</IT><SB>−</SB>)<SB>tip</SB>: <IT>F</IT>, Faraday number; <IT>ω</IT>, sign of the fixed charges, here <IT>ω</IT> = −1; <IT>X</IT><SB>tip</SB>, fixed ion concentration in the tip region ([mol cm<SP>−3</SP>]); (<IT>c</IT><SB><IT>i</IT></SB>)<SB>tip</SB>, concentration of mobile on species <IT>i</IT> in the tip region).</text></s> <s sid="17"><CoreSc1 atype="GSC" type="Bac" conceptID="Bac3" novelty="None" advantage="None"/><text>The concentrations of the mobile ions in the tip region determine the electrical conductivity of the pore fluid in that region.</text></s> <s sid="18"><CoreSc1 atype="GSC" type="Bac" conceptID="Bac3" novelty="None" advantage="None"/><text>It is independent of the direction of the electrical current flow across the tip region.</text></s> <s sid="19"><CoreSc1 atype="GSC" type="Bac" conceptID="Bac3" novelty="None" advantage="None"/><text>(c) In the <IT>wide region</IT> of the cone-shaped pore the positive space charge density does not extend into the lumen of the wide region.</text></s> <s sid="20"><CoreSc1 atype="GSC" type="Bac" conceptID="Bac3" novelty="None" advantage="None"/><text>It is limited to a narrow region near the internal pore wall.</text></s> <s sid="21"><CoreSc1 atype="GSC" type="Bac" conceptID="Bac3" novelty="None" advantage="None"/><text>The state of the pore fluid away from the region close to the pore wall is not influenced by the presence of the positive space charge.</text></s></P><P><s sid="22"><CoreSc1 atype="GSC" type="Bac" conceptID="Bac4" novelty="None" advantage="None"/><text>Under electrical current flow across the pore the stationary electrical conductivity of the pore fluid (and the stationary the electrolyte concentration) in the wide region of the cone-shaped pore will depend on the direction of the flow of electrical current.</text></s> <s sid="23"><CoreSc1 atype="GSC" type="Bac" conceptID="Bac4" novelty="None" advantage="None"/><text>This is caused by the fact that value of electrical transference number <IT>t</IT><SB>+,tip</SB> of the counterions in the tip region is larger than the corresponding transference number <IT>t</IT><SB>+,wide</SB> in the wide region of the pore (<IT>e.g.</IT><IT>c</IT><SB>bulk</SB>/<IT>X</IT><SB>tip</SB> ≪1,<IT>t</IT><SB>+,tip</SB> ≈ 1; <IT>t</IT><SB>+,wide</SB> ≈ 0.5; free solution; <IT>c</IT><SB>bulk</SB>, electrolyte concentration in the bulk phase of the composite membrane).</text></s></P><P><s sid="24"><CoreSc1 atype="GSC" type="Met" conceptID="Met2" novelty="New" advantage="None"/><text>In this contribution results of experiments are reported which are carried out with a composite track etched membrane mimicking the structure and function of a conical pore.</text></s> <s sid="25"><CoreSc1 atype="GSC" type="Met" conceptID="Met2" novelty="New" advantage="None"/><text>The composite consists of two membranes carrying straight track-etched pores with the same pore diameter (<IT>e.g.</IT> ≈100 nm) arranged in series (see insert in Fig. 1 and Fig. 2).</text></s> <s sid="26"><CoreSc1 atype="GSC" type="Met" conceptID="Met2" novelty="New" advantage="None"/><text>The track-etched pores of the (<IT>ω</IT> = −1)-membrane (membrane m<SB>2</SB>) are filled with a polyelectrolyte gel carrying negatively charged fixed ionic groups (- SO<SB>3</SB><SP>−</SP>groups).</text></s> <s sid="27"><CoreSc1 atype="GSC" type="Met" conceptID="Met2" novelty="New" advantage="None"/><text>This membrane is assumed to model the electrochemical transport properties of tip region of a cone-shaped pore.</text></s> <s sid="28"><CoreSc1 atype="GSC" type="Met" conceptID="Met2" novelty="New" advantage="None"/><text>The pores of the (<IT>ω</IT> = 0)-membrane (membrane m<SB>1</SB>) are not treated.</text></s> <s sid="29"><CoreSc1 atype="GSC" type="Met" conceptID="Met2" novelty="New" advantage="None"/><text>That membrane is assumed to model the electrochemical transport properties of the wide region of a cone-shaped pore.</text></s> <s sid="30"><CoreSc1 atype="GSC" type="Met" conceptID="Met2" novelty="New" advantage="None"/><text>The influence of the fixed -COO<SP>−</SP> charges at the internal surface of the wide pores of membrane m<SB>1</SB> on the state of the pore fluid is neglected.</text></s></P></DIV><DIV DEPTH="1"><HEADER HEADER_MARKER="2.">Experimental section</HEADER><P><s sid="31"><CoreSc1 atype="GSC" type="Exp" conceptID="Exp1" novelty="None" advantage="None"/><text>The matrix of the membranes used in this study consists of a poly(ethylene terephthathalate) foil (abbreviated PET) with a thickness of about <IT>δ</IT> ≈ 10μm.</text></s> <s sid="32"><CoreSc1 atype="GSC" type="Exp" conceptID="Exp1" novelty="None" advantage="None"/><text>Track etched membranes with straight pores are produced from this foil.</text></s> <s sid="33"><CoreSc1 atype="GSC" type="Exp" conceptID="Exp1" novelty="None" advantage="None"/><text>Three sets of membranes with different pore diameters are used (effective pore diameters: 50 nm, 100nm, and 200 nm; pore density <IT>n</IT> ≈ (2.5 ± 0.5) × 10<SP>8</SP> cm<SP>−2</SP>).</text></s> <s sid="34"><CoreSc1 atype="GSC" type="Exp" conceptID="Exp1" novelty="None" advantage="None"/><text>Several membranes are cut from stocks of irradiated and etched PET foils.</text></s> <s sid="35"><CoreSc1 atype="GSC" type="Exp" conceptID="Exp1" novelty="None" advantage="None"/><text>The stocks (charge number, 586) have been produced by Apel (Felerov Laboratory of Nuclear Reactions, JINR, 141980, Russia).</text></s> <s sid="36"><CoreSc1 atype="GSC" type="Exp" conceptID="Exp1" novelty="None" advantage="None"/><text>Both sides of several track membranes with the same pore diameter are treated with a solution of perfluorinated ion exchange powder Nafion (5 wt.% in a isopropanol/water mixture; Sigma Aldrich Com).</text></s> <s sid="37"><CoreSc1 atype="GSC" type="Exp" conceptID="Exp1" novelty="None" advantage="None"/><text>Nafion carries -SO<SB>3</SB><SP>−</SP> groups and is insoluble in water.</text></s> <s sid="38"><CoreSc1 atype="GSC" type="Exp" conceptID="Exp1" novelty="None" advantage="None"/><text>This treatment has the purpose to fill the pores of the membrane with a gel carrying negatively charged ionic groups.<REF TYPE="P" ID="cit10">10</REF></text></s> <s sid="39"><CoreSc1 atype="GSC" type="Exp" conceptID="Exp1" novelty="None" advantage="None"/><text>The success of this treatment is checked by measuring the electrical potential difference Δ<IT>φ</IT><SB>0</SB> (=<IT>φ</IT>′ − <IT>φ</IT> ″)<SB>0</SB> across a treated membrane [(<IT>ω</IT> = −1- membrane] separating two bulk phases formed by two aqueous NaCl solutions of different compositions using two identical Ag/AgCl /KCl (aq)// electrodes with NaCl salt bridges ((′), left bulk phase; (″), right bulk phase).</text></s> <s sid="40"><CoreSc1 atype="GSC" type="Exp" conceptID="Exp1" novelty="None" advantage="None"/><text>The NaCl concentration <IT>c</IT>′s in the left bulk phase is lower by a factor of 10 than the corresponding NaCl concentration <IT>c</IT>″s in the right bulk phase.</text></s> <s sid="41"><CoreSc1 atype="GSC" type="Exp" conceptID="Exp1" novelty="None" advantage="None"/><text>The mean electrolyte concentration of the solution 〈<IT>c</IT><SB>s</SB>〉 is small compared with the estimated fixed ion concentration X in the NAFION gel plugging up the pores of the track etched membrane gel.</text></s> <s sid="42"><CoreSc1 atype="GSC" type="Obs" conceptID="Obs1" novelty="None" advantage="None"/><text>Values of Δ<IT>φ</IT><SB>0</SB> in the range 45 mV&lt;Δ<IT>φ</IT><SB>0</SB>&lt;52 mV are found (<IT>c</IT>′s = 5 × 10<SP>−3</SP><IT>c</IT><SP>+</SP>; <IT>c</IT>″s = 5 × 10<SP>−2</SP><IT>c</IT><SP>+</SP>; <IT>c</IT><SP>+</SP> = 1 mol dm<SP>−3</SP>).</text></s> <s sid="43"><CoreSc1 atype="GSC" type="Res" conceptID="Res1" novelty="None" advantage="None"/><text>This indicates that from an electrochemical point of view the track etched (<IT>ω</IT> = −1)-membranes have the properties of a cation ion exchange membrane predominantly permeable to counterions (Na<SP>+</SP> ions)(Δ<IT>φ</IT><SB>0</SB> = (2.303<IT>RT</IT>/<IT>F</IT>)log(<IT>c</IT>″s/<IT>c</IT>′s); (<IT>T</IT> ≈ 300 K; <IT>R</IT>, universal gas constant; <IT>F</IT>, Faraday number; <IT>T</IT>, thermodynamic temperature; <IT>c</IT>″s/<IT>c</IT>′s = 10; Δ<IT>φ</IT><SB>0</SB> ≈ +58 mV).</text></s> <s sid="44"><CoreSc1 atype="GSC" type="Mod" conceptID="Mod1" novelty="None" advantage="None"/><text>Under electrical current flow the fraction <IT>t</IT><SB>+</SB> ( = <IT>I</IT><SB>+</SB>/<IT>I</IT>) of the electrical current I carried by the Na<SP>+</SP> ions across the (<IT>ω</IT> = −1)-membrane is expected to be close to <IT>t</IT><SB>+</SB> ≈ 1.</text></s> <s sid="45"><CoreSc1 atype="GSC" type="Res" conceptID="Res2" novelty="None" advantage="None"/><text>Independent experiments show that the <IT>I</IT>–Δ<IT>φ</IT> curve of the track-etched (<IT>ω</IT> = −1)-membranes prepared in a manner just described are symmetric (linear) with respect to a change of the direction of an electrical current flow.</text></s></P><P><s sid="46"><CoreSc1 atype="GSC" type="Obs" conceptID="Obs2" novelty="None" advantage="None"/><text>Corresponding measurements of the membrane potential Δ<IT>φ</IT><SB>0</SB> of untreated track etched (<IT>ω</IT> = 0)-membranes show that the observed electrical potential differences Δ<IT>φ</IT><SB>0</SB> is small (Δ<IT>φ</IT><SB>0</SB>&lt;5 mV).</text></s> <s sid="47"><CoreSc1 atype="GSC" type="Res" conceptID="Res3" novelty="None" advantage="None"/><text>It is identified with a diffusion potential.</text></s> <s sid="48"><CoreSc1 atype="GSC" type="Con" conceptID="Con2" novelty="None" advantage="None"/><text>It is concluded that the electrochemical state of the electrolyte solution filling the pores of the untreated membranes is not influence by the presence of the fixed -COO<SP>−</SP> charges at the pore wall.</text></s> <s sid="49"><CoreSc1 atype="GSC" type="Mod" conceptID="Mod2" novelty="None" advantage="None"/><text>Under electrical current flow the fraction of the electrical current <IT>I</IT> carried by the Na<SP>+</SP> across (<IT>ω</IT> = 0)-membranes is expected to be close to that in free solution (for <IT>c</IT>′s = <IT>c</IT>″s, <IT>t</IT><SB>+</SB> ≈ 0.5).</text></s></P><P><s sid="50"><CoreSc1 atype="GSC" type="Exp" conceptID="Exp2" novelty="None" advantage="None"/><text>A composite track etched membrane is formed by placing an untreated (<IT>ω</IT> = 0) -track etched membrane and a treated (<IT>ω</IT> = −1)-track etched membrane wetted by distilled water with their flat sides on top of each other.</text></s> <s sid="51"><CoreSc1 atype="GSC" type="Exp" conceptID="Exp2" novelty="None" advantage="None"/><text>Care is taken to prevent air bubbles to be trapped between the surfaces of the two membranes.</text></s> <s sid="52"><CoreSc1 atype="GSC" type="Exp" conceptID="Exp2" novelty="None" advantage="None"/><text>The composite membrane is placed between two equally concentrated and mechanically stirred NaCl solutions (<IT>c</IT>′s = <IT>c</IT>″s = 5 × 10<SP>−2</SP><IT>c</IT><SP>+</SP>; Plexiglass cells with rubber gaskets; volume of each bulk phase, 160 cm<SP>3</SP>; effective membrane area <IT>a</IT> = 2.5 cm<SP>2</SP>).</text></s> <s sid="53"><CoreSc1 atype="GSC" type="Exp" conceptID="Exp2" novelty="None" advantage="None"/><text>Two titanium grid electrodes with a layer of platinum deposited onto the surface of the grid are immersed into the bulk phases.</text></s> <s sid="54"><CoreSc1 atype="GSC" type="Exp" conceptID="Exp2" novelty="None" advantage="None"/><text>These electrodes are used to apply an electrical current under galvanostatic conditions.</text></s> <s sid="55"><CoreSc1 atype="GSC" type="Exp" conceptID="Exp2" novelty="None" advantage="None"/><text>The total net amount of electrical charge transported across a membrane during the measurements of one stationary current- voltage curve is so small that a possible influence of pH changes in the bulk phases caused by the reactions at the electrodes on the electrochemical measurements can be neglected.</text></s> <s sid="56"><CoreSc1 atype="GSC" type="Exp" conceptID="Exp2" novelty="None" advantage="None"/><text>Two identical Ag/AgCl/KCl(aq)// electrodes in contact with Luggin capillaries filled with the solution contained in the bulk phase are used to measure the electrical potential difference across the membrane.</text></s> <s sid="57"><CoreSc1 atype="GSC" type="Exp" conceptID="Exp2" novelty="None" advantage="None"/><text>The tips of the two Luggin capillaries are positioned reproducibly opposite to each other at a fixed distance from the surface of the composite membrane.</text></s></P><P><s sid="58"><CoreSc1 atype="GSC" type="Obs" conceptID="Obs3" novelty="None" advantage="None"/><text>A typically stationary <IT>I</IT>–Δ<IT>φ</IT> curve of a composite membrane with a pore diameter of 100 nm is shown in Fig. 1.</text></s> <s sid="59"><CoreSc1 atype="GSC" type="Res" conceptID="Res4" novelty="None" advantage="None"/><text>The non-ohmic character of the <IT>I</IT>–Δ<IT>φ</IT> curve is clearly visible.</text></s> <s sid="60"><CoreSc1 atype="GSC" type="Exp" conceptID="Exp2" novelty="None" advantage="None"/><text>The insert in Fig. 1 shows schematically the experimental set up.</text></s> <s sid="61"><CoreSc1 atype="GSC" type="Exp" conceptID="Exp2" novelty="None" advantage="None"/><text>It also shows schematically the corresponding orientation of a single cone-shaped pore for which a similarly shaped <IT>I</IT>–Δ<IT>φ</IT> is found.<REF TYPE="P" ID="cit1 cit2 cit3">1–3</REF></text></s> <s sid="62"><CoreSc1 atype="GSC" type="Res" conceptID="Res5" novelty="None" advantage="None"/><text>The shape of corresponding <IT>I</IT>–Δ<IT>φ</IT> curves of composite track etched membranes with diameters of 50 nm and 200 nm is very similar to that of a composite membrane with a pore diameter of 100 nm.</text></s> <s sid="63"><CoreSc1 atype="GSC" type="Obs" conceptID="Obs4" novelty="None" advantage="None"/><text>These curves are not shown.</text></s></P></DIV><DIV DEPTH="1"><HEADER HEADER_MARKER="3.">Discussion</HEADER><P><s sid="64"><CoreSc1 atype="GSC" type="Res" conceptID="Res6" novelty="None" advantage="None"/><text>The stationary <IT>I</IT>–Δ<IT>φ</IT> curve shown in Fig. 1 indicates that a composite tack-etched membrane reach high conductivity states when the electrical potential difference Δ<IT>φ</IT> (=(<IT>φ</IT>′ − <IT>φ</IT>″)) across the membrane has negative values.</text></s> <s sid="65"><CoreSc1 atype="GSC" type="Res" conceptID="Res6" novelty="None" advantage="None"/><text>Positive charge carriers (Na<SP>+</SP> ions) are transported from the right bulk phase into the left bulk phase.</text></s> <s sid="66"><CoreSc1 atype="GSC" type="Res" conceptID="Res6" novelty="None" advantage="None"/><text>In the pores of the (<IT>ω</IT> = −1)-membrane the electrical current is transported predominantly by Na<SP>+</SP> ions (<IT>c</IT><SB>bulk</SB>/<IT>X</IT><SB>tip</SB> ≪1; <IT>c</IT><SB>+,tip</SB> ≫ <IT>c</IT><SB>−,tip</SB>).</text></s> <s sid="67"><CoreSc1 atype="GSC" type="Res" conceptID="Res6" novelty="None" advantage="None"/><text>They are the counterions of the fixed charges of the polyelectrolyte gel filling the pores (<IT>t</IT><SB>+</SB>(<IT>ω</IT> = −1)-membrane ≈ 1).</text></s> <s sid="68"><CoreSc1 atype="GSC" type="Res" conceptID="Res6" novelty="None" advantage="None"/><text>This leads to an increase of the concentration of NaCl in the pores of the (<IT>ω</IT> = 0)-membrane.</text></s> <s sid="69"><CoreSc1 atype="GSC" type="Res" conceptID="Res7" novelty="None" advantage="None"/><text>Within the pores of the (<IT>ω</IT> = 0)-membrane the electrical current is carried by Na<SP>+</SP> ions as well as by Cl<SP>−</SP> ions (<IT>t</IT><SB>+</SB>(<IT>ω</IT> = 0)-membrane ≈ 0.5).</text></s> <s sid="70"><CoreSc1 atype="GSC" type="Res" conceptID="Res7" novelty="None" advantage="None"/><text>A stationary high conductivity state of the composite membrane is reached when the concentration profile of NaCl in the (<IT>ω</IT> = 0)-membrane has reached a time independent value.</text></s> <s sid="71"><CoreSc1 atype="GSC" type="Obs" conceptID="Obs5" novelty="None" advantage="None"/><text>In this state the mean NaCl concentration in the pores of the (<IT>ω</IT> = 0)-membrane is higher than the NaCl concentration in the bulk phases.</text></s> <s sid="72"><CoreSc1 atype="GSC" type="Res" conceptID="Res8" novelty="None" advantage="None"/><text>This is shown schematically in Fig. 2.</text></s></P><P><s sid="73"><CoreSc1 atype="GSC" type="Res" conceptID="Res9" novelty="None" advantage="None"/><text>The composite membrane reaches a low conductivity state when the electrical potential difference Δ<IT>φ</IT> = (<IT>φ</IT>′ − <IT>φ</IT>″) across the membrane has positive values and positive charge carries (Na<SP>+</SP> ions) are transported from the left into the right bulk phase.</text></s> <s sid="74"><CoreSc1 atype="GSC" type="Res" conceptID="Res9" novelty="None" advantage="None"/><text>Since the value of transference number of the Na<SP>+</SP>ions within the (<IT>ω</IT> = − 1)- membrane is higher than that within the (<IT>ω</IT> = 0)-membrane the NaCl concentration in the pores of the (<IT>ω</IT> = 0)-membrane decreases.</text></s> <s sid="75"><CoreSc1 atype="GSC" type="Obs" conceptID="Obs6" novelty="None" advantage="None"/><text>A stationary low conductivity state of the composite membrane is established when the concentration profile of NaCl in the (<IT>ω</IT> = 0)-membrane has reached a time independent value.</text></s> <s sid="76"><CoreSc1 atype="GSC" type="Obs" conceptID="Obs6" novelty="None" advantage="None"/><text>In this state the mean NaCl concentration in the (<IT>ω</IT> = 0)-membrane is lower than the NaCl concentration in the bulk phases (see Fig. 2).</text></s> <s sid="77"><CoreSc1 atype="GSC" type="Con" conceptID="Con3" novelty="None" advantage="None"/><text>In summary, the transition from a high conductivity state to a low conductivity state is caused mainly by changes of the mean electrolyte concentration and consequently by the electrical conductivity in the pores of the (<IT>ω</IT> = 0)-membrane.</text></s></P><P><s sid="78"><CoreSc1 atype="GSC" type="Met" conceptID="Met3" novelty="New" advantage="None"/><text>The (<IT>ω</IT> = 0)-membrane and the (<IT>ω</IT> = −1)-membrane are not bound together permanently but are separated by a thin film of an aqueous solution.</text></s> <s sid="79"><CoreSc1 atype="GSC" type="Met" conceptID="Met3" novelty="New" advantage="None"/><text>Furthermore, most pores of he composite membrane do not run across both membranes uninterruptedly.</text></s> <s sid="80"><CoreSc1 atype="GSC" type="Met" conceptID="Met3" novelty="New" advantage="None"/><text>These complications can be taken into account by assigning an effective thickness to the (<IT>ω</IT> = 0)-membrane which is larger than its geometrical thickness.</text></s> <s sid="81"><CoreSc1 atype="GSC" type="Met" conceptID="Met3" novelty="New" advantage="None"/><text>This does not influence the interpretation the stationary <IT>I</IT>–Δ<IT>φ</IT> curve just described.</text></s> <s sid="82"><CoreSc1 atype="GSC" type="Met" conceptID="Met4" novelty="New" advantage="None"/><text>Under electrical current flow an electroosmotic volume flow <IT>J</IT><SB>v</SB> across the (<IT>ω</IT> = −1)-membrane could take place (Δ<IT>φ</IT> &gt; 0, <IT>J</IT><SB>v</SB> directed from left to right; (Δ<IT>φ</IT> &lt; 0, <IT>J</IT><SB>v</SB> directed from right to left).</text></s> <s sid="83"><CoreSc1 atype="GSC" type="Met" conceptID="Met4" novelty="New" advantage="None"/><text>This would not change the interpretation given because stationary <IT>I</IT>–Δ<IT>φ</IT> values are considered.</text></s></P><P><s sid="84"><CoreSc1 atype="GSC" type="Met" conceptID="Met5" novelty="New" advantage="None"/><text>Under electrical current flow a change of concentration of NaCl will occur in the region to the right of the phase boundary (<IT>ω</IT> = − 1)-membrane/ bulk phase (″) at the mouth of the pores filled with the polyelectrolyte gel plugs.</text></s> <s sid="85"><CoreSc1 atype="GSC" type="Met" conceptID="Met5" novelty="New" advantage="None"/><text>This concentration change is caused by the change of the electrical transference number of the Na<SP>+</SP> ions at this phase boundary.</text></s> <s sid="86"><CoreSc1 atype="GSC" type="Mod" conceptID="Mod3" novelty="None" advantage="None"/><text>It is argued that the influence of this concentration polarisation on the shape of the I-Δ<IT>φ</IT> curve can be expected to be small.</text></s> <s sid="87"><CoreSc1 atype="GSC" type="Mod" conceptID="Mod3" novelty="None" advantage="None"/><text>The solid angle for the transport of NaCl toward the mouths of the pores at Δ<IT>φ</IT> &lt; 0 and away from the mouths of the pores for Δ<IT>φ</IT> &gt; 0 is large compared with the corresponding solid angle within the (<IT>ω</IT> = −1)-membrane.</text></s> <s sid="88"><CoreSc1 atype="GSC" type="Mod" conceptID="Mod3" novelty="None" advantage="None"/><text>This minimises the possible influence of a concentration polarisation at the interface (<IT>ω</IT> = −1)-membrane/ bulk phase (″).</text></s></P></DIV><DIV DEPTH="1"><HEADER HEADER_MARKER="4.">Conclusions</HEADER><P><s sid="89"><CoreSc1 atype="GSC" type="Bac" conceptID="Bac5" novelty="None" advantage="None"/><text>It has been argued in <REF TYPE="P" ID="cit6 cit7">refs. 6 and 7</REF> that the wide region and the tip region of a single cone-shaped nanopore have different electrochemical transport properties and that the combination of both properties generate the typical non-ohmic electrical current/voltage characteristic of a pore.</text></s> <s sid="90"><CoreSc1 atype="GSC" type="Bac" conceptID="Bac5" novelty="None" advantage="None"/><text>It has been argued further that the “model of the membrane with narrow pores” can be used to describe thee transport properties of the two regions.</text></s> <s sid="91"><CoreSc1 atype="GSC" type="Goa" conceptID="Goa2" novelty="None" advantage="None"/><text>To test this concept experimentally a composite membrane with two membranes (m<SB>1</SB> and m<SB>2</SB>) arranged in series is constructed.</text></s> <s sid="92"><CoreSc1 atype="GSC" type="Met" conceptID="Met6" novelty="New" advantage="None"/><text>Membrane m<SB>1</SB> is prepared to have the electrochemical properties of the wide region of the cone-shaped pore.</text></s> <s sid="93"><CoreSc1 atype="GSC" type="Met" conceptID="Met6" novelty="New" advantage="None"/><text>Membrane m<SB>2</SB> is prepared to have the electrochemical properties of the wide region of the cone-shaped pore.</text></s> <s sid="94"><CoreSc1 atype="GSC" type="Res" conceptID="Res10" novelty="None" advantage="None"/><text>When the composite membrane separates two equally concentrated dilute aqueous potassium chloride solutions it reaches high and low stationary electrical conductivity states respectively depending on the sign of the electrical potential difference applied across the composite membrane.</text></s> <s sid="95"><CoreSc1 atype="GSC" type="Con" conceptID="Con4" novelty="None" advantage="None"/><text>This experimental finding strongly supports the arguments presented in <REF TYPE="P" ID="cit6">ref. 6</REF> and <REF TYPE="P" ID="cit7">ref. 7</REF>: In deed, the electrochemical transport properties of a cone-shaped nanopore reported in <REF TYPE="P" ID="cit1 cit2 cit3 cit4">refs. 1–4</REF> can be explained on the basis of the “model of the membrane with narrow pores”.</text></s></P></DIV></BODY></PAPER>