<?xml version="1.0" encoding="UTF-8"?>
<!DOCTYPE PAPER
  SYSTEM "paper-structure-annotation.dtd">
<PAPER><mode2 name="b316910c" hasDoc="yes" version="1168"/><TITLE><s sid="1"><CoreSc1 atype="GSC" type="Obj" conceptID="Obj1" novelty="New" advantage="None"/><text>Stabilization of an excess electron on uracil by water. <IT>Ab initio</IT> study</text></s></TITLE><ABSTRACT><s sid="2"><CoreSc1 atype="GSC" type="Res" conceptID="Res1" novelty="None" advantage="None"/><text>Experiments performed on the uracil anion in the gaseous phase indicated that in this system the excess electron is dipole-bound.</text></s> <s sid="3"><CoreSc1 atype="GSC" type="Res" conceptID="Res2" novelty="None" advantage="None"/><text>The experiments, however, also indicated that water solvation changes the character of the anion from dipole-bound to covalent.</text></s> <s sid="4"><CoreSc1 atype="GSC" type="Goa" conceptID="Goa1" novelty="None" advantage="None"/><text>In this work we have used <IT>ab initio</IT> theoretical calculations to investigate the stabilization effect that the attachment of one or two water molecules has on the electron attached to uracil.</text></s> <s sid="5"><CoreSc1 atype="GSC" type="Res" conceptID="Res3" novelty="None" advantage="None"/><text>The calculations concern both dipole-bound and covalently-bound electrons and reveal rich configurational isomerism of the complex of the uracil anion with H<SB>2</SB>O molecules.</text></s> <s sid="6"><CoreSc1 atype="GSC" type="Bac" conceptID="Bac1" novelty="None" advantage="None"/><text>The systems differ in terms of the structure of the solvation cluster formed around the excess electron.</text></s></ABSTRACT><BODY><DIV DEPTH="1"><HEADER HEADER_MARKER="1.">Introduction</HEADER><P><s sid="7"><CoreSc1 atype="GSC" type="Bac" conceptID="Bac2" novelty="None" advantage="None"/><text>The existence of the dipole-bound anion of uracil was first predicted theoretically in our group<REF TYPE="P" ID="cit1">1</REF> and subsequently detected in gas phase experiments by the groups of Schermann<REF TYPE="P" ID="cit2">2</REF> and Bowen.<REF TYPE="P" ID="cit3">3</REF></text></s> <s sid="8"><CoreSc1 atype="GSC" type="Bac" conceptID="Bac2" novelty="None" advantage="None"/><text>Subsequent experiments concerning anion formation of hydrated molecules of nucleic acid bases<REF TYPE="P" ID="cit4">4</REF> showed that hydration changes the nature of the complex with an excess electron anion and converts the very weakly-dipole-bound uracil anion to a more stable conventional covalent anion.</text></s> <s sid="9"><CoreSc1 atype="GSC" type="Met" conceptID="Met1" novelty="Old" advantage="None"/><text>The photoelectron spectroscopy (PES) showed very different spectral signatures of the two anions.</text></s> <s sid="10"><CoreSc1 atype="GSC" type="Bac" conceptID="Bac3" novelty="None" advantage="None"/><text>While for the former a sharp narrow peak at 93 ± 7 meV was observed, the latter produced a broad feature characteristic to a covalent anion.<REF TYPE="P" ID="cit4">4</REF></text></s> <s sid="11"><CoreSc1 atype="GSC" type="Bac" conceptID="Bac3" novelty="None" advantage="None"/><text>The broad feature did not show any vibrational structure and was noticeably shifted towards higher electron binding energies than the feature corresponding to the dipole-bound anion of the monomer.</text></s></P><P><s sid="12"><CoreSc1 atype="GSC" type="Bac" conceptID="Bac3" novelty="None" advantage="None"/><text>The stabilization of an excess electron attached to a closed-shell system by solvating the anion with polar molecules is an effect that can be easily understood based on the analysis of the electrostatic interactions occurring between the excess electron and the solvating systems.</text></s> <s sid="13"><CoreSc1 atype="GSC" type="Bac" conceptID="Bac4" novelty="None" advantage="None"/><text>The transformation of a dipole-bound anion to a covalent anion upon solvation, however, may also involve, apart from the stabilization of the excess electron by the direct interaction with solvating systems, an additional effect resulting from the structural conformation of the solvated covalent anion being more stable than the conformation of the solvated dipole-bound anion.</text></s> <s sid="14"><CoreSc1 atype="GSC" type="Bac" conceptID="Bac4" novelty="None" advantage="None"/><text>Our previous calculations of the covalent electron attachment to uracil indicated that such an attachment causes a puckering distortion of the uracil ring.</text></s> <s sid="15"><CoreSc1 atype="GSC" type="Bac" conceptID="Bac4" novelty="None" advantage="None"/><text>If solvation stabilizes the puckered uracil structure more than the planar structure of the uracil dipole-bound anion, the covalent anion may become more stable.</text></s> <s sid="16"><CoreSc1 atype="GSC" type="Bac" conceptID="Bac4" novelty="None" advantage="None"/><text>The additional stabilization due to solvation may also result from a stronger interaction of the solvent with the more localized covalently-attached excess electron than with the much more diffused dipole-bound electron.</text></s></P><P><s sid="17"><CoreSc1 atype="GSC" type="Obj" conceptID="Obj1" novelty="New" advantage="None"/><text>In this work, we study the solvation of the excess electron in uracil anion by one and two water molecules.</text></s> <s sid="18"><CoreSc1 atype="GSC" type="Met" conceptID="Met2" novelty="New" advantage="None"/><text>We only consider structures where at least one water molecule is in direct contact with the electron.</text></s> <s sid="19"><CoreSc1 atype="GSC" type="Bac" conceptID="Bac5" novelty="None" advantage="None"/><text>For the [uracil]<SP>−</SP>·water complex, we have already studied one such configuration where the dipole-bound excess electron of uracil was localized between the uracil molecule and the water molecule.<REF TYPE="P" ID="cit5">5</REF></text></s> <s sid="20"><CoreSc1 atype="GSC" type="Bac" conceptID="Bac5" novelty="None" advantage="None"/><text>We showed that such a configuration is stable, the presence of water stabilizes the dipole-bound excess electron and makes it more localized.</text></s> <s sid="21"><CoreSc1 atype="GSC" type="Obj" conceptID="Obj2" novelty="New" advantage="None"/><text>In the present work, we study the stabilization of an excess electron covalently attached to a uracil molecule by a water molecule.</text></s> <s sid="22"><CoreSc1 atype="GSC" type="Obj" conceptID="Obj3" novelty="New" advantage="None"/><text>We also consider the stabilization effects on a dipole-bound and a covalently-bound excess electron in the uracil anion by two water molecules.</text></s></P><P><s sid="23"><CoreSc1 atype="GSC" type="Mot" conceptID="Mot1" novelty="None" advantage="None"/><text>Trapping excess electrons in molecules and clusters either by fields of dipoles, higher multipoles or in covalent states, is a phenomenon with relevance to fundamental properties of molecular systems.</text></s> <s sid="24"><CoreSc1 atype="GSC" type="Mot" conceptID="Mot1" novelty="None" advantage="None"/><text>An electron trapped in a localized bound state of the system may significantly affect its chemical and physical properties.<REF TYPE="P" ID="cit6">6</REF></text></s> <s sid="25"><CoreSc1 atype="GSC" type="Bac" conceptID="Bac6" novelty="None" advantage="None"/><text>It is also interesting to investigate structures of possible molecular electron traps formed by molecular complexes.</text></s> <s sid="26"><CoreSc1 atype="GSC" type="Bac" conceptID="Bac6" novelty="None" advantage="None"/><text>For example, electron trapping is relevant to molecular charge conductivity and charge localization in such systems as DNA and other biopolymers.</text></s></P><P><s sid="27"><CoreSc1 atype="GSC" type="Obj" conceptID="Obj4" novelty="New" advantage="None"/><text>In this work, we consider enhancement of the uracil ability to bind an excess electron resulting from direct interaction of the electron with water molecules.</text></s> <s sid="28"><CoreSc1 atype="GSC" type="Con" conceptID="Con1" novelty="None" advantage="None"/><text>In particular, the calculations performed here show a rich conformational topology of the uracil·(H<SB>2</SB>O)<SB>2</SB>·e system and describe the magnitude of the electron stabilization effects resulting from the solvation.</text></s></P></DIV><DIV DEPTH="1"><HEADER HEADER_MARKER="2.">Calculations and discussion</HEADER><P><s sid="29"><CoreSc1 atype="GSC" type="Met" conceptID="Met3" novelty="Old" advantage="None"/><text>All the calculations in this work have been performed using the Gaussian98 program package.<REF TYPE="P" ID="cit7">7</REF></text></s> <s sid="30"><CoreSc1 atype="GSC" type="Met" conceptID="Met4" novelty="Old" advantage="None"/><text>The spin-restricted and spin-unrestricted Hartree–Fock (RHF and UHF) methods were used for neutral systems and anions, respectively.</text></s> <s sid="31"><CoreSc1 atype="GSC" type="Met" conceptID="Met5" novelty="Old" advantage="None"/><text>For all systems, the structure optimizations have been performed using the second-order Møller–Plesset perturbation theory (MP2).</text></s> <s sid="32"><CoreSc1 atype="GSC" type="Bac" conceptID="Bac7" novelty="None" advantage="None"/><text>All structures reported in this work are available <IT>via</IT> e-mail from the corresponding author upon request.</text></s></P><P><s sid="33"><CoreSc1 atype="GSC" type="Obj" conceptID="Obj5" novelty="New" advantage="None"/><text>In the first series of calculations we considered stabilization of a covalent uracil anion by a water molecule.</text></s> <s sid="34"><CoreSc1 atype="GSC" type="Mod" conceptID="Mod1" novelty="None" advantage="None"/><text>We only searched for a structure where water was directly interacting with its hydrogens with the excess electron.</text></s> <s sid="35"><CoreSc1 atype="GSC" type="Mod" conceptID="Mod2" novelty="None" advantage="None"/><text>Thus, the structure optimization of the system performed at the UMP2/aug-cc-pvdz level of theory was initiated with a puckered structure of uracil with a water molecule suspended above the uracil ring.</text></s> <s sid="36"><CoreSc1 atype="GSC" type="Obs" conceptID="Obs1" novelty="None" advantage="None"/><text>This calculation converged to a structure shown in Fig. 1.</text></s> <s sid="37"><CoreSc1 atype="GSC" type="Obs" conceptID="Obs1" novelty="None" advantage="None"/><text>In the figure we also show the UHF orbital occupied by the excess electron in this system.</text></s> <s sid="38"><CoreSc1 atype="GSC" type="Res" conceptID="Res4" novelty="None" advantage="None"/><text>One can notice that, as expected, the excess electron is covalently attached to uracil in a π-state and the water molecule directly interacts with the electron and does not form hydrogen bonds with the uracil molecule.</text></s> <s sid="39"><CoreSc1 atype="GSC" type="Bac" conceptID="Bac8" novelty="None" advantage="None"/><text>These features differentiate the structure found here from the structure of the uracil·H<SB>2</SB>O anion described by Dolgounitcheva <IT>et al.</IT><REF TYPE="P" ID="cit8">8</REF></text></s> <s sid="40"><CoreSc1 atype="GSC" type="Bac" conceptID="Bac8" novelty="None" advantage="None"/><text>In their structure the water molecule had an in-plane hydrogen bond to one of the oxygens in uracil and its contact with the π excess electron was reduced.</text></s></P><P><s sid="41"><CoreSc1 atype="GSC" type="Mod" conceptID="Mod3" novelty="None" advantage="None"/><text>Next, the electron binding energy in the anion was determined with respect to the neutral complex with the same geometry as the uracil·H<SB>2</SB>O anion (the vertical electron detachment energy, VDE) and with respect to the equilibrium geometry of the neutral complex obtained in the MP2/aug-cc-pvdz optimization (the adiabatic electron detachment energy, ADE).</text></s> <s sid="42"><CoreSc1 atype="GSC" type="Obs" conceptID="Obs2" novelty="None" advantage="None"/><text>This optimization was initiated with the geometry of the anion and the optimized H-bonded structure of the uracil·H<SB>2</SB>O complex is shown in Fig. 2.</text></s> <s sid="43"><CoreSc1 atype="GSC" type="Mod" conceptID="Mod4" novelty="None" advantage="None"/><text>The calculations of the VDE and ADE were performed at the MP2/aug-cc-pvdz//MP2/aug-cc-pvdz, MP2/aug-cc-pvtz//MP2/aug-cc-pvdz (except for VDE), and MP4/6-31++G**//MP2/aug-cc-pvdz levels of theory and the results are shown in Table 1.</text></s> <s sid="44"><CoreSc1 atype="GSC" type="Goa" conceptID="Goa2" novelty="None" advantage="None"/><text>This was performed to determine how these quantities change when the basis set is increased and when the level of theory is enhanced.</text></s> <s sid="45"><CoreSc1 atype="GSC" type="Obs" conceptID="Obs3" novelty="None" advantage="None"/><text>As one can see from the results, the VDE values are all positive and they increase slightly in going from the 6-31++G** basis to the aug-cc-pvdz basis.</text></s> <s sid="46"><CoreSc1 atype="GSC" type="Obs" conceptID="Obs4" novelty="None" advantage="None"/><text>Moving from the MP2 to the MP4 level of theory has very little effect on VDE and ADE.</text></s> <s sid="47"><CoreSc1 atype="GSC" type="Res" conceptID="Res5" novelty="None" advantage="None"/><text>The ADE values are all negative indicating that the covalent anion is a metastable system, less stable than the neutral complex.</text></s> <s sid="48"><CoreSc1 atype="GSC" type="Res" conceptID="Res6" novelty="None" advantage="None"/><text>Based on the MP2 energies obtained with the different basis sets, which seems to be converging to a value around −0.2 eV and based on the very small reduction of ADE due to inclusion of higher order effects of 0.04 eV, it is unlikely that the anion can become more stable than the neutral system.</text></s></P><P><s sid="49"><CoreSc1 atype="GSC" type="Bac" conceptID="Bac9" novelty="None" advantage="None"/><text>There are a number of ways an excess electron attached to a uracil molecule can interact with two H<SB>2</SB>O molecules.</text></s> <s sid="50"><CoreSc1 atype="GSC" type="Bac" conceptID="Bac9" novelty="None" advantage="None"/><text>Both the dipole-bound σ excess electron and the covalently attached π-electron have to be considered as possible targets of hydration since in both cases the stabilization effect of hydration should render the excess electrons more strongly attached to the uracil moiety.</text></s> <s sid="51"><CoreSc1 atype="GSC" type="Bac" conceptID="Bac9" novelty="None" advantage="None"/><text>One can envision the following configurations of the two H<SB>2</SB>O molecules interacting with the dipole-bound excess electron of the uracil anion: a configuration where both waters point the positive ends of their dipoles at the electron; a configuration where an H<SB>2</SB>O dimer points its dipole at the excess electron; a configuration where the excess electron is dipole-bound to the complex of uracil with a water molecule and is solvated by the other water; and a configuration where an H<SB>2</SB>O dimer is H-bonded to uracil and at the same time solvates the dipole-bound electron of uracil.</text></s> <s sid="52"><CoreSc1 atype="GSC" type="Bac" conceptID="Bac9" novelty="None" advantage="None"/><text>An electron covalently attached to a uracil molecule in a π-state can be hydrated by two water molecules in the following ways: two waters can approach uracil perpendicularly to its ring, one on each side of the ring; two waters can independently approach the excess electron from one side of the ring; a water dimer can approach the electron perpendicularly to the uracil ring.</text></s> <s sid="53"><CoreSc1 atype="GSC" type="Bac" conceptID="Bac9" novelty="None" advantage="None"/><text>There are, perhaps, some other possibilities.</text></s></P><P><s sid="54"><CoreSc1 atype="GSC" type="Goa" conceptID="Goa3" novelty="None" advantage="None"/><text>In the first series of calculations we have explored the topology of the uracil·(H<SB>2</SB>O)<SB>2</SB>·e anion by performing geometry optimizations of the system and initiating them with different initial geometries of the complex reflecting the structural isomerism described above.</text></s> <s sid="55"><CoreSc1 atype="GSC" type="Mod" conceptID="Mod5" novelty="None" advantage="None"/><text>The optimizations for the anions with two waters solvating the dipole-bound excess electron of uracil were performed at the UMP2 level of theory with the 6-31++G** basis set augmented with additional diffuse orbitals placed at the hydrogen of uracil located the closest to the positive pole of the uracil dipole.</text></s> <s sid="56"><CoreSc1 atype="GSC" type="Mod" conceptID="Mod5" novelty="None" advantage="None"/><text>The additional diffuse orbitals included six gaussian sp-shells with exponents 0.01, 0.002, 0.0004, 0.00008, 0.000016, and 0.0000032 and a p-subshell with the exponent 0.036.</text></s> <s sid="57"><CoreSc1 atype="GSC" type="Bac" conceptID="Bac10" novelty="None" advantage="None"/><text>In our previous studies we have determined that this set of additional orbitals should be sufficient to describe the ground states of the dipole-bound excess electron in systems with dipole moments similar to the dipole moments of the complexes considered in the present work.<REF TYPE="P" ID="cit9">9</REF></text></s> <s sid="58"><CoreSc1 atype="GSC" type="Bac" conceptID="Bac11" novelty="None" advantage="None"/><text>By including gaussians with very small exponents in the basis we allowed the excess electron to escape from the system, if such a process would lower the system's total energy.</text></s> <s sid="59"><CoreSc1 atype="GSC" type="Bac" conceptID="Bac11" novelty="None" advantage="None"/><text>Thus, the possibility that the excess electron stays confined to the system due to an overly confining orbital basis and not due to higher stability of the anion than the neutral cluster is eliminated.</text></s> <s sid="60"><CoreSc1 atype="GSC" type="Mod" conceptID="Mod6" novelty="None" advantage="None"/><text>The augmented 6-31++G** basis will be called 6-31++G**X in the discussion that follows.</text></s></P><P><s sid="61"><CoreSc1 atype="GSC" type="Mod" conceptID="Mod7" novelty="None" advantage="None"/><text>The geometry optimizations of the hydrated covalent uracil anion with the excess electron occupying a π state was first performed at the UMP2/6-31++G** level of theory and then the structures were refined with the use of the UMP2/aug-cc-pvdz level.</text></s> <s sid="62"><CoreSc1 atype="GSC" type="Obs" conceptID="Obs5" novelty="None" advantage="None"/><text>The geometry optimizations produced five different uracil·(H<SB>2</SB>O)<SB>2</SB>·e structures (A, B, C, D, and E) corresponding to minima on the potential energy surface of the anion.</text></s> <s sid="63"><CoreSc1 atype="GSC" type="Obs" conceptID="Obs5" novelty="None" advantage="None"/><text>The structures are shown in Fig. 3.</text></s> <s sid="64"><CoreSc1 atype="GSC" type="Mod" conceptID="Mod8" novelty="None" advantage="None"/><text>In Fig. 4 we show the orbitals occupied by the excess electrons in these systems and in Table 2 we present their total UMP2 energies and their vertical electron detachment energies (VDE) calculated by subtracting the energy of the neutral cluster determined at the geometry of the anion (at the MP2/6-31++G**X level for A and B, and at the MP2/aug-cc-pvdz level for C, D, and E) from the anion energy.</text></s> <s sid="65"><CoreSc1 atype="GSC" type="Res" conceptID="Res7" novelty="None" advantage="None"/><text>The calculated VDEs of 0.45 eV for A and 0.43 eV for B indicate that the hydration stabilizes the excess electrons in these systems.</text></s> <s sid="66"><CoreSc1 atype="GSC" type="Res" conceptID="Res8" novelty="None" advantage="None"/><text>By examining the orbitals of the first two anions one can notice that for both systems we have the case of the two H-bonded water molecules solvating the uracil dipole-bound electron.</text></s> <s sid="67"><CoreSc1 atype="GSC" type="Res" conceptID="Res8" novelty="None" advantage="None"/><text>The difference in the systems, which is reflected in the total energy for A being slightly higher than for B, is a hydrogen bond between the uracil and the water dimer that exists in B, but is not present in A.</text></s></P><P><s sid="68"><CoreSc1 atype="GSC" type="Obs" conceptID="Obs6" novelty="None" advantage="None"/><text>Anions C–E are different from anions A and B. Here the excess electron occupies a π-orbital of uracil and is solvated by waters approaching the uracil from axial directions.</text></s> <s sid="69"><CoreSc1 atype="GSC" type="Bac" conceptID="Bac12" novelty="None" advantage="None"/><text>As mentioned before,<REF TYPE="P" ID="cit10">10</REF> in the covalent anion of uracil its ring is noticeably puckered.</text></s> <s sid="70"><CoreSc1 atype="GSC" type="Obs" conceptID="Obs7" novelty="None" advantage="None"/><text>This puckering does not disappear upon hydration which is apparent in the structures of the C–E anions shown in Fig. 3.</text></s> <s sid="71"><CoreSc1 atype="GSC" type="Obs" conceptID="Obs8" novelty="None" advantage="None"/><text>In anion C, the two H<SB>2</SB>O molecules are positioned on opposite sides of the uracil ring and in anions D and E they are located on the same side.</text></s> <s sid="72"><CoreSc1 atype="GSC" type="Obs" conceptID="Obs9" novelty="None" advantage="None"/><text>In all three configurations the ring puckering is enforced and the stabilization of the excess electron in the π-state is enhanced.</text></s> <s sid="73"><CoreSc1 atype="GSC" type="Res" conceptID="Res9" novelty="None" advantage="None"/><text>For all three anions with a covalently attached excess electron, the VDE values are much larger than for anions A and B. They are 1.21 eV for anion C, 1.24 eV for anion D, and 1.18 eV for anion E. In this group anion E is slightly more stable than the other two.</text></s> <s sid="74"><CoreSc1 atype="GSC" type="Obs" conceptID="Obs10" novelty="None" advantage="None"/><text>There are some common structural features in anions C, D, and E. In all three systems, one of the water molecules is positioned exactly above the uracil ring with one of its hydrogens pointing at N3 and the other pointing at C6.</text></s> <s sid="75"><CoreSc1 atype="GSC" type="Obs" conceptID="Obs10" novelty="None" advantage="None"/><text>The position of the second water molecule is what differentiates the three structures; in C the second water is located on the other side of the ring with respect to the first water and in D and E the second water is H-bonded to the first one.</text></s> <s sid="76"><CoreSc1 atype="GSC" type="Obs" conceptID="Obs10" novelty="None" advantage="None"/><text>However, in all three anions, one of the hydrogens of the second water molecule always points at one of the uracil oxygen atoms and it is involved in a H-bond interaction with that atom.</text></s> <s sid="77"><CoreSc1 atype="GSC" type="Res" conceptID="Res10" novelty="None" advantage="None"/><text>Thus, in anions D and E, a cyclic structure is formed involving the water molecule linked with its hydrogens to the π-attached uracil excess electron, and the second water molecule which forms a bridge between the first water and an oxygen atom of uracil.</text></s></P><P><s sid="78"><CoreSc1 atype="GSC" type="Obj" conceptID="Obj6" novelty="New" advantage="None"/><text>Finally, in the last series of calculations, geometry optimizations were performed for the neutral uracil·(H<SB>2</SB>O)<SB>2</SB> cluster.</text></s> <s sid="79"><CoreSc1 atype="GSC" type="Bac" conceptID="Bac13" novelty="None" advantage="None"/><text>This system has been considered in a number of works including, for example, recent studies by van Mourik<REF TYPE="P" ID="cit11">11</REF> and Gadre <IT>et al.</IT><REF TYPE="P" ID="cit12">12</REF></text></s> <s sid="80"><CoreSc1 atype="GSC" type="Bac" conceptID="Bac14" novelty="None" advantage="None"/><text>Since the optimizations of the uracil·(H<SB>2</SB>O)<SB>2</SB> cluster in the present calculations were only initiated with the geometries of the A–E anions, the equilibrium structures found do not describe the complete topology of the uracil·(H<SB>2</SB>O)<SB>2</SB> potential energy surface.</text></s> <s sid="81"><CoreSc1 atype="GSC" type="Mod" conceptID="Mod9" novelty="None" advantage="None"/><text>The “A,B”–initiated optimizations carried out at the MP2/6-31++G**X level converged to a single structure shown in Fig. 5 (structure A).</text></s> <s sid="82"><CoreSc1 atype="GSC" type="Res" conceptID="Res11" novelty="None" advantage="None"/><text>This appears to be the global minimum on the uracil·(H<SB>2</SB>O)<SB>2</SB> potential energy surface.<REF TYPE="P" ID="cit11">11</REF></text></s> <s sid="83"><CoreSc1 atype="GSC" type="Mod" conceptID="Mod10" novelty="None" advantage="None"/><text>The optimizations initiated with the geometries of anions C, D and E and carried out at the MP2/aug-cc-pvdz level converged to structures B, C and D, respectively.</text></s> <s sid="84"><CoreSc1 atype="GSC" type="Obs" conceptID="Obs11" novelty="None" advantage="None"/><text>In A, the two H<SB>2</SB>O molecules and the uracil molecule form a cyclic hydrogen-bonded structure with three H-bonds.</text></s> <s sid="85"><CoreSc1 atype="GSC" type="Obs" conceptID="Obs12" novelty="None" advantage="None"/><text>In B, the two waters are separated and are H-bonded to uracil at opposite sides.</text></s> <s sid="86"><CoreSc1 atype="GSC" type="Obs" conceptID="Obs13" novelty="None" advantage="None"/><text>In C, the waters form a dimer which is H-bonded to uracil and only one water molecule is involved in this bond.</text></s> <s sid="87"><CoreSc1 atype="GSC" type="Obs" conceptID="Obs14" novelty="None" advantage="None"/><text>In D, the waters also form a dimer which is positioned above the uracil ring and interacts with π-electrons of the uracil.</text></s></P><P><s sid="88"><CoreSc1 atype="GSC" type="Res" conceptID="Res12" novelty="None" advantage="None"/><text>The comparison of the total energy of the A uracil·(H<SB>2</SB>O)<SB>2</SB> neutral cluster provided in Table 2 with the energies of anions A and B shows that the neutral system is more stable than any of the two anions by 0.49 and 0.30 eV, respectively.</text></s> <s sid="89"><CoreSc1 atype="GSC" type="Res" conceptID="Res13" novelty="None" advantage="None"/><text>Also, the energy of anion C is higher than the energy of the B uracil·(H<SB>2</SB>O)<SB>2</SB> cluster by 0.10 eV.</text></s> <s sid="90"><CoreSc1 atype="GSC" type="Res" conceptID="Res14" novelty="None" advantage="None"/><text>However, the relative stability order is reversed for anions D and E. These systems are more stable than the neutral uracil·(H<SB>2</SB>O)<SB>2</SB> clusters with the equilibrium geometries obtained in the optimizations initiated with the geometries of the two anions.</text></s></P><P><s sid="91"><CoreSc1 atype="GSC" type="Con" conceptID="Con2" novelty="None" advantage="None"/><text>Since the structures of anions A and B and the structure of the neutral cluster are dissimilar, the relative stability determination as the difference of the total energies may be subject to the basis set superposition error (BSSE).</text></s> <s sid="92"><CoreSc1 atype="GSC" type="Goa" conceptID="Goa4" novelty="None" advantage="None"/><text>The same effect, however, probably smaller, may also occur for anions C, D, and E. To verify this point a series of calculations were carried out to estimate the magnitude of this error in the determination of the ADE energy for anion A where dipole-bound uracil electron is solvated and for anion C where a covalently-attached excess electron of uracil is subject to solvation.</text></s> <s sid="93"><CoreSc1 atype="GSC" type="Bac" conceptID="Bac15" novelty="None" advantage="None"/><text>Two series of three calculations were undertaken for each of the two systems.</text></s> <s sid="94"><CoreSc1 atype="GSC" type="Met" conceptID="Met6" novelty="Old" advantage="None"/><text>In the first series we considered an isolated uracil molecule and each of the two waters and the calculations were undertaken in the basis set of the whole anion and in the second series the calculations for the three systems were repeated in the basis set of each individual molecule.</text></s> <s sid="95"><CoreSc1 atype="GSC" type="Mod" conceptID="Mod11" novelty="None" advantage="None"/><text>For calculations pertaining to anion A we used the MP2/6-31++G**X level of theory and for those pertaining to anion C we used the MP2/aug-cc-pvdz level.</text></s> <s sid="96"><CoreSc1 atype="GSC" type="Met" conceptID="Met6" novelty="Old" advantage="Yes"/><text>The difference of the energies obtained in this way for each of the three systems (<IT>i.e.</IT> uracil and two waters) provided an estimation of how much each system is stabilized by calculating it in the basis set of the cluster <IT>vs.</IT> calculating it in its own basis.</text></s> <s sid="97"><CoreSc1 atype="GSC" type="Met" conceptID="Met6" novelty="Old" advantage="None"/><text>The total stabilization effect was obtained by summing up the contributions obtained for the three systems.</text></s> <s sid="98"><CoreSc1 atype="GSC" type="Met" conceptID="Met6" novelty="Old" advantage="None"/><text>A similar series of calculations was also performed for the equilibrium geometries of the A and B neutral uracil·(H<SB>2</SB>O)<SB>2</SB> clusters and the basis-set stabilization effect determined for these systems was subtracted from the corresponding stabilization energies obtained for anions A and C. In this way, the corrections that need to be added to the ADE values of anions A and C to approximately compensate for the BSSEs were determined.</text></s> <s sid="99"><CoreSc1 atype="GSC" type="Bac" conceptID="Bac16" novelty="None" advantage="None"/><text>In the above approach we assumed that the basis set effect does not change much in moving from the anion to the neutral system and, thus all the above calculations could be performed for the neutral forms of the molecules forming anions A and C.</text></s></P><P><s sid="100"><CoreSc1 atype="GSC" type="Hyp" conceptID="Hyp1" novelty="None" advantage="None"/><text>Since in the neutral equilibrium uracil·(H<SB>2</SB>O)<SB>2</SB>A cluster the three molecules are closer together than in anion A, we anticipated a larger basis-set related stabilization effect for the former than for the latter system.</text></s> <s sid="101"><CoreSc1 atype="GSC" type="Res" conceptID="Res15" novelty="None" advantage="None"/><text>This was indeed confirmed by the calculations which yielded a value of 0.14 eV for the difference of the two basis-set stabilization effects in favour of the neutral cluster (<IT>i.e.</IT> the neutral cluster was more stabilized than the anion by the molecules forming the cluster using the basis functions of the partner molecules to lower their energies).</text></s> <s sid="102"><CoreSc1 atype="GSC" type="Res" conceptID="Res15" novelty="None" advantage="None"/><text>Thus, in order to correct the ADE for anion A the value 0.14 eV should be added to the value −0.49 eV obtained without the BSSE correction.</text></s> <s sid="103"><CoreSc1 atype="GSC" type="Res" conceptID="Res15" novelty="None" advantage="None"/><text>Although this changes the ADE somewhat, it still remains negative indicating metastability of the anion with respect to the neutral cluster.</text></s></P><P><s sid="104"><CoreSc1 atype="GSC" type="Hyp" conceptID="Hyp2" novelty="None" advantage="None"/><text>For anion C one can expect that the basis set effect should also reduce the magnitude of the ADE but to a much lesser degree than for anion A because the intermolecular distances in C and its corresponding neutral cluster (B) are not as different as they are in A and its neutral counterpart (A).</text></s> <s sid="105"><CoreSc1 atype="GSC" type="Res" conceptID="Res16" novelty="None" advantage="None"/><text>Again the calculations confirmed the anticipated trend and gave the value of only 0.02 eV for the basis-set related stabilization effect in this case.</text></s> <s sid="106"><CoreSc1 atype="GSC" type="Res" conceptID="Res16" novelty="None" advantage="None"/><text>This value should be added to the value −0.10 eV obtained without the BSSE correction.</text></s> <s sid="107"><CoreSc1 atype="GSC" type="Res" conceptID="Res16" novelty="None" advantage="None"/><text>Again in this case the correction does not reverse the stability order of the anion and the neutral cluster.</text></s></P></DIV><DIV DEPTH="1"><HEADER HEADER_MARKER="3.">Summary</HEADER><P><s sid="108"><CoreSc1 atype="GSC" type="Bac" conceptID="Bac17" novelty="None" advantage="None"/><text>The calculations performed in this work describe an interesting topology of the configurational space of the anion consisting of a uracil molecule and one and two H<SB>2</SB>O molecules.</text></s> <s sid="109"><CoreSc1 atype="GSC" type="Bac" conceptID="Bac18" novelty="None" advantage="None"/><text>We have only considered structures where either one or both waters are in direct contact with the excess electron attached to the uracil, and for the anion involving a single water molecule we only considered a structure with a covalently attached electron in a π-state because the other isomers of this system had been studied before.<REF TYPE="P" ID="cit5">5</REF></text></s> <s sid="110"><CoreSc1 atype="GSC" type="Res" conceptID="Res17" novelty="None" advantage="None"/><text>In all the considered systems the interaction of the H<SB>2</SB>O molecules with the dipole-bound or covalently-bound excess electron significantly enhances the bonding of the electron.</text></s> <s sid="111"><CoreSc1 atype="GSC" type="Res" conceptID="Res17" novelty="None" advantage="None"/><text>Also, the state of the excess electron becomes more localized.</text></s> <s sid="112"><CoreSc1 atype="GSC" type="Bac" conceptID="Bac19" novelty="None" advantage="None"/><text>The uracil·(H<SB>2</SB>O)<SB>2</SB> system is an interesting model of an electron trap formed by clusters of polar molecules.</text></s> <s sid="113"><CoreSc1 atype="GSC" type="Con" conceptID="Con3" novelty="None" advantage="None"/><text>It is evident that an excess electron attached to a molecule can be solvated through direct contact with polar molecules of the solvent.</text></s> <s sid="114"><CoreSc1 atype="GSC" type="Con" conceptID="Con3" novelty="None" advantage="None"/><text>The solvation cluster formed around the electron can accommodate more than one molecule and may have different configurations which, in addition to the direct links of the systems forming the cluster to the electron, may also involve inter-system links.</text></s> <s sid="115"><CoreSc1 atype="GSC" type="Res" conceptID="Res18" novelty="None" advantage="None"/><text>Most of the anions studied in in this work, though quite stable with respect to removal of the excess electron without geometry relaxation, are metastable with respect to the neutral clusters at their equilibrium geometries.</text></s> <s sid="116"><CoreSc1 atype="GSC" type="Res" conceptID="Res19" novelty="None" advantage="None"/><text>Only two uracil·(H<SB>2</SB>O)<SB>2</SB> anions (anions D and E) are both “vertically” and “adiabatically” stable.</text></s> <s sid="117"><CoreSc1 atype="GSC" type="Con" conceptID="Con4" novelty="None" advantage="None"/><text>Here the adiabatic stability corresponds to the energy of the anion being lower than the energy of the neutral complex with the equilibrium structure obtained in the geometry optimization initiated with the geometry of the anion (not with regard to the lowest energy structure).</text></s> <s sid="118"><CoreSc1 atype="GSC" type="Con" conceptID="Con5" novelty="None" advantage="None"/><text>This is the first time such anions have been predicted for the uracil·(H<SB>2</SB>O)<SB>2</SB> system using <IT>ab initio</IT> calculations.</text></s> <s sid="119"><CoreSc1 atype="GSC" type="Con" conceptID="Con6" novelty="None" advantage="None"/><text>The hydrated uracil·H<SB>2</SB>O·e and uracil·(H<SB>2</SB>O)<SB>2</SB>·e systems described in the calculations performed in this work may be the covalent anions of uracil·water clusters observed in the experiments.<REF TYPE="P" ID="cit4">4</REF></text></s> <s sid="120"><CoreSc1 atype="GSC" type="Bac" conceptID="Bac20" novelty="None" advantage="None"/><text>We hope the present calculations will inspire further experimental attempts to study the configurational isomerism of anions of hydrated uracil in the gas phase.</text></s></P></DIV></BODY></PAPER>