<?xml version="1.0" encoding="UTF-8"?>
<!DOCTYPE PAPER
  SYSTEM "paper-structure-annotation.dtd">
<PAPER><mode2 name="b316185d" hasDoc="yes" version="1153"/><TITLE><s sid="1"><CoreSc1 atype="GSC" type="Obj" conceptID="Obj1" novelty="New" advantage="None"/><text>The dipeptide cyclic(glycyltryptophanyl) in the gas phase: A concerted action of density functional calculations, S<SB>0</SB>–S<SB>1</SB> two-photon ionization, spectral UV/UV hole burning and laser photoelectron spectroscopy</text></s></TITLE><ABSTRACT><s sid="2"><CoreSc1 atype="GSC" type="Obj" conceptID="Obj2" novelty="New" advantage="None"/><text>The S<SB>0</SB>–S<SB>1</SB> spectrum of the dipeptide cyclic(glycyltryptophanyl) (cGW) has been recorded by two-photon ionization (R2PI) spectroscopy of thermally evaporated, jet-cooled molecules.</text></s> <s sid="3"><CoreSc1 atype="GSC" type="Obs" conceptID="Obs1" novelty="None" advantage="None"/><text>The R2PI spectrum contains several vibronic transitions with relatively small spacing.</text></s> <s sid="4"><CoreSc1 atype="GSC" type="Res" conceptID="Res1" novelty="None" advantage="None"/><text>Density functional theory predicts more than 8 conformers.</text></s> <s sid="5"><CoreSc1 atype="GSC" type="Con" conceptID="Con1" novelty="None" advantage="None"/><text>Applying spectral UV/UV hole burning spectroscopy we found that the strongest S<SB>0</SB>–S<SB>1</SB> transitions belong to a single conformer.</text></s> <s sid="6"><CoreSc1 atype="GSC" type="Con" conceptID="Con2" novelty="None" advantage="None"/><text>The transition at 35 058 cm<SP>−1</SP> is attributed to the S<SB>1</SB> origin and the other transitions to inter-ring modes.</text></s> <s sid="7"><CoreSc1 atype="GSC" type="Goa" conceptID="Goa1" novelty="None" advantage="None"/><text>To obtain further information on the conformer structure, resonant two-colour two-photon ionization photoelectron spectroscopy (R(1 + 1′)PI PES) has been performed <IT>via</IT> the two most intense S<SB>0</SB>–S<SB>1</SB> transitions.</text></s> <s sid="8"><CoreSc1 atype="GSC" type="Bac" conceptID="Bac1" novelty="None" advantage="None"/><text>To our knowledge these are the first PE spectra of a dipeptide.</text></s> <s sid="9"><CoreSc1 atype="GSC" type="Obs" conceptID="Obs2" novelty="None" advantage="None"/><text>The spectra are broad with a smooth onset.</text></s> <s sid="10"><CoreSc1 atype="GSC" type="Con" conceptID="Con3" novelty="None" advantage="None"/><text>The lowest ionization onset lies at 7.709 eV, but is assumed to be not the adiabatic IE.</text></s> <s sid="11"><CoreSc1 atype="GSC" type="Res" conceptID="Res2" novelty="None" advantage="None"/><text>Theoretical calculations with the B3LYP/6-311++G** theory predict that in the most stable neutral conformer an N–H group of the dipeptide ring binds to the indole π system.</text></s> <s sid="12"><CoreSc1 atype="GSC" type="Res" conceptID="Res2" novelty="None" advantage="None"/><text>This structure has the highest IE of all conformers investigated and shows a strong geometry change upon ionization.</text></s> <s sid="13"><CoreSc1 atype="GSC" type="Con" conceptID="Con4" novelty="None" advantage="None"/><text>The fact that the IE of the experimentally observed cGW conformer is higher than that of 3-methylindole is taken as a signature of a repulsion between the two rings in the cation: This could be explained by the N–H group of the peptide ring now interacting with the positively charged indole π system.</text></s> <s sid="14"><CoreSc1 atype="GSC" type="Con" conceptID="Con5" novelty="None" advantage="None"/><text>The conformational assignment by R(1 + 1′)PI PES is tentative, because all of the lowest-energetic neutral conformers are expected to behave similarly in regard to ionization energies.</text></s></ABSTRACT><BODY><DIV DEPTH="1"><HEADER HEADER_MARKER="I">Introduction</HEADER><P><s sid="15"><CoreSc1 atype="GSC" type="Mot" conceptID="Mot1" novelty="None" advantage="None"/><text>The advantage of gas phase measurements is the applicability of spectroscopy methods such as resonant two-photon ionization (R2PI) spectroscopy combined with mass-selective detection, spectral UV/UV or IR/UV hole burning (UV/UV SHB or IR/UV SHB) spectroscopy and resonant two-colour two-photon ionization photoelectron spectroscopy (R(1 + 1′)PI PES).</text></s> <s sid="16"><CoreSc1 atype="GSC" type="Mot" conceptID="Mot1" novelty="None" advantage="None"/><text>Further advantages of gas phase investigations are usually sharp spectra which reveal detailed structural information.</text></s> <s sid="17"><CoreSc1 atype="GSC" type="Mot" conceptID="Mot2" novelty="None" advantage="None"/><text>Most importantly, however, gas phase data can be directly compared to theory.</text></s> <s sid="18"><CoreSc1 atype="GSC" type="Bac" conceptID="Bac2" novelty="None" advantage="None"/><text>For reviews on biological molecules in the gas phase see .<REF TYPE="P" ID="cit1 cit2 cit3 cit4">ref. 1–4</REF></text></s></P><P><s sid="19"><CoreSc1 atype="GSC" type="Bac" conceptID="Bac3" novelty="None" advantage="None"/><text>Levy and co-workers were the first to perform spectroscopy of di- and tripeptides in the gas phase by using laser desorption with R2PI and mass-selective detection.<REF TYPE="P" ID="cit5 cit6">5,6</REF></text></s> <s sid="20"><CoreSc1 atype="GSC" type="Bac" conceptID="Bac3" novelty="None" advantage="None"/><text>For tryptophan-containing peptides they obtained sharp spectra with distinct lines despite the many vibrational degrees of freedom and the many possible conformers.</text></s> <s sid="21"><CoreSc1 atype="GSC" type="Bac" conceptID="Bac4" novelty="None" advantage="None"/><text>The spectroscopy of laser-desorbed small peptides was later improved by using double resonance methods.<REF TYPE="P" ID="cit7 cit8">7,8</REF></text></s> <s sid="22"><CoreSc1 atype="GSC" type="Bac" conceptID="Bac5" novelty="None" advantage="None"/><text>Neutral laser desorption and R2P ionization and laser fragmentation was also introduced as a new species selective inlet system into mass spectrometry.<REF TYPE="P" ID="cit9 cit10 cit11">9–11</REF></text></s></P><P><s sid="23"><CoreSc1 atype="GSC" type="Bac" conceptID="Bac6" novelty="None" advantage="None"/><text>Thermal evaporation of natural unprotected peptides is impossible.<REF TYPE="P" ID="cit12 cit13">12,13</REF></text></s> <s sid="24"><CoreSc1 atype="GSC" type="Bac" conceptID="Bac6" novelty="None" advantage="None"/><text>Up to now only for some modified peptides in which the polar functional groups have been protected by methyl groups a thermal evaporation of intact molecules is reported.<REF TYPE="P" ID="cit14 cit15">14,15</REF></text></s> <s sid="25"><CoreSc1 atype="GSC" type="Res" conceptID="Res3" novelty="None" advantage="None"/><text>Cyclic dipeptides have no polar N or C terminal and hence, as we show here, can be vaporized intact by heating.</text></s> <s sid="26"><CoreSc1 atype="GSC" type="Bac" conceptID="Bac7" novelty="None" advantage="None"/><text>To our knowledge up to now no investigation of cyclic peptides in the gas phase has been performed.</text></s></P><P><s sid="27"><CoreSc1 atype="GSC" type="Met" conceptID="Met1" novelty="Old" advantage="None"/><text>UV/UV or IR/UV double resonance methods are widely used in spectroscopy of floppy molecules and clusters.<REF TYPE="P" ID="cit2">2</REF></text></s> <s sid="28"><CoreSc1 atype="GSC" type="Met" conceptID="Met2" novelty="Old" advantage="None"/><text>The strategy to obtain structural information by using zero kinetic energy electron PES (ZEKE<REF TYPE="P" ID="cit16">16</REF>), mass analyzed threshold ionization (MATI<REF TYPE="P" ID="cit17">17</REF>) or high resolution conventional laser PES<REF TYPE="P" ID="cit18">18</REF> is not new.<REF TYPE="P" ID="cit18 cit19 cit20 cit21 cit22 cit23 cit24 cit15">18–25</REF></text></s> <s sid="29"><CoreSc1 atype="GSC" type="Bac" conceptID="Bac8" novelty="None" advantage="None"/><text>In these publications model systems, such as extended molecules with a chromophore and a flexible side chain, have been investigated.</text></s> <s sid="30"><CoreSc1 atype="GSC" type="Bac" conceptID="Bac8" novelty="None" advantage="None"/><text>Whereas for non-polar side groups sharp PE spectra are observed exclusively<REF TYPE="P" ID="cit18 cit19 cit20">18–20</REF> for polar groups sharp spectra are only expected for conformers where the interaction of the charge site and the polar group are minimized, <IT>i.e.</IT> unfolded, linear structures.<REF TYPE="P" ID="cit18">18</REF></text></s> <s sid="31"><CoreSc1 atype="GSC" type="Bac" conceptID="Bac8" novelty="None" advantage="None"/><text>In folded structures the polar group solvates the charge strongly and structural changes upon ionization become so large that it is impossible to reach the origin of the cation ground state and obtain vibrationally resolved spectra.<REF TYPE="P" ID="cit22">22</REF></text></s> <s sid="32"><CoreSc1 atype="GSC" type="Bac" conceptID="Bac9" novelty="None" advantage="None"/><text>Nevertheless, the IE shift together with theory may provide useful information to allow an identification of the neutral conformation.<REF TYPE="P" ID="cit22">22</REF></text></s> <s sid="33"><CoreSc1 atype="GSC" type="Bac" conceptID="Bac10" novelty="None" advantage="None"/><text>Only in one case of an aromatic molecule with a polar side chain, both folded and unfolded conformers showed sharp vibrationally resolved spectra.<REF TYPE="P" ID="cit24 cit25">24,25</REF></text></s></P><P><s sid="34"><CoreSc1 atype="GSC" type="Obj" conceptID="Obj2" novelty="New" advantage="None"/><text>In this paper we report on spectroscopy of the cyclic(glycyltryptophanyl) (cGW) in the gas phase.</text></s> <s sid="35"><CoreSc1 atype="GSC" type="Met" conceptID="Met3" novelty="New" advantage="None"/><text>R2PI spectroscopy with mass selection has been used to record the S<SB>0</SB>–S<SB>1</SB> spectrum.</text></s> <s sid="36"><CoreSc1 atype="GSC" type="Met" conceptID="Met3" novelty="New" advantage="None"/><text>UV/UV SHB was applied to analyze the number of conformers present in the molecular beam.</text></s> <s sid="37"><CoreSc1 atype="GSC" type="Met" conceptID="Met3" novelty="New" advantage="None"/><text>To obtain further information on the conformer structure, R(1 + 1′)PI PES was performed for the two most intense S<SB>0</SB>–S<SB>1</SB> transitions.</text></s> <s sid="38"><CoreSc1 atype="GSC" type="Goa" conceptID="Goa2" novelty="None" advantage="None"/><text>Density functional theory (DFT) calculations on the B3LYP/6-311++G** level are used to interpret the number and structure of observed conformers, IEs and geometry shifts upon ionization.</text></s> <s sid="39"><CoreSc1 atype="GSC" type="Bac" conceptID="Bac11" novelty="None" advantage="None"/><text>A tentative conformer identification is given on the basis of a comparison between experiment and theory.</text></s></P></DIV><DIV DEPTH="1"><HEADER HEADER_MARKER="II">Experimental</HEADER><P><s sid="40"><CoreSc1 atype="GSC" type="Exp" conceptID="Exp1" novelty="None" advantage="None"/><text>The cyclic peptide cGW was purchased from Bachem.</text></s> <s sid="41"><CoreSc1 atype="GSC" type="Exp" conceptID="Exp1" novelty="None" advantage="None"/><text>It has been synthesized from pure L-tryptophan (W) and hence cGW has also L chirality.</text></s> <s sid="42"><CoreSc1 atype="GSC" type="Exp" conceptID="Exp1" novelty="None" advantage="None"/><text>The apparatus is described in detail elsewhere.<REF TYPE="P" ID="cit18">18</REF></text></s> <s sid="43"><CoreSc1 atype="GSC" type="Mod" conceptID="Mod1" novelty="None" advantage="None"/><text>Briefly it consists (Fig. 1) of a supersonic jet chamber (a), a field-free time-of-flight PE spectrometer (b) and a pulsed linear time-of-flight mass spectrometer (c).</text></s> <s sid="44"><CoreSc1 atype="GSC" type="Met" conceptID="Met4" novelty="New" advantage="None"/><text>A modified pulsed nozzle (General Valve, orifice diameter 300 μm) was heated to achieve a suitable sample vapor pressure.</text></s> <s sid="45"><CoreSc1 atype="GSC" type="Met" conceptID="Met4" novelty="New" advantage="None"/><text>The indole sample has been added to a sample container above the nozzle and heated to 325 K. The cGW sample, crystalline at room temperature, is placed directly in the nozzle head and heated to 525 K. Ar was used as carrier gas with a backpressure of 5 bar.</text></s> <s sid="46"><CoreSc1 atype="GSC" type="Mod" conceptID="Mod1" novelty="None" advantage="None"/><text>The jet passed the skimmer (1.5 mm orifice) and crossed the laser beam at right angles in the middle of the PE spectrometer.</text></s> <s sid="47"><CoreSc1 atype="GSC" type="Mod" conceptID="Mod1" novelty="None" advantage="None"/><text>The time-of-flight PE spectrometer is 900 mm long, μ-metal shielded and covered inside by graphite.</text></s> <s sid="48"><CoreSc1 atype="GSC" type="Mod" conceptID="Mod1" novelty="None" advantage="None"/><text>Only photoelectrons emitted into the small acceptance angle of the two-stage micro channel plate (MCP) detector were detected and their time measured with high precision in a start–stop logic.</text></s> <s sid="49"><CoreSc1 atype="GSC" type="Met" conceptID="Met4" novelty="New" advantage="None"/><text>Note that for photoelectron spectroscopy no ion extraction plates have been used within the PE spectrometer.</text></s> <s sid="50"><CoreSc1 atype="GSC" type="Mod" conceptID="Mod1" novelty="None" advantage="None"/><text>After ionization, the ions drift downwards with their supersonic jet velocity into a pulsed linear time-of-flight (linTOF) mass spectrometer (mass resolution <IT>m</IT>/Δ<IT>m</IT> × 100).</text></s> <s sid="51"><CoreSc1 atype="GSC" type="Mod" conceptID="Mod1" novelty="None" advantage="None"/><text>Hence R2PI mass spectra, mass-analyzed R2PI spectra and R(1 + 1′)PI PE spectra with simultaneous mass control can be recorded in the same apparatus.</text></s> <s sid="52"><CoreSc1 atype="GSC" type="Mod" conceptID="Mod1" novelty="None" advantage="None"/><text>Only for UV/UV SHB experiments three deflection plates were introduced at the ionization site in the PE spectrometer.</text></s> <s sid="53"><CoreSc1 atype="GSC" type="Mod" conceptID="Mod1" novelty="None" advantage="None"/><text>In this case the ions were formed in an electric field and deflected into the former electron detector.</text></s> <s sid="54"><CoreSc1 atype="GSC" type="Mod" conceptID="Mod1" novelty="None" advantage="None"/><text>The laser system consisted of two Nd:YAG laser-pumped and frequency-doubled tunable dye lasers (5–7 ns pulse width) and an additional excimer-pumped frequency-doubled dye laser which can be arbitrarily shifted in time with respect to the Nd:YAG-pumped dye lasers.</text></s></P><DIV DEPTH="2"><HEADER>R2PI spectroscopy</HEADER><P><s sid="55"><CoreSc1 atype="GSC" type="Mod" conceptID="Mod2" novelty="None" advantage="None"/><text>For recording the R2PI spectrum ions were formed in the PE spectrometer and, after drifting down, mass-analyzed in the pulsed linear TOF mass spectrometer.</text></s> <s sid="56"><CoreSc1 atype="GSC" type="Mod" conceptID="Mod2" novelty="None" advantage="None"/><text>The S<SB>0</SB>–S<SB>1</SB> spectrum was recorded by tuning the laser wavelength and recording the parent cations with a gated integrator.</text></s> <s sid="57"><CoreSc1 atype="GSC" type="Mod" conceptID="Mod2" novelty="None" advantage="None"/><text>For this purpose we used the Nd:YAG-pumped frequency doubled dye laser (resolution in the UV: &lt; 1 cm<SP>−1</SP>, 100 μJ pulse<SP>−1</SP>, 1000 mm lens out of focus).</text></s> <s sid="58"><CoreSc1 atype="GSC" type="Obs" conceptID="Obs3" novelty="None" advantage="None"/><text>We found that the cooling efficiency of the supersonic jet very much depended on the expansion gas and improved with increasing mass of the carrier gas.</text></s></P></DIV><DIV DEPTH="2"><HEADER>UV/UV SHB</HEADER><P><s sid="59"><CoreSc1 atype="GSC" type="Mod" conceptID="Mod3" novelty="None" advantage="None"/><text>For the SHB a three-plate ion optics (repeller plate, intermediate plate, grounded exit plate) was mounted in the PE spectrometer which deflected and accelerated the ions to the electron detector of the PE spectrometer.</text></s> <s sid="60"><CoreSc1 atype="GSC" type="Mod" conceptID="Mod3" novelty="None" advantage="None"/><text>By changing the MCP voltages suitable for ion detection mass and UV/UV SHB spectra have been measured.</text></s> <s sid="61"><CoreSc1 atype="GSC" type="Bac" conceptID="Bac12" novelty="None" advantage="None"/><text>The mass resolution <IT>m</IT>/Δ<IT>m</IT> of this linTOF is 1500.</text></s> <s sid="62"><CoreSc1 atype="GSC" type="Mod" conceptID="Mod3" novelty="None" advantage="None"/><text>This setup is needed to deflect the ions formed by the hole burning laser by using a pulsed electric field scheme.</text></s> <s sid="63"><CoreSc1 atype="GSC" type="Mod" conceptID="Mod3" novelty="None" advantage="None"/><text>The hole burning laser performed ground state depletion by R2PI 4 μs before the probe laser ionizes the remaining neutrals.</text></s> <s sid="64"><CoreSc1 atype="GSC" type="Mod" conceptID="Mod3" novelty="None" advantage="None"/><text>For ion discrimination coming from different lasers, ions stemming from the hole burning laser were for 4 μs accelerated backwards (+500 V at the second plate, repeller plate grounded) and neutralized on the repeller plate.</text></s> <s sid="65"><CoreSc1 atype="GSC" type="Met" conceptID="Met5" novelty="New" advantage="None"/><text>A suitable pulsed voltage (750 V) was then applied to the repeller shortly after new ions had been formed by the probe laser.</text></s> <s sid="66"><CoreSc1 atype="GSC" type="Met" conceptID="Met5" novelty="New" advantage="None"/><text>The SHB spectrum was recorded by scanning the hole burning laser while the probe laser was set to the S<SB>0</SB>–S<SB>1</SB> origin transition of cGW.</text></s> <s sid="67"><CoreSc1 atype="GSC" type="Met" conceptID="Met5" novelty="New" advantage="None"/><text>Each time when the neutral ground state of the cGW conformer was depopulated a dip appeared in the probe laser signal.</text></s> <s sid="68"><CoreSc1 atype="GSC" type="Mod" conceptID="Mod3" novelty="None" advantage="None"/><text>Note that in this mode the dip depth directly correlates with the transition moment of the transition.</text></s> <s sid="69"><CoreSc1 atype="GSC" type="Met" conceptID="Met5" novelty="New" advantage="None"/><text>Also a reversed scheme has been used to test the percentage of depletion for each transition of interest.</text></s></P></DIV><DIV DEPTH="2"><HEADER>(R(1 + 1′)PI) PE spectroscopy</HEADER><P><s sid="70"><CoreSc1 atype="GSC" type="Mod" conceptID="Mod4" novelty="None" advantage="None"/><text>For R(1 + 1′)PI PE spectroscopy ionization was performed by two frequency-doubled dye lasers pumped by the same Nd:YAG laser.</text></s> <s sid="71"><CoreSc1 atype="GSC" type="Mod" conceptID="Mod4" novelty="None" advantage="None"/><text>The ionizing laser (laser 2) was time-delayed by 3 ns against laser 1 which performed the S<SB>0</SB>–S<SB>1</SB> excitation.</text></s> <s sid="72"><CoreSc1 atype="GSC" type="Obs" conceptID="Obs4" novelty="None" advantage="None"/><text>The photon energy of laser 2 was not sufficient for a two-photon ionization.</text></s> <s sid="73"><CoreSc1 atype="GSC" type="Obs" conceptID="Obs5" novelty="None" advantage="None"/><text>The one-photon signal of laser 1 was lower than 5% of the total two-color ion signal.</text></s> <s sid="74"><CoreSc1 atype="GSC" type="Met" conceptID="Met6" novelty="New" advantage="None"/><text>Typical laser pulse energies were 10 μJ for laser 1 and 20 μJ for laser 2 (1000 mm lens, out of focus).</text></s> <s sid="75"><CoreSc1 atype="GSC" type="Met" conceptID="Met6" novelty="New" advantage="None"/><text>To optimize the electron energy resolution, the photon energy of laser 2 was chosen to keep the maximum photon excess energy below 200 meV.</text></s> <s sid="76"><CoreSc1 atype="GSC" type="Obs" conceptID="Obs6" novelty="None" advantage="None"/><text>For indole we achieved a PE energy resolution Δ<IT>E</IT> = 1 meV and an absolute accuracy of ±2 meV.</text></s> <s sid="77"><CoreSc1 atype="GSC" type="Obs" conceptID="Obs7" novelty="None" advantage="None"/><text>The accuracy for cGW was ±3 meV due to the smooth onset at the ionization onset.</text></s></P></DIV></DIV><DIV DEPTH="1"><HEADER HEADER_MARKER="III">Theoretical results</HEADER><P><s sid="78"><CoreSc1 atype="GSC" type="Goa" conceptID="Goa3" novelty="None" advantage="None"/><text>Our motivation to perform calculations on cGW was (i) to obtain the relative energies of the neutral and cation conformers, (ii) to calculate the vibrational frequencies for the lowest conformers, (iii) to calculate the vertical IEs and (iv) to explore the structural differences between the neutral and cation for the most stable conformers.</text></s> <s sid="79"><CoreSc1 atype="GSC" type="Met" conceptID="Met7" novelty="New" advantage="None"/><text>For conformer assignment we use the comparison of the experimental to calculated data, such as relative neutral conformer energies, vertical IEs and neutral to cation geometry shifts.</text></s></P><P><s sid="80"><CoreSc1 atype="GSC" type="Bac" conceptID="Bac13" novelty="None" advantage="None"/><text>So far no <IT>ab initio</IT> or DFT calculations of a cyclic peptide are reported.</text></s> <s sid="81"><CoreSc1 atype="GSC" type="Met" conceptID="Met8" novelty="New" advantage="Yes"/><text>We used the density functional B3LYP<REF TYPE="P" ID="cit26">26</REF> because according to our experience<REF TYPE="P" ID="cit18">18</REF> it seems to better describe flexible molecules with polar groups than other methods.</text></s> <s sid="82"><CoreSc1 atype="GSC" type="Met" conceptID="Met8" novelty="New" advantage="No"/><text>It is well known that B3LYP systematically underestimates intermolecular electron correlation forces as present in folded molecules.</text></s> <s sid="83"><CoreSc1 atype="GSC" type="Bac" conceptID="Bac14" novelty="None" advantage="None"/><text>There could be several explanations.</text></s> <s sid="84"><CoreSc1 atype="GSC" type="Bac" conceptID="Bac14" novelty="None" advantage="None"/><text>One would be an accidental error compensation, another that electrostatic forces dominate the binding.</text></s></P><P><s sid="85"><CoreSc1 atype="GSC" type="Met" conceptID="Met8" novelty="New" advantage="Yes"/><text>The greatest advantage of DFT methods is that they are fast enough to allow the use of big basis sets even for large molecules.</text></s> <s sid="86"><CoreSc1 atype="GSC" type="Met" conceptID="Met8" novelty="New" advantage="Yes"/><text>This is very important for folded molecules because it minimizes the basis set superposition error usually favoring folded molecules energetically.</text></s> <s sid="87"><CoreSc1 atype="GSC" type="Exp" conceptID="Exp2" novelty="None" advantage="None"/><text>DFT calculations have been performed with the Gaussian 98 program.<REF TYPE="P" ID="cit27">27</REF></text></s> <s sid="88"><CoreSc1 atype="GSC" type="Mod" conceptID="Mod5" novelty="None" advantage="None"/><text>The basis sets 3-21G, 6-31+G* and 6-311++G** were used.</text></s> <s sid="89"><CoreSc1 atype="GSC" type="Mod" conceptID="Mod5" novelty="None" advantage="None"/><text>The large basis set 6-311++G** was applied for neutral cGW to especially account for diffuse electron distributions.</text></s> <s sid="90"><CoreSc1 atype="GSC" type="Obs" conceptID="Obs8" novelty="None" advantage="None"/><text>By increasing the basis set from 3-21G to 6-31+G* we observe big changes in the relative conformer energies.</text></s> <s sid="91"><CoreSc1 atype="GSC" type="Res" conceptID="Res4" novelty="None" advantage="None"/><text>A saturation effect occurs when increasing the basis set from 6-31+G* to 6-311++G** (Table 1) which might be due to accidental error compensation for the smaller basis set.</text></s> <s sid="92"><CoreSc1 atype="GSC" type="Met" conceptID="Met8" novelty="New" advantage="None"/><text>We also calculated vibrational frequencies (B3LYP/6-31+G*) for the neutral conformers 1, 2 and 3 which are needed for calculating the Gibbs free energy and also used for a tentative vibrational assignment in section IV.2.</text></s></P><DIV DEPTH="2"><HEADER>The conformers of neutral cGW</HEADER><P><s sid="93"><CoreSc1 atype="GSC" type="Goa" conceptID="Goa4" novelty="None" advantage="None"/><text>To find the local minima the conformational landscape of cGW has been explored using the program Tinker.<REF TYPE="P" ID="cit28">28</REF></text></s> <s sid="94"><CoreSc1 atype="GSC" type="Mod" conceptID="Mod6" novelty="None" advantage="None"/><text>It performs a general conformational search for the entire potential energy surface by using a hopping algorithm<REF TYPE="P" ID="cit29">29</REF> which is able to overcome barriers.</text></s> <s sid="95"><CoreSc1 atype="GSC" type="Bac" conceptID="Bac15" novelty="None" advantage="None"/><text>The program Tinker also minimizes each conformer after its generation.</text></s> <s sid="96"><CoreSc1 atype="GSC" type="Met" conceptID="Met9" novelty="New" advantage="Yes"/><text>The chosen MM3 force field<REF TYPE="P" ID="cit30">30</REF> is known to be quite successful in reproducing molecular IR spectra.</text></s> <s sid="97"><CoreSc1 atype="GSC" type="Met" conceptID="Met9" novelty="New" advantage="None"/><text>In order to make sure we do not miss a conformer, in addition also a potential energy surface scan was performed using the OPLS all atom force field.<REF TYPE="P" ID="cit31">31</REF></text></s> <s sid="98"><CoreSc1 atype="GSC" type="Met" conceptID="Met9" novelty="New" advantage="None"/><text>The results from the both scans were collected and the conformers processed with B3LYP by stepwise increasing the basis set size.</text></s></P><P><s sid="99"><CoreSc1 atype="GSC" type="Bac" conceptID="Bac16" novelty="None" advantage="None"/><text>For discussions of the type of conformers of cGW in Fig. 2a the relevant rotational axes and the resultant structural possibilities are shown.</text></s> <s sid="100"><CoreSc1 atype="GSC" type="Obs" conceptID="Obs9" novelty="None" advantage="None"/><text>The conformers of cGW can be classified as follows: The peptide ring can be moved into three positions when rotating about the C<SB>1</SB>–C<SB>2</SB> axis (Fig. 2a, right side, see also atomic numbering C<SB>0</SB>–C<SB>2</SB>).</text></s> <s sid="101"><CoreSc1 atype="GSC" type="Obs" conceptID="Obs9" novelty="None" advantage="None"/><text>For each of these conformers the indole ring then can be switched into six positions by rotation around the C<SB>0</SB>–C<SB>1</SB> axis (Fig. 2b, left side).</text></s> <s sid="102"><CoreSc1 atype="GSC" type="Obs" conceptID="Obs9" novelty="None" advantage="None"/><text>This gives theoretically 18 conformers.</text></s> <s sid="103"><CoreSc1 atype="GSC" type="Res" conceptID="Res5" novelty="None" advantage="None"/><text>The most stable conformers are formed by rotating the C<SB>1</SB>–C<SB>2</SB> axis into the plane which is perpendicular to the indole ring (perpendicular conformer class).</text></s> <s sid="104"><CoreSc1 atype="GSC" type="Res" conceptID="Res5" novelty="None" advantage="None"/><text>The other tilted conformers are sterically unfavoured or unstable.</text></s> <s sid="105"><CoreSc1 atype="GSC" type="Obs" conceptID="Obs10" novelty="None" advantage="None"/><text>By our calculations 8 stable conformers have been found for neutral cGW.</text></s> <s sid="106"><CoreSc1 atype="GSC" type="Obs" conceptID="Obs11" novelty="None" advantage="None"/><text>The calculated relative energies with respect to the lowest conformer are presented in Table 1.</text></s> <s sid="107"><CoreSc1 atype="GSC" type="Mod" conceptID="Mod5" novelty="None" advantage="None"/><text>A full geometry optimization of the neutral conformers was performed by using the B3LYP/6-311++G** method.</text></s></P><P><s sid="108"><CoreSc1 atype="GSC" type="Obs" conceptID="Obs12" novelty="None" advantage="None"/><text>The calculations show that the peptide ring (cyclic(glycylglycyl) or 2,5-piperazinedione) is not planar resulting in a double well potential (see Fig. 2b).</text></s> <s sid="109"><CoreSc1 atype="GSC" type="Obs" conceptID="Obs12" novelty="None" advantage="None"/><text>In the unperturbed cyclic(glycylglycyl) the minima are equal in energy and the barrier is expected to be low because of the high flexibility between the amide groups described in biochemical text books.</text></s> <s sid="110"><CoreSc1 atype="GSC" type="Mod" conceptID="Mod7" novelty="None" advantage="None"/><text>In cGW this double well is superimposed with a ring-to-ring interaction potential (schematic drawing in Fig. 2b).</text></s> <s sid="111"><CoreSc1 atype="GSC" type="Res" conceptID="Res6" novelty="None" advantage="None"/><text>Depending on the size and steepness of this ring-to-ring interaction potential, for each of the above-mentioned conformers either two sub-conformers a and b (this is the case for conformers 1 and 3), or only one conformer (a or b for conformers 2, 4, 5, 6, 7, 8) exist.</text></s> <s sid="112"><CoreSc1 atype="GSC" type="Obs" conceptID="Obs13" novelty="None" advantage="None"/><text>The peptide-ring sub-conformers are very similar in energy (energy difference 41 cm<SP>−1</SP> for conformers 1a and 1b, and 18 cm<SP>−1</SP> for conformers 3a and 3b, see Table 1).</text></s> <s sid="113"><CoreSc1 atype="GSC" type="Res" conceptID="Res7" novelty="None" advantage="None"/><text>The calculated isomerization barrier (B3LYP/6-31+G*) from conformer 1b to conformer 1a is 2 cm<SP>−1</SP> and already the zero point vibration would be above the barrier.</text></s> <s sid="114"><CoreSc1 atype="GSC" type="Obs" conceptID="Obs14" novelty="None" advantage="None"/><text>The same is expected for conformers 3a and 3b for which the energetic difference is even smaller.</text></s> <s sid="115"><CoreSc1 atype="GSC" type="Bac" conceptID="Bac17" novelty="None" advantage="None"/><text>The accuracy of the reaction barrier calculation is not known.</text></s> <s sid="116"><CoreSc1 atype="GSC" type="Bac" conceptID="Bac18" novelty="None" advantage="None"/><text>However, even if the isomerization barrier between the a and the b forms would be larger than 2 cm<SP>−1</SP> but lower than 300 cm<SP>−1</SP>, the more unstable form would be converted to the lower conformer in the supersonic expansion.<REF TYPE="P" ID="cit32">32</REF></text></s> <s sid="117"><CoreSc1 atype="GSC" type="Hyp" conceptID="Hyp1" novelty="None" advantage="None"/><text>In the following we assume that conformers 1b and 3b are experimentally not observable.</text></s> <s sid="118"><CoreSc1 atype="GSC" type="Hyp" conceptID="Hyp1" novelty="None" advantage="None"/><text>It is evident, however, that the resulting broad and anharmonic potential strongly reduces the vibrational frequencies in this coordinate, increases the vibrational density and by this favors these conformers on the Gibbs free energy landscape.</text></s></P><P><s sid="119"><CoreSc1 atype="GSC" type="Obs" conceptID="Obs15" novelty="None" advantage="None"/><text>In Table 1 the results of the B3LYP density functional calculations of the 8 stable neutral conformers of the dipeptide cGW (see also a and b conformers) using the 3-21G, 6-31+G* and 6-311++G** basis sets are presented.</text></s> <s sid="120"><CoreSc1 atype="GSC" type="Bac" conceptID="Bac19" novelty="None" advantage="None"/><text>Relative conformer energies are given in cm<SP>−1</SP>.</text></s> <s sid="121"><CoreSc1 atype="GSC" type="Obs" conceptID="Obs16" novelty="None" advantage="None"/><text>The four lowest structures are shown in Fig. 3.</text></s> <s sid="122"><CoreSc1 atype="GSC" type="Obs" conceptID="Obs17" novelty="None" advantage="None"/><text>With the increase of the basis set from 3-21G to 6-31+G* the energetic order of some conformers changes.</text></s> <s sid="123"><CoreSc1 atype="GSC" type="Obs" conceptID="Obs17" novelty="None" advantage="None"/><text>When increasing the basis set from 6-31+G* to 6-311++G** the conformer order is conserved and the changes in the relative conformer energies become small, which might be due to an error compensation for the smaller basis set.</text></s> <s sid="124"><CoreSc1 atype="GSC" type="Hyp" conceptID="Hyp1" novelty="None" advantage="None"/><text>As discussed above, structures 1b and 3b are not stable by zero point vibration.</text></s> <s sid="125"><CoreSc1 atype="GSC" type="Obs" conceptID="Obs18" novelty="None" advantage="None"/><text>Conformer 2 which is characterized by a C–H⋯π interaction has a relative energy of 194 cm<SP>−1</SP>.</text></s> <s sid="126"><CoreSc1 atype="GSC" type="Obs" conceptID="Obs19" novelty="None" advantage="None"/><text>Conformer 3a which is similar to conformer 1a but with the indole ring switched by 180° lies 355 cm<SP>−1</SP> above 1a.</text></s> <s sid="127"><CoreSc1 atype="GSC" type="Obs" conceptID="Obs20" novelty="None" advantage="None"/><text>In this conformer the N–H group seems to have better access to the indole π system.</text></s> <s sid="128"><CoreSc1 atype="GSC" type="Con" conceptID="Con6" novelty="None" advantage="None"/><text>The fact that it is less stable than conformer 1a is attributed to a positive partial charge on the carbon in position 4.</text></s> <s sid="129"><CoreSc1 atype="GSC" type="Hyp" conceptID="Hyp2" novelty="None" advantage="None"/><text>Only conformers with relative energies well below 365 cm<SP>−1</SP> (∼ <IT>kT</IT> at 525 K) are expected to have measurable populations in the beam.</text></s> <s sid="130"><CoreSc1 atype="GSC" type="Hyp" conceptID="Hyp2" novelty="None" advantage="None"/><text>This also holds for conformer 2 but not for conformer 3.</text></s> <s sid="131"><CoreSc1 atype="GSC" type="Mod" conceptID="Mod8" novelty="None" advantage="None"/><text>To calculate the exact thermal population beside the energy difference of the electronic energies also the vibrational zero point energy and the vibrational density of states has to be considered.</text></s> <s sid="132"><CoreSc1 atype="GSC" type="Mod" conceptID="Mod8" novelty="None" advantage="None"/><text>Assuming harmonic potentials all this would be included in the Gibbs free energy.</text></s> <s sid="133"><CoreSc1 atype="GSC" type="Obs" conceptID="Obs21" novelty="None" advantage="None"/><text>For a temperature of 300 K it shows an increase of the energetic spacing between conformer 1 and 2 from 355 cm<SP>−1</SP> to 675 cm<SP>−1</SP>.</text></s> <s sid="134"><CoreSc1 atype="GSC" type="Hyp" conceptID="Hyp3" novelty="None" advantage="None"/><text>This energy difference is expected to further increase when the strong anharmonicity of the inversion coordinate in conformer 1 would be taken into account.</text></s> <s sid="135"><CoreSc1 atype="GSC" type="Con" conceptID="Con7" novelty="None" advantage="None"/><text>Hence from theory we predict that a great entropy effect is forcing the dipeptide population into conformer 1.</text></s> <s sid="136"><CoreSc1 atype="GSC" type="Hyp" conceptID="Hyp4" novelty="None" advantage="None"/><text>The high energy of conformer 3 (355 cm<SP>−1</SP>) above conformer 1 should result in a marginal or vanishing population of conformer 3.</text></s> <s sid="137"><CoreSc1 atype="GSC" type="Bac" conceptID="Bac20" novelty="None" advantage="None"/><text>Comparing conformer 1 and 3 the entropy argument is not helpful because also conformer 3 has a broad double minimum in the peptide ring inversion coordinate.</text></s> <s sid="138"><CoreSc1 atype="GSC" type="Bac" conceptID="Bac21" novelty="None" advantage="None"/><text>It is well known that barriers lower than 300 cm<SP>−1</SP> can be overcome during the supersonic jet expansion.<REF TYPE="P" ID="cit32">32</REF></text></s> <s sid="139"><CoreSc1 atype="GSC" type="Bac" conceptID="Bac22" novelty="None" advantage="None"/><text>To compare theoretical data to the experimental data it would be important to calculate the barrier heights between conformers 2 and 1 as well as 3 and 1.</text></s> <s sid="140"><CoreSc1 atype="GSC" type="Met" conceptID="Met8" novelty="New" advantage="No"/><text>Unfortunately, because of the complexity of the coordinates and the size of the system, it is impossible to calculate such isomerization barriers.</text></s></P></DIV><DIV DEPTH="2"><HEADER>The cGW cation</HEADER><P><s sid="141"><CoreSc1 atype="GSC" type="Goa" conceptID="Goa2" novelty="None" advantage="None"/><text>We calculated vertical (6-311++G** basis set) and adiabatic (3-21G and 6-31+G* basis sets) IEs for comparison with the PE results in the hope to be able to assign the structure of the observed conformer.</text></s> <s sid="142"><CoreSc1 atype="GSC" type="Mod" conceptID="Mod5" novelty="None" advantage="None"/><text>The cation geometry optimization was performed with the 3-21G basis set for all 8 conformers, and with the 6-31+G* basis set for seven conformers.</text></s> <s sid="143"><CoreSc1 atype="GSC" type="Con" conceptID="Con8" novelty="None" advantage="None"/><text>The B3LYP/6-31+G* calculation for conformer 7 did not converge presumably because the potential surface is very flat.</text></s> <s sid="144"><CoreSc1 atype="GSC" type="Obs" conceptID="Obs22" novelty="None" advantage="None"/><text>We checked the dependence of the cation structural changes on the basis set, but found that the 3-21G structures are very similar to the structures found with the 6-31+G* basis set.</text></s> <s sid="145"><CoreSc1 atype="GSC" type="Obs" conceptID="Obs22" novelty="None" advantage="None"/><text>The calculated data are collected in Table 2 and the comparison of neutral and cation structures is shown in Fig. 4.</text></s> <s sid="146"><CoreSc1 atype="GSC" type="Bac" conceptID="Bac23" novelty="None" advantage="None"/><text>We also calculated the vertical IEs of the b conformers of structures 1 and 3, although it is clear that they are not populated due to their low isomerization barriers (see above).</text></s> <s sid="147"><CoreSc1 atype="GSC" type="Obs" conceptID="Obs23" novelty="None" advantage="None"/><text>The differences between the vertical IEs of conformers a and b nevertheless give hints as to how steep the ion ground state potential at the vertical geometry might be.</text></s> <s sid="148"><CoreSc1 atype="GSC" type="Res" conceptID="Res8" novelty="None" advantage="None"/><text>When optimizing the geometry in the cation ground state the sub-conformers a and b formed by the peptide ring inversion converge for conformers 1a and 1b as well as 3a and 3b to a single minimum.</text></s> <s sid="149"><CoreSc1 atype="GSC" type="Res" conceptID="Res8" novelty="None" advantage="None"/><text>This is explained by a large repulsive peptide ring-to-indole ring interaction in the cation which forces the system into one minimum.</text></s> <s sid="150"><CoreSc1 atype="GSC" type="Res" conceptID="Res9" novelty="None" advantage="None"/><text>A calculation of the geometrical average of the changes of all atomic coordinates between neutral and cation (termed RMS value in Table 2) shows that, except one conformer, all conformers undergo large structural changes upon ionization.</text></s></P><P><s sid="151"><CoreSc1 atype="GSC" type="Obs" conceptID="Obs24" novelty="None" advantage="None"/><text>Fig. 4 shows the neutral-to-cation geometry changes of conformers 1, 2 and 6.</text></s> <s sid="152"><CoreSc1 atype="GSC" type="Res" conceptID="Res10" novelty="None" advantage="None"/><text>For this the neutral and the cation structure are overlaid with the indole ring and conformational changes indicated by arrows and lines.</text></s> <s sid="153"><CoreSc1 atype="GSC" type="Con" conceptID="Con9" novelty="None" advantage="None"/><text>In all cases the structural changes are so large that it might be difficult to reach the adiabatic IE.</text></s> <s sid="154"><CoreSc1 atype="GSC" type="Res" conceptID="Res11" novelty="None" advantage="None"/><text>For conformers 1, 2 (Fig. 4a,b) and 3 (not shown) the large geometry change is explained by the difference between the attractive (neutral) <IT>versus</IT> the repulsive (cation) N–H⋯π (conformers 1 and 3) or C–H⋯π (conformer 2) interaction.</text></s> <s sid="155"><CoreSc1 atype="GSC" type="Obs" conceptID="Obs25" novelty="None" advantage="None"/><text>In Fig. 4c the neutral and the cationic structures of conformer 6, the most stable cation conformer, are compared.</text></s> <s sid="156"><CoreSc1 atype="GSC" type="Obs" conceptID="Obs25" novelty="None" advantage="None"/><text>In this conformer the CO group (note the negative partial charge on O) has access to the indole chromophore.</text></s> <s sid="157"><CoreSc1 atype="GSC" type="Res" conceptID="Res12" novelty="None" advantage="None"/><text>Whereas conformer 6 is rather unstable in the neutral due to the repulsive CO⋯π interaction it becomes the most stable conformer when the π system is positively charged.</text></s></P></DIV></DIV><DIV DEPTH="1"><HEADER HEADER_MARKER="IV">Experimental results and discussion</HEADER><P><s sid="158"><CoreSc1 atype="GSC" type="Bac" conceptID="Bac24" novelty="None" advantage="None"/><text>In the following we present R2PI mass, R2PI S<SB>0</SB>–S<SB>1</SB>, UV/UV SHB and R(1 + 1′)PI PE spectra of the dipeptide cGW.</text></s></P><DIV DEPTH="2"><HEADER HEADER_MARKER="IV.1">The R2PI mass spectrum</HEADER><P><s sid="159"><CoreSc1 atype="GSC" type="Met" conceptID="Met3" novelty="New" advantage="None"/><text>For recording the R2PI mass spectrum of cGW (Fig. 5) the second harmonic of a Nd:YAG laser-pumped dye laser was tuned to the S<SB>0</SB>–S<SB>1</SB> origin transition.</text></s> <s sid="160"><CoreSc1 atype="GSC" type="Mod" conceptID="Mod2" novelty="None" advantage="None"/><text>The mass spectrum was recorded by using the PE spectrometer as flight tube for the linTOF.</text></s> <s sid="161"><CoreSc1 atype="GSC" type="Obs" conceptID="Obs26" novelty="None" advantage="None"/><text>Mass 234 Da corresponds to the parent radical cation.</text></s> <s sid="162"><CoreSc1 atype="GSC" type="Obs" conceptID="Obs26" novelty="None" advantage="None"/><text>Two fragments with masses 131 Da and 117 Da are observed.</text></s> <s sid="163"><CoreSc1 atype="GSC" type="Res" conceptID="Res13" novelty="None" advantage="None"/><text>These masses correspond to the neutral fragments 3-methylindole (131 Da) and indole (117 Da) which are then ionized by the laser pulse.</text></s> <s sid="164"><CoreSc1 atype="GSC" type="Hyp" conceptID="Hyp5" novelty="None" advantage="None"/><text>In the case of a cationic fragmentation of tryptophan instead of mass 117 Da mass 130 Da would be expected as the most intense fragment.<REF TYPE="P" ID="cit33">33</REF></text></s> <s sid="165"><CoreSc1 atype="GSC" type="Obs" conceptID="Obs27" novelty="None" advantage="None"/><text>Measurements with different laser intensities and wavelengths confirm that both masses are neutral fragments containing the indole chromophore.</text></s> <s sid="166"><CoreSc1 atype="GSC" type="Res" conceptID="Res14" novelty="None" advantage="None"/><text>The ionization of the neutral fragments is a minor contribution in the mass spectrum at low photon energies but increases when coming closer to the indole S<SB>0</SB>–S<SB>1</SB> resonance.</text></s> <s sid="167"><CoreSc1 atype="GSC" type="Hyp" conceptID="Hyp6" novelty="None" advantage="None"/><text>Because of the mass selection there should be no influence of the fragment ionization on the R2PI spectrum of cGW.</text></s> <s sid="168"><CoreSc1 atype="GSC" type="Obs" conceptID="Obs28" novelty="None" advantage="None"/><text>Nevertheless we find a small peak in the cGW spectrum at exactly the energy of the S<SB>0</SB>–S<SB>1</SB> origin transition of indole which does not show the usual a<SP>1</SP> and b<SP>1</SP> progressions of cGW transitions.</text></s> <s sid="169"><CoreSc1 atype="GSC" type="Con" conceptID="Con10" novelty="None" advantage="None"/><text>We believe that this peak is due to an intermolecular charge transfer (CT) effect where after ionization the charge hops from indole to the cGW which has the lower IE.</text></s></P></DIV><DIV DEPTH="2"><HEADER HEADER_MARKER="IV.2">Mass selective R2PI spectroscopy: the S<SB>0</SB>–S<SB>1</SB> transition</HEADER><P><s sid="170"><CoreSc1 atype="GSC" type="Met" conceptID="Met3" novelty="New" advantage="None"/><text>To record the R2PI spectrum of cGW the second harmonic of a Nd:YAG laser-pumped dye laser was tuned and the intensity of the parent ion monitored as a function of the wavelength.</text></s> <s sid="171"><CoreSc1 atype="GSC" type="Obs" conceptID="Obs29" novelty="None" advantage="None"/><text>In the R2PI spectrum shown in Fig. 6 an intense first transition is followed by several transitions which have decreasing intensities with increasing energy.</text></s> <s sid="172"><CoreSc1 atype="GSC" type="Hyp" conceptID="Hyp7" novelty="None" advantage="None"/><text>The spacing is not regular which may be a hint for the presence of several conformers in the beam.</text></s> <s sid="173"><CoreSc1 atype="GSC" type="Res" conceptID="Res15" novelty="None" advantage="None"/><text>UV/UV SHB spectroscopy proves (see section III.3) that this is not the case: All intense transitions correspond to one single conformer.</text></s> <s sid="174"><CoreSc1 atype="GSC" type="Bac" conceptID="Bac25" novelty="None" advantage="None"/><text>In the following we make use of this information and assign transitions a<SP>1</SP>, b<SP>1</SP>, c<SP>1</SP>, d<SP>1</SP> and presumably Y to vibrations of this conformer.</text></s> <s sid="175"><CoreSc1 atype="GSC" type="Bac" conceptID="Bac26" novelty="None" advantage="None"/><text>A tentative conformer identification has been made in section IV.4.</text></s></P><P><s sid="176"><CoreSc1 atype="GSC" type="Exp" conceptID="Exp3" novelty="None" advantage="None"/><text>The R2PI spectrum of cGW shown in Fig. 6 covers 450 cm<SP>−1</SP>.</text></s> <s sid="177"><CoreSc1 atype="GSC" type="Obs" conceptID="Obs30" novelty="None" advantage="None"/><text>No transitions were observed below 35 000 cm<SP>−1</SP>.</text></s> <s sid="178"><CoreSc1 atype="GSC" type="Hyp" conceptID="Hyp8" novelty="None" advantage="None"/><text>Above 35 300 cm<SP>−1</SP> the indole vibrations and their many combination bands with vibrations a, b, c and d are expected.</text></s> <s sid="179"><CoreSc1 atype="GSC" type="Hyp" conceptID="Hyp8" novelty="None" advantage="None"/><text>The justification to confine our investigation to a range of 450 cm<SP>−1</SP> is, that the four most stable calculated conformers have an attractive peptide ring-to-indole ring interaction and therefore should have similar S<SB>0</SB>–S<SB>1</SB> origin energies.</text></s> <s sid="180"><CoreSc1 atype="GSC" type="Obs" conceptID="Obs31" novelty="None" advantage="None"/><text>The S<SB>0</SB>–S<SB>1</SB> origin transition of cGW is situated at 35 058 cm<SP>−1</SP>.</text></s> <s sid="181"><CoreSc1 atype="GSC" type="Bac" conceptID="Bac27" novelty="None" advantage="None"/><text>It lies 180 cm<SP>−1</SP> below the S<SB>0</SB>–S<SB>1</SB> transition of indole<REF TYPE="P" ID="cit34">34</REF> and 178 cm<SP>−1</SP> above the S<SB>0</SB>–S<SB>1</SB> transition of 3-methylindole.<REF TYPE="P" ID="cit35">35</REF></text></s> <s sid="182"><CoreSc1 atype="GSC" type="Hyp" conceptID="Hyp9" novelty="None" advantage="None"/><text>The S<SB>1</SB> energy in cGW is expected to be influenced by three parameters: (i) The electronic effect caused by the increase of the side chain of indole from 3-methylindole to cGW, (ii) the solvation of indole by the dipeptide ring and (iii) vibrational zero point energy effects.</text></s> <s sid="183"><CoreSc1 atype="GSC" type="Hyp" conceptID="Hyp9" novelty="None" advantage="None"/><text>Concerning (i) we expect in analogy to the alkylbenzene series (relative shift with respect to methylbenzene: +110 cm<SP>−1</SP> for ethylbenzene, +105 cm<SP>−1</SP> for propylbenzene, +99 cm<SP>−1</SP> for butylbenzene<REF TYPE="P" ID="cit36">36</REF>) a blue shift in comparison to 3-methylindole when increasing the chain size.</text></s> <s sid="184"><CoreSc1 atype="GSC" type="Hyp" conceptID="Hyp9" novelty="None" advantage="None"/><text>Concerning (ii): In a structure where the N–H group can interact with the indole π system (see most stable conformer 1 in Fig. 2a), a red shift of the S<SB>0</SB>–S<SB>1</SB> transition is expected when the π system is excited, <IT>i.e.</IT> enlarged,<REF TYPE="P" ID="cit18">18</REF> because the N–H⋯π interaction is stabilized further.</text></s> <s sid="185"><CoreSc1 atype="GSC" type="Hyp" conceptID="Hyp9" novelty="None" advantage="None"/><text>However, (iii) this shift may be partially compensated by a change in the zero point vibrational energy if some vibrations increase strongly with the excitation to S<SB>1</SB>.</text></s> <s sid="186"><CoreSc1 atype="GSC" type="Bac" conceptID="Bac28" novelty="None" advantage="None"/><text>Interestingly the origin of S<SB>1</SB> in cGW lies 353 cm<SP>−1</SP> above the S<SB>1</SB> of the lowest and 163 cm<SP>−1</SP> above the second conformer of linear NH<SB>2</SB>–G–W–COOH.<REF TYPE="P" ID="cit5 cit6 cit8">5,6,8</REF></text></s> <s sid="187"><CoreSc1 atype="GSC" type="Hyp" conceptID="Hyp10" novelty="None" advantage="None"/><text>The fact that our red-shift is not as strong as in linear peptides may be interpreted as follows: The peptide ring formation forces the functional groups CO and N–H of the peptide backbone into positions which do not allow ideal solvation of the indole ring.</text></s> <s sid="188"><CoreSc1 atype="GSC" type="Bac" conceptID="Bac29" novelty="None" advantage="None"/><text>This lengthy discussion shows how difficult it is to interpret the tryptophan S<SB>0</SB>–S<SB>1</SB> absorption in peptides with regard to structural changes of the environment.</text></s></P><P><s sid="189"><CoreSc1 atype="GSC" type="Res" conceptID="Res16" novelty="None" advantage="None"/><text>The relatively intense transitions to one quantum of the low-frequency modes a<SP>1</SP> (30 cm<SP>−1</SP>) and b<SP>1</SP> (52 cm<SP>−1</SP>) indicate some S<SB>0</SB>–S<SB>1</SB> geometry change in the corresponding coordinates.</text></s> <s sid="190"><CoreSc1 atype="GSC" type="Obs" conceptID="Obs32" novelty="None" advantage="None"/><text>Interestingly the transition a<SP>2</SP> is not observed.</text></s> <s sid="191"><CoreSc1 atype="GSC" type="Obs" conceptID="Obs32" novelty="None" advantage="None"/><text>Only the combination band a<SP>1</SP>b<SP>1</SP> and tentatively a small transition b<SP>2</SP> is observed.</text></s> <s sid="192"><CoreSc1 atype="GSC" type="Con" conceptID="Con2" novelty="None" advantage="None"/><text>Because the intense indole vibrations lie above 300 cm<SP>−1</SP>,<REF TYPE="P" ID="cit34">34</REF> the vibrations a, b, c (108 cm<SP>−1</SP>) and d (174 cm<SP>−1</SP>) are attributed to vibrations involving a relative motion between the two rings.</text></s> <s sid="193"><CoreSc1 atype="GSC" type="Obs" conceptID="Obs33" novelty="None" advantage="None"/><text>For conformer 1a the frequency calculation of the neutral ground state gives the following vibrations below 90 cm<SP>−1</SP>: 21 cm<SP>−1</SP> (global ring–ring bending), 39 cm<SP>−1</SP> (ring–ring torsion along C<SB>1</SB>–C<SB>2</SB>), 51 cm<SP>−1</SP> (boat to inverse boat motion in the peptide ring) and 59 cm<SP>−1</SP> (higher order bending of the peptide ring, the angle at C<SB>0</SB>–C<SB>1</SB>–C<SB>2</SB> and the indole ring).</text></s> <s sid="194"><CoreSc1 atype="GSC" type="Res" conceptID="Res17" novelty="None" advantage="None"/><text>The frequency of 51 cm<SP>−1</SP> for the ring inversion mode is an artefact of the harmonic potential approximation.</text></s> <s sid="195"><CoreSc1 atype="GSC" type="Res" conceptID="Res18" novelty="None" advantage="None"/><text>Because of the small energy difference of 41 cm<SP>−1</SP> between conformers 1a and 1b, at the energy of the first vibrational quantum the real potential width is much broader as assumed by the harmonic approximation.</text></s> <s sid="196"><CoreSc1 atype="GSC" type="Res" conceptID="Res18" novelty="None" advantage="None"/><text>This should lead to a very low experimental frequency.</text></s> <s sid="197"><CoreSc1 atype="GSC" type="Hyp" conceptID="Hyp11" novelty="None" advantage="None"/><text>Excitation of this motion would, however, only be expected if the peptide ring would have a strong coupling to the indole ring, which is not expected.</text></s> <s sid="198"><CoreSc1 atype="GSC" type="Bac" conceptID="Bac30" novelty="None" advantage="None"/><text>For a tentative assignment of the vibration in S<SB>1</SB> we therefore only take the global ring–ring vibrations into account.</text></s></P><P><s sid="199"><CoreSc1 atype="GSC" type="Bac" conceptID="Bac30" novelty="None" advantage="None"/><text>The ring–ring interaction in the lowest-energetic conformer 1 is attractive.</text></s> <s sid="200"><CoreSc1 atype="GSC" type="Hyp" conceptID="Hyp12" novelty="None" advantage="None"/><text>One can expect that this attraction increases in the S<SB>1</SB> state due to the increase of the size of the π system upon excitation.</text></s> <s sid="201"><CoreSc1 atype="GSC" type="Hyp" conceptID="Hyp12" novelty="None" advantage="None"/><text>As a consequence the frequencies of the ring–ring motions would increase.</text></s> <s sid="202"><CoreSc1 atype="GSC" type="Hyp" conceptID="Hyp12" novelty="None" advantage="None"/><text>Hence the S<SB>0</SB> vibrations with the energy 21 cm<SP>−1</SP> and 39 cm<SP>−1</SP> might correspond to the S<SB>1</SB> vibrations a<SP>1</SP> and b<SP>1</SP>.</text></s> <s sid="203"><CoreSc1 atype="GSC" type="Hyp" conceptID="Hyp13" novelty="None" advantage="None"/><text>The type of these vibrational motions also agrees with the concept that the N–H⋯π interaction changes when exciting from S<SB>0</SB> to S<SB>1</SB>.</text></s> <s sid="204"><CoreSc1 atype="GSC" type="Bac" conceptID="Bac31" novelty="None" advantage="None"/><text>The S<SB>1</SB> vibrations observed in the S<SB>0</SB>–S<SB>1</SB> spectra of linear NH<SB>2</SB>–G–W–COOH are 24 cm<SP>−1</SP> and 38 cm<SP>−1</SP> and not too far off our values although the structures are very different.<REF TYPE="P" ID="cit5 cit6 cit8">5,6,8</REF></text></s> <s sid="205"><CoreSc1 atype="GSC" type="Hyp" conceptID="Hyp14" novelty="None" advantage="None"/><text>This indicates that the first two or three low-frequency vibrations of all similar-sized chromophore–tail molecules lie in the range of 20–50 cm<SP>−1</SP>.</text></s> <s sid="206"><CoreSc1 atype="GSC" type="Obs" conceptID="Obs34" novelty="None" advantage="None"/><text>For conformer 2 for example the first three calculated S<SB>0</SB> vibrational frequencies are with 26 cm<SP>−1</SP>, 41 cm<SP>−1</SP> and 56 cm<SP>−1</SP> very similar to those of conformer 1.</text></s> <s sid="207"><CoreSc1 atype="GSC" type="Res" conceptID="Res19" novelty="None" advantage="None"/><text>Hence the S<SB>0</SB> frequencies provide no arguments for conformer assignment.</text></s></P><P><s sid="208"><CoreSc1 atype="GSC" type="Exp" conceptID="Exp4" novelty="None" advantage="None"/><text>The S<SB>0</SB>–S<SB>1</SB> R2PI spectrum was recorded with 5 bar Ar nozzle backpressure.</text></s> <s sid="209"><CoreSc1 atype="GSC" type="Obs" conceptID="Obs35" novelty="None" advantage="None"/><text>Experiments with He and Ne as carrier gas resulted in less perfect vibrationally cooling.</text></s></P></DIV><DIV DEPTH="2"><HEADER HEADER_MARKER="IV.3">Spectral UV/UV hole burning spectroscopy (UV/UV SHB)</HEADER><P><s sid="210"><CoreSc1 atype="GSC" type="Goa" conceptID="Goa5" novelty="None" advantage="None"/><text>To clarify the number of conformers in our molecular beam, we used R2PI UV/UV SHB.</text></s> <s sid="211"><CoreSc1 atype="GSC" type="Met" conceptID="Met5" novelty="New" advantage="None"/><text>As mentioned in the experimental section, for the SHB a three-plate ion optics was mounted and the PE spectrometer used as a linTOF mass spectrometer.</text></s> <s sid="212"><CoreSc1 atype="GSC" type="Bac" conceptID="Bac32" novelty="None" advantage="None"/><text>This setup was needed in order to remove and neutralize the prompt ions formed by the hole burning laser by applying a pulsed electric field.</text></s> <s sid="213"><CoreSc1 atype="GSC" type="Met" conceptID="Met5" novelty="New" advantage="None"/><text>The spectrum was recorded by scanning the hole burning laser while the probe laser was set to the S<SB>0</SB>–S<SB>1</SB> origin transition.</text></s> <s sid="214"><CoreSc1 atype="GSC" type="Obs" conceptID="Obs36" novelty="None" advantage="None"/><text>Each time when the neutral ground state of the cGW conformer was depopulated by the hole burning laser a dip appeared in the probe laser parent ion signal.</text></s> <s sid="215"><CoreSc1 atype="GSC" type="Met" conceptID="Met5" novelty="New" advantage="None"/><text>Note that with this scheme the transition moments of the individual peaks determine the depth of the SHB dip.</text></s></P><P><s sid="216"><CoreSc1 atype="GSC" type="Obs" conceptID="Obs37" novelty="None" advantage="None"/><text>In Fig. 7a the UV/UV SHB spectrum of cGW and in (b) for comparison the R2PI spectrum are shown.</text></s> <s sid="217"><CoreSc1 atype="GSC" type="Hyp" conceptID="Hyp15" novelty="None" advantage="None"/><text>We confined our investigation on the low-energetic section of the R2PI spectrum of cGW because (i) it contains the most intense transitions and (ii) the lowest-energetic four conformers are expected to lie in this range because of their similar peptide ring-to-indole ring interaction.</text></s> <s sid="218"><CoreSc1 atype="GSC" type="Res" conceptID="Res20" novelty="None" advantage="None"/><text>In Fig. 7a all transitions except E show a strong hole burning effect and hence correspond to one conformer.</text></s> <s sid="219"><CoreSc1 atype="GSC" type="Goa" conceptID="Goa6" novelty="None" advantage="None"/><text>To investigate the hole burning for transition E in detail, but also to probe accidental overlap of conformer transitions, we carefully checked the degree of hole burning for each transition.</text></s> <s sid="220"><CoreSc1 atype="GSC" type="Obs" conceptID="Obs38" novelty="None" advantage="None"/><text>Fig. 8 shows the degree of depletion of the probe signal by the hole burning laser for the first six transitions of the R2PI spectrum.</text></s> <s sid="221"><CoreSc1 atype="GSC" type="Met" conceptID="Met5" novelty="New" advantage="None"/><text>The conditions have been the same as for Fig. 7a, except that now the hole burning laser is kept fix at transition A and the probe laser is scanned to the individual transitions A-F.</text></s> <s sid="222"><CoreSc1 atype="GSC" type="Bac" conceptID="Bac33" novelty="None" advantage="None"/><text>With this scheme the depletion percentage should be the same for all transitions.</text></s> <s sid="223"><CoreSc1 atype="GSC" type="Met" conceptID="Met5" novelty="New" advantage="None"/><text>The transition intensities recorded with the probe laser have been measured with the hole burning laser “off” (left trace) and “on” (right trace).</text></s> <s sid="224"><CoreSc1 atype="GSC" type="Met" conceptID="Met5" novelty="New" advantage="None"/><text>For each “off” and “on” sequence of each transition 15 measurements (each averaged over 20 laser shots) are displayed.</text></s> <s sid="225"><CoreSc1 atype="GSC" type="Obs" conceptID="Obs39" novelty="None" advantage="None"/><text>The hole burning reduces the probe signal by 50% for all transitions.</text></s> <s sid="226"><CoreSc1 atype="GSC" type="Res" conceptID="Res21" novelty="None" advantage="None"/><text>This shows that no origin transition of a minor conformer component is accidentally covered by a vibronic transition of the most stable conformer.</text></s> <s sid="227"><CoreSc1 atype="GSC" type="Bac" conceptID="Bac34" novelty="None" advantage="None"/><text>Note that theoretically more than 50% of the neutral ground state levels can be depopulated<REF TYPE="P" ID="cit37">37</REF>.</text></s></P></DIV><DIV DEPTH="2"><HEADER HEADER_MARKER="IV.4">Photoelectron spectroscopy</HEADER><P><s sid="228"><CoreSc1 atype="GSC" type="Mod" conceptID="Mod9" novelty="None" advantage="None"/><text>Photoelectron spectroscopy is in principle a double-resonance spectroscopy which is able to provide conformer- and state-selective radical cation spectra.</text></s> <s sid="229"><CoreSc1 atype="GSC" type="Hyp" conceptID="Hyp16" novelty="None" advantage="None"/><text>The initial hope was that we could sort out and assign the different conformers of cGW by PE spectroscopy alone.</text></s></P><P><s sid="230"><CoreSc1 atype="GSC" type="Bac" conceptID="Bac35" novelty="None" advantage="None"/><text>To achieve a resolution of 1 meV it is necessary to keep the electron kinetic energy below 200 meV.<REF TYPE="P" ID="cit38">38</REF></text></s> <s sid="231"><CoreSc1 atype="GSC" type="Mod" conceptID="Mod10" novelty="None" advantage="None"/><text>To fulfil this condition a second frequency-doubled dye laser which is pumped by the second harmonic of the same Nd:YAG laser was used for ionization of excited S<SB>1</SB> cGW.</text></s> <s sid="232"><CoreSc1 atype="GSC" type="Obs" conceptID="Obs40" novelty="None" advantage="None"/><text>The R2PI PE spectra of cGW ionized <IT>via</IT> the vibrationless origin transition of S<SB>1</SB> and the transition S<SB>1</SB> a<SP>1</SP> are shown in Fig. 9a and b.</text></s> <s sid="233"><CoreSc1 atype="GSC" type="Obs" conceptID="Obs40" novelty="None" advantage="None"/><text>Both spectra show a broad ionization onset with no vibrational structure.</text></s> <s sid="234"><CoreSc1 atype="GSC" type="Con" conceptID="Con11" novelty="None" advantage="None"/><text>According to the calculations of the neutral and cation structures which show a great geometry change upon ionization (Fig. 4a) we believe that we do not observe the origin transition to the cation ground state, but excite to a dense higher excited vibrational manifold.</text></s> <s sid="235"><CoreSc1 atype="GSC" type="Bac" conceptID="Bac36" novelty="None" advantage="None"/><text>Due to the smooth onset the IE can only be determined with an accuracy of ±3 meV.</text></s> <s sid="236"><CoreSc1 atype="GSC" type="Con" conceptID="Con12" novelty="None" advantage="None"/><text>The fact that the ionization onset <IT>via</IT> the S<SB>1</SB>a<SP>1</SP> state is 6 cm<SP>−1</SP> lower than when ionized <IT>via</IT> the S<SB>1</SB> 000 state (7.715 eV ±3 meV) is attributed to a better Franck–Condon factor to lower vibrational quantum numbers in the cation ground state.</text></s> <s sid="237"><CoreSc1 atype="GSC" type="Res" conceptID="Res22" novelty="None" advantage="None"/><text>The PE spectrum of indole (Fig. 9c) taken in the same machine shows that we could resolve vibrational structures if their spacing were larger than 10 cm<SP>−1</SP>.</text></s> <s sid="238"><CoreSc1 atype="GSC" type="Bac" conceptID="Bac37" novelty="None" advantage="None"/><text>The vibrations of the indole cation ground state have been recently investigated in detail by ZEKE spectroscopy<REF TYPE="P" ID="cit39">39</REF> and are not discussed here.</text></s> <s sid="239"><CoreSc1 atype="GSC" type="Met" conceptID="Met10" novelty="New" advantage="None"/><text>The IE value of indole determined by ZEKE spectroscopy allows us to calibrate our indole and cGW PE spectra with an accuracy of ±2 meV.</text></s></P><P><s sid="240"><CoreSc1 atype="GSC" type="Obs" conceptID="Obs41" novelty="None" advantage="None"/><text>Unfortunately there is a background in the peptide PE spectra which stems from ionization of neutral fragments, preferentially indole, which is wavelength-dependent.</text></s> <s sid="241"><CoreSc1 atype="GSC" type="Obs" conceptID="Obs41" novelty="None" advantage="None"/><text>It is small for the wavelength range of the first two S<SB>1</SB> transitions of cGW, but increases as the closer the wavelength comes to the indole S<SB>0</SB>–S<SB>1</SB> origin.</text></s> <s sid="242"><CoreSc1 atype="GSC" type="Hyp" conceptID="Hyp17" novelty="None" advantage="None"/><text>Without coincidence techniques it is in principle impossible to distinguish between fragment and peptide photoelectrons.</text></s> <s sid="243"><CoreSc1 atype="GSC" type="Met" conceptID="Met10" novelty="New" advantage="None"/><text>We therefore confined our PE measurements to the first two S<SB>0</SB>–S<SB>1</SB> transitions.</text></s></P><P><s sid="244"><CoreSc1 atype="GSC" type="Obs" conceptID="Obs42" novelty="None" advantage="None"/><text>In Fig. 9 the IE of 3-methylindole (7.514 eV<REF TYPE="P" ID="cit40">40</REF>) is also marked.</text></s> <s sid="245"><CoreSc1 atype="GSC" type="Bac" conceptID="Bac38" novelty="None" advantage="None"/><text>The IEs of substituted indoles should monotonically decrease with chain length (alkylbenzene<REF TYPE="P" ID="cit41">41</REF>).</text></s> <s sid="246"><CoreSc1 atype="GSC" type="Res" conceptID="Res23" novelty="None" advantage="None"/><text>The fact that with respect to 3-methylindole the IE of cGW is blue-shifted and the smooth onset indicates a relatively strong repulsive interaction between the two rings in the cation, as predicted by theory.</text></s> <s sid="247"><CoreSc1 atype="GSC" type="Res" conceptID="Res24" novelty="None" advantage="None"/><text>Unfortunately the calculation of absolute IEs is relatively inaccurate and the measured IE corresponds neither directly to the calculated adiabatic IE nor the vertical IE.</text></s> <s sid="248"><CoreSc1 atype="GSC" type="Con" conceptID="Con13" novelty="None" advantage="None"/><text>The fact that conformer 1 has the highest IE of all conformers agrees well with the observed blue shift with respect to 3-methylindole.</text></s></P></DIV></DIV><DIV DEPTH="1"><HEADER HEADER_MARKER="V">Conclusion and tentative conformer assignment</HEADER><P><s sid="249"><CoreSc1 atype="GSC" type="Res" conceptID="Res25" novelty="None" advantage="None"/><text>DFT predicts that one conformer (conformer 1) is predominantly stable and further favoured by entropy due to a low-energy peptide ring inversion mode.</text></s> <s sid="250"><CoreSc1 atype="GSC" type="Res" conceptID="Res25" novelty="None" advantage="None"/><text>This is qualitatively in agreement with our R2PI and R2PI SHB spectra in which we attribute the most intense transition in the spectra to one conformer.</text></s> <s sid="251"><CoreSc1 atype="GSC" type="Res" conceptID="Res11" novelty="None" advantage="None"/><text>In conformer 1 the N–H group of the dipeptide ring interacts with the π system.</text></s> <s sid="252"><CoreSc1 atype="GSC" type="Hyp" conceptID="Hyp18" novelty="None" advantage="None"/><text>This interaction is attractive and is expected to increase with S<SB>1</SB> excitation.</text></s> <s sid="253"><CoreSc1 atype="GSC" type="Res" conceptID="Res26" novelty="None" advantage="None"/><text>This is qualitatively confirmed by comparison to the calculated low-frequency S<SB>0</SB> vibrations.</text></s></P><P><s sid="254"><CoreSc1 atype="GSC" type="Con" conceptID="Con14" novelty="None" advantage="None"/><text>The fact that the experimentally observed conformer has an IE which is 195 meV higher than 3-methylindole shows that the solvation of the charge in the indole by the peptide ring is repulsive.</text></s> <s sid="255"><CoreSc1 atype="GSC" type="Con" conceptID="Con15" novelty="None" advantage="None"/><text>The most stable neutral conformer has the highest vertical IE of all 8 conformers and shows a very strong geometry change upon ionization.</text></s> <s sid="256"><CoreSc1 atype="GSC" type="Res" conceptID="Res27" novelty="None" advantage="None"/><text>Hence conformer 1 fulfils all experimental findings.</text></s> <s sid="257"><CoreSc1 atype="GSC" type="Bac" conceptID="Bac39" novelty="None" advantage="None"/><text>We admit that also conformer 2 and 3 follow the pattern of a attractive ring–ring interaction in the neutral cGW and a repulsive ring–ring interaction in the cationic cGW and that our arguments for the conformer assignment are very weak.</text></s> <s sid="258"><CoreSc1 atype="GSC" type="Bac" conceptID="Bac40" novelty="None" advantage="None"/><text>For a confident conformer assignment it would be helpful to have several conformers in the molecular beam and be able to compare their IEs.</text></s> <s sid="259"><CoreSc1 atype="GSC" type="Bac" conceptID="Bac40" novelty="None" advantage="None"/><text>Because the relative energies of calculated IEs are more accurate this would allow a more confident assignment.</text></s> <s sid="260"><CoreSc1 atype="GSC" type="Con" conceptID="Con1" novelty="None" advantage="None"/><text>In conclusion, we propose that conformer 1 is the cGW conformer we observe in our molecular beam.</text></s></P><P><s sid="261"><CoreSc1 atype="GSC" type="Res" conceptID="Res28" novelty="None" advantage="None"/><text>Our work shows that R2PI and the R(1 + 1′)PI PE spectra predominantly provide information about the structural changes in the nearest environment of the chromophore.</text></s> <s sid="262"><CoreSc1 atype="GSC" type="Con" conceptID="Con16" novelty="None" advantage="None"/><text>In cGW, however, the structural changes upon ionization are so great that with conventional high resolution PES a resolution of vibrational structures in the PE spectrum is impossible.</text></s></P><P><s sid="263"><CoreSc1 atype="GSC" type="Con" conceptID="Con17" novelty="None" advantage="None"/><text>In general a similar neutral-to-cation Franck–Condon problem might exist for peptides or amino acids which have polar groups near the chromophore.</text></s> <s sid="264"><CoreSc1 atype="GSC" type="Con" conceptID="Con18" novelty="None" advantage="None"/><text>The IR/UV double resonance technique may provide additional clues for conformer identification and especially allow us to distinguish between conformers 1 (N–H⋯π interaction) and 2 (C–H⋯π interaction).</text></s></P></DIV></BODY></PAPER>