<?xml version="1.0" encoding="UTF-8"?>
<!DOCTYPE PAPER
  SYSTEM "paper-structure-annotation.dtd">
<PAPER><mode2 name="b401299b" hasDoc="yes" version="1153"/><TITLE><s sid="1"><CoreSc1 atype="GSC" type="Goa" conceptID="Goa1" novelty="None" advantage="None"/><text>Efficient energy transfer between nanocrystalline YAG:Ce and TRITC</text></s></TITLE><ABSTRACT><s sid="2"><CoreSc1 atype="GSC" type="Obj" conceptID="Obj1" novelty="New" advantage="None"/><text>Luminescent nanocrystalline (NC) Ce<SP>3+</SP>-doped yttrium aluminum garnet (Y<SB>3</SB>Al<SB>5</SB>O<SB>12</SB>:Ce–YAG:Ce) is prepared by a combustion synthesis technique that yields a highly porous three-dimensional network of interconnected 18 nm nanocrystals.</text></s> <s sid="3"><CoreSc1 atype="GSC" type="Met" conceptID="Met1" novelty="New" advantage="None"/><text>Tetramethyl rhodamine isothiocyanate (TRITC) was conjugated to NC YAG:Ce by using glycine as a bridging molecule.</text></s> <s sid="4"><CoreSc1 atype="GSC" type="Res" conceptID="Res1" novelty="None" advantage="None"/><text>Efficient energy transfer is observed from the Ce<SP>3+</SP> ions to the TRITC molecules upon photoexcitation of the NC YAG:Ce–TRITC conjugates.</text></s></ABSTRACT><BODY><DIV DEPTH="1"><HEADER/><P><s sid="5"><CoreSc1 atype="GSC" type="Bac" conceptID="Bac1" novelty="None" advantage="None"/><text>Resonant energy transfer (ET) between a donor in the excited state and a neighboring acceptor is commonly observed between dyes,<REF TYPE="P" ID="cit1">1</REF> quantum dots and dyes,<REF TYPE="P" ID="cit2 cit3">2,3</REF> quantum dots,<REF TYPE="P" ID="cit4 cit5">4,5</REF> and metal ions.<REF TYPE="P" ID="cit6">6</REF></text></s> <s sid="6"><CoreSc1 atype="GSC" type="Bac" conceptID="Bac1" novelty="None" advantage="None"/><text>The ET process can occur <IT>via</IT> several mechanisms, but the electric dipole–electric dipole interaction is the most effective one over relatively long distances (up to several tens of angstroms, with a <IT>r</IT><SP>−6</SP> distance dependence).<REF TYPE="P" ID="cit6">6</REF></text></s> <s sid="7"><CoreSc1 atype="GSC" type="Bac" conceptID="Bac1" novelty="None" advantage="None"/><text>This mechanism is particularly efficient when both donor and acceptor have allowed electric dipole resonant transitions.</text></s></P><P><s sid="8"><CoreSc1 atype="GSC" type="Met" conceptID="Met2" novelty="Old" advantage="None"/><text>ET between suitable probes can be used to obtain structural information or monitor dynamic processes in biological systems but its usefulness is severely limited by fast photobleaching when dyes are used for tagging the target molecules.</text></s> <s sid="9"><CoreSc1 atype="GSC" type="Met" conceptID="Met2" novelty="Old" advantage="No"/><text>Semiconductor quantum dots are more stable than dyes<REF TYPE="P" ID="cit7">7</REF> but still suffer from photoinduced degradation processes.</text></s> <s sid="10"><CoreSc1 atype="GSC" type="Obj" conceptID="Obj1" novelty="New" advantage="Yes"/><text>Luminescent ions in inorganic phosphors offer the prospect of a greatly superior photo-stability associated with high quantum yields.</text></s> <s sid="11"><CoreSc1 atype="GSC" type="Obj" conceptID="Obj1" novelty="New" advantage="Yes"/><text>Intermittence in emission (blinking), which is a problem in certain applications of single quantum dots, is not expected for inorganic phosphor nanocrystals as they contain a large number of luminescing ions (typically between 10 and 10 000 depending on the size of the nanocrystal and the concentration of luminescing ions).</text></s> <s sid="12"><CoreSc1 atype="GSC" type="Bac" conceptID="Bac2" novelty="None" advantage="None"/><text>In the past few years there has been a growing interest in the properties of nanocrystalline lanthanide-doped insulating phosphors, and several well-known materials, such as Y<SB>2</SB>O<SB>3</SB>:Eu<SP>3+</SP>,<REF TYPE="P" ID="cit8 cit9 cit10">8–10</REF> Lu<SB>2</SB>O<SB>3</SB>:Eu<SP>3+</SP>,<REF TYPE="P" ID="cit11">11</REF> YVO<SB>4</SB>:Eu<SP>3+</SP>,<REF TYPE="P" ID="cit12">12</REF> LaPO<SB>4</SB>:Ln<SP>3+</SP> (Ln = Eu or Ce/Tb<REF TYPE="P" ID="cit13">13</REF>), YbPO<SB>4</SB>:Er<SP>3+</SP>,<REF TYPE="P" ID="cit14">14</REF> and Y<SB>3</SB>Al<SB>5</SB>O<SB>12</SB>:Ln<SP>3+</SP> Ln = Nd, Eu, Tb, Tm or Ce<REF TYPE="P" ID="cit15 cit16 cit17 cit18 cit19">15–19</REF>), have been prepared in nanocrystalline form.</text></s> <s sid="13"><CoreSc1 atype="GSC" type="Obj" conceptID="Obj1" novelty="New" advantage="No"/><text>The application of lanthanide-doped nanocrystalline phosphors as biological labels would however strongly limit the photon turnover rates due to the long (μs to ms) decay time of their intraconfigurational 4f<SP><IT>n</IT></SP> luminescence.</text></s> <s sid="14"><CoreSc1 atype="GSC" type="Obj" conceptID="Obj1" novelty="New" advantage="Yes"/><text>One of the few exceptions for visible-emitting phosphors is Y<SB>3</SB>Al<SB>5</SB>O<SB>12</SB>:Ce (YAG:Ce).</text></s> <s sid="15"><CoreSc1 atype="GSC" type="Obj" conceptID="Obj1" novelty="New" advantage="Yes"/><text>In YAG:Ce the 5d state of Ce<SP>3+</SP> is situated at a low energy resulting in a fast intraconfigurational 5d → 4f luminescence in the visible.</text></s> <s sid="16"><CoreSc1 atype="GSC" type="Obj" conceptID="Obj1" novelty="New" advantage="Yes"/><text>The luminescence life time of this emission is 65 ns.<REF TYPE="P" ID="cit20">20</REF></text></s> <s sid="17"><CoreSc1 atype="GSC" type="Obj" conceptID="Obj1" novelty="New" advantage="Yes"/><text>This luminescence decay time is ideally suited for time-gated detection of biological species, since it is slower than the autofluorescence background decay common to many biological species (typically a few ns), but is still fast enough to ensure a high turnover rate.</text></s> <s sid="18"><CoreSc1 atype="GSC" type="Obj" conceptID="Obj1" novelty="New" advantage="Yes"/><text>Additional attractive features are the excitation in the blue (which further decreases the autofluorescence background obtained under UV excitation) and the large Stokes shift of the luminescence.</text></s> <s sid="19"><CoreSc1 atype="GSC" type="Obj" conceptID="Obj1" novelty="New" advantage="Yes"/><text>The strong electric dipole of the Ce<SP>3+</SP> f–d emission also makes NC YAG:Ce a promising candidate as donor for efficient ET processes to dyes.</text></s></P><P><s sid="20"><CoreSc1 atype="GSC" type="Obj" conceptID="Obj2" novelty="New" advantage="None"/><text>In order to evaluate the potentiality of NC YAG:Ce as a probe in biological systems the ET from NC YAG:Ce to tetramethyl rhodamine isothiocyanate (TRITC) was investigated.</text></s> <s sid="21"><CoreSc1 atype="GSC" type="Met" conceptID="Met1" novelty="New" advantage="None"/><text>TRITC is chemically conjugated to highly luminescent NC YAG:Ce by using glycine as a linker molecule.</text></s> <s sid="22"><CoreSc1 atype="GSC" type="Res" conceptID="Res1" novelty="None" advantage="None"/><text>Steady state (excitation and emission spectra), time-domain (fluorescence decay times) measurements and photobleaching experiments clearly demonstrate the occurrence of ET from Ce<SP>3+</SP> to TRITC molecules in the NC YAG:Ce–TRITC conjugates.</text></s></P><P><s sid="23"><CoreSc1 atype="GSC" type="Met" conceptID="Met3" novelty="New" advantage="None"/><text>Nanocrystalline YAG:Ce (0.5 mol%) was prepared by using a combustion synthesis technique similar to that reported in,<REF TYPE="P" ID="cit10">10</REF> but optimized to yield nanoparticles smaller than 20 nm with a small degree of sintering.</text></s> <s sid="24"><CoreSc1 atype="GSC" type="Met" conceptID="Met3" novelty="New" advantage="None"/><text>Glycine was used as a fuel and the metal nitrates as oxidizers.</text></s> <s sid="25"><CoreSc1 atype="GSC" type="Exp" conceptID="Exp1" novelty="None" advantage="None"/><text>Typically, 3 mmol of Ln(NO<SB>3</SB>)<SB>3</SB>·4H<SB>2</SB>O (Ln = Y and Ce), 5 mmol of Al(NO<SB>3</SB>)<SB>3</SB>·9H<SB>2</SB>O and 14 mmol of glycine were dissolved in 4 mL of demi-water and the resultant solution was dried overnight at 80 °C.</text></s> <s sid="26"><CoreSc1 atype="GSC" type="Exp" conceptID="Exp1" novelty="None" advantage="None"/><text>The resulting transparent gel was placed into a preheated furnace at 650 °C for 30 min in air.</text></s> <s sid="27"><CoreSc1 atype="GSC" type="Obs" conceptID="Obs1" novelty="None" advantage="None"/><text>The as-synthesized product was a foamy porous gray body, which was shown by X-ray powder diffraction to be amorphous.</text></s> <s sid="28"><CoreSc1 atype="GSC" type="Exp" conceptID="Exp1" novelty="None" advantage="None"/><text>This product was subsequently treated at 1150 °C for 90 s under air, yielding a highly porous yellow body.</text></s> <s sid="29"><CoreSc1 atype="GSC" type="Obs" conceptID="Obs2" novelty="None" advantage="None"/><text>Fig. 1 shows the X-ray powder diffraction patterns of the final product and of a microcrystalline powder sample of YAG:Ce (commercial phosphor purchased from Nichia Co.).</text></s> <s sid="30"><CoreSc1 atype="GSC" type="Res" conceptID="Res2" novelty="None" advantage="None"/><text>It can be concluded that the final product consists of single phase crystalline YAG.</text></s> <s sid="31"><CoreSc1 atype="GSC" type="Res" conceptID="Res2" novelty="None" advantage="None"/><text>The peak broadening and the small shift of the peak maxima to lower angles can be ascribed to a finite size effect, indicating that the sample consists of nanocrystalline domains.</text></s> <s sid="32"><CoreSc1 atype="GSC" type="Res" conceptID="Res2" novelty="None" advantage="None"/><text>The mean size of these domains, determined from the full width at half maximum of the peak with the Debye–Scherrer formula<REF TYPE="P" ID="cit21">21</REF> is 18 nm.</text></s> <s sid="33"><CoreSc1 atype="GSC" type="Res" conceptID="Res3" novelty="None" advantage="None"/><text>Thermal treatments at temperatures higher than 1150 °C and/or for longer times yield larger average nanocrystal sizes and more pronounced sintering.</text></s> <s sid="34"><CoreSc1 atype="GSC" type="Res" conceptID="Res4" novelty="None" advantage="None"/><text>Temperatures below 1000 °C yield amorphous white samples (non-luminescent).</text></s> <s sid="35"><CoreSc1 atype="GSC" type="Res" conceptID="Res5" novelty="None" advantage="None"/><text>The use of other fuels such as urea or citric acid leads to slightly larger YAG:Ce nanocrystals (23 nm), lower quantum yields and a larger degree of sintering.</text></s></P><P><s sid="36"><CoreSc1 atype="GSC" type="Obs" conceptID="Obs3" novelty="None" advantage="None"/><text>The NC YAG:Ce samples are highly friable and can be easily ground to a powder and broken apart into NC clusters (100–1000 nm) by sonic waves (sonic bath).</text></s> <s sid="37"><CoreSc1 atype="GSC" type="Res" conceptID="Res6" novelty="None" advantage="None"/><text>The transmission electron microscopy (TEM) image of one such NC YAG:Ce cluster is depicted in Fig. 2A, which clearly shows that the NC YAG:Ce samples consist of a highly porous and interconnected three-dimensional network of nanoparticles.</text></s> <s sid="38"><CoreSc1 atype="GSC" type="Res" conceptID="Res7" novelty="None" advantage="None"/><text>The high degree of crystallinity of these YAG:Ce nanoparticles is confirmed by both high-resolution TEM (Fig. 2B) and selected area electron diffraction (inset of Fig. 2A).</text></s> <s sid="39"><CoreSc1 atype="GSC" type="Res" conceptID="Res7" novelty="None" advantage="None"/><text>The size of the YAG:Ce nanocrystals obtained from TEM and HR-TEM is consistent with the average size determined from XRD (∼20 nm).</text></s></P><P><s sid="40"><CoreSc1 atype="GSC" type="Exp" conceptID="Exp2" novelty="None" advantage="None"/><text>To conjugate TRITC to NC YAG:Ce a portion of 35 mg NC YAG:Ce (a slightly yellow powder) in 10 mL ultra-pure water was mixed thoroughly with 35 mg glycine (aminoacetic acid) and left overnight.</text></s> <s sid="41"><CoreSc1 atype="GSC" type="Exp" conceptID="Exp2" novelty="None" advantage="None"/><text>Excess of glycine was removed by centrifuging and several times rinsing with ultra pure water.</text></s> <s sid="42"><CoreSc1 atype="GSC" type="Met" conceptID="Met1" novelty="New" advantage="Yes"/><text>Glycine was chosen as the linker molecule because it can bind to both TRITC and NC YAG:Ce.</text></s> <s sid="43"><CoreSc1 atype="GSC" type="Met" conceptID="Met1" novelty="New" advantage="Yes"/><text>The carboxylic group of glycine is expected to strongly bind to the surface of the YAG:Ce nanocrystals <IT>via</IT> the Y<SP>3+</SP> and Al<SP>3+</SP> ions, whereas its primary amine group reacts with the isothiocyanate group of TRITC.</text></s> <s sid="44"><CoreSc1 atype="GSC" type="Met" conceptID="Met1" novelty="New" advantage="Yes"/><text>The use of TRITC as functionalised dye allows for selective excitation of the YAG:Ce at 440 nm since the absorption of TRITC at this wavelength is very low.</text></s> <s sid="45"><CoreSc1 atype="GSC" type="Met" conceptID="Met1" novelty="New" advantage="No"/><text>A disadvantage of TRITC as a dye is the spectral overlap between the emission of YAG:Ce and TRITC which complicates a quantitative analysis of the energy transfer efficiency from the emission spectra.</text></s> <s sid="46"><CoreSc1 atype="GSC" type="Exp" conceptID="Exp2" novelty="None" advantage="None"/><text>To the glycine capped NC YAG:Ce 35 μg of TRITC in 10 mL methanol was added and the sample was left overnight.</text></s> <s sid="47"><CoreSc1 atype="GSC" type="Exp" conceptID="Exp2" novelty="None" advantage="None"/><text>The excess of TRITC was removed by centrifuging and rinsing twice with methanol.</text></s> <s sid="48"><CoreSc1 atype="GSC" type="Exp" conceptID="Exp2" novelty="None" advantage="None"/><text>The sample (hereafter named TRITC-NC YAG:Ce conjugate) is a light pink powder and was dried in air prior to characterization.</text></s> <s sid="49"><CoreSc1 atype="GSC" type="Res" conceptID="Res8" novelty="None" advantage="None"/><text>It should be mentioned that treatment of YAG:Ce with glycine and Rhodamine B (a dye molecule similar to TRITC, but without the isothiocyanate group) did not lead to a dye-NC YAG:Ce conjugate, showing that the presence of an isothiocyanate group is crucial for the formation of the conjugate.</text></s></P><P><s sid="50"><CoreSc1 atype="GSC" type="Exp" conceptID="Exp3" novelty="None" advantage="None"/><text>Steady-state emission and excitation spectra were recorded with a SPEX Fluorolog spectrofluorometer, model F2002, equipped with two monochromators (double-grating, 0.22 m, SPEX 1680) and a 450 W xenon lamp as the excitation source.</text></s> <s sid="51"><CoreSc1 atype="GSC" type="Exp" conceptID="Exp3" novelty="None" advantage="None"/><text>Luminescence decay curves were measured using a Pico Quant PDL 800-B laser (<IT>λ</IT><SB>ex</SB> = 440 nm, 2.5 MHz repetition rate, 55 ps pulse width) as an excitation source.</text></s> <s sid="52"><CoreSc1 atype="GSC" type="Exp" conceptID="Exp3" novelty="None" advantage="None"/><text>The luminescence was dispersed by a monochromator (0.1 m focal length, 1350 line mm<SP>−1</SP> grating, blazed at 500 nm) and detected by a fast Hamamatsu H5738P-01 photomultiplier tube.</text></s> <s sid="53"><CoreSc1 atype="GSC" type="Exp" conceptID="Exp3" novelty="None" advantage="None"/><text>The decay curves were obtained by time correlated single photon counting (TCPCS) <IT>via</IT> time-to-amplitude conversion (TAC) with a Time Harp 100 computer card.</text></s> <s sid="54"><CoreSc1 atype="GSC" type="Exp" conceptID="Exp3" novelty="None" advantage="None"/><text>The ratio of stop to start pulses was kept low (below 0.05) to assure good statistics.</text></s></P><P><s sid="55"><CoreSc1 atype="GSC" type="Obs" conceptID="Obs4" novelty="None" advantage="None"/><text>Fig. 3 shows the excitation spectra (A, <IT>λ</IT><SB>em</SB> = 580 nm) and emission spectra (B, <IT>λ</IT><SB>ex</SB> = 440 nm) of tetramethyl rhodamine isothiocyanate (TRITC) in water (dark gray curves), NC YAG: Ce (light gray curves) and TRITC-NC YAG:Ce conjugate (black curves).</text></s> <s sid="56"><CoreSc1 atype="GSC" type="Res" conceptID="Res9" novelty="None" advantage="None"/><text>The emission spectrum of NC YAG:Ce (0.5 mol%) consists of a broad band with maximum around 550 nm that is ascribed to a 5d → 4f transition.</text></s> <s sid="57"><CoreSc1 atype="GSC" type="Res" conceptID="Res9" novelty="None" advantage="None"/><text>The 4f → 5d excitation transitions yield broad bands at around 260 nm (not shown), 340 nm and 450 nm.</text></s> <s sid="58"><CoreSc1 atype="GSC" type="Res" conceptID="Res9" novelty="None" advantage="None"/><text>The band at 260 nm is very weak because the upper 5d states of Ce<SP>3+</SP> in YAG have energies within the conduction band of the host and therefore excitation in these levels results mainly in quenching.<REF TYPE="P" ID="cit20">20</REF></text></s> <s sid="59"><CoreSc1 atype="GSC" type="Res" conceptID="Res9" novelty="None" advantage="None"/><text>The Ce<SP>3+</SP> 5d level populated by the transition occurring at 340 nm is just below the YAG conduction band and will also be quenched to some extent at room temperature.<REF TYPE="P" ID="cit20">20</REF></text></s> <s sid="60"><CoreSc1 atype="GSC" type="Res" conceptID="Res9" novelty="None" advantage="None"/><text>There are no significant differences between the emission and excitation spectra of NC YAG:Ce and bulk YAG:Ce, as expected considering that the band-gap of YAG is very large (7 eV) and that the electronic transitions involved in the luminescence are localized on the Ce<SP>3+</SP> ion.</text></s> <s sid="61"><CoreSc1 atype="GSC" type="Hyp" conceptID="Hyp1" novelty="None" advantage="None"/><text>Quantum size effects, as observed for the luminescence of nanocrystalline semiconductors, are not expected for the luminescence of Ce<SP>3+</SP> in NC YAG.</text></s> <s sid="62"><CoreSc1 atype="GSC" type="Res" conceptID="Res10" novelty="None" advantage="None"/><text>The quantum efficiency of the NC YAG:Ce sample is lower than that of a bulk sample (∼50% at <IT>λ</IT><SB>ex</SB> = 430 nm, instead of the 70% observed for commercial Nichia phosphor).</text></s> <s sid="63"><CoreSc1 atype="GSC" type="Res" conceptID="Res10" novelty="None" advantage="None"/><text>The lower quantum efficiency of the nanocrystalline samples can be ascribed to a decrease in the excitation efficiency due to light scattering and to quenching and competitive absorption by surface defects (<IT>e.g.</IT> oxygen vacancies and/or disorder at grain boundaries<REF TYPE="P" ID="cit20">20</REF>).</text></s> <s sid="64"><CoreSc1 atype="GSC" type="Res" conceptID="Res11" novelty="None" advantage="None"/><text>The quantum efficiencies can be improved by longer thermal treatments or higher temperatures, which however lead to undesired nanocrystal growth and sintering.</text></s> <s sid="65"><CoreSc1 atype="GSC" type="Met" conceptID="Met4" novelty="Old" advantage="None"/><text>The luminescence quantum efficiency is given by the number of emitted photons divided by the number of absorbed photons, and was determined by comparison with standard phosphors, following the method of de Mello Donega <IT>et al.</IT><REF TYPE="P" ID="cit22">22</REF></text></s> <s sid="66"><CoreSc1 atype="GSC" type="Met" conceptID="Met4" novelty="Old" advantage="Yes"/><text>This method is accurate within 10%.</text></s></P><P><s sid="67"><CoreSc1 atype="GSC" type="Res" conceptID="Res12" novelty="None" advantage="None"/><text>It is clear from the excitation spectra in Fig. 3A that selective excitation of NC YAG:Ce is possible at 440 nm (TRITC hardly absorbs at this wavelength).</text></s> <s sid="68"><CoreSc1 atype="GSC" type="Obs" conceptID="Obs5" novelty="None" advantage="None"/><text>The black curve in Fig. 3B shows the emission spectrum of TRITC–NC YAG:Ce conjugate under 440 nm excitation.</text></s> <s sid="69"><CoreSc1 atype="GSC" type="Res" conceptID="Res12" novelty="None" advantage="None"/><text>The weak band around 520 nm can be ascribed to Ce<SP>3+</SP> emission, while the peak around 580 nm is due to TRITC emission.</text></s> <s sid="70"><CoreSc1 atype="GSC" type="Res" conceptID="Res12" novelty="None" advantage="None"/><text>This provides a clear indication that ET from Ce<SP>3+</SP> ions to TRITC takes place, since the TRITC emission dominates the emission spectrum despite its negligible absorption at 440 nm, whereas the strong absorption of YAG:Ce at 440 nm yields only a weak Ce<SP>3+</SP> luminescence.</text></s> <s sid="71"><CoreSc1 atype="GSC" type="Res" conceptID="Res12" novelty="None" advantage="None"/><text>We would like to point out that the spectral overlap between the emission of the donor and the absorption of the acceptor, needed for ET <IT>via</IT> dipole-dipole interaction, is good since the maximum of the donor (Ce<SP>3+</SP>) emission and the acceptor (TRITC) absorption band are both situated around 550 nm.</text></s> <s sid="72"><CoreSc1 atype="GSC" type="Res" conceptID="Res12" novelty="None" advantage="None"/><text>In the excitation spectrum of TRITC–NC YAG:Ce conjugate (Fig. 3A, black curve) the peak at ∼550 nm is due to direct excitation of the TRITC.</text></s> <s sid="73"><CoreSc1 atype="GSC" type="Res" conceptID="Res12" novelty="None" advantage="None"/><text>The peak around 450 nm is ascribed to direct excitation of Ce<SP>3+</SP> ions.</text></s> <s sid="74"><CoreSc1 atype="GSC" type="Hyp" conceptID="Hyp2" novelty="None" advantage="None"/><text>It is noteworthy that the relative intensity of the peak around 375 nm for the TRITC–NC YAG:Ce conjugate is larger than expected by a simple convolution of the excitation bands of NC YAG:Ce and TRITC, suggesting an increased excitation efficiency due to resonance between the Ce<SP>3+</SP> 5d level at 3.64 eV (340 nm) and TRITC excited states.</text></s> <s sid="75"><CoreSc1 atype="GSC" type="Hyp" conceptID="Hyp2" novelty="None" advantage="None"/><text>This resonance would lead to efficient ET between the two levels, competing with the depopulation of the Ce<SP>3+</SP> 5d level <IT>via</IT> the YAG conduction band.</text></s></P><P><s sid="76"><CoreSc1 atype="GSC" type="Res" conceptID="Res12" novelty="None" advantage="None"/><text>The observation of Ce<SP>3+</SP> excitation bands in the excitation spectrum of the TRITC emission at 580 nm in the conjugate sample provides further evidence for the occurrence of Ce<SP>3+</SP> → TRITC ET, but it is not unambiguous since the broad emission band of Ce<SP>3+</SP> overlaps with the emission of TRITC.</text></s> <s sid="77"><CoreSc1 atype="GSC" type="Met" conceptID="Met5" novelty="New" advantage="None"/><text>The luminescence decay curve of the Ce<SP>3+</SP> emission provides a more direct way to probe whether Ce<SP>3+</SP> → TRITC ET is indeed taking place.</text></s> <s sid="78"><CoreSc1 atype="GSC" type="Obs" conceptID="Obs6" novelty="None" advantage="None"/><text>Fig. 4 shows the luminescence decay curves of NC YAG:Ce (in light gray) and of TRITC–NC YAG:Ce conjugate (in black).</text></s> <s sid="79"><CoreSc1 atype="GSC" type="Met" conceptID="Met5" novelty="New" advantage="None"/><text>The decay curves are recorded monitoring luminescence at 520 nm to avoid detection of the TRITC emission.</text></s> <s sid="80"><CoreSc1 atype="GSC" type="Res" conceptID="Res13" novelty="None" advantage="None"/><text>The decay curve of the Ce<SP>3+</SP> ions in YAG is nearly monoexponential and has a decay time of 60 ns.</text></s> <s sid="81"><CoreSc1 atype="GSC" type="Res" conceptID="Res13" novelty="None" advantage="None"/><text>This is very close to the reported decay time of Ce<SP>3+</SP> ions in bulk YAG sample (65 ns,<REF TYPE="P" ID="cit20">20</REF>).</text></s> <s sid="82"><CoreSc1 atype="GSC" type="Res" conceptID="Res13" novelty="None" advantage="None"/><text>This is surprising since the effective refractive index is lower in NC YAG:Ce than in the bulk material due to the presence of a lower refractive index material (liquid helium or air) around the nanocrystals and within a distance of the order of the wavelength of light.</text></s> <s sid="83"><CoreSc1 atype="GSC" type="Hyp" conceptID="Hyp3" novelty="None" advantage="None"/><text>It is expected that, through local field effects, the lower effective refractive index would reduce the radiative decay rate of the Ce<SP>3+</SP> emission in NC YAG:Ce in comparison with the bulk.</text></s> <s sid="84"><CoreSc1 atype="GSC" type="Bac" conceptID="Bac3" novelty="None" advantage="None"/><text>This effect has already been observed for NC Y<SB>2</SB>O<SB>3</SB>:Eu<SP>3+</SP>.<REF TYPE="P" ID="cit23">23</REF></text></s> <s sid="85"><CoreSc1 atype="GSC" type="Bac" conceptID="Bac3" novelty="None" advantage="None"/><text>In the case of NC YAG:Ce, however, the filling fraction is not known, what makes the comparison with the previous studies on NC Y<SB>2</SB>O<SB>3</SB>:Eu<SP>3+</SP> difficult.</text></s> <s sid="86"><CoreSc1 atype="GSC" type="Hyp" conceptID="Hyp4" novelty="None" advantage="None"/><text>Further, non-radiative processes are more important for the nanocrystal than for the bulk materials due to the larger surface to volume ratio, which is reflected in an initial deviation from single-exponential decay and a lower quantum efficiency.</text></s> <s sid="87"><CoreSc1 atype="GSC" type="Hyp" conceptID="Hyp4" novelty="None" advantage="None"/><text>The slightly faster initial decay, observed for NC YAG:Ce can explain why the luminescence decay time measured, defined as the time at which the emission intensity has dropped to 1/e of its initial value, is shorter for the NC YAG:Ce despite the lower effective refractive index.</text></s> <s sid="88"><CoreSc1 atype="GSC" type="Res" conceptID="Res13" novelty="None" advantage="None"/><text>For the TRITC–NC YAG:Ce conjugate (black curve) a fast initial decay in the luminescence intensity of the Ce<SP>3+</SP> ion is observed, indicating the presence of an additional decay channel for the Ce<SP>3+</SP> ions in the conjugate, which can be ascribed to resonant ET from the 5d excited states of Ce<SP>3+</SP> in YAG to acceptor excited states of TRITC molecules at the nanocrystals surface.</text></s> <s sid="89"><CoreSc1 atype="GSC" type="Hyp" conceptID="Hyp5" novelty="None" advantage="None"/><text>Radiative transfer from the Ce<SP>3+</SP> ions to the TRITC molecules may also occur, but would not lead to shorter life times for the donor states.</text></s> <s sid="90"><CoreSc1 atype="GSC" type="Res" conceptID="Res13" novelty="None" advantage="None"/><text>The fact that coupling to TRITC results in significantly faster luminescence decay curve shows that non-radiative energy transfer <IT>via</IT> dipole–dipole interaction is dominant.</text></s> <s sid="91"><CoreSc1 atype="GSC" type="Res" conceptID="Res13" novelty="None" advantage="None"/><text>The <IT>average</IT> ET rate can be estimated from the decay curves and is ∼10<SP>8</SP>–10<SP>9</SP> s<SP>−1</SP>.</text></s> <s sid="92"><CoreSc1 atype="GSC" type="Hyp" conceptID="Hyp6" novelty="None" advantage="None"/><text>Since both the Ce<SP>3+</SP> and the TRITC emissions are allowed electric-dipole transitions, the dipole–dipole interaction will be strong allowing efficient ET to occur if the Ce<SP>3+</SP>–TRITC distances are sufficiently small.</text></s> <s sid="93"><CoreSc1 atype="GSC" type="Mod" conceptID="Mod1" novelty="None" advantage="None"/><text>Using the Förster–Dexter theory for energy transfer <IT>via</IT> dipole–dipole interaction an estimate of the energy transfer rate can be made.</text></s> <s sid="94"><CoreSc1 atype="GSC" type="Mod" conceptID="Mod1" novelty="None" advantage="None"/><text>The critical distance for energy transfer (where the radiative rate equals the energy transfer rate) is given by<REF TYPE="P" ID="cit24">24</REF><IT>R</IT>6c = 3 × 10<SP>12</SP><IT>f</IT><SB>A</SB><IT>E</IT><SP>−4</SP>SOHere <IT>f</IT><SB>A</SB> is the oscillator strength of the acceptor transition, <IT>E</IT> is the energy at the maximum of spectral overlap (in eV) and SO is the spectral overlap integral.</text></s> <s sid="95"><CoreSc1 atype="GSC" type="Res" conceptID="Res14" novelty="None" advantage="None"/><text>The oscillator strength as determined from the TRITC absorption spectrum is about 0.5.</text></s> <s sid="96"><CoreSc1 atype="GSC" type="Res" conceptID="Res14" novelty="None" advantage="None"/><text>The spectral overlap determined from the YAG:Ce emission and TRITC absorption spectrum is 2 eV<SP>−1</SP>.</text></s> <s sid="97"><CoreSc1 atype="GSC" type="Res" conceptID="Res14" novelty="None" advantage="None"/><text>This gives a critical distance for energy transfer from Ce<SP>3+</SP> to TRITC of about 7 nm.</text></s> <s sid="98"><CoreSc1 atype="GSC" type="Hyp" conceptID="Hyp7" novelty="None" advantage="None"/><text>As a result, energy transfer rates of 10<SP>8</SP> s<SP>−1</SP> and faster are expected for Ce<SP>3+</SP> ions in an outer shell of 5 nm thick in the NC.</text></s> <s sid="99"><CoreSc1 atype="GSC" type="Res" conceptID="Res15" novelty="None" advantage="None"/><text>This is quite consistent with the observations.</text></s> <s sid="100"><CoreSc1 atype="GSC" type="Res" conceptID="Res15" novelty="None" advantage="None"/><text>The luminescence decay curves show that a majority of the Ce<SP>3+</SP> show a fast decay due to efficient energy transfer to TRITC.</text></s> <s sid="101"><CoreSc1 atype="GSC" type="Res" conceptID="Res15" novelty="None" advantage="None"/><text>For the average size of 18 nm YAG:Ce nanocrystals more than 90% of the Ce<SP>3+</SP> ions will be within a 5 nm distance from the surface and will transfer the excitation energy with transfer rates of 10<SP>8</SP> s<SP>−1</SP> and higher to TRITC molecules at the surface.</text></s> <s sid="102"><CoreSc1 atype="GSC" type="Res" conceptID="Res15" novelty="None" advantage="None"/><text>It should be noted that a 18 nm diameter YAG:Ce (0.5 mol%) nanocrystal contains about 1700 Ce<SP>3+</SP> ions statistically distributed over all available Y<SP>3+</SP> sites.</text></s> <s sid="103"><CoreSc1 atype="GSC" type="Hyp" conceptID="Hyp8" novelty="None" advantage="None"/><text>This will cause a distribution in the TRITC to Ce<SP>3+</SP> distances.</text></s> <s sid="104"><CoreSc1 atype="GSC" type="Hyp" conceptID="Hyp8" novelty="None" advantage="None"/><text>Since ET by electric dipole-electric dipole interaction scales with r<SP>−6</SP>, Ce<SP>3+</SP> ions closer to the surface will transfer their energy much more efficiently then ions in the core of the nanocrystal.</text></s> <s sid="105"><CoreSc1 atype="GSC" type="Hyp" conceptID="Hyp8" novelty="None" advantage="None"/><text>This distribution of donor-acceptor distances will result in a distribution of ET rates between Ce<SP>3+</SP> ions and TRITC molecules.</text></s> <s sid="106"><CoreSc1 atype="GSC" type="Hyp" conceptID="Hyp9" novelty="None" advantage="None"/><text>The size polydispersity inherent to the NC YAG:Ce samples further broadens the distribution of ET rates.</text></s> <s sid="107"><CoreSc1 atype="GSC" type="Res" conceptID="Res16" novelty="None" advantage="None"/><text>Therefore only an average ET rate can be determined from the experimental data.</text></s> <s sid="108"><CoreSc1 atype="GSC" type="Hyp" conceptID="Hyp10" novelty="None" advantage="None"/><text>ET is not only possible between the Ce<SP>3+</SP> ions and the TRITC molecules but also between Ce<SP>3+</SP> ions.</text></s> <s sid="109"><CoreSc1 atype="GSC" type="Hyp" conceptID="Hyp10" novelty="None" advantage="None"/><text>Therefore Ce<SP>3+</SP> ions deep inside the nanocrystals may also transfer their energy to Ce<SP>3+</SP> ions closer to the surface which subsequently transfer their excitation energy to the TRITC molecules, thus increasing the ET rate.</text></s> <s sid="110"><CoreSc1 atype="GSC" type="Res" conceptID="Res16" novelty="None" advantage="None"/><text>A more quantitative analysis of the energy transfer process is not possible in view of the various uncertainties discussed above.</text></s></P><P><s sid="111"><CoreSc1 atype="GSC" type="Met" conceptID="Met6" novelty="New" advantage="None"/><text>Photobleaching can be used as a control experiment<REF TYPE="P" ID="cit25">25</REF> to show that the decay time shortening of the Ce<SP>3+</SP> luminescence observed in the TRITC-YAG:Ce conjugate is indeed due to energy transfer.</text></s> <s sid="112"><CoreSc1 atype="GSC" type="Hyp" conceptID="Hyp11" novelty="None" advantage="None"/><text>TRITC will degrade after being exposed to UV light for a long period, while YAG:Ce is photostable.</text></s> <s sid="113"><CoreSc1 atype="GSC" type="Obs" conceptID="Obs7" novelty="None" advantage="None"/><text>Fig. 5 shows the excitation (A) and emission (B) spectra of the TRITC-YAG:Ce conjugate prior to (dark gray) and after (black) 65 hours of irradiation with 300 nm light from a 450 W xenon lamp.</text></s> <s sid="114"><CoreSc1 atype="GSC" type="Res" conceptID="Res17" novelty="None" advantage="None"/><text>The color of the sample after irradiation changed from pink to slight yellow, clearly indicating that the photodecomposition of the TRITC molecules has occurred.</text></s> <s sid="115"><CoreSc1 atype="GSC" type="Res" conceptID="Res17" novelty="None" advantage="None"/><text>In the excitation spectrum of the photobleached sample (Fig. 5A) the peak around 550 nm (due to direct excitation of TRITC) is strongly reduced, which implies that the amount of TRITC in the sample has decreased.</text></s> <s sid="116"><CoreSc1 atype="GSC" type="Res" conceptID="Res17" novelty="None" advantage="None"/><text>However, not all the TRITC molecules were bleached, despite the long period of UV radiation, possibly because the strong scattering characteristic of nanoporous materials limits the penetration depth of the light.</text></s></P><P><s sid="117"><CoreSc1 atype="GSC" type="Obs" conceptID="Obs8" novelty="None" advantage="None"/><text>In the emission spectra (Fig. 5B) a strong decrease in the emission intensity of the peak around 580 nm (the TRITC emission) is observed after bleaching.</text></s> <s sid="118"><CoreSc1 atype="GSC" type="Hyp" conceptID="Hyp12" novelty="None" advantage="None"/><text>Since less TRITC is present at the surface, the average distance between Ce<SP>3+</SP> ions and TRITC molecules increases.</text></s> <s sid="119"><CoreSc1 atype="GSC" type="Hyp" conceptID="Hyp12" novelty="None" advantage="None"/><text>Therefore the likelihood of Ce<SP>3+</SP> to TRITC energy transfer is diminished and the fraction of radiative recombination of the Ce<SP>3+</SP> ions increases.</text></s> <s sid="120"><CoreSc1 atype="GSC" type="Hyp" conceptID="Hyp12" novelty="None" advantage="None"/><text>Both contributions will be reflected in the decay curves of the photobleached TRITC–YAG:Ce conjugate sample (Fig. 4, dark gray curve).</text></s> <s sid="121"><CoreSc1 atype="GSC" type="Res" conceptID="Res18" novelty="None" advantage="None"/><text>The fast initial decay is still present, but has a much smaller contribution than prior to the photobleaching, indicating that a smaller population of Ce<SP>3+</SP> ions have a TRITC molecule at distances short enough to allow efficient ET to take place.</text></s> <s sid="122"><CoreSc1 atype="GSC" type="Res" conceptID="Res18" novelty="None" advantage="None"/><text>This is also reflected in the larger contribution of the exponential decay tail due to the radiative decay of the Ce<SP>3+</SP> ions without neighboring TRITC molecules.</text></s></P><P><s sid="123"><CoreSc1 atype="GSC" type="Con" conceptID="Con1" novelty="None" advantage="None"/><text>In conclusion, we have demonstrated that efficient energy transfer (ET rates of ∼10<SP>8</SP>–10<SP>9</SP> s<SP>−1</SP>) from Ce<SP>3+</SP> ions to TRITC molecules occurs in the TRITC-NC YAG:Ce conjugate.</text></s> <s sid="124"><CoreSc1 atype="GSC" type="Con" conceptID="Con2" novelty="None" advantage="None"/><text>Also, we have shown that nanocrystalline YAG:Ce can be successfully conjugated to organic molecules, therefore establishing its potentiality as a biolabel.</text></s> <s sid="125"><CoreSc1 atype="GSC" type="Con" conceptID="Con3" novelty="None" advantage="None"/><text>Additional experiments aiming at imaging and spectrally resolving single YAG:Ce nanocrystals have also been successfully carried out and will be reported elsewhere.</text></s></P></DIV></BODY></PAPER>