<?xml version="1.0" encoding="UTF-8"?>
<!DOCTYPE PAPER
  SYSTEM "paper-structure-annotation.dtd">
<PAPER><mode2 name="b403191c" hasDoc="yes" version="1184"/><TITLE><s sid="1"><CoreSc1 atype="GSC" type="Obj" conceptID="Obj1" novelty="New" advantage="None"/><text>Photodissociation dynamics of pyrrole: Evidence for mode specific dynamics from conical intersections</text></s></TITLE><ABSTRACT><s sid="2"><CoreSc1 atype="GSC" type="Obj" conceptID="Obj2" novelty="New" advantage="None"/><text>The H and D atom elimination mechanisms in the photodissociation of jet cooled pyrrole and pyrrole-<IT>d</IT><SB>1</SB> have been studied by photofragment velocity map imaging.</text></s> <s sid="3"><CoreSc1 atype="GSC" type="Exp" conceptID="Exp1" novelty="None" advantage="None"/><text>The molecules were excited to the 1 <SP>1</SP>A<SB>2</SB> (πσ*) state at <IT>λ</IT> = 243 nm and to the 1 <SP>1</SP>B<SB>2</SB> (ππ*) state at <IT>λ</IT> = 217 nm.</text></s> <s sid="4"><CoreSc1 atype="GSC" type="Met" conceptID="Met1" novelty="Old" advantage="None"/><text>H/D atoms were detected by (2 + 1) resonance enhanced multiphoton ionization (REMPI) at <IT>λ</IT> = 243 nm.</text></s> <s sid="5"><CoreSc1 atype="GSC" type="Res" conceptID="Res1" novelty="None" advantage="None"/><text>The analysis of the images and the resulting translational energy distributions from the 1 <SP>1</SP>A<SB>2</SB> state demonstrates the existence of two decay pathways, fast mode-specific cleavage of the NH bond in the excited state (channel A) and internal conversion (IC) to the electronic ground state (S<SB>0</SB>) followed by unimolecular decomposition of the vibrationally hot S<SB>0</SB> molecules (channel B).</text></s> <s sid="6"><CoreSc1 atype="GSC" type="Obs" conceptID="Obs1" novelty="None" advantage="None"/><text>The angular distributions of the H/D atoms from the direct dissociation in the excited state are strongly anisotropic, whereas the decay of the S<SB>0</SB> molecules leads to spatially isotropic distributions.</text></s> <s sid="7"><CoreSc1 atype="GSC" type="Res" conceptID="Res2" novelty="None" advantage="None"/><text>The results at <IT>λ</IT> = 217 nm indicate that the 1 <SP>1</SP>B<SB>2</SB> state undergoes an ultrafast radiationless transition to 1 <SP>1</SP>A<SB>2</SB> followed by the abovementioned direct mode-specific NH bond fission on the 1 <SP>1</SP>A<SB>2</SB> potential energy surface (channel A′) or conversion to S<SB>0</SB> and subsequent unimolecular decomposition (channel B′).</text></s> <s sid="8"><CoreSc1 atype="GSC" type="Res" conceptID="Res2" novelty="None" advantage="None"/><text>The latter pathway may also be initiated by a direct relaxation from 1 <SP>1</SP>B<SB>2</SB> to S<SB>0</SB>.</text></s> <s sid="9"><CoreSc1 atype="GSC" type="Obs" conceptID="Obs2" novelty="None" advantage="None"/><text>The anisotropy parameter of <IT>β</IT> ≈ –1 for the direct NH bond fission at <IT>λ</IT> = 217 nm is in accordance with the expectations for a perpendicular electronic excitation and a dissociation lifetime that is short compared to the rotational period of the molecules.</text></s> <s sid="10"><CoreSc1 atype="GSC" type="Con" conceptID="Con1" novelty="None" advantage="None"/><text>The fast decay dynamics of both excited electronic states can be rationalized with reference to the theoretically predicted conical intersections between the ππ*, πσ*, and S<SB>0</SB> potential energy surfaces and the antibonding nature of the πσ* potential energy surface with respect to the NH bond [A. L. Sobolewski, W. Domcke, C. Dedonder-Lardeux and C. Jouvet, <IT>Phys. Chem. Chem. Phys.</IT> 2002, <B>4</B>, 1093].</text></s></ABSTRACT><BODY><DIV DEPTH="1"><HEADER HEADER_MARKER="I.">Introduction</HEADER><P><s sid="11"><CoreSc1 atype="GSC" type="Bac" conceptID="Bac1" novelty="None" advantage="None"/><text>Recent excited state <IT>ab initio</IT> calculations for H atom photodetachment processes from NH-containing heteroaromatic compounds, aromatic amines, or phenols have suggested a new paradigm for the photochemical dynamics in these systems.<REF TYPE="P" ID="cit1">1</REF></text></s> <s sid="12"><CoreSc1 atype="GSC" type="Met" conceptID="Met2" novelty="Old" advantage="None"/><text>Accordingly, the fate of the photoexcited molecules is controlled by conical intersections between the usually strongly absorbing first excited <SP>1</SP>ππ* state, a neighboring optically dark <SP>1</SP>πσ* state, and the S<SB>0</SB> electronic ground state.</text></s> <s sid="13"><CoreSc1 atype="GSC" type="Met" conceptID="Met2" novelty="Old" advantage="None"/><text>The key role in the ensuing dynamics is played by the πσ* state which becomes repulsive along the NH or OH stretching coordinates and intersects the S<SB>0</SB> state at long NH/OH bond lengths because the latter does not adiabatically correlate with the respective dissociation products in their electronic ground states.</text></s> <s sid="14"><CoreSc1 atype="GSC" type="Bac" conceptID="Bac2" novelty="None" advantage="None"/><text>Conical intersections between the ππ* and πσ* and the πσ* and S<SB>0</SB> potential energy hypersurfaces thus open efficient pathways for radiationless electronic transitions leading to an ultrafast relaxation of the excited molecules to the electronic ground state and/or to a fast NH/OH bond fission and corresponding dissociation of the molecules.</text></s> <s sid="15"><CoreSc1 atype="GSC" type="Bac" conceptID="Bac2" novelty="None" advantage="None"/><text>These mode specific channels have been postulated to have great importance for the photochemical properties of the nucleic acid bases and the biologically relevant aromatic amino acids,<REF TYPE="P" ID="cit2 cit3 cit4 cit5 cit6">2–6</REF> for intramolecular H atom transfer reactions in excited electronic states (ESIHT),<REF TYPE="P" ID="cit7">7</REF> and for photo-induced intermolecular H atom transfer reactions in hydrogen-bonded molecular complexes.<REF TYPE="P" ID="cit6 cit8 cit9 cit10">6,8–10</REF></text></s></P><P><s sid="16"><CoreSc1 atype="GSC" type="Mot" conceptID="Mot1" novelty="None" advantage="None"/><text>The pyrrole molecule is an almost ideal model system for which the photochemical dynamics can be studied in detail.</text></s> <s sid="17"><CoreSc1 atype="GSC" type="Mot" conceptID="Mot1" novelty="None" advantage="None"/><text>In addition, it is a building block of many biologically important compounds which may show related mechanisms.<REF TYPE="P" ID="cit1 cit11">1,11</REF></text></s> <s sid="18"><CoreSc1 atype="GSC" type="Mot" conceptID="Mot1" novelty="None" advantage="None"/><text>Last but not least, it plays a role in the synthesis of biologically active compounds, pesticides, organic polymers, and organometallic magnets.<REF TYPE="P" ID="cit12">12</REF></text></s></P><P><s sid="19"><CoreSc1 atype="GSC" type="Bac" conceptID="Bac2" novelty="None" advantage="None"/><text>The UV absorption spectrum of pyrrole shows two strong bands, the first with an intensity maximum near <IT>λ</IT> = 210 nm, the second near 165 nm.</text></s> <s sid="20"><CoreSc1 atype="GSC" type="Bac" conceptID="Bac2" novelty="None" advantage="None"/><text>In addition, a very weak feature is observed with a maximum around 240 nm.<REF TYPE="P" ID="cit13 cit14 cit15 cit16">13–16</REF></text></s> <s sid="21"><CoreSc1 atype="GSC" type="Bac" conceptID="Bac2" novelty="None" advantage="None"/><text>The spectrum between 190 and 260 nm is reproduced in Fig. 1.</text></s> <s sid="22"><CoreSc1 atype="GSC" type="Mot" conceptID="Mot2" novelty="None" advantage="None"/><text>As can be seen, the absorption bands are very broad and unstructured and this has hampered their analysis for a long time.</text></s> <s sid="23"><CoreSc1 atype="GSC" type="Met" conceptID="Met3" novelty="Old" advantage="None"/><text>Further work has been performed by electron energy-loss spectroscopy,<REF TYPE="P" ID="cit15">15</REF> photoelectron spectroscopy,<REF TYPE="P" ID="cit17 cit18 cit19">17–19</REF> and resonance enhanced multiphoton ionization (REMPI).<REF TYPE="P" ID="cit20">20</REF></text></s> <s sid="24"><CoreSc1 atype="GSC" type="Met" conceptID="Met4" novelty="Old" advantage="None"/><text>In addition, the experimental studies were complemented by theoretical electronic structure investigations.<REF TYPE="P" ID="cit15 cit21 cit22 cit23">15,21–23</REF></text></s> <s sid="25"><CoreSc1 atype="GSC" type="Bac" conceptID="Bac3" novelty="None" advantage="None"/><text>The most recent quantum chemical calculations by Roos <IT>et al</IT><REF TYPE="P" ID="cit23">23</REF>. showed that the bulk of the intensity of the 210 nm band arises from the intra-valence transition to the 1 <SP>1</SP>B<SB>2</SB> (ππ*) state.</text></s> <s sid="26"><CoreSc1 atype="GSC" type="Bac" conceptID="Bac3" novelty="None" advantage="None"/><text>A small contribution (≈15%) may also come from the neighboring 2 <SP>1</SP>A<SB>1</SB> (ππ*) state.</text></s> <s sid="27"><CoreSc1 atype="GSC" type="Bac" conceptID="Bac3" novelty="None" advantage="None"/><text>The 165 nm band has been attributed to the excitation to the 1 <SP>1</SP>B<SB>1</SB> and 2 <SP>1</SP>B<SB>2</SB> states which belong to the 3p Rydberg series.</text></s> <s sid="28"><CoreSc1 atype="GSC" type="Mot" conceptID="Mot3" novelty="None" advantage="None"/><text>The analysis of the weak 240 nm band has, however, been controversial.</text></s> <s sid="29"><CoreSc1 atype="GSC" type="Bac" conceptID="Bac4" novelty="None" advantage="None"/><text>The respective transition has traditionally been assigned to the 1 <SP>1</SP>A<SB>2</SB> (3s) Rydberg state.<REF TYPE="P" ID="cit22 cit23">22,23</REF></text></s> <s sid="30"><CoreSc1 atype="GSC" type="Bac" conceptID="Bac4" novelty="None" advantage="None"/><text>The observation of this electronically forbidden band can be explained by a vibronic coupling with the 1 <SP>1</SP>B<SB>2</SB> (ππ*) state induced by out-of-plane vibrations (b<SB>1</SB> symmetry).</text></s> <s sid="31"><CoreSc1 atype="GSC" type="Bac" conceptID="Bac4" novelty="None" advantage="None"/><text>One earlier paper has also assigned the 240 nm band to the excited 2 <SP>1</SP>A<SB>1</SB> valence state.<REF TYPE="P" ID="cit24">24</REF></text></s> <s sid="32"><CoreSc1 atype="GSC" type="Bac" conceptID="Bac4" novelty="None" advantage="None"/><text>However, Sobolewski and Domcke<REF TYPE="P" ID="cit1 cit11">1,11</REF> recently demonstrated that the stretching of the NH bond in the 1 <SP>1</SP>A<SB>2</SB> state leads to a Rydberg-to-valence transformation by which that bond becomes anti-bonding, <IT>i.e.</IT>, the electron configuration becomes πσ*.</text></s> <s sid="33"><CoreSc1 atype="GSC" type="Bac" conceptID="Bac4" novelty="None" advantage="None"/><text>The Rydberg character remains evident by the diffuseness of the σ* orbital, but the πσ* character was postulated to be responsible for a fast mode-specific N–H bond dissociation and, through a conical intersection with the S<SB>0</SB> state, for an efficient radiationless relaxation of the electronically excited molecules.</text></s> <s sid="34"><CoreSc1 atype="GSC" type="Bac" conceptID="Bac4" novelty="None" advantage="None"/><text>Moreover, a fast predissociation of the ππ* state by the πσ* state was suggested to explain the apparently extremely short lifetimes of the excited states of pyrrole and the resulting absence of observations of laser induced fluorescence.</text></s> <s sid="35"><CoreSc1 atype="GSC" type="Mot" conceptID="Mot4" novelty="None" advantage="None"/><text>Direct experimental evidence for these theoretically predicted processes had, however, been missing.</text></s></P><P><s sid="36"><CoreSc1 atype="GSC" type="Bac" conceptID="Bac5" novelty="None" advantage="None"/><text>In a recent communication, we reported on first results of an investigation of the formation of H atoms from pyrrole and, for comparison, <IT>N</IT>-methylpyrrole in their lowest excited electronic states by photofragment velocity map imaging.<REF TYPE="P" ID="cit25">25</REF></text></s> <s sid="37"><CoreSc1 atype="GSC" type="Met" conceptID="Met5" novelty="Old" advantage="None"/><text>Pyrrole was excited to the 1 <SP>1</SP>A<SB>2</SB> (πσ*) state at <IT>λ</IT> = 243 nm, and the nascent H atoms were detected at the same wavelength by 2 + 1 REMPI.</text></s> <s sid="38"><CoreSc1 atype="GSC" type="Bac" conceptID="Bac5" novelty="None" advantage="None"/><text>The observed H atom velocity maps showed the existence of two dissociation channels.</text></s> <s sid="39"><CoreSc1 atype="GSC" type="Bac" conceptID="Bac5" novelty="None" advantage="None"/><text>The first was found to produce very fast H atoms and appeared to be due to a rapid direct NH bond cleavage in the excited electronic state, as predicted by the theoretical studies.<REF TYPE="P" ID="cit1 cit11">1,11</REF></text></s> <s sid="40"><CoreSc1 atype="GSC" type="Bac" conceptID="Bac5" novelty="None" advantage="None"/><text>The H atom kinetic energy distribution had a strong, narrow peak at high translational energies.</text></s> <s sid="41"><CoreSc1 atype="GSC" type="Bac" conceptID="Bac5" novelty="None" advantage="None"/><text>The less important second channel was observed to lead to much slower H atoms with a very broad kinetic energy distribution, consistent with a statistical formation <IT>via</IT> unimolecular decay reactions in the electronic ground state after internal conversion from the excited state.</text></s> <s sid="42"><CoreSc1 atype="GSC" type="Bac" conceptID="Bac5" novelty="None" advantage="None"/><text>This conclusion was supported by the results for <IT>N</IT>-methylpyrrole which showed only H atoms corresponding to the second channel.</text></s> <s sid="43"><CoreSc1 atype="GSC" type="Bac" conceptID="Bac5" novelty="None" advantage="None"/><text>The experimental results<REF TYPE="P" ID="cit25">25</REF> thus corroborated the proposal by Sobolewski and Domcke<REF TYPE="P" ID="cit1 cit11">1,11</REF> that the lowest excited electronic state of pyrrole has πσ* character and is anti-bonding with respect to the stretching of the N–H bond.</text></s></P><P><s sid="44"><CoreSc1 atype="GSC" type="Obj" conceptID="Obj2" novelty="None" advantage="None"/><text>In this discussion paper, we present the results of an extended study of the photochemical dynamics of normal pyrrole (pyrrole-<IT>h</IT><SB>1</SB>) and selectively deuterated pyrrole (pyrrole-<IT>d</IT><SB>1</SB>) at two excitation wavelengths, <IT>λ</IT> = 243 nm and <IT>λ</IT> = 217 nm.</text></s> <s sid="45"><CoreSc1 atype="GSC" type="Mod" conceptID="Mod1" novelty="None" advantage="None"/><text>The reactions studied can be written as C<SB>4</SB>H<SB>4</SB>NH + <IT>hν</IT> → H + C<SB>4</SB>H<SB>4</SB>NandC<SB>4</SB>H<SB>4</SB>ND + <IT>hν</IT> → D + C<SB>4</SB>H<SB>4</SB>N → H + C<SB>4</SB>H<SB>3</SB>NDThe two excitation wavelengths (243 and 217 nm) will be indicated below by unprimed and primed labels, where appropriate.</text></s></P><P><s sid="46"><CoreSc1 atype="GSC" type="Exp" conceptID="Exp2" novelty="None" advantage="None"/><text>In the first set of experiments (<IT>λ</IT> = 243 nm, one colour), we probed the H and D atom photodetachment from both isotopomers <IT>via</IT> the 1 <SP>1</SP>A<SB>2</SB> (πσ*) state.</text></s> <s sid="47"><CoreSc1 atype="GSC" type="Obs" conceptID="Obs3" novelty="None" advantage="None"/><text>The obtained new D atom images from pyrrole-<IT>d</IT><SB>1</SB> (reaction (2d)) were seen to exhibit an efficient ultrafast mode-specific dissociation of the ND bond of the molecules on the πσ* potential energy surface, confirming the corresponding interpretation of our earlier experiments<REF TYPE="P" ID="cit25">25</REF> and providing direct evidence for the theoretical predictions of Sobolewski and Domcke.<REF TYPE="P" ID="cit1 cit11">1,11</REF></text></s></P><P><s sid="48"><CoreSc1 atype="GSC" type="Exp" conceptID="Exp3" novelty="None" advantage="None"/><text>In the second set of experiments, we performed two-colour measurements, in which the molecules were excited to the 1 <SP>1</SP>B<SB>2</SB> (ππ*) state at <IT>λ</IT> = 217 nm and the H atoms were again probed at <IT>λ</IT> = 243 nm.</text></s> <s sid="49"><CoreSc1 atype="GSC" type="Con" conceptID="Con2" novelty="None" advantage="None"/><text>The results of these experiments corroborate the postulate that the 1 <SP>1</SP>B<SB>2</SB> (ππ*) state is predissociated by the repulsive πσ* state.</text></s></P></DIV><DIV DEPTH="1"><HEADER HEADER_MARKER="II.">Experimental section</HEADER><P><s sid="50"><CoreSc1 atype="GSC" type="Bac" conceptID="Bac6" novelty="None" advantage="None"/><text>The photofragment velocity map imaging apparatus built in our laboratory will be described in some detail elsewhere.<REF TYPE="P" ID="cit26">26</REF></text></s> <s sid="51"><CoreSc1 atype="GSC" type="Bac" conceptID="Bac6" novelty="None" advantage="None"/><text>The basic set-up resembles that of Eppink and Parker.<REF TYPE="P" ID="cit27">27</REF></text></s> <s sid="52"><CoreSc1 atype="GSC" type="Exp" conceptID="Exp4" novelty="None" advantage="None"/><text>A gas mixture containing ≈0.1% of pyrrole in He was prepared by bubbling the seed gas through a sample of liquid pyrrole stored in a glass reservoir at –20 °C and 1 bar pressure.</text></s> <s sid="53"><CoreSc1 atype="GSC" type="Exp" conceptID="Exp4" novelty="None" advantage="None"/><text>The gases expanded into a differentially pumped stainless steel vacuum chamber through a solenoid actuated pulsed valve (General Valve #9) operated at 10 Hz repetition rate with ≈350 µs pulse<SP>–1</SP> opening times.</text></s> <s sid="54"><CoreSc1 atype="GSC" type="Exp" conceptID="Exp4" novelty="None" advantage="None"/><text>A molecular beam entered the second vacuum stage through a 1 mm diameter electroformed conical skimmer (Beam Dynamics).</text></s> <s sid="55"><CoreSc1 atype="GSC" type="Obs" conceptID="Obs4" novelty="None" advantage="None"/><text>Based on our experience with other molecules under similar expansion conditions,<REF TYPE="P" ID="cit28">28</REF> the rotational temperature of the pyrrole in the molecular beam was estimated to be of the order of <IT>T</IT><SB>rot</SB> ≈ (20 ± 10) K.</text></s></P><P><s sid="56"><CoreSc1 atype="GSC" type="Exp" conceptID="Exp4" novelty="None" advantage="None"/><text>The photolysis/probe laser beams intersected the molecular beam at right angle halfway between the repeller and extractor plates of the Wiley-McLaren ion imaging electrode assembly.</text></s> <s sid="57"><CoreSc1 atype="GSC" type="Exp" conceptID="Exp4" novelty="None" advantage="None"/><text>A liquid nitrogen cryo-pump surrounding the arrangement minimized the residual hydrocarbon background.</text></s> <s sid="58"><CoreSc1 atype="GSC" type="Met" conceptID="Met6" novelty="Old" advantage="None"/><text>The laser radiation at <IT>λ</IT> = 243 nm (≈0.05–1.4 mJ) was generated by frequency-doubling the output of a Nd:YAG pumped dye laser (Quanta-Ray GCR-3/Lambda Physik FL-3002) in a BBO I crystal and focused into the molecular beam with an <IT>f</IT> = 1 m lens.</text></s> <s sid="59"><CoreSc1 atype="GSC" type="Met" conceptID="Met7" novelty="Old" advantage="None"/><text>Light at <IT>λ</IT> = 217 nm (≈0.1–2.0 mJ) was generated by frequency-doubling the output of a XeCl excimer pumped dye laser (Lambda Physik EMG 201/Lambda Physik FL-3002) in a BBO II crystal.</text></s> <s sid="60"><CoreSc1 atype="GSC" type="Exp" conceptID="Exp5" novelty="None" advantage="None"/><text>To avoid a photolysis of the pyrrole with the <IT>λ</IT> = 243 nm probe light in the two-colour experiments, the probe power was lowered until the 243 nm one-colour signal in the absence of the 217 nm photolysis beam had virtually disappeared.</text></s> <s sid="61"><CoreSc1 atype="GSC" type="Exp" conceptID="Exp5" novelty="None" advantage="None"/><text>The probe beam was time-delayed by ≈15 ns with respect to the counterpropagating photolysis beam.</text></s> <s sid="62"><CoreSc1 atype="GSC" type="Exp" conceptID="Exp5" novelty="None" advantage="None"/><text>The laser polarizations were oriented with the electric field vectors perpendicular to the plane defined by the molecular beam and the laser beams using Wollaston polarizers and Fresnel double rhombs.</text></s></P><P><s sid="63"><CoreSc1 atype="GSC" type="Exp" conceptID="Exp5" novelty="None" advantage="None"/><text>All imaging measurements were made under velocity mapping conditions.<REF TYPE="P" ID="cit27">27</REF></text></s> <s sid="64"><CoreSc1 atype="GSC" type="Exp" conceptID="Exp6" novelty="None" advantage="None"/><text>The probe laser was periodically scanned by ±6 cm<SP>–1</SP> resp. ±4 cm<SP>–1</SP> around the line centers of the recoiling H and D atoms to cover their complete Doppler profiles.</text></s> <s sid="65"><CoreSc1 atype="GSC" type="Exp" conceptID="Exp6" novelty="None" advantage="None"/><text>The resulting H<SP>+</SP>/D<SP>+</SP> ions were detected by a microchannel plate (MCP) detector coupled to a phosphorescence screen.</text></s> <s sid="66"><CoreSc1 atype="GSC" type="Exp" conceptID="Exp6" novelty="None" advantage="None"/><text>The obtained signals were recorded with a CCD camera (640 × 480 pixels, LaVision) and accumulated over up to 200 000 laser shots using single ion counting and centroiding<REF TYPE="P" ID="cit29">29</REF> to improve the detection sensitivity and spatial resolution and discriminate against noise.</text></s> <s sid="67"><CoreSc1 atype="GSC" type="Exp" conceptID="Exp6" novelty="None" advantage="None"/><text>Background images were taken under the same experimental conditions with the molecular beam valve closed.</text></s> <s sid="68"><CoreSc1 atype="GSC" type="Exp" conceptID="Exp6" novelty="None" advantage="None"/><text>Mass selectivity was achieved using a fast transistor switch (Behlke) to gate the MCP voltage.</text></s></P><P><s sid="69"><CoreSc1 atype="GSC" type="Exp" conceptID="Exp7" novelty="None" advantage="None"/><text>Normal pyrrole (Aldrich, 98%) was used after repeated fractionated distillation until the liquid was clear.</text></s> <s sid="70"><CoreSc1 atype="GSC" type="Exp" conceptID="Exp8" novelty="None" advantage="None"/><text>Catalytic reactions in the stainless steel supply pipe were suppressed by maintaining a slow flow of the pyrrole/carrier gas mixture through a 1 mm id teflon tube extending in the supply line from the sample reservoir all the way to the molecular beam nozzle.</text></s> <s sid="71"><CoreSc1 atype="GSC" type="Exp" conceptID="Exp9" novelty="None" advantage="None"/><text>Pyrrole-<IT>d</IT><SB>1</SB> was prepared from the normal isotopomer by repeated stirring with excess D<SB>2</SB>O.</text></s> <s sid="72"><CoreSc1 atype="GSC" type="Exp" conceptID="Exp9" novelty="None" advantage="None"/><text>The final product was dried over Na<SB>2</SB>CO<SB>3</SB>.</text></s> <s sid="73"><CoreSc1 atype="GSC" type="Met" conceptID="Met8" novelty="Old" advantage="None"/><text>The deuteration (&gt;97%) was checked by NMR spectroscopy.</text></s> <s sid="74"><CoreSc1 atype="GSC" type="Exp" conceptID="Exp10" novelty="None" advantage="None"/><text>The gas supply lines of the apparatus were thoroughly purged overnight with D<SB>2</SB>O vapour before the measurements with the deuterated sample to prevent isotope exchange with H<SB>2</SB>O at the walls.</text></s></P></DIV><DIV DEPTH="1"><HEADER HEADER_MARKER="III.">Results</HEADER><P><s sid="75"><CoreSc1 atype="GSC" type="Mod" conceptID="Mod2" novelty="None" advantage="None"/><text>The two-dimensional (2D) velocity mapped H/D images provided by the experiments at <IT>λ</IT> = 243 nm and <IT>λ</IT> = 217 nm were inverse Abel transformed<REF TYPE="P" ID="cit30">30</REF> to obtain the respective three-dimensional (3D) velocity distributions using the basis-set expansion method of Dribinski <IT>et al.</IT><REF TYPE="P" ID="cit31">31</REF></text></s> <s sid="76"><CoreSc1 atype="GSC" type="Mod" conceptID="Mod2" novelty="None" advantage="None"/><text>The required calibrations were performed by measuring H/D photofragment images from HBr/DBr and HI/DI, for which the dissociation energies are precisely known (<IT>D</IT>00(HBr) = 30 210 cm<SP>–1</SP>, <IT>D</IT>00(HI) = 24 630 cm<SP>–1</SP>).<REF TYPE="P" ID="cit32 cit33 cit34 cit35">32–35</REF></text></s></P><P><s sid="77"><CoreSc1 atype="GSC" type="Bac" conceptID="Bac7" novelty="None" advantage="None"/><text>The results obtained at the two excitation wavelengths will be considered separately.</text></s></P><DIV DEPTH="2"><HEADER HEADER_MARKER="A."><IT>λ</IT> = 243 nm</HEADER><DIV DEPTH="3"><HEADER HEADER_MARKER="1.">H/D velocity maps</HEADER><P><s sid="78"><CoreSc1 atype="GSC" type="Obs" conceptID="Obs5" novelty="None" advantage="None"/><text>The H atom image from pyrrole-<IT>h</IT><SB>1</SB> and the D and H atom images from pyrrole-<IT>d</IT><SB>1</SB> recorded in the one-colour photodissociation experiments at <IT>λ</IT> = 243 nm are displayed in Fig. 2a–c in the upper row.</text></s> <s sid="79"><CoreSc1 atype="GSC" type="Obs" conceptID="Obs5" novelty="None" advantage="None"/><text>The respective 3D velocity distributions are given in the second row.</text></s> <s sid="80"><CoreSc1 atype="GSC" type="Obs" conceptID="Obs6" novelty="None" advantage="None"/><text>All images show a clearly visible, spatially anisotropic outer ring corresponding to very fast H/D atoms with a sharply peaked speed distribution and a diffuse, spatially isotropic inner region reflecting slower H/D atoms with a broad speed distribution.</text></s> <s sid="81"><CoreSc1 atype="GSC" type="Bac" conceptID="Bac8" novelty="None" advantage="None"/><text>With the data for the deuterated molecule, these distinctive dissociation channels can be identified with some confidence.</text></s></P><P><s sid="82"><CoreSc1 atype="GSC" type="Bac" conceptID="Bac8" novelty="None" advantage="None"/><text>Reiterating first the conclusions for the case of pyrrole-<IT>h</IT><SB>1</SB> (reaction (1), Fig. 2a),<REF TYPE="P" ID="cit25">25</REF> the fast H atoms can be attributed to the direct NH dissociation in the πσ* state (referred to in our earlier paper and in the following as channel A) and the slower H atoms may be ascribed to unimolecular decay reactions after internal conversion (IC) to the S<SB>0</SB> state (referred to as channel B).</text></s> <s sid="83"><CoreSc1 atype="GSC" type="Bac" conceptID="Bac8" novelty="None" advantage="None"/><text>However, the evidence for the assignment of the fast H atoms to the NH group had so far only been circumstantial.<REF TYPE="P" ID="cit25">25</REF></text></s></P><P><s sid="84"><CoreSc1 atype="GSC" type="Res" conceptID="Res3" novelty="None" advantage="None"/><text>The present results provide the missing additional information: In particular, it can be seen from the image for reaction (2d) in Fig. 2b that the sharp ring of fast D atoms from pyrrole-<IT>d</IT><SB>1</SB>, for which the site of the D atom is unambiguous, is even more striking than that of the H atoms from pyrrole-<IT>h</IT><SB>1</SB> (Fig. 2a).</text></s> <s sid="85"><CoreSc1 atype="GSC" type="Res" conceptID="Res3" novelty="None" advantage="None"/><text>At the same time, the slow D atom signal from pyrrole-<IT>d</IT><SB>1</SB> is the by far weakest in the series.</text></s> <s sid="86"><CoreSc1 atype="GSC" type="Con" conceptID="Con3" novelty="None" advantage="None"/><text>These results demonstrate clearly that the fast D atoms originate from the N position and not from any of the four C positions of the parent molecule.</text></s></P><P><s sid="87"><CoreSc1 atype="GSC" type="Res" conceptID="Res4" novelty="None" advantage="None"/><text>In contrast, pyrrole-<IT>d</IT><SB>1</SB> shows the highest intensity of slow H atoms in the series of the three molecules (Fig. 2c, channel B), although there is also a small fraction of fast H atoms from pyrrole-<IT>d</IT><SB>1</SB>.</text></s> <s sid="88"><CoreSc1 atype="GSC" type="Hyp" conceptID="Hyp1" novelty="None" advantage="None"/><text>The latter observation may indicate the existence of a third pathway (referred to in the following as channel C, see discussion).</text></s></P><P><s sid="89"><CoreSc1 atype="GSC" type="Met" conceptID="Met9" novelty="Old" advantage="None"/><text>The relative yields of D and H from pyrrole-<IT>d</IT><SB>1</SB> were determined by recording a REMPI spectrum (Fig. 3).</text></s> <s sid="90"><CoreSc1 atype="GSC" type="Res" conceptID="Res5" novelty="None" advantage="None"/><text>From the ratio of the integrated signals, the ND group accounts for ≈(74 ± 5)% of the observed atoms, while the four CH sites account for ≈(26 ± 5)%.</text></s> <s sid="91"><CoreSc1 atype="GSC" type="Con" conceptID="Con4" novelty="None" advantage="None"/><text>On a per bond basis, CH dissociation is therefore really only a minor process.</text></s></P><P><s sid="92"><CoreSc1 atype="GSC" type="Bac" conceptID="Bac9" novelty="None" advantage="None"/><text>In the following, the attention will be focused mainly on the direct dissociation dynamics <IT>via</IT> channel A.</text></s></P></DIV><DIV DEPTH="3"><HEADER HEADER_MARKER="2.">Translational energy distributions</HEADER><P><s sid="93"><CoreSc1 atype="GSC" type="Obs" conceptID="Obs7" novelty="None" advantage="None"/><text>The total center-of-mass (cm) translational energy distributions <IT>P</IT>(<IT>E</IT><SB>T</SB>) of the photofragments which follow by integrating the 3D velocity distributions (Fig. 2) over the angular directions and applying linear momentum conservation for the two fragments are given in Fig. 4a–c.</text></s> <s sid="94"><CoreSc1 atype="GSC" type="Mod" conceptID="Mod3" novelty="None" advantage="None"/><text>The areas under the experimental curves in the three panels were normalized with respect to each other to reflect the respective branching ratios.</text></s> <s sid="95"><CoreSc1 atype="GSC" type="Res" conceptID="Res6" novelty="None" advantage="None"/><text>The clearly bimodal distributions nicely confirm the existence of the aforementioned distinctive dissociation channels that were apparent from the images.</text></s></P><P><s sid="96"><CoreSc1 atype="GSC" type="Mod" conceptID="Mod4" novelty="None" advantage="None"/><text>In order to determine quantitative data for a comparison of the three isotopomers and their dynamics at the two photoexcitation wavelengths, the <IT>P</IT>(<IT>E</IT><SB>T</SB>) profiles were fitted by using a sharply peaked Gaussian to represent the contributions of the fast atoms and a simple polynomial to account for the broad background of slow atoms.</text></s> <s sid="97"><CoreSc1 atype="GSC" type="Obs" conceptID="Obs8" novelty="None" advantage="None"/><text>As seen, the experimental profiles could be nicely described.</text></s> <s sid="98"><CoreSc1 atype="GSC" type="Mod" conceptID="Mod5" novelty="None" advantage="None"/><text>Alternatively, the fast atoms were also modeled using a three-parameter trial function of the form<REF TYPE="P" ID="cit36">36</REF><IT>P</IT>(<IT>E</IT><SB>T</SB>) = <IT>E</IT><SB>avl</SB>[<IT>f</IT><IT>a</IT>T(1 – <IT>f</IT><SB>T</SB>)<SP><IT>b</IT></SP>],where <IT>f</IT><SB>T</SB> is the fraction of the available excess energy (<IT>E</IT><SB>avl</SB>) channeled into fragment translation.</text></s> <s sid="99"><CoreSc1 atype="GSC" type="Bac" conceptID="Bac10" novelty="None" advantage="None"/><text>This flexible fitting function has the advantage that <IT>E</IT><SB>avl</SB>, which is given by the photon energy minus the dissociation energy of the molecules, can be determined by the fitting.</text></s> <s sid="100"><CoreSc1 atype="GSC" type="Res" conceptID="Res7" novelty="None" advantage="None"/><text>Apart from this point, however, the differences between using this expression or the Gaussian were negligible.</text></s></P><P><s sid="101"><CoreSc1 atype="GSC" type="Obs" conceptID="Obs9" novelty="None" advantage="None"/><text>The parameters from the fits are compiled in Table 1.</text></s> <s sid="102"><CoreSc1 atype="GSC" type="Obs" conceptID="Obs9" novelty="None" advantage="None"/><text>In addition, the table lists the relative yields (branching ratios) <IT>y</IT><SB><IT>i</IT></SB> of the different dissociation channels given by the areas under the respective curves.</text></s> <s sid="103"><CoreSc1 atype="GSC" type="Res" conceptID="Res8" novelty="None" advantage="None"/><text>For reaction (2), the <IT>y</IT><SB><IT>i</IT></SB> values account for the branching ratio between (2d) and (2h) from Fig. 3 so that the total yield is ∑<SB><IT>i</IT></SB> <IT>y</IT><SB><IT>i</IT></SB> = 1.</text></s></P></DIV><DIV DEPTH="3"><HEADER HEADER_MARKER="3.">Energy balance and determination of the NH/ND bond dissociation energy</HEADER><P><s sid="104"><CoreSc1 atype="GSC" type="Mod" conceptID="Mod6" novelty="None" advantage="None"/><text>The energy balance for the dissociation according to channel A is given by <IT>E</IT><SB><IT>h</IT><IT>ν</IT></SB> = <IT>D</IT>00 + <IT>E</IT><SB>T</SB> + <IT>E</IT>PyVR – <IT>E</IT>PVR.<IT>E</IT><SB><IT>h</IT><IT>ν</IT></SB> is the photon energy, <IT>D</IT>00 the NH/ND bond dissociation energy, <IT>E</IT><SB>T</SB> the total translational energy of the two fragments, <IT>E</IT>PyVR the vibration–rotation energy of the pyrrolyl co-product, and <IT>E</IT>PVR the internal energy of the parent molecules.</text></s> <s sid="105"><CoreSc1 atype="GSC" type="Mod" conceptID="Mod6" novelty="None" advantage="None"/><text>Considering the efficient cooling of the molecules in the molecular beam expansion, the latter term is small and may be neglected.</text></s> <s sid="106"><CoreSc1 atype="GSC" type="Mod" conceptID="Mod6" novelty="None" advantage="None"/><text>Thus, the available energy partitioned among the translational and internal (vibration–rotation) degrees of freedom of the fragments is <IT>E</IT><SB>avl</SB> = <IT>E</IT><SB><IT>h</IT><IT>ν</IT></SB> – <IT>D</IT>00 = <IT>E</IT><SB>T</SB> + <IT>E</IT>PyVR.Since the fastest H/D atoms may be assumed to correspond to internally cold pyrrolyl radicals (<IT>E</IT>PyVR ≈ 0), <IT>E</IT><SB>avl</SB> can be determined from the sharp cut-off of the <IT>P</IT>(<IT>E</IT><SB>T</SB>) distribution at the allowed maximal value (<IT>E</IT>maxT) of <IT>E</IT><SB>T</SB> , eqn. (I).</text></s> <s sid="107"><CoreSc1 atype="GSC" type="Obs" conceptID="Obs10" novelty="None" advantage="None"/><text>The data are given in Table 1.</text></s> <s sid="108"><CoreSc1 atype="GSC" type="Res" conceptID="Res9" novelty="None" advantage="None"/><text>The corresponding values for the bond dissociation energy according to eqn. (III) are</text></s><P><s sid="109"><CoreSc1 atype="GSC" type="Res" conceptID="Res9" novelty="None" advantage="None"/><text><IT>D</IT>00(NH) = (31 000 ± 500) cm<SP>–1</SP>,</text></s></P><P><s sid="110"><CoreSc1 atype="GSC" type="Res" conceptID="Res9" novelty="None" advantage="None"/><text><IT>D</IT>00(ND) = (31 500 ± 500) cm<SP>–1</SP>.</text></s></P><s sid="111"><CoreSc1 atype="GSC" type="Res" conceptID="Res10" novelty="None" advantage="None"/><text>Furthermore, it can be seen from Table 1 that <IT>on average</IT> about 67% of the available energy is channeled into relative fragment translation, 33% is deposited as internal energy in the pyrrolyl radical.</text></s></P></DIV><DIV DEPTH="3"><HEADER HEADER_MARKER="4.">Recoil anisotropies</HEADER><P><s sid="112"><CoreSc1 atype="GSC" type="Mod" conceptID="Mod7" novelty="None" advantage="None"/><text>The photofragment angular distributions <IT>P</IT>(<IT>θ</IT>) are obtained in principle by integrating the 3D velocity maps in Fig. 2 over the radii.</text></s> <s sid="113"><CoreSc1 atype="GSC" type="Mod" conceptID="Mod7" novelty="None" advantage="None"/><text>The resulting distributions can then be fitted using the standard expression<REF TYPE="P" ID="cit37">37</REF><IT>P</IT>(<IT>θ</IT>) = (4π)<SP>–1</SP>[1 + <IT>βP</IT><SB>2</SB>(cos <IT>θ</IT>)].<IT>θ</IT> is the angle between the recoil direction and the laser polarization, <IT>P</IT><SB>2</SB>(cos <IT>θ</IT>) is the second-order Legendre polynomial, and <IT>β</IT> is the anisotropy parameter.</text></s> <s sid="114"><CoreSc1 atype="GSC" type="Bac" conceptID="Bac11" novelty="None" advantage="None"/><text>In the limiting case of a single dissociation channel resulting from a pure parallel or perpendicular electronic transition, <IT>β</IT> is known to take the values +2 or –1, respectively, as long as the dissociation is fast compared to the rotation of the molecules.</text></s></P><P><s sid="115"><CoreSc1 atype="GSC" type="Bac" conceptID="Bac12" novelty="None" advantage="None"/><text>In the present case, we have an anisotropic (<IT>β</IT><SB>A</SB> &lt; 0) distribution (channel A) above an isotropic (<IT>β</IT><SB>B</SB> = 0) background (channel B).</text></s> <s sid="116"><CoreSc1 atype="GSC" type="Mod" conceptID="Mod8" novelty="None" advantage="None"/><text>In order to separate both contributions as well as possible, we integrated the 3D velocity maps by considering only the anisotropic outer shells with <IT>E</IT><SB>T</SB> in the range 5000 cm<SP>–1</SP> ≤ <IT>E</IT><SB>T</SB> ≤ 8000 cm<SP>–1</SP>.</text></s> <s sid="117"><CoreSc1 atype="GSC" type="Obs" conceptID="Obs11" novelty="None" advantage="None"/><text>The resulting <IT>P</IT>(<IT>θ</IT>) distributions from reactions (1) and (2d) are presented in Fig. 5.</text></s></P><P><s sid="118"><CoreSc1 atype="GSC" type="Obs" conceptID="Obs12" novelty="None" advantage="None"/><text>The values for the effective asymmetry parameters (<IT>β</IT><SP>eff</SP>) which were fitted to these data are given in Table 1.</text></s> <s sid="119"><CoreSc1 atype="GSC" type="Obs" conceptID="Obs12" novelty="None" advantage="None"/><text>The anisotropy parameters for channel A (<IT>β</IT><SB>A</SB>) listed in Table 1 in the last column were then found by correcting <IT>β</IT><SP>eff</SP> for the relative fractions of the two channels in the integration range.</text></s> <s sid="120"><CoreSc1 atype="GSC" type="Res" conceptID="Res11" novelty="None" advantage="None"/><text>The data confirm the assumption of a preferentially perpendicular distribution.</text></s></P></DIV></DIV><DIV DEPTH="2"><HEADER HEADER_MARKER="B."><IT>λ</IT> = 217 nm</HEADER><DIV DEPTH="3"><HEADER HEADER_MARKER="1.">H/D velocity maps</HEADER><P><s sid="121"><CoreSc1 atype="GSC" type="Obs" conceptID="Obs13" novelty="None" advantage="None"/><text>The H/D velocity maps obtained after excitation of the 1 <SP>1</SP>B<SB>2</SB> (ππ*) state at <IT>λ</IT> = 217 nm in the two-colour experiments and the resulting 3D velocity distributions are depicted in Fig. 6a–c.</text></s> <s sid="122"><CoreSc1 atype="GSC" type="Obs" conceptID="Obs13" novelty="None" advantage="None"/><text>In principle, the images look similar to those seen before at <IT>λ</IT> = 243 nm.</text></s> <s sid="123"><CoreSc1 atype="GSC" type="Obs" conceptID="Obs13" novelty="None" advantage="None"/><text>In particular, they exhibit again a sharp, anisotropic outer ring reflecting fast H/D atoms with a narrow speed distribution and a broad, structureless inner feature corresponding to much slower atoms.</text></s> <s sid="124"><CoreSc1 atype="GSC" type="Res" conceptID="Res12" novelty="None" advantage="None"/><text>The sharp rings in the H atom image from reaction (1′) in Fig. 6a and the D atom image from reaction (2d′) in Fig. 6b are again attributed to a fast dissociation of the NH/ND bond (referred to in the following as channel A′).</text></s> <s sid="125"><CoreSc1 atype="GSC" type="Con" conceptID="Con5" novelty="None" advantage="None"/><text>Since the excited 1 <SP>1</SP>B<SB>2</SB> (ππ*) state does not correlate directly with H/D + pyrrolyl, this dissociation is assumed to proceed <IT>via</IT> the lower-lying πσ* state, in accordance with the theoretical predictions.<REF TYPE="P" ID="cit1 cit11">1,11</REF></text></s> <s sid="126"><CoreSc1 atype="GSC" type="Res" conceptID="Res13" novelty="None" advantage="None"/><text>The structureless inner signal is again ascribed to unimolecular decay processes in the S<SB>0</SB> state (channel B′).</text></s></P><P><s sid="127"><CoreSc1 atype="GSC" type="Res" conceptID="Res14" novelty="None" advantage="None"/><text>In addition, pyrrole-<IT>d</IT><SB>1</SB> also leads to H atoms (Fig. 6c, channels B′ and C′).</text></s> <s sid="128"><CoreSc1 atype="GSC" type="Res" conceptID="Res15" novelty="None" advantage="None"/><text>A REMPI scan (Fig. 7) gave relative yields of ≈(40 ± 5)% D and ≈(60 ± 5)% H (see discussion).</text></s></P></DIV><DIV DEPTH="3"><HEADER HEADER_MARKER="2.">Translational energy distributions</HEADER><P><s sid="129"><CoreSc1 atype="GSC" type="Obs" conceptID="Obs14" novelty="None" advantage="None"/><text>The total translational energy distributions <IT>P</IT>(<IT>E</IT><SB>T</SB>) at <IT>λ</IT> = 217 nm are given in Fig. 8.</text></s> <s sid="130"><CoreSc1 atype="GSC" type="Obs" conceptID="Obs15" novelty="None" advantage="None"/><text>The data were fitted in the same way as above; the results are collected in Table 2.</text></s></P><P><s sid="131"><CoreSc1 atype="GSC" type="Res" conceptID="Res16" novelty="None" advantage="None"/><text>Considered on a per bond basis, the direct fission of the NH/ND bond (channel A′) can be seen to remain a major dissociation pathway.</text></s> <s sid="132"><CoreSc1 atype="GSC" type="Obs" conceptID="Obs16" novelty="None" advantage="None"/><text>However, compared to the results at <IT>λ</IT> = 243 nm, the data at <IT>λ</IT> = 217 nm show significantly higher yields for channel B′.</text></s> <s sid="133"><CoreSc1 atype="GSC" type="Res" conceptID="Res17" novelty="None" advantage="None"/><text>In line with the higher photon energy, the <IT>P</IT>(<IT>E</IT><SB>T</SB>) distributions for both channels A′ and B′ extend to higher translational energies (<IT>i.e.</IT>, higher <IT>E</IT>maxT).</text></s> <s sid="134"><CoreSc1 atype="GSC" type="Obs" conceptID="Obs16" novelty="None" advantage="None"/><text>At the same time, the distributions are significantly broader.</text></s> <s sid="135"><CoreSc1 atype="GSC" type="Obs" conceptID="Obs16" novelty="None" advantage="None"/><text>However, the cut-off of channel A′ at <IT>E</IT>maxT is not as well defined at <IT>λ</IT> = 217 nm than at 243 nm.</text></s> <s sid="136"><CoreSc1 atype="GSC" type="Res" conceptID="Res18" novelty="None" advantage="None"/><text>Indeed, the increase of the apparent <IT>E</IT>maxT is smaller than the increase in the photon energies (Δ<IT>E</IT><SB><IT>h</IT><IT>ν</IT></SB> = 4900 cm<SP>–1</SP>).</text></s> <s sid="137"><CoreSc1 atype="GSC" type="Obs" conceptID="Obs17" novelty="None" advantage="None"/><text>Furthermore, the distributions at the two wavelengths reach their peaks at practically the same energies (<IT>E</IT>peakT).</text></s> <s sid="138"><CoreSc1 atype="GSC" type="Res" conceptID="Res19" novelty="None" advantage="None"/><text>These findings are reflected by a correspondingly smaller fraction of the available energy funneled into fragment translation (43% at <IT>λ</IT> = 217 nm compared to 67% at <IT>λ</IT> = 243 nm).</text></s> <s sid="139"><CoreSc1 atype="GSC" type="Con" conceptID="Con6" novelty="None" advantage="None"/><text>Thus, in summary, a higher fraction of the excess energy appears to be deposited in internal degrees of freedom of the pyrrolyl radical.</text></s></P></DIV><DIV DEPTH="3"><HEADER HEADER_MARKER="3.">Recoil anisotropies</HEADER><P><s sid="140"><CoreSc1 atype="GSC" type="Obs" conceptID="Obs18" novelty="None" advantage="None"/><text>Despite the greater contributions of channel B′, the images at 217 nm show stronger spatial anisotropy than those at 243 nm.</text></s> <s sid="141"><CoreSc1 atype="GSC" type="Obs" conceptID="Obs19" novelty="None" advantage="None"/><text>The angular distributions <IT>P</IT>(<IT>θ</IT>) from reactions (1′) and (2d′) are presented in Fig. 9.</text></s> <s sid="142"><CoreSc1 atype="GSC" type="Obs" conceptID="Obs20" novelty="None" advantage="None"/><text>The effective asymmetry parameters <IT>β</IT><SP>eff</SP> and the resulting <IT>β</IT><SB>A′</SB> values are listed in Table 2.</text></s> <s sid="143"><CoreSc1 atype="GSC" type="Res" conceptID="Res20" novelty="None" advantage="None"/><text>The average value of <IT>β</IT><SB>A′</SB> = –0.95 ± 0.05 is practically equal to the perpendicular limit of <IT>β</IT> = –1.</text></s></P></DIV></DIV></DIV><DIV DEPTH="1"><HEADER HEADER_MARKER="IV.">Discussion</HEADER><P><s sid="144"><CoreSc1 atype="GSC" type="Bac" conceptID="Bac13" novelty="None" advantage="None"/><text>The photodissociation of pyrrole has first been studied by Blank <IT>et al.</IT> using photofragment translational spectroscopy (PTS).<REF TYPE="P" ID="cit38">38</REF></text></s> <s sid="145"><CoreSc1 atype="GSC" type="Bac" conceptID="Bac13" novelty="None" advantage="None"/><text>The authors performed experiments at two fixed wavelengths, <IT>λ</IT> = 248 nm and 193 nm.</text></s> <s sid="146"><CoreSc1 atype="GSC" type="Con" conceptID="Con7" novelty="None" advantage="None"/><text>The reported results for the formation of H atoms at both wavelengths are comparable to those obtained in the present work, although the underlying mechanisms could not be elucidated in detail at the time because of the lack of information on the excited electronic states of pyrrole.</text></s> <s sid="147"><CoreSc1 atype="GSC" type="Bac" conceptID="Bac13" novelty="None" advantage="None"/><text>However, the PTS results are of interest for this discussion because of the information on the branching ratios of the ensuing channels.</text></s> <s sid="148"><CoreSc1 atype="GSC" type="Bac" conceptID="Bac13" novelty="None" advantage="None"/><text>At <IT>λ</IT> = 248 nm, H + pyrrolyl were the only observed products.</text></s> <s sid="149"><CoreSc1 atype="GSC" type="Bac" conceptID="Bac13" novelty="None" advantage="None"/><text>At 193 nm, the authors also observed substantial amounts (≈50%) of products from ring opening reactions.</text></s></P><P><s sid="150"><CoreSc1 atype="GSC" type="Res" conceptID="Res21" novelty="None" advantage="None"/><text>The experimental results presented in this paper demonstrate clearly that the photochemical mechanisms of pyrrole in the near UV can only be rationalized by strong interactions between two excited electronic states in the region, 1 <SP>1</SP>A<SB>2</SB> and 1 <SP>1</SP>B<SB>2</SB>, and the electronic ground state S<SB>0</SB>.</text></s> <s sid="151"><CoreSc1 atype="GSC" type="Res" conceptID="Res21" novelty="None" advantage="None"/><text>The excited states have πσ* and ππ* character, respectively.</text></s> <s sid="152"><CoreSc1 atype="GSC" type="Res" conceptID="Res21" novelty="None" advantage="None"/><text>The electronic absorption is dominated by the oscillator strength of the 1 <SP>1</SP>B<SB>2</SB> state (<IT>f</IT> = 0.209).<REF TYPE="P" ID="cit23">23</REF></text></s> <s sid="153"><CoreSc1 atype="GSC" type="Res" conceptID="Res21" novelty="None" advantage="None"/><text>The dipole moment for the excitation from S<SB>0</SB> lies in the molecular plane and perpendicular to the NH bond.</text></s> <s sid="154"><CoreSc1 atype="GSC" type="Res" conceptID="Res21" novelty="None" advantage="None"/><text>The 2 <SP>1</SP>A<SB>1</SB> (ππ*) state, which has been calculated only 0.14 eV below 1 <SP>1</SP>B<SB>2</SB>, also plays some role (<IT>f</IT> = 0.036).</text></s> <s sid="155"><CoreSc1 atype="GSC" type="Res" conceptID="Res21" novelty="None" advantage="None"/><text>In contrast, the calculated oscillator strength of the 1 <SP>1</SP>A<SB>2</SB> state is negligible.</text></s> <s sid="156"><CoreSc1 atype="GSC" type="Res" conceptID="Res21" novelty="None" advantage="None"/><text>As mentioned, the 1 <SP>1</SP>A<SB>2</SB> state is observed in the UV spectrum only very weakly as a result of vibronic coupling with the neighboring electronically allowed states.</text></s></P><P><s sid="157"><CoreSc1 atype="GSC" type="Obs" conceptID="Obs21" novelty="None" advantage="None"/><text>A schematic diagram of the 1 <SP>1</SP>A<SB>2</SB> (πσ*) and 1 <SP>1</SP>B<SB>2</SB> (ππ*) potential energy surfaces is depicted in Fig. 10.</text></s> <s sid="158"><CoreSc1 atype="GSC" type="Bac" conceptID="Bac14" novelty="None" advantage="None"/><text>The energy profiles were plotted according to the information given by Sobolewski and Domcke.<REF TYPE="P" ID="cit1 cit11">1,11</REF></text></s> <s sid="159"><CoreSc1 atype="GSC" type="Obs" conceptID="Obs22" novelty="None" advantage="None"/><text>Note that the S<SB>0</SB> electronic state itself does not correlate directly with H + pyrrolyl in their electronic ground states.</text></s></P><DIV DEPTH="2"><HEADER HEADER_MARKER="A.">Dynamics of the 1 <SP>1</SP>A<SB>2</SB> (πσ*) state</HEADER><DIV DEPTH="3"><HEADER HEADER_MARKER="1.">Direct NH/ND bond fission</HEADER><P><s sid="160"><CoreSc1 atype="GSC" type="Bac" conceptID="Bac15" novelty="None" advantage="None"/><text>The previously reported H atom velocity maps from the photodissociation of pyrrole and <IT>N</IT>-methylpyrrole at <IT>λ</IT> = 243 nm gave the first experimental evidence for the repulsive nature of the 1 <SP>1</SP>A<SB>2</SB> excited electronic state of pyrrole with respect to the NH bond.<REF TYPE="P" ID="cit25">25</REF></text></s> <s sid="161"><CoreSc1 atype="GSC" type="Bac" conceptID="Bac15" novelty="None" advantage="None"/><text>The experimental observation of very fast H atoms with a narrow and spatially anisotropic velocity distribution (channel A) from pyrrole, but not from <IT>N</IT>-methylpyrrole, was consistent with the theoretical predictions<REF TYPE="P" ID="cit1 cit11">1,11</REF> that, as shown in Fig. 10, the NH bond in the first electronic state of pyrrole acquires πσ* character as the bond is stretched.</text></s></P><P><s sid="162"><CoreSc1 atype="GSC" type="Con" conceptID="Con8" novelty="None" advantage="None"/><text>With the detection of very fast D atoms from the photodissociation of pyrrole-<IT>d</IT><SB>1</SB> with a similar narrow and spatially anisotropic velocity distribution, the present work provides unambiguous evidence for the proposed mechanism.</text></s> <s sid="163"><CoreSc1 atype="GSC" type="Res" conceptID="Res22" novelty="None" advantage="None"/><text>Indeed, the fast direct ND bond fission in pyrrole- <IT>d</IT><SB>1</SB> in the 1 <SP>1</SP>A<SB>2</SB> (πσ*) excited electronic state accounts for 90% of the observed D atoms, or, when the H atoms from dissociation of the CH positions are taken into account, 67% of all channels.</text></s> <s sid="164"><CoreSc1 atype="GSC" type="Bac" conceptID="Bac16" novelty="None" advantage="None"/><text>The branching ratio for the direct H detachment in the excited state measured by Blank <IT>et al</IT><REF TYPE="P" ID="cit38">38</REF>. is somewhat smaller (47%) than ours (67%).</text></s> <s sid="165"><CoreSc1 atype="GSC" type="Res" conceptID="Res23" novelty="None" advantage="None"/><text>However, at <IT>λ</IT> = 248 nm, the molecules are excited just to the electronic origin of the 1 <SP>1</SP>A<SB>2</SB> state.</text></s> <s sid="166"><CoreSc1 atype="GSC" type="Con" conceptID="Con9" novelty="None" advantage="None"/><text>The difference of the branching ratios at 248 and 243 nm can thus be explained by a trapping of the molecules with the lower excitation energy in the shallow potential energy well of the 1 <SP>1</SP>A<SB>2</SB> state that has been found in the <IT>ab initio</IT> calculations.<REF TYPE="P" ID="cit1 cit11">1,11</REF></text></s> <s sid="167"><CoreSc1 atype="GSC" type="Obs" conceptID="Obs23" novelty="None" advantage="None"/><text>The shapes of the translational energy distributions of the fast H/D atoms in the present work and the study by Blank <IT>et al.</IT> are similar (see Table 1).</text></s></P><P><s sid="168"><CoreSc1 atype="GSC" type="Res" conceptID="Res24" novelty="None" advantage="None"/><text>The mode-specific nature of the fast NH/ND dissociation process in the 1 <SP>1</SP>A<SB>2</SB> state can be attributed to the unusual properties of the potential energy surface of the state (Fig. 10).</text></s> <s sid="169"><CoreSc1 atype="GSC" type="Res" conceptID="Res24" novelty="None" advantage="None"/><text>In particular, the large potential energy gradient along the NH stretching coordinate (πσ*) provides a strong driving force for a fast, direct cleavage of the NH/ND bond.</text></s> <s sid="170"><CoreSc1 atype="GSC" type="Res" conceptID="Res24" novelty="None" advantage="None"/><text>The conical intersection between the 1 <SP>1</SP>A<SB>2</SB> and S<SB>0</SB> states at <IT>r</IT><SB>NH</SB> ≈ 1.85 Å then acts as a funnel, through which the H/D atoms are expelled with very high kinetic energies.</text></s> <s sid="171"><CoreSc1 atype="GSC" type="Res" conceptID="Res24" novelty="None" advantage="None"/><text>This occurs on a time scale before IC to S<SB>0</SB> and intramolecular vibrational energy redistribution (IVR) may compete.</text></s></P><P><s sid="172"><CoreSc1 atype="GSC" type="Con" conceptID="Con10" novelty="None" advantage="None"/><text>From the spatial anisotropy parameter (<IT>β</IT> ≈ –0.45, Table 1), we have to conclude in any case that the dissociation lifetime of the excited molecules is comparable to or even shorter than their rotational period.</text></s> <s sid="173"><CoreSc1 atype="GSC" type="Res" conceptID="Res25" novelty="None" advantage="None"/><text>The electronic excitation is seen to be preferentially perpendicular, as we would expect for a vibronic coupling of the 1 <SP>1</SP>A<SB>2</SB> to the 1 <SP>1</SP>B<SB>2</SB> state.</text></s> <s sid="174"><CoreSc1 atype="GSC" type="Hyp" conceptID="Hyp2" novelty="None" advantage="None"/><text>However, there may also be contribution from vibronic coupling to the 2 <SP>1</SP>A<SB>1</SB> state, which can be reached from S<SB>0</SB><IT>via</IT> a parallel transition.</text></s> <s sid="175"><CoreSc1 atype="GSC" type="Con" conceptID="Con11" novelty="None" advantage="None"/><text>Thus, the <IT>β</IT> value could arise from a mixture of the two states.</text></s> <s sid="176"><CoreSc1 atype="GSC" type="Res" conceptID="Res26" novelty="None" advantage="None"/><text>In the limiting case of a very fast dissociation with <IT>β</IT><SB>1</SB> = –1 for the perpendicular (1 <SP>1</SP>B<SB>2</SB>) and <IT>β</IT><SB>2</SB> = +2 for the parallel (2 <SP>1</SP>A<SB>1</SB>) branch, this would imply a ratio of 82∶18% for the two states.</text></s> <s sid="177"><CoreSc1 atype="GSC" type="Bac" conceptID="Bac17" novelty="None" advantage="None"/><text>Incidentally, this is close to the ratio of the oscillator strengths.</text></s> <s sid="178"><CoreSc1 atype="GSC" type="Bac" conceptID="Bac18" novelty="None" advantage="None"/><text>Obviously, some caution with these considerations is advisable because of a possible short trapping of the molecules in the 1 <SP>1</SP>A<SB>2</SB> state.</text></s> <s sid="179"><CoreSc1 atype="GSC" type="Res" conceptID="Res27" novelty="None" advantage="None"/><text>We note nevertheless that in the case of the direct excitation of the 1 <SP>1</SP>B<SB>2</SB> state at <IT>λ</IT> = 217 nm, we have <IT>β</IT> = –0.95 ± 0.05 (Table 2), practically equal to the perpendicular limit, even though in this case the excited molecules have to pass through another conical intersection (from 1 <SP>1</SP>B<SB>2</SB> to the πσ* state) before the subsequent dissociation on the πσ* potential surface.</text></s></P></DIV><DIV DEPTH="3"><HEADER HEADER_MARKER="2.">Unimolecular decay after conversion to S<SB>0</SB></HEADER><P><s sid="180"><CoreSc1 atype="GSC" type="Res" conceptID="Res28" novelty="None" advantage="None"/><text>Considering the data for pyrrole-<IT>d</IT><SB>1</SB> (reaction (2)), a fraction of 33% of the H/D atoms appears to be produced <IT>via</IT> different other mechanisms.</text></s> <s sid="181"><CoreSc1 atype="GSC" type="Hyp" conceptID="Hyp3" novelty="None" advantage="None"/><text>IC from the 1 <SP>1</SP>A<SB>2</SB> to the S<SB>0</SB> electronic state is the first process that comes to mind.</text></s> <s sid="182"><CoreSc1 atype="GSC" type="Bac" conceptID="Bac19" novelty="None" advantage="None"/><text>This radiationless electronic transition is likely mediated by the same conical intersection that is responsible for the fast NH/ND bond dissociation (<IT>cf.</IT> Fig. 10).<REF TYPE="P" ID="cit1 cit11">1,11</REF></text></s> <s sid="183"><CoreSc1 atype="GSC" type="Bac" conceptID="Bac19" novelty="None" advantage="None"/><text>The intersection arises due to a vibrational mode of <IT>a</IT><SB>2</SB> symmetry, which corresponds to a screwing of the aromatic ring.</text></s> <s sid="184"><CoreSc1 atype="GSC" type="Bac" conceptID="Bac19" novelty="None" advantage="None"/><text>H/D atoms can then be produced from the resulting vibrationally hot S<SB>0</SB> molecules <IT>via</IT> a variety of unimolecular decay processes (channel B).</text></s></P><P><s sid="185"><CoreSc1 atype="GSC" type="Met" conceptID="Met10" novelty="Old" advantage="None"/><text>The unimolecular dissociation of pyrrole in the electronic ground state has been studied experimentally by shock tube pyrolysis measurements<REF TYPE="P" ID="cit39 cit40">39,40</REF> and theoretically by quantum chemical techniques and chemical kinetic modeling.<REF TYPE="P" ID="cit40 cit41 cit42 cit43 cit44">40–44</REF></text></s> <s sid="186"><CoreSc1 atype="GSC" type="Bac" conceptID="Bac20" novelty="None" advantage="None"/><text>The major decomposition products were found to be HCN, methylacetylene, and acetylene, besides numerous other products appearing in smaller quantities.</text></s> <s sid="187"><CoreSc1 atype="GSC" type="Bac" conceptID="Bac20" novelty="None" advantage="None"/><text>The complete mechanism that has been developed includes ≈200 elementary reactions so that a detailed discussion exceeds the scope of the present paper.</text></s> <s sid="188"><CoreSc1 atype="GSC" type="Bac" conceptID="Bac20" novelty="None" advantage="None"/><text>The lowest energy dissociation channel was found to proceed <IT>via</IT> an H atom migration to pyrrolenine (2H-pyrrole) followed by decomposition to HCN and CH<SB>3</SB>CCH.<REF TYPE="P" ID="cit39 cit40 cit43 cit44">39,40,43,44</REF></text></s> <s sid="189"><CoreSc1 atype="GSC" type="Obs" conceptID="Obs24" novelty="None" advantage="None"/><text>From the measurements of Blank <IT>et al</IT><REF TYPE="P" ID="cit38">38</REF>. who probed the molecules at almost the same excitation energy (<IT>λ</IT> = 248 nm), we know that these products do not seem play a role here.</text></s> <s sid="190"><CoreSc1 atype="GSC" type="Hyp" conceptID="Hyp4" novelty="None" advantage="None"/><text>There is also a possibility for an isomerization to <IT>cis</IT>-crotonitrile or vinylacetonitrile.</text></s> <s sid="191"><CoreSc1 atype="GSC" type="Bac" conceptID="Bac21" novelty="None" advantage="None"/><text>H + pyrrolyl are formed preferentially by the dissociation of the CH<SB>2</SB> group in the pyrrolenine intermediate rather than by direct NH bond fission.<REF TYPE="P" ID="cit43">43</REF></text></s> <s sid="192"><CoreSc1 atype="GSC" type="Bac" conceptID="Bac21" novelty="None" advantage="None"/><text>In this case, between one third and one half of the H atoms should originate from the NH position, the other two thirds to one half should originate from the CH positions, in line with the experimental results for reaction (2).</text></s> <s sid="193"><CoreSc1 atype="GSC" type="Bac" conceptID="Bac21" novelty="None" advantage="None"/><text>In addition, there are several other pathways to H atoms, including some that are connected with ring opening processes.</text></s> <s sid="194"><CoreSc1 atype="GSC" type="Bac" conceptID="Bac21" novelty="None" advantage="None"/><text>These atoms are expected to be produced with, essentially, statistical translational energy distributions.</text></s> <s sid="195"><CoreSc1 atype="GSC" type="Bac" conceptID="Bac22" novelty="None" advantage="None"/><text>Since the complex sequential unimolecular reactions of the molecules in the S<SB>0</SB> state are not the main topic at this Discussion on non-adiabatic effects, we will not consider them in further detail.</text></s></P></DIV><DIV DEPTH="3"><HEADER HEADER_MARKER="3.">CH dissociation in the 1 <SP>1</SP>A<SB>2</SB> state</HEADER><P><s sid="196"><CoreSc1 atype="GSC" type="Obs" conceptID="Obs25" novelty="None" advantage="None"/><text>Surprisingly, the photodissociation of pyrrole-<IT>d</IT><SB>1</SB> also seems to produce a small amount (≈10%) of fast H atoms (referred to above as channel C) with a similar velocity distribution as the D atoms from channel A (Table 1).</text></s> <s sid="197"><CoreSc1 atype="GSC" type="Obs" conceptID="Obs25" novelty="None" advantage="None"/><text>While it is difficult to rule out an experimental artifact by a D/H exchange in the molecules in the gas supply line between the reservoir and the molecular beam valve, it is noted that the results were reproducible from day to day and did not seem to depend on the length of time the system was treated with D<SB>2</SB>O.</text></s> <s sid="198"><CoreSc1 atype="GSC" type="Bac" conceptID="Bac23" novelty="None" advantage="None"/><text>A similar channel has also been noted by Blank <IT>et al.</IT><REF TYPE="P" ID="cit38">38</REF></text></s> <s sid="199"><CoreSc1 atype="GSC" type="Con" conceptID="Con12" novelty="None" advantage="None"/><text>Thus, we are tempted to postulate either a small contribution from a direct dissociation of one of the CH bonds in the excited 1 <SP>1</SP>A<SB>2</SB> state or a fast partial intramolecular exchange in the excited state before the NH dissociation on the repulsive 1 <SP>1</SP>A<SB>2</SB> potential energy surface.</text></s> <s sid="200"><CoreSc1 atype="GSC" type="Bac" conceptID="Bac24" novelty="None" advantage="None"/><text>Both processes should be investigated by additional theoretical calculations.</text></s> <s sid="201"><CoreSc1 atype="GSC" type="Bac" conceptID="Bac25" novelty="None" advantage="None"/><text>However, a fast D/H isotope exchange would also explain the observations.</text></s></P></DIV><DIV DEPTH="3"><HEADER HEADER_MARKER="4.">NH dissociation energy</HEADER><P><s sid="202"><CoreSc1 atype="GSC" type="Mot" conceptID="Mot5" novelty="None" advantage="None"/><text>The NH bond dissociation energy of the pyrrole molecule is of fundamental importance for estimating the thermal stability of the molecule in combustion processes.</text></s> <s sid="203"><CoreSc1 atype="GSC" type="Bac" conceptID="Bac26" novelty="None" advantage="None"/><text>The present study can be considered as the most direct experimental determination to date.</text></s> <s sid="204"><CoreSc1 atype="GSC" type="Res" conceptID="Res29" novelty="None" advantage="None"/><text>The value of <IT>D</IT>00(NH) = (31 000 ± 500) cm<SP>–1</SP> is in excellent agreement with that given by Blank <IT>et al.</IT><REF TYPE="P" ID="cit38">38</REF></text></s> <s sid="205"><CoreSc1 atype="GSC" type="Res" conceptID="Res29" novelty="None" advantage="None"/><text>(<IT>D</IT>00 = 30 800 cm<SP>–1</SP>) and slightly lower that the <IT>ab initio</IT> quantum chemical estimate of 33 180 cm<SP>–1</SP> reported by Bacskay <IT>et al.</IT><REF TYPE="P" ID="cit42">42</REF></text></s> <s sid="206"><CoreSc1 atype="GSC" type="Bac" conceptID="Bac27" novelty="None" advantage="None"/><text>The discrepancy to our earlier report<REF TYPE="P" ID="cit25">25</REF> stems from the recalibration of the velocity map images based on the photodissociation HBr and HI.</text></s> <s sid="207"><CoreSc1 atype="GSC" type="Res" conceptID="Res30" novelty="None" advantage="None"/><text>The difference between the values of <IT>D</IT>00(NH) and <IT>D</IT>00(ND) is somewhat smaller than the expected isotope effect and not unreasonable considering the error limits.</text></s> <s sid="208"><CoreSc1 atype="GSC" type="Bac" conceptID="Bac28" novelty="None" advantage="None"/><text>The accuracy of the present data is limited essentially only by the resolution of the images.</text></s></P></DIV></DIV><DIV DEPTH="2"><HEADER HEADER_MARKER="B.">Dynamics of the 1 <SP>1</SP>B<SB>2</SB> (ππ*) state</HEADER><DIV DEPTH="3"><HEADER HEADER_MARKER="1.">NH/ND predissociation <IT>via</IT> the 1 <SP>1</SP>A<SB>2</SB> state</HEADER><P><s sid="209"><CoreSc1 atype="GSC" type="Res" conceptID="Res31" novelty="None" advantage="None"/><text>The experimental results after excitation of the 1 <SP>1</SP>B<SB>2</SB> (ππ*) state at <IT>λ</IT> = 217 nm show that a large fraction of the excited molecules decay again by a fast detachment of the H atom from the NH position, although the excited state is bound with respect to the NH coordinate (Fig. 10).</text></s> <s sid="210"><CoreSc1 atype="GSC" type="Obs" conceptID="Obs26" novelty="None" advantage="None"/><text>As shown in Fig. 10, the geometry-optimized 1 <SP>1</SP>B<SB>2</SB> (ππ*) state lies slightly above the optimized 1 <SP>1</SP>A<SB>2</SB> (πσ*) state.</text></s> <s sid="211"><CoreSc1 atype="GSC" type="Bac" conceptID="Bac29" novelty="None" advantage="None"/><text>In a multi-dimensional picture, both are connected by a surface of intersection.</text></s> <s sid="212"><CoreSc1 atype="GSC" type="Bac" conceptID="Bac30" novelty="None" advantage="None"/><text>Vibrational modes of b<SB>1</SB> symmetry lift the degeneracies and lead to a conical intersection that can promote an efficient ultrafast radiationless transition from the 1 <SP>1</SP>B<SB>2</SB> to the 1 <SP>1</SP>A<SB>2</SB> surface.<REF TYPE="P" ID="cit11 cit1">11,1</REF></text></s> <s sid="213"><CoreSc1 atype="GSC" type="Bac" conceptID="Bac30" novelty="None" advantage="None"/><text>The subsequent dynamics is thus controlled by the πσ* potential surface.</text></s> <s sid="214"><CoreSc1 atype="GSC" type="Bac" conceptID="Bac30" novelty="None" advantage="None"/><text>In particular, the πσ* nature of the state leads to the same ultrafast NH bond dissociation and formation of H + pyrrolyl as observed before at <IT>λ</IT> = 243 nm.</text></s> <s sid="215"><CoreSc1 atype="GSC" type="Con" conceptID="Con13" novelty="None" advantage="None"/><text>Thus the experimental results for the observed channel A′ can be rationalized by a fast predissociation of the 1 <SP>1</SP>B<SB>2</SB>.</text></s> <s sid="216"><CoreSc1 atype="GSC" type="Con" conceptID="Con14" novelty="None" advantage="None"/><text>From the anisotropy parameter of <IT>β</IT> = –0.95, we have to conclude that this occurs on an ultrafast timescale (<IT>τ</IT> ≲ 300 fs).</text></s></P><P><s sid="217"><CoreSc1 atype="GSC" type="Res" conceptID="Res32" novelty="None" advantage="None"/><text>The translational energy distributions resulting from the predissociation of the 1 <SP>1</SP>B<SB>2</SB> state at <IT>λ</IT> = 217 nm are remarkably similar to those observed from the 1 <SP>1</SP>A<SB>2</SB> state at <IT>λ</IT> = 243 nm.</text></s> <s sid="218"><CoreSc1 atype="GSC" type="Obs" conceptID="Obs27" novelty="None" advantage="None"/><text>In particular, the peak energies (<IT>E</IT>peakT) are practically identical, despite of the higher photon energy at 217 nm, which increases <IT>E</IT><SB>avl</SB> by ≈4900 cm<SP>–1</SP>.</text></s> <s sid="219"><CoreSc1 atype="GSC" type="Bac" conceptID="Bac31" novelty="None" advantage="None"/><text>This picture is extended by the results at <IT>λ</IT> = 193 nm,<REF TYPE="P" ID="cit38">38</REF> where the addition of another 5700 cm<SP>–1</SP> to <IT>E</IT><SB>avl</SB> raises <IT>E</IT>peakT by just a few hundred cm<SP>–1</SP>.</text></s> <s sid="220"><CoreSc1 atype="GSC" type="Obs" conceptID="Obs28" novelty="None" advantage="None"/><text>The only effect of the increase of <IT>E</IT><SB>avl</SB> at the higher photon energies is a slight increase of the widths of the <IT>P</IT>(<IT>E</IT><SB>T</SB>) distributions.</text></s></P><P><s sid="221"><CoreSc1 atype="GSC" type="Con" conceptID="Con15" novelty="None" advantage="None"/><text>As suggested by Fig. 10, only the NH stretching vibration can lead to a high translational energy release.</text></s> <s sid="222"><CoreSc1 atype="GSC" type="Con" conceptID="Con15" novelty="None" advantage="None"/><text>Obviously, the extra energy cannot be released as translational energy and remains in the pyrrolyl radical as internal energy.</text></s> <s sid="223"><CoreSc1 atype="GSC" type="Con" conceptID="Con16" novelty="None" advantage="None"/><text>The almost identical <IT>E</IT>peakT values at the different excitation wavelengths thus show that the coupling between the reaction coordinate (NH stretching motion) and the other nuclear coordinates during the fast decay on the 1 <SP>1</SP>A<SB>2</SB> surface is almost negligible.</text></s> <s sid="224"><CoreSc1 atype="GSC" type="Con" conceptID="Con17" novelty="None" advantage="None"/><text>The geometries of the molecule at the conical intersection between the 1 <SP>1</SP>B<SB>2</SB> and the 1 <SP>1</SP>A<SB>2</SB> state are suggested to be very different compared to the equilibrium configuration.</text></s></P></DIV><DIV DEPTH="3"><HEADER HEADER_MARKER="2.">Unimolecular decay after internal conversion to S<SB>0</SB></HEADER><P><s sid="225"><CoreSc1 atype="GSC" type="Res" conceptID="Res33" novelty="None" advantage="None"/><text>As in the experiments at <IT>λ</IT> = 243 nm, the formation of the slow H/D atoms with a broad translational energy distribution (channel B′) is attributed to an electronic relaxation to the S<SB>0</SB> state followed by unimolecular dissociation.</text></s> <s sid="226"><CoreSc1 atype="GSC" type="Res" conceptID="Res33" novelty="None" advantage="None"/><text>A comparison of Tables 1 and 2 shows that this pathway is more important at <IT>λ</IT> = 217 nm than at 243 nm.</text></s> <s sid="227"><CoreSc1 atype="GSC" type="Res" conceptID="Res33" novelty="None" advantage="None"/><text>The higher fraction of channel B′ can be rationalized by two decay processes, direct relaxation from the 1 <SP>1</SP>B<SB>2</SB> to the S<SB>0</SB> state and relaxation <IT>via</IT> the 1 <SP>1</SP>A<SB>2</SB> state.</text></s> <s sid="228"><CoreSc1 atype="GSC" type="Res" conceptID="Res33" novelty="None" advantage="None"/><text>The additional internal energy from the higher photon energy may be responsible for the more efficient relaxation to S<SB>0</SB>.</text></s> <s sid="229"><CoreSc1 atype="GSC" type="Res" conceptID="Res33" novelty="None" advantage="None"/><text>It also leads to a faster unimolecular decomposition of the S<SB>0</SB> state.</text></s></P><P><s sid="230"><CoreSc1 atype="GSC" type="Bac" conceptID="Bac32" novelty="None" advantage="None"/><text>Products from ring opening reactions have not been detected in the present work.</text></s> <s sid="231"><CoreSc1 atype="GSC" type="Bac" conceptID="Bac32" novelty="None" advantage="None"/><text>At <IT>λ</IT> = 193 nm, however, Blank <IT>et al.</IT> observed ≈50% of HCN + C<SB>3</SB>H<SB>4</SB>.<REF TYPE="P" ID="cit38">38</REF></text></s> <s sid="232"><CoreSc1 atype="GSC" type="Res" conceptID="Res34" novelty="None" advantage="None"/><text>In addition, there is again a small fraction of fast H atoms from the photodissociation of pyrrole-<IT>d</IT><SB>1</SB> (see above).</text></s></P></DIV></DIV></DIV><DIV DEPTH="1"><HEADER HEADER_MARKER="V.">Conclusions</HEADER><P><s sid="233"><CoreSc1 atype="GSC" type="Obj" conceptID="Obj3" novelty="New" advantage="None"/><text>The photodissociation of pyrrole in the 1 <SP>1</SP>A<SB>2</SB> (πσ*) first excited electronic state at <IT>λ</IT> = 243 nm and in the higher lying 1 <SP>1</SP>B<SB>2</SB> (ππ*) electronic state at <IT>λ</IT> = 217 nm has been studied by photofragment velocity map imaging.</text></s> <s sid="234"><CoreSc1 atype="GSC" type="Res" conceptID="Res35" novelty="None" advantage="None"/><text>The results show that the dynamics differ strikingly from the unimolecular decomposition of the molecules in the electronic ground state.</text></s></P><P><s sid="235"><CoreSc1 atype="GSC" type="Res" conceptID="Res36" novelty="None" advantage="None"/><text>The 1 <SP>1</SP>A<SB>2</SB> state decays mainly <IT>via</IT> fast mode-specific NH bond fission, which is driven by the repulsive nature of the πσ* potential energy surface along the NH stretching coordinate.</text></s> <s sid="236"><CoreSc1 atype="GSC" type="Res" conceptID="Res36" novelty="None" advantage="None"/><text>The H atoms are therefore eliminated with very high kinetic energy close to the maximum available energy.</text></s> <s sid="237"><CoreSc1 atype="GSC" type="Res" conceptID="Res37" novelty="None" advantage="None"/><text>In addition, the 1 <SP>1</SP>A<SB>2</SB> state can undergo a fast IC to the electronic ground state followed by unimolecular decay of the vibrationally highly excited S<SB>0</SB> molecules.</text></s></P><P><s sid="238"><CoreSc1 atype="GSC" type="Res" conceptID="Res37" novelty="None" advantage="None"/><text>The 1 <SP>1</SP>B<SB>2</SB> state is predissociated by the πσ* state.</text></s> <s sid="239"><CoreSc1 atype="GSC" type="Res" conceptID="Res37" novelty="None" advantage="None"/><text>Thus, it exhibits the same fast mode-specific NH bond fission channel.</text></s> <s sid="240"><CoreSc1 atype="GSC" type="Res" conceptID="Res38" novelty="None" advantage="None"/><text>However, IC to S<SB>0</SB> and subsequent unimolecular decomposition plays a larger role.</text></s></P><P><s sid="241"><CoreSc1 atype="GSC" type="Res" conceptID="Res38" novelty="None" advantage="None"/><text>The highly efficient radiationless electronic transitions from the ππ* to the πσ* state and from the πσ* to the S<SB>0</SB> state are mediated by conical intersections between the respective potential energy surfaces.</text></s> <s sid="242"><CoreSc1 atype="GSC" type="Res" conceptID="Res39" novelty="None" advantage="None"/><text>From the strongly anisotropic angular H atom distributions, the lifetimes of the excited electronic states are short compared to the rotational period of the molecules.</text></s></P><P><s sid="243"><CoreSc1 atype="GSC" type="Res" conceptID="Res40" novelty="None" advantage="None"/><text>Minor additional pathways which need further investigation may be a direct CH dissociation and/or a fast exchange between the NH and CH positions in the excited electronic state(s).</text></s></P><P><s sid="244"><CoreSc1 atype="GSC" type="Con" conceptID="Con18" novelty="None" advantage="None"/><text>The radiationless decay mechanisms established in the present work for pyrrole are of substantial interest for the ongoing discussion of the photochemical dynamics of the nucleic acid bases.</text></s> <s sid="245"><CoreSc1 atype="GSC" type="Bac" conceptID="Bac33" novelty="None" advantage="None"/><text>In particlar, the purine bases are known to show a low-lying threshold, above which the excited states are abruptly quenched.<REF TYPE="P" ID="cit2 cit3 cit4 cit5 cit6">2–6</REF></text></s> <s sid="246"><CoreSc1 atype="GSC" type="Bac" conceptID="Bac34" novelty="None" advantage="None"/><text>It is currently a matter of controversy whether this quenching is due to a ππ*–nπ* coupling<REF TYPE="P" ID="cit2 cit3">2,3</REF> or to the suggested ultrafast NH/OH predissociation <IT>via</IT> the πσ* mechanism.<REF TYPE="P" ID="cit1">1</REF></text></s> <s sid="247"><CoreSc1 atype="GSC" type="Bac" conceptID="Bac35" novelty="None" advantage="None"/><text>The πσ* mechanism may also play a role in excited state intramolecular hydrogen transfer (ESIHT) processes.<REF TYPE="P" ID="cit7">7</REF></text></s> <s sid="248"><CoreSc1 atype="GSC" type="Bac" conceptID="Bac36" novelty="None" advantage="None"/><text>Furthermore, it has even been proposed to lead a fast NC bond fission in electronically excited <IT>N</IT>-methylpyrrole<REF TYPE="P" ID="cit45">45</REF>.</text></s></P></DIV></BODY></PAPER>