<?xml version="1.0" encoding="UTF-8"?>
<!DOCTYPE PAPER
  SYSTEM "paper-structure-annotation.dtd">
<PAPER><mode2 name="b403898c" hasDoc="yes" version="1153"/><TITLE><s sid="1"><CoreSc1 atype="GSC" type="Goa" conceptID="Goa1" novelty="None" advantage="None"/><text>Species with negative electron affinity and standard DFT methods<XREF TYPE="FOOTNOTE_MARKER" ID="fn1"/></text></s></TITLE><ABSTRACT><s sid="2"><CoreSc1 atype="GSC" type="Res" conceptID="Res1" novelty="None" advantage="None"/><text>Concerned about the feasibility of traditional bound-electron models to properly describe ground state anion surfaces, we calculated the negative electron affinity of a representative set of compounds, finding a good correlation between the experimental data and theoretical values obtained with the popular B3LYP functional and Pople′s relatively inexpensive standard basis sets (6-311+G(2df,p)//6-31+G*) in the cases of valence anions.</text></s></ABSTRACT><BODY><DIV DEPTH="1"><HEADER/><P><s sid="3"><CoreSc1 atype="GSC" type="Bac" conceptID="Bac1" novelty="None" advantage="None"/><text>Typically, when a neutral organic molecule receives an electron, it may either decompose because a bond breaks while the electron is being transferred or it may form a radical anion (RA),<REF TYPE="P" ID="cit1 cit2">1,2</REF> an open-shell species that bears an unpaired spin density and a net negative charge.</text></s> <s sid="4"><CoreSc1 atype="GSC" type="Bac" conceptID="Bac1" novelty="None" advantage="None"/><text>These reactive species are important intermediates of many organic and biological processes and a detailed knowledge of their energetics and properties becomes crucial to the study of these reactions.<REF TYPE="P" ID="cit1 cit2 cit3">1–3</REF></text></s> <s sid="5"><CoreSc1 atype="GSC" type="Bac" conceptID="Bac2" novelty="None" advantage="None"/><text>In those cases in which the lower anionic surface lies at higher energies than the neutral precursor (<IT>i.e.</IT> molecules with negative electron affinities), the anionic state is short lived, since it may suffer spontaneous electron detachment to the neutral ground state.</text></s> <s sid="6"><CoreSc1 atype="GSC" type="Bac" conceptID="Bac2" novelty="None" advantage="None"/><text>These species, also referred to as temporary anions, unbound anions, resonances or shapes, can be studied by means of electron transmission spectroscopy (ETS) methods.<REF TYPE="P" ID="cit4">4</REF></text></s> <s sid="7"><CoreSc1 atype="GSC" type="Bac" conceptID="Bac2" novelty="None" advantage="None"/><text>The first vertical electron affinity (VEA), some higher affinities (<IT>i.e.</IT> those that lead to excited anion states), as well as an estimate of the anion lifetime are accessible by these means.<REF TYPE="P" ID="cit4 cit5">4,5</REF></text></s> <s sid="8"><CoreSc1 atype="GSC" type="Bac" conceptID="Bac3" novelty="None" advantage="None"/><text>Besides the short-lived nature of the anions formed from species with negative electron affinities (10<SP>−11</SP>–10<SP>−15</SP> s),<REF TYPE="P" ID="cit4">4</REF> EAs are always difficult properties to calculate.<REF TYPE="P" ID="cit5 cit6">5,6</REF></text></s> <s sid="9"><CoreSc1 atype="GSC" type="Bac" conceptID="Bac3" novelty="None" advantage="None"/><text>Recently, hundreds of compounds with positive EAs have been reviewed, and the expected accuracy for their theoretically predicted values has been also discussed.<REF TYPE="P" ID="cit7">7</REF></text></s></P><P><s sid="10"><CoreSc1 atype="GSC" type="Met" conceptID="Met1" novelty="None" advantage="None"/><text>Primarily intended to reproduce ETS data, some specialized theoretical methods have been developed in order to address both the vertical electron affinities (first and higher) and the lifetimes of the lower and some of the first excited temporary anions.<REF TYPE="P" ID="cit8">8</REF></text></s> <s sid="11"><CoreSc1 atype="GSC" type="Bac" conceptID="Bac4" novelty="None" advantage="None"/><text>At this point it has to be remarked that there are no straightforward ways of either estimating the lifetime or obtaining the higher electron affinities by means of standard methods.<REF TYPE="P" ID="cit8">8</REF></text></s></P><P><s sid="12"><CoreSc1 atype="GSC" type="Bac" conceptID="Bac5" novelty="None" advantage="None"/><text>Despite these attempts, many authors have carried out detailed studies, mainly focused on the reactivity of the anionic species,<REF TYPE="P" ID="cit3 cit9">3,9</REF> by applying conventional <IT>ab initio</IT> and DFT procedures as if they were species with positive EAs.<REF TYPE="P" ID="cit2 cit6 cit10">2,6<IT>b</IT>,10</REF> It is surprising that while some authors claim that the results obtained with standard methods are unreliable for these anions,<REF TYPE="P" ID="cit8 cit11a cit11c cit11d">8,11<IT>a</IT>,<IT>c</IT>–<IT>d</IT></REF> some others have obtained useful data for chemically interesting systems,<REF TYPE="P" ID="cit3 cit9 cit12 cit13b">3,9,12,13<IT>b</IT></REF> sometimes without any specific mention of the unbound or temporary condition of these states.<REF TYPE="P" ID="cit6b cit10">6<IT>b</IT>,10</REF></text></s></P><P><s sid="13"><CoreSc1 atype="GSC" type="Mot" conceptID="Mot1" novelty="None" advantage="None"/><text>We are interested in the study of radical anions owning to their relevance in organic reactions involving electron transfer (ET) steps,<REF TYPE="P" ID="cit3 cit14">3,14</REF> such as the S<SB>RN</SB>1 radical chain mechanism,<REF TYPE="P" ID="cit2">2</REF> among others.</text></s> <s sid="14"><CoreSc1 atype="GSC" type="Mot" conceptID="Mot2" novelty="None" advantage="None"/><text>Besides, RAs of nucleobases play a central role in the understanding of DNA damage and repair and some nucleobase derivatives also have been proposed as anti-tumoral pro-drugs.<REF TYPE="P" ID="cit9 cit11 cit12 cit15">9,11,12,15</REF></text></s> <s sid="15"><CoreSc1 atype="GSC" type="Mot" conceptID="Mot2" novelty="None" advantage="None"/><text>In order to interpret the reactivity of these species, it is essential to characterize and determine the stability of their ground anion states.</text></s> <s sid="16"><CoreSc1 atype="GSC" type="Mot" conceptID="Mot2" novelty="None" advantage="None"/><text>This meaning, to accurately or at least reasonably well know its first vertical and adiabatic electron affinities.</text></s> <s sid="17"><CoreSc1 atype="GSC" type="Bac" conceptID="Bac6" novelty="None" advantage="None"/><text>Naturally, autodetachment (and therefore the unbound nature of the anions) is not observed either in water or in a polar solvent as in this medium they lie at lower energy than the neutrals.<REF TYPE="P" ID="cit3 cit9 cit14">3,9,14</REF></text></s> <s sid="18"><CoreSc1 atype="GSC" type="Bac" conceptID="Bac6" novelty="None" advantage="None"/><text>However, as is known, most theoretical studies concerning reactivity have to combine data from the gas phase and solution.<REF TYPE="P" ID="cit3 cit9 cit10a cit10b cit14b cit14c cit14d">3,9,10<IT>a</IT>–<IT>b</IT>,14<IT>b</IT>–<IT>d</IT></REF></text></s></P><P><s sid="19"><CoreSc1 atype="GSC" type="Bac" conceptID="Bac6" novelty="None" advantage="None"/><text>In view of the importance of RAs in organic and biological chemistry it is worthwhile to clearly determine the quality of the EAs calculated by conventional DFT procedures.</text></s> <s sid="20"><CoreSc1 atype="GSC" type="Met" conceptID="Met2" novelty="Old" advantage="None"/><text>In this aim, a set of organic compounds with known negative electron affinities were calculated with the B3LYP functional,<REF TYPE="P" ID="cit16">16</REF> as representative standard DFT method.</text></s> <s sid="21"><CoreSc1 atype="GSC" type="Met" conceptID="Met2" novelty="None" advantage="None"/><text>The basis sets were choose keeping in mind reliability at the minimum computational cost.</text></s> <s sid="22"><CoreSc1 atype="GSC" type="Bac" conceptID="Bac7" novelty="None" advantage="None"/><text>This objective is based on the following main facts: (<IT>i</IT>) most of the anions of our interest (<IT>vide supra</IT>) are of molecular size similar to or quite larger than the species in this work; (<IT>ii</IT>) reactivity in ET processes implies the calculation of many points on the potential energy surface of the neutrals and of the possible anions as well as a further simulation of an adequate model solvent.<REF TYPE="P" ID="cit1 cit3 cit14">1,3,14</REF></text></s></P><P><s sid="23"><CoreSc1 atype="GSC" type="Met" conceptID="Met2" novelty="None" advantage="None"/><text>The trial set selected is an attempt to cover chemically different compounds measured by different techniques and different experimental groups.</text></s> <s sid="24"><CoreSc1 atype="GSC" type="Met" conceptID="Met2" novelty="None" advantage="None"/><text>At difference with the case of positive EAs, an accuracy of a few meV is not expected for compounds with negative EAs.</text></s> <s sid="25"><CoreSc1 atype="GSC" type="Met" conceptID="Met2" novelty="None" advantage="None"/><text>This limits the trial set as it was not possible to gather hundreds of experimental data highly accurate and without larger discrepancies.</text></s> <s sid="26"><CoreSc1 atype="GSC" type="Obj" conceptID="Obj1" novelty="None" advantage="None"/><text>We focused on compounds for which: (<IT>i</IT>) ET in solution leads to the formation of RAs since in those cases an intimate knowledge of the anionic potential energy surface is required; (<IT>ii</IT>) halogenated species, due to the importance of their dissociation into radicals.<REF TYPE="P" ID="cit2 cit3 cit14">2,3,14</REF></text></s> <s sid="27"><CoreSc1 atype="GSC" type="Bac" conceptID="Bac8" novelty="None" advantage="None"/><text>Besides, it has been found that, even for the easier case of positive EAs, this property is difficult to reproduce for compounds containing halogen atoms;<REF TYPE="P" ID="cit7">7</REF> (<IT>iii</IT>) compounds with different functional groups and heterocycles (including N, O, S heteroatoms) when experimental information is available; (<IT>iv</IT>) nucleobases, since not only have their absolute EAs remained dubious for three decades but also their relative order has been discussed nowadays;<REF TYPE="P" ID="cit17">17</REF> (<IT>v</IT>) a few radicals in order to widen our trial set to include closed shell anions and (<IT>vi</IT>) species with no permanent total dipole moment, with a small and a very large dipole moment, as will be discussed later on.</text></s></P><P><s sid="28"><CoreSc1 atype="GSC" type="Mod" conceptID="Mod1" novelty="None" advantage="None"/><text>The VEAs were computed as the difference between the electronic energy of the anion and the neutral at the frozen geometry of the latter (eqn. (1)).<REF TYPE="P" ID="cit3 cit6b cit7 cit9">3,6<IT>b</IT>,7,9</REF> The adiabatic electron affinities (AEA, eqn. (2)) were obtained as the corresponding difference in the total energies with full geometry optimization of both species, including the zero point energy (ZPE) corrections.</text></s> <s sid="29"><CoreSc1 atype="GSC" type="Mod" conceptID="Mod1" novelty="None" advantage="None"/><text>VEA = <IT>E</IT>(optimized neutral) − <IT>E</IT>(anion on the optimized geometry of the neutral)AEA = <IT>E</IT>(optimized neutral) − <IT>E</IT>(optimized anion) + ZPE(neutral) − ZPE(anion)Table 1 summarizes the experimental<REF TYPE="P" ID="cit11a cit13 cit18 cit19 cit20 cit21 cit22 cit23 cit24 cit25 cit28 cit30">11<IT>a</IT>,13,18–25,28,30</REF> and calculated VEA and AEA (when available) of the lowest anion state, to which the present discussion refers exclusively, with standard 6-311+G(2df,p)//6-31+G* basis.<REF TYPE="P" ID="cit26 cit27">26,27</REF></text></s></P><P><s sid="30"><CoreSc1 atype="GSC" type="Obs" conceptID="Obs1" novelty="None" advantage="None"/><text>For the first group of compounds the lower anion state is of valence type (<IT>V</IT>); the extra electron being held in a valence MO.</text></s> <s sid="31"><CoreSc1 atype="GSC" type="Obs" conceptID="Obs1" novelty="None" advantage="None"/><text>As shown in Fig. 1a for the radical anion of cytosine, taken as representative, the extra electron locates in a valence a″(π*) orbital.<REF TYPE="P" ID="cit29">29</REF></text></s> <s sid="32"><CoreSc1 atype="GSC" type="Obs" conceptID="Obs2" novelty="None" advantage="None"/><text>For these species, the equilibrium geometry of the neutral and the anion may differ (see Fig. 1a).</text></s> <s sid="33"><CoreSc1 atype="GSC" type="Res" conceptID="Res2" novelty="None" advantage="None"/><text>The geometric rearrangements observed rationalize the fact that even though the pyrimidine nucleobasis have negative VEA, they have positive or slightly negative AEA, in agreement with both theoretical and experimental results recently reported.<REF TYPE="P" ID="cit9 cit12b cit13 cit28">9,12<IT>b</IT>,13,28</REF> The geometry differences observed between fluorobenzene (<B>16</B>) and its RA, mainly relate to changes in bond alternancies of the ring, which is attributed to the node between the <IT>ortho</IT> and <IT>meta</IT> carbons of the a<SB>2</SB>(π*) MO in which the extra electron goes.</text></s> <s sid="34"><CoreSc1 atype="GSC" type="Res" conceptID="Res2" novelty="None" advantage="None"/><text>This causes an elongated C–C length between these positions, as previously discussed.<REF TYPE="P" ID="cit3 cit29">3,29</REF></text></s> <s sid="35"><CoreSc1 atype="GSC" type="Obs" conceptID="Obs3" novelty="None" advantage="None"/><text>The most evident difference, not only in geometry but also between VEAs and AEAs, appears in the <IT>t</IT>-butyl and cyclopentyl radicals whose sp<SP>2</SP> center evolves to sp<SP>3</SP> in the anion.</text></s> <s sid="36"><CoreSc1 atype="GSC" type="Res" conceptID="Res3" novelty="None" advantage="None"/><text>This fact is accompanied by remarkable changes in the steric repulsion and in distortion of the cycle, respectively.<REF TYPE="P" ID="cit29">29</REF></text></s></P><P><s sid="37"><CoreSc1 atype="GSC" type="Obs" conceptID="Obs4" novelty="None" advantage="None"/><text>For the second series of compounds, the lowest vertical anion state found does not correspond to a valence state and has been labeled as non-valence type (<IT>N</IT>).</text></s> <s sid="38"><CoreSc1 atype="GSC" type="Obs" conceptID="Obs5" novelty="None" advantage="None"/><text>In these anions the extra electron lies in a very diffuse orbital around the molecule, oriented against the dipole.</text></s> <s sid="39"><CoreSc1 atype="GSC" type="Obs" conceptID="Obs5" novelty="None" advantage="None"/><text>Pyrrole, with a charge and spin distribution typical of a dipole-bounded anion, is shown as representative in Fig. 1c.</text></s> <s sid="40"><CoreSc1 atype="GSC" type="Res" conceptID="Res4" novelty="None" advantage="None"/><text>The compounds that fall into this category have the most negative EAs and bear either an important total dipole or strong local dipoles (owning to the presence of CH<SB>3</SB> or NH<SB>2</SB> substituents).</text></s></P><P><s sid="41"><CoreSc1 atype="GSC" type="Res" conceptID="Res4" novelty="None" advantage="None"/><text>In general, the anion type depends on a combination between VEA and dipole moments.</text></s> <s sid="42"><CoreSc1 atype="GSC" type="Obs" conceptID="Obs6" novelty="None" advantage="None"/><text>For example, while species with the first VEA less negative than −1.1 eV have been found of valence type, guanine (VEA &gt; −1.1 eV), having a huge dipole, yields a RA which is non-valence (Fig. 1b), despite it bearing a small amount of π density.</text></s> <s sid="43"><CoreSc1 atype="GSC" type="Obs" conceptID="Obs7" novelty="None" advantage="None"/><text>The electronic distribution found for this RA resembles that recently reported by Schaefer <IT>et al.</IT>, with the same functional and different basis sets.<REF TYPE="P" ID="cit12c">12<IT>c</IT></REF> Ethylene (VEA = −1.78 eV), with <IT>μ</IT> = 0, is <IT>V</IT> type and trimethylethylene (VEA = −2.24 eV), despite its total dipole of 0.31 D is <IT>N</IT>.</text></s> <s sid="44"><CoreSc1 atype="GSC" type="Obs" conceptID="Obs8" novelty="None" advantage="None"/><text>In the latter species, the extra electron locates in front of the three CH<SB>3</SB> groups which bear local dipoles; no π spin density is observed on the double bound of this compound.</text></s> <s sid="45"><CoreSc1 atype="GSC" type="Obs" conceptID="Obs9" novelty="None" advantage="None"/><text>It was observed that, at difference with the first group of compounds, for the <IT>N</IT> anions, the differences in geometry with respect to their neutral parents are smaller.</text></s></P><P><s sid="46"><CoreSc1 atype="GSC" type="Bac" conceptID="Bac9" novelty="None" advantage="None"/><text>The EAs obtained for this second group (<IT>N</IT> type) are not intended to reproduce the experimental values listed in Table 1, since most informed VEA comes from ETS studies and they generally correspond to <IT>valence</IT> anions.<REF TYPE="P" ID="cit4">4</REF></text></s> <s sid="47"><CoreSc1 atype="GSC" type="Bac" conceptID="Bac9" novelty="None" advantage="None"/><text>For example, while substituted ethylenes have an unique ETS band or ‘shape’ which has been assigned to the electron capture in the π* orbital,<REF TYPE="P" ID="cit30">30</REF> the calculated anion of <IT>cis</IT>-dimethylethylene, as an illustration, <IT>is a different state</IT>, in which the extra electron is surrounding the methyl groups in a diffuse orbital without any π* contribution.<REF TYPE="P" ID="cit29">29</REF></text></s> <s sid="48"><CoreSc1 atype="GSC" type="Con" conceptID="Con1" novelty="None" advantage="None"/><text>As can be seen, the method failed in finding the lowest valence state, which is the anion of interest, since the dipole-bound anions do not exist in solution.<REF TYPE="P" ID="cit11">11<IT>a</IT></REF> Unfortunately, dipole-bound anions are better characterized by different techniques<REF TYPE="P" ID="cit11">11<IT>a</IT></REF> and the experimental evidence related to them is sparser than in the case of valence anions.</text></s> <s sid="49"><CoreSc1 atype="GSC" type="Bac" conceptID="Bac10" novelty="None" advantage="None"/><text>For example, after decades of research due to the biological interest, it was not until 1996 that it was unambiguously shown that some nucleobases may have dipole-bound anions, when prepared under the adequate conditions.<REF TYPE="P" ID="cit11a cit31">11<IT>a</IT>,31</REF> We do not have enough evidence to state that the non-valence anions found for <B>31</B>–<B>45</B> actually exist and they do have the calculated VEA.</text></s> <s sid="50"><CoreSc1 atype="GSC" type="Bac" conceptID="Bac10" novelty="None" advantage="None"/><text>In any case, their potential energy surfaces seem to appear at lower energy than the lowest valence states, the method being unable to characterize the latter.<REF TYPE="P" ID="cit32">32</REF></text></s></P><P><s sid="51"><CoreSc1 atype="GSC" type="Obs" conceptID="Obs10" novelty="None" advantage="None"/><text>In Fig. 2, the B3LYP/6-311+G(2df,p) values are compared with the experimental VEA and AEA.</text></s> <s sid="52"><CoreSc1 atype="GSC" type="Obs" conceptID="Obs10" novelty="None" advantage="None"/><text>The experimental VEA for the compounds <B>31</B>–<B>46</B> are included for comparison purposes when available, but they are not fitted since they do not correspond to valence states.</text></s> <s sid="53"><CoreSc1 atype="GSC" type="Obs" conceptID="Obs11" novelty="None" advantage="None"/><text>The correlation between the calculated and experimental VEAs for all the valence states found has a slope very close to the unity and a small abscissa [Fig. 2, <IT>y</IT> = (1.00 ± 0.04)<IT>x</IT> + (0.10 ± 0.04)], the correlation index, when using the triple zeta basis set, being 0.978.</text></s> <s sid="54"><CoreSc1 atype="GSC" type="Obs" conceptID="Obs11" novelty="None" advantage="None"/><text>The very compact 6-31+G* basis yields a slightly poorer fit [<IT>y</IT> = (0.97 ± 0.05)<IT>x</IT> + (0.16 ± 0.05), with a correlation index of 0.973].<REF TYPE="P" ID="cit33">33</REF></text></s> <s sid="55"><CoreSc1 atype="GSC" type="Res" conceptID="Res5" novelty="None" advantage="None"/><text>The standard errors expected from these studies, even including the AEA and their harmonic errors<REF TYPE="P" ID="cit34">34</REF> are very good from the practical point of view adopted and they are <IT>not greater</IT> than those compiled by Rienstra-Kiracofe <IT>et al.</IT> for <IT>positive</IT> electron affinities (in agreement within ∼0.2 eV).<REF TYPE="P" ID="cit7">7</REF></text></s></P><P><s sid="56"><CoreSc1 atype="GSC" type="Obj" conceptID="Obj2" novelty="New" advantage="None"/><text>Finally, it is worthwhile to devote a few lines to the basis set effects.</text></s> <s sid="57"><CoreSc1 atype="GSC" type="Mod" conceptID="Mod2" novelty="None" advantage="None"/><text>Dunning and co-workers' correlation-consistent basis sets AUG-cc-pVDZ and AUG-cc-pVTZ<REF TYPE="P" ID="cit35">35</REF> have been used for testing part of the trial set of compounds.</text></s> <s sid="58"><CoreSc1 atype="GSC" type="Mod" conceptID="Mod2" novelty="None" advantage="None"/><text>These basis sets with more diffuse components (and more expensive computationally), fall more frequently into the non-valence states, even for some species found of valence type with standard Pople bases.</text></s> <s sid="59"><CoreSc1 atype="GSC" type="Obs" conceptID="Obs12" novelty="None" advantage="None"/><text>For these reasons, the correlation involves fewer points than those of Table 1.</text></s> <s sid="60"><CoreSc1 atype="GSC" type="Obs" conceptID="Obs12" novelty="None" advantage="None"/><text>However, the results obtained seemed of poorer quality [see plots in the electronic supplementary information (ESI<SUP TYPE="FOOTNOTE_MARKER" ID="fn1"/>)].<REF TYPE="P" ID="cit33">33</REF></text></s> <s sid="61"><CoreSc1 atype="GSC" type="Obs" conceptID="Obs13" novelty="None" advantage="None"/><text>Similarly, Li, Cai and Sevilla,<REF TYPE="P" ID="cit36">36</REF> with the B3LYP functional and the 6-311++G(2d,p) basis, [with an extra diffuse set on hydrogens and without higher angular momentum polarization on heavy atoms with respect to the 6-311+G(2df,p) in this work], have fallen in non-valence states for adenine, cytosine, thymine and uracil (<B>4</B>, <B>12</B>, <B>27</B> and <B>30</B>); these compounds being of valence type with either the 6-31+G* (as both in our results and in their work) or the 6-311+G(2df,p) set (Table 1).</text></s> <s sid="62"><CoreSc1 atype="GSC" type="Bac" conceptID="Bac11" novelty="None" advantage="None"/><text>On the other hand, Schaefer <IT>et al.</IT> have successfully computed the electron affinities of a variety of compounds, most of them having positive EAs, by extensively using the B3LYP, and other hybrid functionals (B3P86, BHandHLYP) with the Huzinaga–Dunning full double and triple-zeta-quality basis, with diffuse functions exponents obtained by themselves according to the prescription of Lee and Schaefer.<REF TYPE="P" ID="cit37">37</REF></text></s> <s sid="63"><CoreSc1 atype="GSC" type="Res" conceptID="Res6" novelty="None" advantage="None"/><text>Besides, the negative EAs thus obtained for benzene,<REF TYPE="P" ID="cit7">7</REF> naphthalene (<B>18</B>),<REF TYPE="P" ID="cit6b">6<IT>b</IT></REF> and the nucleobases <B>4</B>, <B>12</B>, <B>27</B> and <B>30</B><REF TYPE="P" ID="cit12">12</REF> are very close both to our results and the experimental values.</text></s></P><P><s sid="64"><CoreSc1 atype="GSC" type="Goa" conceptID="Goa2" novelty="None" advantage="None"/><text>Although the use of Koopmans' theorem for electron affinities has been criticized for EAs, in particular with DFT approaches,<REF TYPE="P" ID="cit38">38</REF> and our goal is to obtain quantitatively reliable EAs using eqns. (1) and (2), the energies of the lowest <IT>valence</IT> unoccupied orbitals (LVUMO), obtained with the smaller basis used, were compared to the experimental VEAs.</text></s> <s sid="65"><CoreSc1 atype="GSC" type="Goa" conceptID="Goa2" novelty="None" advantage="None"/><text>Species with non-valence anions were also included; their correlation being similar to that of the valence anions <B>1</B>–<B>30</B>.</text></s> <s sid="66"><CoreSc1 atype="GSC" type="Res" conceptID="Res7" novelty="None" advantage="None"/><text>Besides the considerable dispersion, which is not surprising and has also been observed for compounds with positive EAs, the LVUMO energies could still be useful as a fast hand-rule estimation of experimental VEAs (see ESI<SUP TYPE="FOOTNOTE_MARKER" ID="fn1"/>).<REF TYPE="P" ID="cit39 cit40">39,40</REF></text></s></P><P><s sid="67"><CoreSc1 atype="GSC" type="Con" conceptID="Con2" novelty="None" advantage="None"/><text>It is concluded that the standard DFT methods are well suited for the systematic study of the potential energy surfaces of RAs and reactivity when the species have negative electron affinities and the valence state is calculated.</text></s> <s sid="68"><CoreSc1 atype="GSC" type="Con" conceptID="Con1" novelty="None" advantage="None"/><text>The method may or may not be able to find the lowest valence state when it lies more than 1 eV above of the neutral, depending on the total dipole moment or local dipolar groups.</text></s> <s sid="69"><CoreSc1 atype="GSC" type="Con" conceptID="Con3" novelty="None" advantage="None"/><text>The care required to ensure that the right anion state and the appropriate basis set were selected are, among others, common problems in the chemistry of anions.</text></s> <s sid="70"><CoreSc1 atype="GSC" type="Con" conceptID="Con3" novelty="None" advantage="None"/><text>The <IT>pros</IT> and <IT>cons</IT> of the DFT methods appear to be similar for valence anions having either positive or negative electron affinities.</text></s> <s sid="71"><CoreSc1 atype="GSC" type="Con" conceptID="Con4" novelty="None" advantage="None"/><text>According to the fitting obtained for our trial set, the calculated values are suitable predictions to the actual absolute values of the EAs with triple zeta quality basis set and even with the smaller 6-31+G* one.</text></s> <s sid="72"><CoreSc1 atype="GSC" type="Con" conceptID="Con4" novelty="None" advantage="None"/><text>For the latter, a slight systematic correction of +0.16 eV and a scale factor of 0.97 are suggested.</text></s></P></DIV><DIV DEPTH="1"><HEADER>Computational details</HEADER><P><s sid="73"><CoreSc1 atype="GSC" type="Met" conceptID="Met3" novelty="Old" advantage="None"/><text>All calculations were done with the Gaussian 98 package,<REF TYPE="P" ID="cit41">41</REF> with standard Pople's basis sets and the augmented cc-pVDZ and cc-pVTZ bases.<REF TYPE="P" ID="cit35">35</REF></text></s> <s sid="74"><CoreSc1 atype="GSC" type="Met" conceptID="Met4" novelty="Old" advantage="None"/><text>All the neutral species were characterized by the usual normal analysis as well as their optimized anions whenever their experimental adiabatic EAs were available.</text></s> <s sid="75"><CoreSc1 atype="GSC" type="Met" conceptID="Met4" novelty="None" advantage="None"/><text>No scale factors were included in the vibrational energies.</text></s> <s sid="76"><CoreSc1 atype="GSC" type="Met" conceptID="Met5" novelty="Old" advantage="None"/><text>Molecular graphics in Fig. 1 and those in the supplementary material were generated with the Molekel 4.3 program<REF TYPE="P" ID="cit42">42</REF>.</text></s></P></DIV></BODY></PAPER>