<?xml version="1.0" encoding="UTF-8"?>
<!DOCTYPE PAPER
  SYSTEM "paper-structure-annotation.dtd">
<PAPER><mode2 name="b403450c" hasDoc="yes" version="1153"/><TITLE><s sid="1"><CoreSc1 atype="GSC" type="Obj" conceptID="Obj1" novelty="New" advantage="None"/><text>What is the nature of the long bond in the TCNE<SB>2</SB><SP>2−</SP> π-dimer?</text></s></TITLE><ABSTRACT><s sid="2"><CoreSc1 atype="GSC" type="Mot" conceptID="Mot1" novelty="None" advantage="None"/><text>The TCNE<SB>2</SB><SP>2−</SP> π-dimer has many of the characteristics of a chemical bond despite its remarkably long (2.9 Å) C–C bondlength, as it exists in crystalline solids.</text></s> <s sid="3"><CoreSc1 atype="GSC" type="Obj" conceptID="Obj2" novelty="New" advantage="None"/><text>Using computational methods, we examine the nature of this long bond by obtaining potential energy curves that are, for the first time, in satisfactory agreement with recent experiments.</text></s> <s sid="4"><CoreSc1 atype="GSC" type="Con" conceptID="Con1" novelty="None" advantage="None"/><text>We find that the unusually long C–C bond observed in π-TCNE<SB>2</SB><SP>2−</SP> dimers is in fact an outcome of <IT>significant dispersion attractions</IT> between the two cofacial monomers, as well as their (<IT>partial</IT>) <IT>intradimer</IT><IT>π</IT>-<IT>bonding interactions</IT>.</text></s></ABSTRACT><BODY><DIV DEPTH="1"><HEADER/><P><s sid="5"><CoreSc1 atype="GSC" type="Bac" conceptID="Bac1" novelty="None" advantage="None"/><text>Stable organic free radicals under appropriate conditions can dimerize spontaneously to form chemical bonds.<REF TYPE="P" ID="cit1">1</REF></text></s> <s sid="6"><CoreSc1 atype="GSC" type="Bac" conceptID="Bac2" novelty="None" advantage="None"/><text>The tetracyanoethylene anion radical (TCNE<SP>−</SP>˙) is known experimentally to form three types of dimeric products (TCNE<SB>2</SB><SP>2−</SP>) in the solid state (Chart 1).<REF TYPE="P" ID="cit2 cit3">2,3</REF></text></s> <s sid="7"><CoreSc1 atype="GSC" type="Bac" conceptID="Bac3" novelty="None" advantage="None"/><text>In a σ-bonded dimer, the intradimer C–C distance is 1.61 Å (<B>1</B>), and in the two π-bonded dimers, they are 2.90 (<B>2</B>) and 3.47 Å (<B>3</B>), respectively.</text></s> <s sid="8"><CoreSc1 atype="GSC" type="Bac" conceptID="Bac4" novelty="None" advantage="None"/><text>The C–C distance in structure <B>1</B> is a long C–C single bond, while the C–C distance in structure <B>3</B> is close to van der Waals range (though slightly shorter).</text></s> <s sid="9"><CoreSc1 atype="GSC" type="Mot" conceptID="Mot2" novelty="None" advantage="None"/><text>Structure <B>2</B>, with its intriguing C–C separation that is too short for a van der Waals complex but astonishingly long for a C–C bond, may represent an emerging class of organic molecules that possess unusually long C–C bonding interactions.<REF TYPE="P" ID="cit4">4</REF></text></s> <s sid="10"><CoreSc1 atype="GSC" type="Obj" conceptID="Obj3" novelty="New" advantage="None"/><text>It is the focus of this paper.</text></s></P><P><s sid="11"><CoreSc1 atype="GSC" type="Bac" conceptID="Bac5" novelty="None" advantage="None"/><text>In simplest terms, the π-bond in <B>2</B> should derive from in-phase bonding interactions between the two half-occupied antibonding π* orbitals from each monomer unit.</text></s> <s sid="12"><CoreSc1 atype="GSC" type="Bac" conceptID="Bac6" novelty="None" advantage="None"/><text>Two electrons, one from each of the two open shell anionic monomers, then occupy this overall bonding orbital, which will be the highest occupied molecular orbital (HOMO) of the dimer.</text></s> <s sid="13"><CoreSc1 atype="GSC" type="Bac" conceptID="Bac7" novelty="None" advantage="None"/><text>Since these two electrons are distributed over four carbon atoms, it has been suggested to be essentially a four-center two-electron bond.<REF TYPE="P" ID="cit2">2</REF></text></s> <s sid="14"><CoreSc1 atype="GSC" type="Bac" conceptID="Bac8" novelty="None" advantage="None"/><text>Due to the very long bond distance, however, the energy gap between the HOMO and the lowest unoccupied MO (the LUMO, which will be antibonding between the monomers) will surely be small.</text></s> <s sid="15"><CoreSc1 atype="GSC" type="Bac" conceptID="Bac9" novelty="None" advantage="None"/><text>The appearance of an allowed absorption in the near-IR region (549–667 nm for different cations) upon dimerization was then assigned to this HOMO to LUMO electronic transition.<REF TYPE="P" ID="cit2">2</REF></text></s></P><P><s sid="16"><CoreSc1 atype="GSC" type="Bac" conceptID="Bac10" novelty="None" advantage="None"/><text>In more detail, the long bond in <B>2</B> (TCNE<SB>2</SB><SP>2−</SP>) is the net result of a complex interplay between many factors.</text></s> <s sid="17"><CoreSc1 atype="GSC" type="Bac" conceptID="Bac11" novelty="None" advantage="None"/><text>In addition to the π-bonding interaction described above, Coulomb and exchange repulsion between filled orbitals on the monomers is also surely important.</text></s> <s sid="18"><CoreSc1 atype="GSC" type="Bac" conceptID="Bac12" novelty="None" advantage="None"/><text>Based on electronic structure calculations, it has been suggested that π-TCNE<SB>2</SB><SP>2−</SP> dimers are bound only when the electrostatic repulsions due to the overall negative charge are compensated by counter-cations.<REF TYPE="P" ID="cit2 cit3">2,3</REF></text></s> <s sid="19"><CoreSc1 atype="GSC" type="Bac" conceptID="Bac13" novelty="None" advantage="None"/><text>In other words, without this cation-mediated attraction, the isolated TCNE<SB>2</SB><SP>2−</SP> dimers in the gas phase are unstable with respect to dissociation.</text></s> <s sid="20"><CoreSc1 atype="GSC" type="Bac" conceptID="Bac14" novelty="None" advantage="None"/><text>Dispersion interactions, however, were not identified to play a (major) role in forming these exceptionally long bonds,<REF TYPE="P" ID="cit3">3</REF> although they were considered by some authors later.<REF TYPE="P" ID="cit7">7</REF></text></s></P><P><s sid="21"><CoreSc1 atype="GSC" type="Bac" conceptID="Bac15" novelty="None" advantage="None"/><text>Recently, Lü and co-workers experimentally demonstrated that the inter-monomer separation is remarkably invariant (2.90 ± 0.05 Å) to the use of different counter-cations whose electrostatic forces on TCNE<SP>−</SP>˙ can differ by nearly an order of magnitude.<REF TYPE="P" ID="cit5">5</REF></text></s> <s sid="22"><CoreSc1 atype="GSC" type="Bac" conceptID="Bac16" novelty="None" advantage="None"/><text>This is an indirect indication that the long bonding interaction in π-TCNE<SB>2</SB><SP>2−</SP> is an intrinsic property of the dimer dianion as long as the excess Coulomb repulsion is eliminated by some counter-cations.</text></s> <s sid="23"><CoreSc1 atype="GSC" type="Bac" conceptID="Bac17" novelty="None" advantage="None"/><text>They also have determined the enthalpy (Δ<IT>H</IT>) and entropy (Δ<IT>S</IT>) changes associated with reversible dimer formation in solution to be −8.8 kcal mol<SP>−1</SP> (−36.8 kJ mol<SP>−1</SP>) and −41 cal mol<SP>−1</SP> K<SP>−1</SP> (−171.5 J mol<SP>−1</SP> K<SP>−1</SP>) respectively, from UV/vis measurements.<REF TYPE="P" ID="cit6">6</REF></text></s> <s sid="24"><CoreSc1 atype="GSC" type="Bac" conceptID="Bac18" novelty="None" advantage="None"/><text>In free energy terms, therefore, the stability of a π-dimer arises from a sufficiently exothermic enthalpy of formation to overcome the reduction in entropy.</text></s></P><P><s sid="25"><CoreSc1 atype="GSC" type="Mot" conceptID="Mot3" novelty="None" advantage="None"/><text>Perhaps due to the unusual nature of the interaction, electronic structure calculations to date have not yielded binding energies and C–C distances in good agreement with experiment.<REF TYPE="P" ID="cit2 cit3 cit7">2,3,7</REF></text></s> <s sid="26"><CoreSc1 atype="GSC" type="Mot" conceptID="Mot3" novelty="None" advantage="None"/><text>This is firstly to do with differences between the models studied and experiment, because typically no explicit counter-ions are present in the calculated potential energy curves (although estimates of their stabilizing effect have been made).<REF TYPE="P" ID="cit2 cit3 cit7">2,3,7</REF></text></s> <s sid="27"><CoreSc1 atype="GSC" type="Mot" conceptID="Mot3" novelty="None" advantage="None"/><text>Additionally the deviations can also be associated with limitations in the computational methods.</text></s> <s sid="28"><CoreSc1 atype="GSC" type="Goa" conceptID="Goa1" novelty="None" advantage="None"/><text>In this work, we address both of these factors, by systematically improving the theoretical method, and by obtaining potential curves using fully optimized model complexes with and without counter-ions.</text></s> <s sid="29"><CoreSc1 atype="GSC" type="Con" conceptID="Con2" novelty="None" advantage="None"/><text>Satisfactory agreement is obtained between calculated observables at the highest level of theory and experiment.</text></s> <s sid="30"><CoreSc1 atype="GSC" type="Con" conceptID="Con3" novelty="None" advantage="None"/><text>More importantly, we also find that the unusually long C–C bond observed in π-TCNE<SB>2</SB><SP>2−</SP> dimers is in fact an outcome of <IT>significant dispersion attractions</IT> between the two cofacial monomers, as well as their π-bonding interactions.</text></s></P><P><s sid="31"><CoreSc1 atype="GSC" type="Mod" conceptID="Mod1" novelty="None" advantage="None"/><text>In order to realistically compensate electrostatic repulsion between the two TCNE<SP>−</SP>˙ anionic monomers, we have used potassium ions, K<SP>+</SP>.</text></s> <s sid="32"><CoreSc1 atype="GSC" type="Bac" conceptID="Bac19" novelty="None" advantage="None"/><text>There are two possibilities to locate these counter-cations in theoretical models.</text></s> <s sid="33"><CoreSc1 atype="GSC" type="Bac" conceptID="Bac20" novelty="None" advantage="None"/><text>First, one can put two K<SP>+</SP> ions midway between the two parallel TCNE<SP>−</SP>˙ planes (Fig. 1a).</text></s> <s sid="34"><CoreSc1 atype="GSC" type="Bac" conceptID="Bac21" novelty="None" advantage="None"/><text>In this configuration, the monomer (in particular the nitrile groups) will bend substantially <IT>toward</IT> the center of the dimer at longer intradimer distances, due to electrostatic attractions to the cations.</text></s> <s sid="35"><CoreSc1 atype="GSC" type="Bac" conceptID="Bac22" novelty="None" advantage="None"/><text>In an X-ray structure, however, nitriles bend <IT>away</IT> from the center of the dimer by about 5°.<REF TYPE="P" ID="cit2 cit3 cit4 cit5 cit6">2–6</REF></text></s></P><P><s sid="36"><CoreSc1 atype="GSC" type="Mod" conceptID="Mod2" novelty="None" advantage="None"/><text>An alternative, which is our choice of model, is to cap the dianion dimer, <B>2</B>, with up and down K<SP>+</SP> ions, as in Fig. 1b.</text></s> <s sid="37"><CoreSc1 atype="GSC" type="Mod" conceptID="Mod3" novelty="None" advantage="None"/><text>With this configuration, monomer structures in a dimer stay roughly as observed in X-ray structures at all bond separations, and therefore the nature of internal bonding in a dimer can be investigated without causing artificial distortion of the monomers at all distances.</text></s> <s sid="38"><CoreSc1 atype="GSC" type="Mod" conceptID="Mod4" novelty="None" advantage="None"/><text>Geometries were then fully optimized apart from one constraint which is the C–C inter-monomer distance (<IT>R</IT>) corresponding to the reaction coordinate for dimer formation or scission.</text></s> <s sid="39"><CoreSc1 atype="GSC" type="Mod" conceptID="Mod5" novelty="None" advantage="None"/><text>Symmetry of the dimer was reflected by retaining <IT>D</IT><SB>2<IT>h</IT></SB> point group symmetry in all calculations.</text></s></P><P><s sid="40"><CoreSc1 atype="GSC" type="Mod" conceptID="Mod6" novelty="None" advantage="None"/><text>A bond formation (or cleavage) reaction, such as the π-dimerization of TCNE<SP>−</SP>˙, necessarily involves a multi-reference description if restricted orbitals are used.</text></s> <s sid="41"><CoreSc1 atype="GSC" type="Bac" conceptID="Bac23" novelty="None" advantage="None"/><text>A dimer beyond a certain value of <IT>R</IT> will become increasingly diradicaloid in nature, and eventually becomes a pure “diradical” (<IT>i.e.</IT>, two radical monoanions, 2TCNE<SP>−</SP>˙) at large enough separations.<REF TYPE="P" ID="cit8">8</REF></text></s> <s sid="42"><CoreSc1 atype="GSC" type="Mod" conceptID="Mod7" novelty="None" advantage="None"/><text>For this reason, we have used a perfect pairing (PP) wave function with one correlated pair of orbitals, which is denoted by PP(1).<REF TYPE="P" ID="cit9">9</REF></text></s> <s sid="43"><CoreSc1 atype="GSC" type="Mod" conceptID="Mod7" novelty="None" advantage="None"/><text>PP(1) is an exact wave function for H<SB>2</SB> at all bond separations for a minimal basis, and is expected to capture the main qualitative features involved in a single bond formation such as π-dimerization of TCNE<SP>−</SP>˙.</text></s> <s sid="44"><CoreSc1 atype="GSC" type="Mod" conceptID="Mod7" novelty="None" advantage="None"/><text>It does, however, neglect the remaining dynamical correlation effects that correspond to excitations into higher-than-valence virtual orbitals.</text></s> <s sid="45"><CoreSc1 atype="GSC" type="Res" conceptID="Res1" novelty="None" advantage="None"/><text>Dynamical correlation, which amongst other things is the main quantum mechanical origin of dispersion interactions, turns out to be <IT>critical</IT> in describing the TCNE<SB>2</SB><SP>2−</SP> dimerization as we discuss below.</text></s> <s sid="46"><CoreSc1 atype="GSC" type="Mod" conceptID="Mod8" novelty="None" advantage="None"/><text>We include it by second-order perturbative corrections to the PP(1) wavefunction, at PP(1) optimized geometries.</text></s> <s sid="47"><CoreSc1 atype="GSC" type="Mod" conceptID="Mod9" novelty="None" advantage="None"/><text>This level of theory is denoted as MRMP2//PP(1).<REF TYPE="P" ID="cit10">10</REF></text></s> <s sid="48"><CoreSc1 atype="GSC" type="Mod" conceptID="Mod10" novelty="None" advantage="None"/><text>The standard 6-31G(d) basis<REF TYPE="P" ID="cit11">11</REF> was used for all calculations, which were performed using the GAMESS program.<REF TYPE="P" ID="cit12">12</REF></text></s> <s sid="49"><CoreSc1 atype="GSC" type="Mod" conceptID="Mod11" novelty="None" advantage="None"/><text>The 6-31+G(d) basis was also employed for important minima to consider relatively diffuse electron density of anionic species.</text></s></P><P><s sid="50"><CoreSc1 atype="GSC" type="Obs" conceptID="Obs1" novelty="None" advantage="None"/><text>In Fig. 2, the potential energy curve for π-dimerization of K<SP>+</SP>TCNE<SP>−</SP>˙ along the varying inter-monomer distance, <IT>R</IT>, is shown at the PP(1)/6-31G(d) level.</text></s> <s sid="51"><CoreSc1 atype="GSC" type="Res" conceptID="Res2" novelty="None" advantage="None"/><text>It is apparent that the interaction between the two K<SP>+</SP>TCNE<SP>−</SP>˙ monomers is overall dissociative at the PP(1) level.</text></s> <s sid="52"><CoreSc1 atype="GSC" type="Res" conceptID="Res3" novelty="None" advantage="None"/><text>This result is perhaps unexpected because, in previous literature on this interaction,<REF TYPE="P" ID="cit2 cit3 cit7">2,3,7</REF> the instability of a dimer arising from two TCNE<SP>−</SP>˙ units was ascribed to anion-anion Coulomb repulsions, but in our theoretical model these radical anions are now each neutralized by K<SP>+</SP> ions (<IT>i.e.</IT>, K<SP>+</SP>TCNE<SP>−</SP>˙ as in experiments) and yet they are still purely repulsive.</text></s> <s sid="53"><CoreSc1 atype="GSC" type="Res" conceptID="Res4" novelty="None" advantage="None"/><text>It indicates that the interaction between two K<SP>+</SP>TCNE<SP>−</SP>˙ units cannot just be regarded as coupling between 2 “giant hydrogen-like radicals” since no bond is found when just two-electron bonding and antibonding interactions between the (neutralized) monomers are permitted.</text></s></P><P><s sid="54"><CoreSc1 atype="GSC" type="Obj" conceptID="Obj4" novelty="New" advantage="None"/><text>The answer to the origin of the net binding is found when dispersion interactions are considered.</text></s> <s sid="55"><CoreSc1 atype="GSC" type="Bac" conceptID="Bac24" novelty="None" advantage="None"/><text>Dispersion attractions are long-range (and non-local) correlation effects that are associated with instantaneous correlated fluctuations of two electrons, one on each monomer.<REF TYPE="P" ID="cit13">13</REF></text></s> <s sid="56"><CoreSc1 atype="GSC" type="Mod" conceptID="Mod12" novelty="None" advantage="None"/><text>Second-order perturbation theory is the simplest correction beyond the PP(1) level (or indeed beyond the mean field description) that includes dispersion forces, through treating dynamical correlation.</text></s> <s sid="57"><CoreSc1 atype="GSC" type="Obs" conceptID="Obs2" novelty="None" advantage="None"/><text>The MRMP2 curve in Fig. 2 shows that the dimer is now stable relative to the reactants (two radical monomers) by −17.3 kcal mol<SP>−1</SP> (−72.4 kJ mol<SP>−1</SP>), with a minimum at <IT>R</IT><SB>eq</SB> = 2.6 Å (260 pm).</text></s> <s sid="58"><CoreSc1 atype="GSC" type="Res" conceptID="Res5" novelty="None" advantage="None"/><text>The message that this result delivers is clear: Dispersion effects, as well as other attractive and repulsive forces, must be considered to correctly describe the π-dimerization of TCNE<SP>−</SP>˙.<REF TYPE="P" ID="cit14 cit15 cit16">14–16</REF></text></s></P><P><s sid="59"><CoreSc1 atype="GSC" type="Bac" conceptID="Bac25" novelty="None" advantage="None"/><text>In these kinds of π-dimers where bondlengths are unusually long and thus the bond-strength is weak (at least compared to conventional chemical bonds), the binding energy is generally overestimated due to basis set superposition errors (BSSE) associated with finite basis sets.</text></s> <s sid="60"><CoreSc1 atype="GSC" type="Bac" conceptID="Bac26" novelty="None" advantage="None"/><text>BSSE is the “borrowing” of basis functions from the second monomer to improve the orbitals of the first monomer relative to that monomer in isolation, an effect which in incomplete basis sets can occur with any chemical interaction between the fragments.</text></s> <s sid="61"><CoreSc1 atype="GSC" type="Obj" conceptID="Obj5" novelty="New" advantage="None"/><text>We apply the standard counterpoise (CP) correction to obtain improved results.</text></s> <s sid="62"><CoreSc1 atype="GSC" type="Obs" conceptID="Obs3" novelty="None" advantage="None"/><text>At the CP corrected MRMP2 level (denoted as CP-MRMP2 in Fig. 2), the binding energy of the π-dimer is refined to be −11.2 kcal mol<SP>−1</SP> (−46.9 kJ mol<SP>−1</SP>) with <IT>R</IT><SB>eq</SB> = 2.7 Å (270 pm).</text></s> <s sid="63"><CoreSc1 atype="GSC" type="Obs" conceptID="Obs4" novelty="None" advantage="None"/><text>CP-MRMP2/6-31+G(d) single point energy calculations (with diffuse functions on carbon and nitrogen atoms) at the same geometries as above yield a similar binding energy of −12.5 kcal mol<SP>−1</SP> (−52.3 kJ mol<SP>−1</SP>), which is our best estimate.<REF TYPE="P" ID="cit17">17</REF></text></s> <s sid="64"><CoreSc1 atype="GSC" type="Res" conceptID="Res6" novelty="None" advantage="None"/><text>These results (<IT>i.e.</IT>, binding energy and equilibrium geometry) are in satisfactory agreement with recent experiments in solution and in the solid state, in which Δ<IT>H</IT> = −8.8 kcal mol<SP>−1</SP> (−36.8 kJ mol<SP>−1</SP>) and <IT>R</IT><SB>eq</SB> = 2.9 Å (290 pm).<REF TYPE="P" ID="cit5">5</REF></text></s></P><P><s sid="65"><CoreSc1 atype="GSC" type="Res" conceptID="Res7" novelty="None" advantage="None"/><text>The fact that <IT>R</IT><SB>eq</SB> at CP-MRMP2 occurs at a slightly longer distance than for MRMP2 reflects the fact that without CP correction, the bond length is spuriously shortened due to BSSE.</text></s> <s sid="66"><CoreSc1 atype="GSC" type="Obs" conceptID="Obs5" novelty="None" advantage="None"/><text>Although not shown in the figure, the CP corrected PP(1) curve also lies above PP(1), making the dimer even more unbound at that level of theory.</text></s></P><P><s sid="67"><CoreSc1 atype="GSC" type="Obj" conceptID="Obj6" novelty="New" advantage="None"/><text>Next, we considered the dimer formation of dianionic forms of TCNE<SB>2</SB><SP>2−</SP> in the absence of cations, employing the same theoretical methods used above, namely, PP(1), MRMP2, and CP-MRMP2.</text></s> <s sid="68"><CoreSc1 atype="GSC" type="Obs" conceptID="Obs6" novelty="None" advantage="None"/><text>It is clear from Fig. 3 that, at all levels, a dianionic dimer is unstable relative to the two separate monoanions due to the overwhelming anion-anion repulsion, although, at MRMP2 before the BSSE correction, there is a shallow and thick metastable minimum (with a 4.5 kcal mol<SP>−1</SP> barrier) appearing at 2.8 Å.</text></s> <s sid="69"><CoreSc1 atype="GSC" type="Res" conceptID="Res8" novelty="None" advantage="None"/><text>This metastable minimum is found to be spurious confirming that the dimer is bound only in the presence of counter-cations since it almost disappears (with a 0.6 kcal mol<SP>−1</SP> barrier) when BSSE is corrected at CP-MRMP2.</text></s> <s sid="70"><CoreSc1 atype="GSC" type="Res" conceptID="Res9" novelty="None" advantage="None"/><text>Nontheless, the MRMP2 curve still shows that the dispersion interactions stabilized the dimer significantly.</text></s> <s sid="71"><CoreSc1 atype="GSC" type="Obs" conceptID="Obs7" novelty="None" advantage="None"/><text>We also note that with the 6-31+G(d) basis, an isolated dianion dimer at <IT>R</IT> = 2.8 Å is still unstable with respect to the separated monoanions by about 34 kcal mol<SP>−1</SP> at the MRMP2 level.</text></s></P><P><s sid="72"><CoreSc1 atype="GSC" type="Res" conceptID="Res10" novelty="None" advantage="None"/><text>Although crucial as shown above, dispersion forces are only one of the driving forces that allow dimer formation with this unusual 2.9 Å bondlength.</text></s> <s sid="73"><CoreSc1 atype="GSC" type="Obs" conceptID="Obs8" novelty="None" advantage="None"/><text>As plots of the calculated PP(1) HOMO and LUMO show in Fig. 4, there indeed is strong bonding interactions in the HOMO between the two TCNE monomers.</text></s> <s sid="74"><CoreSc1 atype="GSC" type="Res" conceptID="Res11" novelty="None" advantage="None"/><text>These four-center two-electron π-bonding interactions also help to allow the TCNE monomers to come well inside the usual van der Waals envelope, by partly compensating repulsive Coulomb and exchange interactions between filled orbitals that are responsible for normal van der Waals separations.</text></s> <s sid="75"><CoreSc1 atype="GSC" type="Obs" conceptID="Obs9" novelty="None" advantage="None"/><text>More quantitatively, the tradeoff between bonding and antibonding interactions can be seen in Table 1, from the tabulated π* LUMO (see Fig. 4) occupation numbers as a function of dimer distance.</text></s> <s sid="76"><CoreSc1 atype="GSC" type="Obs" conceptID="Obs10" novelty="None" advantage="None"/><text>At the optimal separation (<IT>R</IT><SB>eq</SB> = 2.7 Å), the LUMO occupation number is 0.24 electrons.</text></s> <s sid="77"><CoreSc1 atype="GSC" type="Res" conceptID="Res12" novelty="None" advantage="None"/><text>This means that the dimer has about 76% π-bonding character and 24% diradical character, which suggests that its bond order at this distance is 0..76<REF TYPE="P" ID="cit18">18</REF></text></s> <s sid="78"><CoreSc1 atype="GSC" type="Con" conceptID="Con4" novelty="None" advantage="None"/><text>Despite substantial diradical character, therefore, one can say overall there exists a “chemical bond”, or a partial π-bond more precisely.</text></s></P><P><s sid="79"><CoreSc1 atype="GSC" type="Con" conceptID="Con5" novelty="None" advantage="None"/><text>However, the fact that the dimer is unstable at <IT>R</IT><SB>eq</SB> = 2.7 Å at the PP(1) level indicates clearly that this π-bonding interaction (76%) is not enough by itself to overcome the other effects and to yield a stable dimer.</text></s> <s sid="80"><CoreSc1 atype="GSC" type="Bac" conceptID="Bac27" novelty="None" advantage="None"/><text>In fact, it is very rare to find a stable molecule with 24% diradical character, because it would usually like to rearrange to increase its bond character.</text></s> <s sid="81"><CoreSc1 atype="GSC" type="Con" conceptID="Con6" novelty="None" advantage="None"/><text>Due to the cofacial parallel geometry of the π-dimer, dispersion attractions between the monomers are large enough to stabilize this unusually diradicaloid bond.</text></s> <s sid="82"><CoreSc1 atype="GSC" type="Con" conceptID="Con7" novelty="None" advantage="None"/><text>The balance between two-electron bonding and dispersion attractions (which favor shorter distances), against Coulomb and exchange repulsions of other filled orbitals (which favor longer distances), results in the observed bondlength.</text></s> <s sid="83"><CoreSc1 atype="GSC" type="Con" conceptID="Con8" novelty="None" advantage="None"/><text>Hence the electronic structure of the exceptionally long C–C bond found in TCNE<SB>2</SB><SP>2−</SP> can be best described as a <IT>dispersion-assisted partial four-center two-electron</IT> π-<IT>bond</IT>.</text></s> <s sid="84"><CoreSc1 atype="GSC" type="Con" conceptID="Con9" novelty="None" advantage="None"/><text>This is supported by the fact that comparable calculations on the neutral TCNE dimer (<IT>i.e.</IT>, including dispersions but not covalent interactions) show much weaker binding.<REF TYPE="P" ID="cit19">19</REF></text></s></P><P><s sid="85"><CoreSc1 atype="GSC" type="Bac" conceptID="Bac28" novelty="None" advantage="None"/><text>Recent experiments on various organic π-radicals showed that, regardless of whether they are negatively charged as in TCNE<SP>−</SP>˙, positively charged (OMB<SP>+</SP>˙), or neutral (PHEN˙), these radicals all spontaneously self-associate to form π-dimers with <IT>R</IT><SB>eq</SB> ≈ 3 Å.<REF TYPE="P" ID="cit5">5</REF></text></s> <s sid="86"><CoreSc1 atype="GSC" type="Bac" conceptID="Bac29" novelty="None" advantage="None"/><text>They have similar exothermic enthalpies of formation ranging between −6 and −10 kcal mol<SP>−1</SP>, strong allowed optical transitions in the near-IR region due to HOMO to relatively low-lying LUMO excitations, and persist in solution as well as in the solid state.</text></s> <s sid="87"><CoreSc1 atype="GSC" type="Con" conceptID="Con10" novelty="None" advantage="None"/><text>These common characteristics suggest that these supramolecular π-dimers may have similar electronic structures as well.</text></s> <s sid="88"><CoreSc1 atype="GSC" type="Bac" conceptID="Bac30" novelty="None" advantage="None"/><text>We are currently performing detailed investigations on how general the combined effects of <IT>partial</IT> π-<IT>bonding and dispersion attractions</IT> are in supramolecular π-dimerizations of organic π radicals.</text></s></P></DIV></BODY></PAPER>