<?xml version="1.0" encoding="UTF-8"?>
<!DOCTYPE PAPER
  SYSTEM "paper-structure-annotation.dtd">
<PAPER><mode2 name="b404633a" hasDoc="yes" version="1153"/><TITLE><s sid="1"><CoreSc1 atype="GSC" type="Met" conceptID="Met1" novelty="New" advantage="None"/><text>Sequential DNA hybridisation assays by fast micromixing</text></s></TITLE><ABSTRACT><s sid="2"><CoreSc1 atype="GSC" type="Obj" conceptID="Obj1" novelty="New" advantage="None"/><text>The prospects of performing DNA hybridisation assays in a novel sequential scheme are explored in this article.</text></s> <s sid="3"><CoreSc1 atype="GSC" type="Obj" conceptID="Obj1" novelty="New" advantage="None"/><text>It is based on recording the kinetics of hybridisation on a microfluidic device measuring only 10 by 5 mm.</text></s> <s sid="4"><CoreSc1 atype="GSC" type="Obj" conceptID="Obj1" novelty="New" advantage="Yes"/><text>It contains a split channel system for fast mixing and a subsequent meandering channel to observe the evolution of the mixture by optical means.</text></s> <s sid="5"><CoreSc1 atype="GSC" type="Obj" conceptID="Obj1" novelty="New" advantage="No"/><text>The problems of diffusion limitations in the laminar flow regime are overcome by reducing the average diffusion distance to a few micrometers only.</text></s> <s sid="6"><CoreSc1 atype="GSC" type="Exp" conceptID="Exp1" novelty="None" advantage="None"/><text>DNA oligomers (20-mers) of different sequences were injected on the chip for mixing.</text></s> <s sid="7"><CoreSc1 atype="GSC" type="Exp" conceptID="Exp1" novelty="None" advantage="None"/><text>The detection of hybridisation was based on the fluorescence of DNA-intercalating dyes.</text></s> <s sid="8"><CoreSc1 atype="GSC" type="Exp" conceptID="Exp1" novelty="None" advantage="None"/><text>Two modes of operation were investigated.</text></s> <s sid="9"><CoreSc1 atype="GSC" type="Exp" conceptID="Exp1" novelty="None" advantage="None"/><text>First, the samples were injected into the micromixing device at a high flow rate of 40 µl min<SP>−1</SP>.</text></s> <s sid="10"><CoreSc1 atype="GSC" type="Exp" conceptID="Exp1" novelty="None" advantage="None"/><text>When the sample passed through the actual micromixing unit, the flow rate was reduced to allow for measurement of fluorescence levels at various steady-state reaction times in the range of 2–15 s, as defined by the channel geometry.</text></s> <s sid="11"><CoreSc1 atype="GSC" type="Obs" conceptID="Obs1" novelty="None" advantage="None"/><text>Using this continuous flow approach, photobleaching of fluorophores could be avoided.</text></s> <s sid="12"><CoreSc1 atype="GSC" type="Res" conceptID="Res1" novelty="None" advantage="None"/><text>In a buffer containing 0.2 M NaCl, 2 base-pair mismatches could routinely be detected within 5–20 s.</text></s> <s sid="13"><CoreSc1 atype="GSC" type="Res" conceptID="Res2" novelty="None" advantage="None"/><text>Single base-pair mismatches were successfully identified under low salt conditions.</text></s> <s sid="14"><CoreSc1 atype="GSC" type="Exp" conceptID="Exp2" novelty="None" advantage="None"/><text>In the second mode, the flow was completely stopped and the evolution of the total fluorescence signal influenced by the hybridisation of oligomers and photobleaching was observed.</text></s> <s sid="15"><CoreSc1 atype="GSC" type="Res" conceptID="Res3" novelty="None" advantage="None"/><text>Whereas the sequence-dependent effects remained unchanged, the assay times between the mixing of two oligomers and clear identification of their hybridisation properties could be reduced down to a maximum of 5–7 s, in some cases even below 1 s.</text></s></ABSTRACT><BODY><DIV DEPTH="1"><HEADER>Introduction</HEADER><P><s sid="16"><CoreSc1 atype="GSC" type="Bac" conceptID="Bac1" novelty="None" advantage="None"/><text>DNA hybridisation reactions are at the core of biological and medical analysis.</text></s> <s sid="17"><CoreSc1 atype="GSC" type="Bac" conceptID="Bac1" novelty="None" advantage="None"/><text>Performed in vast numbers, one of the most valuable platforms are DNA microarrays where probe oligomer sequences representing genes of interest are immobilised and incubated with a mixture of unknown target DNA.</text></s> <s sid="18"><CoreSc1 atype="GSC" type="Met" conceptID="Met2" novelty="Old" advantage="None"/><text>Fluorescent labelling techniques are predominantly used to identify the sites where probe and target sequences match.</text></s> <s sid="19"><CoreSc1 atype="GSC" type="Met" conceptID="Met2" novelty="Old" advantage="Yes"/><text>The performance of DNA microarrays is impressive as integration with microsystem technology progresses to increase the number of probe oligomer per unit area.<REF TYPE="P" ID="cit1 cit2">1,2</REF></text></s> <s sid="20"><CoreSc1 atype="GSC" type="Met" conceptID="Met2" novelty="Old" advantage="Yes"/><text>Thereby, the information density is increased considerably and enables large-scale genomic analysis such as gene expression profiling of whole organisms.<REF TYPE="P" ID="cit3 cit4 cit5">3–5</REF></text></s> <s sid="21"><CoreSc1 atype="GSC" type="Met" conceptID="Met3" novelty="Old" advantage="None"/><text>Although it seems that many application needs in industrial research and high-throughput screening can be satisfied with microarrays, there is an on-going interest in alternative DNA hybridisation technology, <IT>e.g.</IT> hybridisation-based sensors that depend on other sensing devices like fiber optics,<REF TYPE="P" ID="cit6">6</REF> surface plasmon resonance sensors<REF TYPE="P" ID="cit7">7</REF> or acoustic wave sensors.<REF TYPE="P" ID="cit8">8</REF></text></s> <s sid="22"><CoreSc1 atype="GSC" type="Met" conceptID="Met4" novelty="Old" advantage="None"/><text>Especially attractive solutions were presented particle-based probe oligomer immobilisation schemes.<REF TYPE="P" ID="cit9 cit10">9,10</REF></text></s> <s sid="23"><CoreSc1 atype="GSC" type="Met" conceptID="Met5" novelty="Old" advantage="None"/><text>Yamashita <IT>et al</IT>. proposed a microfluidic system based totally on laminar flow, where the DNA hybridisation occurs at the interface between the streams.</text></s> <s sid="24"><CoreSc1 atype="GSC" type="Met" conceptID="Met5" novelty="Old" advantage="Yes"/><text>By tailoring the geometry of channel bends on their chip, only the newly formed and fluorescence-labelled DNA duplexes migrate into the bulk region of the second laminar stream for detection.<REF TYPE="P" ID="cit11">11</REF></text></s> <s sid="25"><CoreSc1 atype="GSC" type="Met" conceptID="Met6" novelty="Old" advantage="None"/><text>Another interesting contribution from Tamiya's group suggested the use of silicon micromachining to create platelet-like particles for immobilisation whose shape characteristics alone could code for different functionalisation and still be easily identifiable in mixtures.<REF TYPE="P" ID="cit12 cit13">12,13</REF></text></s> <s sid="26"><CoreSc1 atype="GSC" type="Met" conceptID="Met7" novelty="None" advantage="No"/><text>However, there is a distinct lack of scale-up potential towards high-throughput applications in most of these approaches.</text></s> <s sid="27"><CoreSc1 atype="GSC" type="Met" conceptID="Met7" novelty="None" advantage="No"/><text>In some cases, the beads coated with probes could be sorted into a silicon frame and became individually addressable.<REF TYPE="P" ID="cit14">14</REF></text></s></P><P><s sid="28"><CoreSc1 atype="GSC" type="Met" conceptID="Met1" novelty="New" advantage="None"/><text>We wish to present a different approach with potential for high-throughput application by combining purely solution-based DNA hybridisation reactions with the use of a microfluidic system.<REF TYPE="P" ID="cit15 cit16">15,16</REF></text></s> <s sid="29"><CoreSc1 atype="GSC" type="Met" conceptID="Met1" novelty="New" advantage="Yes"/><text>This device overcomes the mixing problem that is inherent to most microfluidic systems which work in the laminar flow regime and is based on the fine distribution of two laminar inlet flows (Fig. 1).</text></s> <s sid="30"><CoreSc1 atype="GSC" type="Exp" conceptID="Exp3" novelty="None" advantage="None"/><text>DNA hybridisation assays are performed in series by injecting the sample solutions one after the other and mix them rapidly on the chip.</text></s> <s sid="31"><CoreSc1 atype="GSC" type="Obs" conceptID="Obs2" novelty="None" advantage="None"/><text>Single nucleotide polymorphisms (SNP) are detectable.</text></s> <s sid="32"><CoreSc1 atype="GSC" type="Bac" conceptID="Bac2" novelty="None" advantage="None"/><text>If such a scheme is to be used for a large number of analyses in sequence, the single assay has to be performed within a short time to become comparable to the enormous multiplexing performance of microarray technology.</text></s> <s sid="33"><CoreSc1 atype="GSC" type="Obs" conceptID="Obs3" novelty="None" advantage="None"/><text>The prospect of decreasing the time of one assay to the order of 1 s is presented.</text></s> <s sid="34"><CoreSc1 atype="GSC" type="Met" conceptID="Met1" novelty="New" advantage="Yes"/><text>Potentially, this technology could allow for many thousand assays within just a few hours.</text></s> <s sid="35"><CoreSc1 atype="GSC" type="Met" conceptID="Met1" novelty="New" advantage="Yes"/><text>By using solution-based DNA chemistry,<REF TYPE="P" ID="cit17 cit18">17,18</REF> the need for immobilisation schemes is eliminated.</text></s> <s sid="36"><CoreSc1 atype="GSC" type="Mot" conceptID="Mot1" novelty="None" advantage="None"/><text>Due to restrictions of molecular diffusion near surfaces, the kinetics of heterogeneous hybridisation assays are slower, as characterised in literature.<REF TYPE="P" ID="cit19 cit20 cit21 cit22">19–22</REF></text></s> <s sid="37"><CoreSc1 atype="GSC" type="Bac" conceptID="Bac3" novelty="None" advantage="None"/><text>The detection of DNA hybridisation is based on the fluorescent dye PicoGreen that selectively enhances its fluorescence upon binding to double-stranded DNA (dsDNA).</text></s> <s sid="38"><CoreSc1 atype="GSC" type="Bac" conceptID="Bac3" novelty="None" advantage="None"/><text>Typically, such intercalating reagents are used for DNA quantification<REF TYPE="P" ID="cit23 cit24 cit25 cit26 cit27">23–27</REF>.</text></s></P></DIV><DIV DEPTH="1"><HEADER>Experimental procedures</HEADER><DIV DEPTH="2"><HEADER>Instrument setup</HEADER><P><s sid="39"><CoreSc1 atype="GSC" type="Met" conceptID="Met8" novelty="Old" advantage="None"/><text>The setup consisted of a Leica DM IL inverted microscope with fluorescence detection equipment as depicted in Fig. 1c.</text></s> <s sid="40"><CoreSc1 atype="GSC" type="Exp" conceptID="Exp4" novelty="None" advantage="None"/><text>The glass-silicon-glass sandwiched micromixing device was secured in a custom-made aluminium holder by pressing PEEK capillaries and silicone ferrules (Upchurch Scientific, Eugene, Oregon, USA) into the access holes of the microchip.</text></s> <s sid="41"><CoreSc1 atype="GSC" type="Exp" conceptID="Exp4" novelty="None" advantage="None"/><text>There were two light sources installed, one a halogen lamp for bright-field imaging, the other lamp a high-performance Hg-lamp (50 W) for fluorescence excitation.</text></s> <s sid="42"><CoreSc1 atype="GSC" type="Exp" conceptID="Exp4" novelty="None" advantage="None"/><text>Various neutral density filters could be inserted before the fluorescence filter set in order to attenuate the excitation light.</text></s> <s sid="43"><CoreSc1 atype="GSC" type="Met" conceptID="Met9" novelty="Old" advantage="None"/><text>Connected to the microscope was a photomultiplier tube (PMT) Cairn Integra (Cairn Research Ltd., Faversham, UK).</text></s> <s sid="44"><CoreSc1 atype="GSC" type="Met" conceptID="Met9" novelty="Old" advantage="None"/><text>Its preamplifier analog voltage output was connected to a National Instruments PCI DAQ card for direct digitalization of the PMT data.</text></s> <s sid="45"><CoreSc1 atype="GSC" type="Met" conceptID="Met9" novelty="Old" advantage="None"/><text>Liquid pumping was done using a Harvard PhD 2000 syringe pump equipped to hold up to two Hamilton syringes.</text></s> <s sid="46"><CoreSc1 atype="GSC" type="Exp" conceptID="Exp5" novelty="None" advantage="None"/><text>One input line was connected to a Rheodyne EV750-100 6-port injection valve (Rheodyne LLC, Rohnert Park, California, USA) which was equipped with a 20 µl sample loop.</text></s> <s sid="47"><CoreSc1 atype="GSC" type="Exp" conceptID="Exp5" novelty="None" advantage="None"/><text>A video camera for capturing live and still images was installed on the top port of the PMT mirror assembly.</text></s> <s sid="48"><CoreSc1 atype="GSC" type="Exp" conceptID="Exp5" novelty="None" advantage="None"/><text>By the use of dichroic mirrors which split the light at 600 nm, the camera remained connected in parallel to the PMT so that detection window and positions could be checked shortly before and during measurement.</text></s> <s sid="49"><CoreSc1 atype="GSC" type="Exp" conceptID="Exp5" novelty="None" advantage="None"/><text>The detection window was defined by an adjustable rectangular aperture of 160 by 200 µm.</text></s> <s sid="50"><CoreSc1 atype="GSC" type="Exp" conceptID="Exp5" novelty="None" advantage="None"/><text>The fluorescence light was collected at highest magnification through a 32× objective (NA = 0.4).</text></s> <s sid="51"><CoreSc1 atype="GSC" type="Exp" conceptID="Exp5" novelty="None" advantage="None"/><text>The whole setup was computer-controlled using LabView and was placed in a cloth-clad cubicle in order to avoid stray light.</text></s></P><DIV DEPTH="3"><HEADER>Micromixer flow visualisation</HEADER><P><s sid="52"><CoreSc1 atype="GSC" type="Exp" conceptID="Exp6" novelty="None" advantage="None"/><text>A solution of 0.385 mM fluorescein isothiocyanate (FITC) dissolved in MeOH was used in a mixing experiment with water.</text></s> <s sid="53"><CoreSc1 atype="GSC" type="Exp" conceptID="Exp6" novelty="None" advantage="None"/><text>The components were mixed at a total flow rate of 120 µl min<SP>−1</SP>.</text></s></P></DIV><DIV DEPTH="3"><HEADER>DNA hybridisation assays</HEADER><P><s sid="54"><CoreSc1 atype="GSC" type="Exp" conceptID="Exp7" novelty="None" advantage="None"/><text>Gel-filtered DNA oligomers were synthesized by Eurogentech, Romsey, UK and used as received.</text></s> <s sid="55"><CoreSc1 atype="GSC" type="Exp" conceptID="Exp7" novelty="None" advantage="None"/><text>The lyophilised DNA oligomers were reconstituted using sterile and RNAse free water.</text></s> <s sid="56"><CoreSc1 atype="GSC" type="Exp" conceptID="Exp7" novelty="None" advantage="None"/><text>The following sequences were used for the present work, a base sequence A: 5′-GTTTATTAATGCGGCCCGCG-3′, its perfect match A′: 5′-CGCGGGCCGCATTAATAAAC-3′, as well as sequences containing increasing numbers of base pair mismatches, A-1: 5′-CGCGGGC<B><IT>T</IT></B>GCATTAATAAAC-3′, A-2: 5′-CGCG<B><IT>A</IT></B>GCCGCATT<B><IT>G</IT></B>ATAAAC-3′ and A-5: 5′-CG<B><IT>T</IT></B>GAG<B><IT>A</IT></B>CGCA<B><IT>C</IT></B>T<B><IT>G</IT></B>ATA<B><IT>T</IT></B>AC-3′.</text></s> <s sid="57"><CoreSc1 atype="GSC" type="Exp" conceptID="Exp7" novelty="None" advantage="None"/><text>Location of mismatches are indicated in bold-oblique letters.</text></s> <s sid="58"><CoreSc1 atype="GSC" type="Exp" conceptID="Exp7" novelty="None" advantage="None"/><text>The hybridisation properties of various oligomer mixtures were also confirmed by DNA sizing on an Agilent 2100 bioanalyser.</text></s> <s sid="59"><CoreSc1 atype="GSC" type="Exp" conceptID="Exp7" novelty="None" advantage="None"/><text>To ensure temperature stability and constant lighting conditions <IT>etc</IT>., each experiment consisted of different injections done in the same run within a few hours.</text></s></P></DIV></DIV><DIV DEPTH="2"><HEADER/><P><s sid="60"><CoreSc1 atype="GSC" type="Exp" conceptID="Exp7" novelty="None" advantage="None"/><text>PicoGreen was purchased from Molecular Probes Inc., Leiden, Netherlands.</text></s> <s sid="61"><CoreSc1 atype="GSC" type="Exp" conceptID="Exp7" novelty="None" advantage="None"/><text>For a typical experiment, 3 ml of buffer solution containing 34.5 mg NaCl (0.2 M) and 8.9 mM tris-borate/0.2 mM EDTA at pH 8.3 were prepared and put under vacuum for degassing.</text></s> <s sid="62"><CoreSc1 atype="GSC" type="Exp" conceptID="Exp7" novelty="None" advantage="None"/><text>To this buffer, the appropriate amount of oligomer and PicoGreen dye (typically 5 µl of PicoGreen diluted in water 1:10) was added shortly before the experiment.</text></s> <s sid="63"><CoreSc1 atype="GSC" type="Exp" conceptID="Exp7" novelty="None" advantage="None"/><text>The first syringe connected directly to one inlet usually contained 450 µl of a 0.8–8 µM (5–50 µg ml<SP>−1</SP>) target oligomer solution, the syringe supplying the other inlet contained 450 µl pure buffer and was used as carrier stream through the Rheodyne injection valve.</text></s> <s sid="64"><CoreSc1 atype="GSC" type="Exp" conceptID="Exp7" novelty="None" advantage="None"/><text>Probe oligomer solutions for injection were at the same concentration unless indicated otherwise.</text></s> <s sid="65"><CoreSc1 atype="GSC" type="Exp" conceptID="Exp7" novelty="None" advantage="None"/><text>Between experiments, the chip was filled with liquid in order to avoid air bubbles forming and occasionally flushed with buffer and EtOH/MeOH or 2-propanol to keep the microchannels clean.</text></s></P><P><s sid="66"><CoreSc1 atype="GSC" type="Exp" conceptID="Exp7" novelty="None" advantage="None"/><text>Calibration experiments to assess the detection limit of dsDNA within a large background of ssDNA were performed.</text></s> <s sid="67"><CoreSc1 atype="GSC" type="Exp" conceptID="Exp7" novelty="None" advantage="None"/><text>All solutions were prepared with excess oligomer to mimic the initial stages of hybridisation with the corresponding amount of unreacted oligomer.</text></s> <s sid="68"><CoreSc1 atype="GSC" type="Exp" conceptID="Exp7" novelty="None" advantage="None"/><text>A 5 µM stock solution of dsDNA (A:A′) was diluted to 1, 2, 20, 40, 80, 160 × 10<SP>−8</SP> M concentrations to which another equivalent of A was added to bring the total oligomer concentration in the system to a total of 8 µM (comprising dsDNA and ssDNA).</text></s> <s sid="69"><CoreSc1 atype="GSC" type="Exp" conceptID="Exp7" novelty="None" advantage="None"/><text>This time, the solutions were injected on the microchannels through the outlet since the micromixing function was not necessary.</text></s> <s sid="70"><CoreSc1 atype="GSC" type="Exp" conceptID="Exp7" novelty="None" advantage="None"/><text>Fluorescence levels were recorded for both stopped flow and continuous 40 µl min<SP>−1</SP>.</text></s> <s sid="71"><CoreSc1 atype="GSC" type="Obs" conceptID="Obs4" novelty="None" advantage="None"/><text>As the results of the calibration run indicate, dsDNA concentrations of 200–400 nM could readily be detected (not shown).</text></s> <s sid="72"><CoreSc1 atype="GSC" type="Met" conceptID="Met10" novelty="New" advantage="None"/><text>Where applicable in terms of comparable experimental conditions, a linear fit to this calibration was used to convert the PMT voltage scale to concentration units.</text></s> <s sid="73"><CoreSc1 atype="GSC" type="Met" conceptID="Met10" novelty="New" advantage="None"/><text>The PMT data was first normalised to the measured basic fluorescence level of one oligomer/PicoGreen solution mixed 1 : 1 with buffer.</text></s></P></DIV></DIV><DIV DEPTH="1"><HEADER>Results and discussion</HEADER><DIV DEPTH="2"><HEADER/><P><s sid="74"><CoreSc1 atype="GSC" type="Exp" conceptID="Exp8" novelty="None" advantage="None"/><text>The high efficiency of mixing in the laminar flow regime is brought about by splitting each of the two inlet streams into 16 smaller substreams which then are joined and recombined (Fig. 1a).</text></s> <s sid="75"><CoreSc1 atype="GSC" type="Bac" conceptID="Bac4" novelty="None" advantage="None"/><text>Details concerning the design and microfabrication procedures of the device are given elsewhere.<REF TYPE="P" ID="cit28">28</REF></text></s> <s sid="76"><CoreSc1 atype="GSC" type="Exp" conceptID="Exp8" novelty="None" advantage="None"/><text>Briefly, channels and through-holes were micromachined into a silicon wafer from both sides by deep reactive ion etching (DRIE) using three photolithography masks.</text></s> <s sid="77"><CoreSc1 atype="GSC" type="Exp" conceptID="Exp8" novelty="None" advantage="None"/><text>The silicon wafer then was sandwiched by anodic bonding of a plain glass wafer at the bottom and a glass wafer featuring sand-blasted access holes on top and finally diced to yield single chips.</text></s> <s sid="78"><CoreSc1 atype="GSC" type="Exp" conceptID="Exp8" novelty="None" advantage="None"/><text>The channel surfaces had not been functionalised in any way.</text></s> <s sid="79"><CoreSc1 atype="GSC" type="Hyp" conceptID="Hyp1" novelty="None" advantage="None"/><text>Hence, a layer of adsorbed oligomers on the open SiO<SB>2</SB> surfaces had to be expected.</text></s> <s sid="80"><CoreSc1 atype="GSC" type="Hyp" conceptID="Hyp1" novelty="None" advantage="None"/><text>Due to the excitation light source containing significant intensity in the UV range, an irreversibly bound monomolecular layer is likely to have formed.</text></s> <s sid="81"><CoreSc1 atype="GSC" type="Obs" conceptID="Obs5" novelty="None" advantage="None"/><text>However, due to the dynamic operation mode featuring only short interruptions of a continuous flow, the immensely larger detection volume, the DNA concentrations used and frequent flushings, no evidence of adverse effects on the fluorescence signals was found.</text></s> <s sid="82"><CoreSc1 atype="GSC" type="Met" conceptID="Met11" novelty="New" advantage="None"/><text>In addition, the intense excitation light source was constantly illuminating the channel system (see positioning of aperture in Fig. 1c), thus quenching any remaining fluorescence from possible adsorbates by photobleaching.</text></s> <s sid="83"><CoreSc1 atype="GSC" type="Res" conceptID="Res4" novelty="None" advantage="None"/><text>With the present system geometry, Reynold numbers of <IT>Re</IT> = 1.6 to 4.8 have been calculated for the flow rates of 40 to 120 µl min<SP>−1</SP> of aqueous oligomer solutions used within this project.</text></s> <s sid="84"><CoreSc1 atype="GSC" type="Con" conceptID="Con1" novelty="None" advantage="None"/><text>In the absence of turbulence at <IT>Re</IT> &lt; 2,000, the only transport mechanism for mixing is diffusion.</text></s> <s sid="85"><CoreSc1 atype="GSC" type="Con" conceptID="Con1" novelty="None" advantage="None"/><text>The splitting of flows therefore reduces the average diffusion distance to approx.</text></s> <s sid="86"><CoreSc1 atype="GSC" type="Con" conceptID="Con1" novelty="None" advantage="None"/><text>10 µm, see also Fig. 1b where micrographs of the stratified laminar flow pattern after mixing fluorescein isothiocyanate (FITC) with water are shown.</text></s> <s sid="87"><CoreSc1 atype="GSC" type="Obs" conceptID="Obs6" novelty="None" advantage="None"/><text>A meandering channel allows for downstream observation of the flow, <IT>e.g</IT>. after 30 ms the laminar pattern has been washed out by diffusion.</text></s> <s sid="88"><CoreSc1 atype="GSC" type="Res" conceptID="Res5" novelty="None" advantage="None"/><text>The splitting of flows leads to a significant decrease in mixing times down to the order of ms, since the diffusion distance <IT>x</IT> follows a root law as function of diffusion coefficient <IT>D</IT> and time <IT>t</IT></text></s></P><P><s sid="89"><CoreSc1 atype="GSC" type="Bac" conceptID="Bac5" novelty="None" advantage="None"/><text>A literature overview of some diffusion properties in water for various molecules of interest are summarised in Table 1.</text></s> <s sid="90"><CoreSc1 atype="GSC" type="Mot" conceptID="Mot2" novelty="None" advantage="None"/><text>Smaller molecules like FITC easily cover 7–8 µm within 100 ms, whereas DNA oligomers and double-stranded pieces of 20 bp length take up to approximately 1 s for the same distance.</text></s> <s sid="91"><CoreSc1 atype="GSC" type="Mot" conceptID="Mot2" novelty="None" advantage="None"/><text>This is due to their diffusion coefficient being approx.</text></s> <s sid="92"><CoreSc1 atype="GSC" type="Mot" conceptID="Mot2" novelty="None" advantage="None"/><text>10× smaller.</text></s> <s sid="93"><CoreSc1 atype="GSC" type="Mot" conceptID="Mot2" novelty="None" advantage="None"/><text>It is important to note that these values may vary depending on the actual experimental conditions like buffers, pH, temperature, DNA sequence and functionalisation <IT>etc</IT>.</text></s> <s sid="94"><CoreSc1 atype="GSC" type="Bac" conceptID="Bac5" novelty="None" advantage="None"/><text>Therefore, these literature values were used as a guideline only.</text></s></P><P><s sid="95"><CoreSc1 atype="GSC" type="Goa" conceptID="Goa1" novelty="None" advantage="None"/><text>All the characteristics addressed above led to the decision to vary the flow rate in the present work by mixing probe and target oligomer quickly using a high flow rate and subsequently slowing down or stopping the flow to allow for enough time to observe the evolution of the DNA hybridisation reaction.</text></s> <s sid="96"><CoreSc1 atype="GSC" type="Met" conceptID="Met12" novelty="New" advantage="None"/><text>The downstream channel volume of 480 nl would only allow for a time window of 600 ms at typical flow rate of 40 µl min<SP>−1</SP>.</text></s> <s sid="97"><CoreSc1 atype="GSC" type="Met" conceptID="Met12" novelty="New" advantage="None"/><text>Therefore, these reductions of the flow-rate or stop-flow schemes were required.</text></s> <s sid="98"><CoreSc1 atype="GSC" type="Hyp" conceptID="Hyp2" novelty="None" advantage="None"/><text>Since the detection of hybridisation is based on intercalating dyes which increase the quantum yield of fluorescence upon interacting with dsDNA, the following contributions to the overall fluorescence level can be expected: (i) the fluorescence of the intercalating dye in solution without DNA interaction, (ii) interaction of the dye with ssDNA, (iii) intercalation into oligomer-dimers, (iv) intercalation into dsDNA.</text></s> <s sid="99"><CoreSc1 atype="GSC" type="Hyp" conceptID="Hyp2" novelty="None" advantage="None"/><text>Of these contributions, (i) should be negligible<REF TYPE="P" ID="cit29">29</REF> (ii) is expected to remain constant throughout the experiments, or, in the case of matching oligomers, is expected to become negligible as ssDNA is consumed by hydridisation, (iv) desirably the strongest and (iii) will have to be controlled carefully, since it may vary depending on the probe sequences of the oligomers in use.</text></s> <s sid="100"><CoreSc1 atype="GSC" type="Bac" conceptID="Bac6" novelty="None" advantage="None"/><text>Newer intercalating dyes like PicoGreen seem to fulfil these requirements, especially since the brightness increase upon binding to dsDNA is reported to be 2 orders of magnitude.</text></s></P></DIV><DIV DEPTH="2"><HEADER>Continuous-flow experiments, detecting SNPs</HEADER><P><s sid="101"><CoreSc1 atype="GSC" type="Obs" conceptID="Obs7" novelty="None" advantage="None"/><text>A typical experiment mixing oligomer A with A′ is depicted in Fig. 2a.</text></s> <s sid="102"><CoreSc1 atype="GSC" type="Exp" conceptID="Exp9" novelty="None" advantage="None"/><text>At 40 µl min<SP>−1</SP> the injection valve is switched to its inject position for 10 s, injecting approximately 3.3 µl of probe oligomer solution.</text></s> <s sid="103"><CoreSc1 atype="GSC" type="Exp" conceptID="Exp9" novelty="None" advantage="None"/><text>Concurrently with switching the valve back to the load state, the flow is abruptly reduced to a flow rate of 2 µl min<SP>−1</SP>.</text></s> <s sid="104"><CoreSc1 atype="GSC" type="Obs" conceptID="Obs8" novelty="None" advantage="None"/><text>After 10–20 s another steady state of the fluorescence signal is reached.</text></s> <s sid="105"><CoreSc1 atype="GSC" type="Exp" conceptID="Exp9" novelty="None" advantage="None"/><text>For demonstration of the repeatability of this flow rate change, the flow rate is temporarily brought back to 40 µl min<SP>−1</SP> for just a short moment (at 45 s).</text></s> <s sid="106"><CoreSc1 atype="GSC" type="Obs" conceptID="Obs9" novelty="None" advantage="None"/><text>The signal recovers to the same steady-state level after that.</text></s> <s sid="107"><CoreSc1 atype="GSC" type="Exp" conceptID="Exp9" novelty="None" advantage="None"/><text>The experiment is ended at 80 s by flushing the system at 40 µl min<SP>−1</SP>.</text></s> <s sid="108"><CoreSc1 atype="GSC" type="Exp" conceptID="Exp9" novelty="None" advantage="None"/><text>Both oligomer concentrations were 2.4 µM.</text></s> <s sid="109"><CoreSc1 atype="GSC" type="Met" conceptID="Met13" novelty="New" advantage="None"/><text>The observed difference in fluorescence intensity before and after the flow rate reduction step, ΔPMT, was evaluated to detect oligomers that match or, respectively, mismatch in varying degrees.</text></s> <s sid="110"><CoreSc1 atype="GSC" type="Obs" conceptID="Obs10" novelty="None" advantage="None"/><text>The ΔPMT values of sequence-dependent experiments are shown in Fig. 2b.</text></s> <s sid="111"><CoreSc1 atype="GSC" type="Met" conceptID="Met14" novelty="New" advantage="None"/><text>The same experiment as described above was performed with various mismatch combinations.</text></s> <s sid="112"><CoreSc1 atype="GSC" type="Obs" conceptID="Obs11" novelty="None" advantage="None"/><text>Matching oligomers A/A′ and 1-mismatch A/A-1 could not be distinctly resolved.</text></s> <s sid="113"><CoreSc1 atype="GSC" type="Con" conceptID="Con2" novelty="None" advantage="None"/><text>This is attributed to the high NaCl concentration of 0.2 M which was initially chosen to maximise the reaction rate at fixed oligomer concentrations.</text></s> <s sid="114"><CoreSc1 atype="GSC" type="Met" conceptID="Met14" novelty="New" advantage="No"/><text>The error of multiple injections was dominated by the fluctuations of the mercury-arc lamp that was used.</text></s></P><P><s sid="115"><CoreSc1 atype="GSC" type="Res" conceptID="Res6" novelty="None" advantage="None"/><text>However, if the NaCl content is reduced to 40 mM, the stringency of hybridisation is increased.</text></s> <s sid="116"><CoreSc1 atype="GSC" type="Obs" conceptID="Obs12" novelty="None" advantage="None"/><text>Using these conditions, single base-pair mismatches A/A-1 were successfully distinguished from A/A′ at 4.8 µM oligomer concentrations (Fig. 2c).</text></s> <s sid="117"><CoreSc1 atype="GSC" type="Met" conceptID="Met15" novelty="New" advantage="None"/><text>As both syringes were driven by the same pump, the mixing ratio was fixed to 1:1.</text></s> <s sid="118"><CoreSc1 atype="GSC" type="Met" conceptID="Met15" novelty="New" advantage="No"/><text>However, due to individual pressure variations upon flow rate change, deviations from this 1:1 ratio had to be taken into account.</text></s> <s sid="119"><CoreSc1 atype="GSC" type="Obs" conceptID="Obs13" novelty="None" advantage="None"/><text>Therefore, the initial response always carries some unwanted spike which was characterised by observing the effect of flow-rate change without injecting a sample.</text></s> <s sid="120"><CoreSc1 atype="GSC" type="Obs" conceptID="Obs13" novelty="None" advantage="None"/><text>In those cases, the corresponding fluorescence response of only the change in flow rate without sample injection is also displayed.</text></s> <s sid="121"><CoreSc1 atype="GSC" type="Con" conceptID="Con3" novelty="None" advantage="None"/><text>The difference between the two steady-state levels is indicative of the hybridisation reaction rate.</text></s> <s sid="122"><CoreSc1 atype="GSC" type="Obs" conceptID="Obs14" novelty="None" advantage="None"/><text>As Fig. 2c also shows, the higher concentrations used in the single base-pair mismatch experiments yields a much shorter settling time of only 5 s to reach flow equilibrium.</text></s></P></DIV><DIV DEPTH="2"><HEADER>Stop-flow experiments</HEADER><P><s sid="123"><CoreSc1 atype="GSC" type="Obs" conceptID="Obs15" novelty="None" advantage="None"/><text>A sharp increase in fluorescence brightness was obtained when injecting the complementary 20-mer A′ to the basic sequence A and stopping the flow.</text></s> <s sid="124"><CoreSc1 atype="GSC" type="Exp" conceptID="Exp10" novelty="None" advantage="None"/><text>The injection time of 10 s was again chosen in order to fill the channel downstream of the mixing unit long enough to perform several stop-flow measurements.</text></s> <s sid="125"><CoreSc1 atype="GSC" type="Obs" conceptID="Obs15" novelty="None" advantage="None"/><text>A series of three injections is shown in Fig. 3a for [A] = constant = 8 × 10<SP>−6</SP> M and [A′] = 8 × 10<SP>−6</SP> M, resp.</text></s> <s sid="126"><CoreSc1 atype="GSC" type="Obs" conceptID="Obs15" novelty="None" advantage="None"/><text>4 × 10<SP>−6</SP> M and 1.6 × 10<SP>−6</SP> M. The curves each show the behaviour after stopping the flow 3 times and give an impression of the reproducibility.</text></s> <s sid="127"><CoreSc1 atype="GSC" type="Obs" conceptID="Obs15" novelty="None" advantage="None"/><text>From top to bottom, the dilution of [A′] is shown.</text></s> <s sid="128"><CoreSc1 atype="GSC" type="Obs" conceptID="Obs15" novelty="None" advantage="None"/><text>Clearly, the steady-state fluorescence level follows the dilution series quantitatively.</text></s> <s sid="129"><CoreSc1 atype="GSC" type="Bac" conceptID="Bac7" novelty="None" advantage="None"/><text>The hybridisation kinetics of DNA oligomers can be described as a reaction following second order kinetics with a rate constant <IT>k</IT><SB>1</SB> of approximately 5.7 × 10<SP>5</SP> M<SP>−1</SP>s<SP>−1</SP>.<REF TYPE="P" ID="cit18 cit30">18,30</REF></text></s> <s sid="130"><CoreSc1 atype="GSC" type="Mod" conceptID="Mod1" novelty="None" advantage="None"/><text>The time-law of dsDNA formation for equal oligomer concentrations is given by where <IT>c</IT><SB>0</SB> is the initial concentration of both oligomers and <IT>k</IT><SB>1</SB> the rate constant.</text></s> <s sid="131"><CoreSc1 atype="GSC" type="Res" conceptID="Res7" novelty="None" advantage="None"/><text>Calculation of the 90% conversion value yields a value of <IT>t</IT><SB>90</SB> = 1.98 s.</text></s> <s sid="132"><CoreSc1 atype="GSC" type="Hyp" conceptID="Hyp3" novelty="None" advantage="None"/><text>Therefore, considering the specific conditions used in the experiments, the hybridisation should be faster than the mixing process by diffusion.</text></s> <s sid="133"><CoreSc1 atype="GSC" type="Hyp" conceptID="Hyp3" novelty="None" advantage="None"/><text>One expects to measure the response of the mixing system rather than the hybridisation kinetics themselves.</text></s> <s sid="134"><CoreSc1 atype="GSC" type="Obs" conceptID="Obs16" novelty="None" advantage="None"/><text>As Fig. 3a confirms, the times after the stopping of flow required to reach a steady fluorescence level do not change by diluting the concentration of one oligomer.</text></s> <s sid="135"><CoreSc1 atype="GSC" type="Res" conceptID="Res8" novelty="None" advantage="None"/><text>Linearisation to the root law of diffusion (1) of the time-dependent response shows that the hybridisation is indeed in the diffusion-limited regime for 20 s after which the increase in fluorescence deviates from the root law (Fig. 3b).</text></s> <s sid="136"><CoreSc1 atype="GSC" type="Con" conceptID="Con4" novelty="None" advantage="None"/><text>Possible explanations for this deviation are the completion of the mixing process or the onset of photobleaching as the intense excitation light is constantly focussed on the same volume element of the liquid after halting the flow.</text></s> <s sid="137"><CoreSc1 atype="GSC" type="Obs" conceptID="Obs17" novelty="None" advantage="None"/><text>The <IT>t</IT><SB>90</SB> values scale linearly with concentrations.</text></s> <s sid="138"><CoreSc1 atype="GSC" type="Hyp" conceptID="Hyp4" novelty="None" advantage="None"/><text>Hence, it has to be expected that using lower concentrations will eventually lead to a kinetic limitation of the response.</text></s></P><P><s sid="139"><CoreSc1 atype="GSC" type="Mot" conceptID="Mot3" novelty="None" advantage="None"/><text>If this micromixing/stopped flow scheme is going to be used for genomic analysis, the dependence of the response to variations in sequence will be crucial.</text></s> <s sid="140"><CoreSc1 atype="GSC" type="Obs" conceptID="Obs18" novelty="None" advantage="None"/><text>Examples of sequence series are given in Fig. 4.</text></s> <s sid="141"><CoreSc1 atype="GSC" type="Exp" conceptID="Exp11" novelty="None" advantage="None"/><text>The A sequence was provided to the first inlet and the other oligomers were injected via the Rheodyne valve to the second inlet with injection times of 10 s.</text></s> <s sid="142"><CoreSc1 atype="GSC" type="Obs" conceptID="Obs19" novelty="None" advantage="None"/><text>A′ and A-1 containing one mismatched base pair coincide, whereas the first differences become evident for the two-mismatch oligomer, A-2.</text></s> <s sid="143"><CoreSc1 atype="GSC" type="Res" conceptID="Res9" novelty="None" advantage="None"/><text>In the case of A-5, the fluorescence increase is distinctly lower reflecting the thermodynamic equilibrium being shifted to the oligomer side.</text></s> <s sid="144"><CoreSc1 atype="GSC" type="Con" conceptID="Con5" novelty="None" advantage="None"/><text>True single-nucleotide-polymorphism (SNP) detection could again not be achieved due to the NaCl content (0.2 M).</text></s> <s sid="145"><CoreSc1 atype="GSC" type="Bac" conceptID="Bac8" novelty="None" advantage="None"/><text>However, the same way as control probe sequences containing an additional mismatch close to the target mismatch are included in microarray applications, such an approach could equally be applied for the proposed micromixing approach.</text></s> <s sid="146"><CoreSc1 atype="GSC" type="Obs" conceptID="Obs20" novelty="None" advantage="None"/><text>Further variations in buffer composition also lead to less ‘mismatch-tolerant’ and more stringent hybridisation conditions.</text></s></P><P><s sid="147"><CoreSc1 atype="GSC" type="Mot" conceptID="Mot4" novelty="None" advantage="None"/><text>High-throughput application of this scheme demands for a quick succession of assays, <IT>e.g</IT>. another assay every 1–5 s.</text></s> <s sid="148"><CoreSc1 atype="GSC" type="Bac" conceptID="Bac9" novelty="None" advantage="None"/><text>It is not necessary to wait for the hybridisation to complete for obtaining the information whether two particular probe to target sequences match.</text></s> <s sid="149"><CoreSc1 atype="GSC" type="Bac" conceptID="Bac9" novelty="None" advantage="None"/><text>This will constitute an optimisation problem between fast detection and the resulting sequence-related levels of confidence.</text></s> <s sid="150"><CoreSc1 atype="GSC" type="Mot" conceptID="Mot4" novelty="None" advantage="None"/><text>Parameters to consider are the diffusion-controlled mixing or the kinetics of hybridisation and the sensitivity of detection, especially the detection of small dsDNA amounts in a large background of oligomers.</text></s></P><P><s sid="151"><CoreSc1 atype="GSC" type="Obs" conceptID="Obs21" novelty="None" advantage="None"/><text>A true high-speed approach is shown in Fig. 5, where multiple stops on A mixed with A′, and A mixed with A-5 are depicted.</text></s> <s sid="152"><CoreSc1 atype="GSC" type="Met" conceptID="Met16" novelty="New" advantage="None"/><text>Particular to this experiment was the removal of all ND filters to have the highest excitation light intensity that the setup permitted.</text></s> <s sid="153"><CoreSc1 atype="GSC" type="Obs" conceptID="Obs21" novelty="None" advantage="None"/><text>Photobleaching effects now become very significant and the hybridisation/intercalation process produces just enough additional fluorescence to temporarily outweigh the photobleaching.<REF TYPE="P" ID="cit29 cit31">29,31</REF></text></s> <s sid="154"><CoreSc1 atype="GSC" type="Obs" conceptID="Obs21" novelty="None" advantage="None"/><text>Therefore, the signal obtained only increases in the case of matching oligomer sequences.</text></s> <s sid="155"><CoreSc1 atype="GSC" type="Obs" conceptID="Obs22" novelty="None" advantage="None"/><text>In the case of mismatching sequences, A-5 to A, only a decay of fluorescence is recorded.</text></s> <s sid="156"><CoreSc1 atype="GSC" type="Con" conceptID="Con6" novelty="None" advantage="None"/><text>First, such a scheme could provide for a signal with less ambiguity than the previous ones shown before by exhibiting a clear increase/decrease of fluorescence brightness.</text></s> <s sid="157"><CoreSc1 atype="GSC" type="Con" conceptID="Con6" novelty="None" advantage="None"/><text>Second, the magnified extracts that show the onset of the signal upon halting the flow are only 1 s, clearly indicating the possibility to discriminate matching/nonmatching situations with a signal change in the range of 10% within the first second of observation.</text></s></P><P><s sid="158"><CoreSc1 atype="GSC" type="Met" conceptID="Met17" novelty="New" advantage="None"/><text>We have demonstrated an alternative approach for performing DNA hybridisation assays in sequence.</text></s> <s sid="159"><CoreSc1 atype="GSC" type="Met" conceptID="Met17" novelty="New" advantage="None"/><text>The enabling tool is a microsystem of passive mixing channels with subsequent observation channel.</text></s> <s sid="160"><CoreSc1 atype="GSC" type="Obs" conceptID="Obs23" novelty="None" advantage="None"/><text>DNA hybridisation at high concentrations was found to be diffusion-limited.</text></s> <s sid="161"><CoreSc1 atype="GSC" type="Res" conceptID="Res10" novelty="None" advantage="None"/><text>Sequence dependent signals down to SNP-level were successfully recorded.</text></s> <s sid="162"><CoreSc1 atype="GSC" type="Res" conceptID="Res10" novelty="None" advantage="None"/><text>A mode of operation suitable for high-throughput applications was found, where the signal shows within 1 s whether two oligomers match.</text></s> <s sid="163"><CoreSc1 atype="GSC" type="Con" conceptID="Con7" novelty="None" advantage="None"/><text>Whereas technological difficulties such as the periphery providing a steady stream of samples still need to be addressed, we believe this method could provide for a very flexible and versatile platform for genomic analysis.</text></s></P></DIV></DIV><DIV DEPTH="1"><HEADER>Acknowledgements</HEADER><P><s sid="164"><CoreSc1 atype="GSC" type="Bac" conceptID="Bac10" novelty="None" advantage="None"/><text>M. Heule thanks for funding, by a postdoctoral fellowship award, the Swiss National Science Foundation (SNF).</text></s> <s sid="165"><CoreSc1 atype="GSC" type="Bac" conceptID="Bac10" novelty="None" advantage="None"/><text>Upchurch Scientific is acknowledged for providing a reference chip holder.</text></s></P></DIV></BODY></PAPER>