<?xml version="1.0" encoding="UTF-8"?>
<!DOCTYPE PAPER
  SYSTEM "paper-structure-annotation.dtd">
<PAPER><mode2 name="b404078n" hasDoc="yes" version="1153"/><TITLE><s sid="1"><CoreSc1 atype="GSC" type="Goa" conceptID="Goa1" novelty="None" advantage="None"/><text>Analysis of an algebraic model for the chromophore vibrations of CF<SB>3</SB>CHFI</text></s></TITLE><ABSTRACT><s sid="2"><CoreSc1 atype="GSC" type="Goa" conceptID="Goa1" novelty="None" advantage="None"/><text>We extract the dynamics implicit in an algebraic fitted model Hamiltonian for the hydrogen chromophore’s vibrational motion in the molecule CF<SB>3</SB>CHFI.</text></s> <s sid="3"><CoreSc1 atype="GSC" type="Obj" conceptID="Obj1" novelty="New" advantage="None"/><text>The original model has four degrees of freedom, a conserved polyad allows the reduction to three degrees of freedom.</text></s> <s sid="4"><CoreSc1 atype="GSC" type="Res" conceptID="Res1" novelty="None" advantage="None"/><text>For most quantum states we can identify the underlying motion that when quantized gives the said state.</text></s> <s sid="5"><CoreSc1 atype="GSC" type="Met" conceptID="Met1" novelty="Old" advantage="None"/><text>Most of the classifications, identifications and assignments are done by visual inspection of the already available wave function semiclassically transformed from the number representation to a representation on the reduced dimension toroidal configuration space corresponding to the classical action and angle variables.</text></s> <s sid="6"><CoreSc1 atype="GSC" type="Con" conceptID="Con1" novelty="None" advantage="None"/><text>The concentration of the wave function density to lower dimensional subsets centered on idealized simple lower dimensional organizing structures and the behavior of the phase along such organizing centers already reveals the atomic motion.</text></s> <s sid="7"><CoreSc1 atype="GSC" type="Con" conceptID="Con1" novelty="None" advantage="None"/><text>Extremely little computational work is needed.</text></s></ABSTRACT><BODY><DIV DEPTH="1"><HEADER HEADER_MARKER="1.">Introduction</HEADER><P><s sid="8"><CoreSc1 atype="GSC" type="Met" conceptID="Met1" novelty="None" advantage="None"/><text>In recent years we have developed methods to investigate algebraic models (spectroscopic Hamiltonians) for the vibrations of molecules.<REF TYPE="P" ID="cit1 cit2 cit3 cit4 cit5">1–5</REF></text></s> <s sid="9"><CoreSc1 atype="GSC" type="Met" conceptID="Met1" novelty="None" advantage="None"/><text>The Hamiltonians reproduce and encode by their construction the experimental data.<REF TYPE="P" ID="cit6 cit7 cit8 cit9 cit10 cit11 cit12">6–12</REF></text></s> <s sid="10"><CoreSc1 atype="GSC" type="Obj" conceptID="Obj2" novelty="None" advantage="None"/><text>In the mentioned examples the system is reducible to two degrees of freedom.</text></s> <s sid="11"><CoreSc1 atype="GSC" type="Obj" conceptID="Obj1" novelty="None" advantage="None"/><text>As the next logical step we have turned to systems where after all possible reductions three degrees of freedom remain.</text></s> <s sid="12"><CoreSc1 atype="GSC" type="Obj" conceptID="Obj1" novelty="None" advantage="None"/><text>A first example of this kind has been treated in <REF TYPE="P" ID="cit13">ref. 13</REF>, in the present paper we treat as further example the molecule CF<SB>3</SB>CHFI for which in <REF TYPE="P" ID="cit14">ref. 14</REF> an algebraic model has been presented for the motion of the H atom (chromophore).</text></s> <s sid="13"><CoreSc1 atype="GSC" type="Obj" conceptID="Obj1" novelty="None" advantage="None"/><text>This model has four degrees of freedom and it has one conserved polyad which can be used to reduce it to three degrees of freedom.</text></s></P><P><s sid="14"><CoreSc1 atype="GSC" type="Res" conceptID="Res2" novelty="None" advantage="None"/><text>From known wave functions represented in the toroidal configuration space of action/angle variables<REF TYPE="P" ID="cit15">15</REF> we show that we can visually sort most of the states into ladders of states with similar topology.</text></s> <s sid="15"><CoreSc1 atype="GSC" type="Res" conceptID="Res2" novelty="None" advantage="None"/><text>Each ladder has a relatively simple spectrum.</text></s> <s sid="16"><CoreSc1 atype="GSC" type="Res" conceptID="Res2" novelty="None" advantage="None"/><text>Complexity arises from their interleaving.</text></s> <s sid="17"><CoreSc1 atype="GSC" type="Res" conceptID="Res3" novelty="None" advantage="None"/><text>We also can recognize underlying classical lower dimensional organizing structures by the fact that for these inherently complex functions the eigenstate density (magnitude squared) is concentrated around them and the phase has simple behavior near them.</text></s> <s sid="18"><CoreSc1 atype="GSC" type="Res" conceptID="Res3" novelty="None" advantage="None"/><text>The position of these structures in angle space reveals the nature of the resonance interaction causing the topology.</text></s> <s sid="19"><CoreSc1 atype="GSC" type="Res" conceptID="Res4" novelty="None" advantage="None"/><text>It also allows the reconstruction of the motion of the atoms which underlie this particular quantum state.</text></s> <s sid="20"><CoreSc1 atype="GSC" type="Res" conceptID="Res4" novelty="None" advantage="None"/><text>By counting nodes in plots of the density and of the phase advances in corresponding plots of the phase quantum excitation numbers can be obtained.</text></s> <s sid="21"><CoreSc1 atype="GSC" type="Con" conceptID="Con2" novelty="None" advantage="None"/><text>In many cases, along with the polyad quantum number itself, we thereby obtain a complete set of quantum numbers for a state even though the corresponding classical motion is nonintegrable.</text></s> <s sid="22"><CoreSc1 atype="GSC" type="Con" conceptID="Con2" novelty="None" advantage="None"/><text>These classification numbers can be interpreted as quasi-conserved quantities for this particular state or for the ladder of states based on the same dynamic organizational element.</text></s></P><P><s sid="23"><CoreSc1 atype="GSC" type="Bac" conceptID="Bac1" novelty="None" advantage="None"/><text>Since the Hamiltonian used here has the same functional structure as the one used in <REF TYPE="P" ID="cit13">ref. 13</REF> and since also the methods of investigation are the same, we mainly present results for the present molecule and refer to <REF TYPE="P" ID="cit13">ref. 13</REF> for the detailed explanations of the method.</text></s></P></DIV><DIV DEPTH="1"><HEADER HEADER_MARKER="2.">The model</HEADER><P><s sid="24"><CoreSc1 atype="GSC" type="Mod" conceptID="Mod1" novelty="None" advantage="None"/><text>For the description of the chromophore dynamics of the molecule CF<SB>3</SB>CHFI we use the model set up in .<REF TYPE="P" ID="cit14">ref. 14</REF></text></s> <s sid="25"><CoreSc1 atype="GSC" type="Mod" conceptID="Mod1" novelty="None" advantage="None"/><text>It is based on four degrees of freedom as required by the nature of the observed overtone spectroscopy.</text></s> <s sid="26"><CoreSc1 atype="GSC" type="Mod" conceptID="Mod1" novelty="None" advantage="None"/><text>The index s stands for the stretch of the H atom, the index a labels its bend in the HCCF<SB>(4)</SB> plane, the index b labels its bend perpendicular to this plane, and the index f stands for the transpositioned C–F stretch.</text></s> <s sid="27"><CoreSc1 atype="GSC" type="Mod" conceptID="Mod1" novelty="None" advantage="None"/><text>For the exact atomic motion belonging to these four degrees of freedom see Fig. 2 in .<REF TYPE="P" ID="cit14">ref. 14</REF></text></s> <s sid="28"><CoreSc1 atype="GSC" type="Mod" conceptID="Mod1" novelty="None" advantage="None"/><text>The algebraic Hamiltonian fitted to experiment and to calculations on a fitted potential surface has a natural decompositioninto a diagonal part(here the indices <IT>j</IT> and <IT>m</IT> run over the four degrees of freedom a, b, f, s) and an interaction partwhere <IT>a</IT><SB><IT>j</IT></SB> and <IT>a</IT><SB><IT>j</IT></SB><SP>†</SP> are the usual harmonic destruction and creation operators of degree of freedom <IT>j</IT>.</text></s> <s sid="29"><CoreSc1 atype="GSC" type="Mod" conceptID="Mod1" novelty="None" advantage="None"/><text>In eqn. (3) the indices <IT>j</IT> and m run over the three degrees of freedom a, b, f.</text></s> <s sid="30"><CoreSc1 atype="GSC" type="Mod" conceptID="Mod1" novelty="None" advantage="None"/><text>For the coefficients we use the ones given in column 6 in Table 1 in <REF TYPE="P" ID="cit14">ref. 14</REF> where we see that roughly <IT>ω</IT><SB>s</SB> ≈ 2<IT>ω</IT><SB>a</SB> ≈ 2<IT>ω</IT><SB>b</SB> ≈ 2<IT>ω</IT><SB>f</SB> giving rise to the Fermi resonances anticipated by the terms of eqn. (3) and the Darling–Dennison resonances anticipated by the terms of Eqs.</text></s> <s sid="31"><CoreSc1 atype="GSC" type="Mod" conceptID="Mod1" novelty="None" advantage="None"/><text>(4–6).</text></s></P><P><s sid="32"><CoreSc1 atype="GSC" type="Mod" conceptID="Mod1" novelty="None" advantage="None"/><text>This Hamiltonian has as a conserved quantity, the polyad <IT>P</IT>, defined aswith the corresponding operator given as <IT>P̂</IT> by replacing <IT>n</IT><SB><IT>j</IT></SB> → <IT>a</IT>†<IT>j</IT><IT>a</IT><SB><IT>j</IT></SB>.</text></s> <s sid="33"><CoreSc1 atype="GSC" type="Mod" conceptID="Mod1" novelty="None" advantage="None"/><text>One can now study each polyad separately.</text></s></P><P><s sid="34"><CoreSc1 atype="GSC" type="Mod" conceptID="Mod1" novelty="None" advantage="None"/><text>The expansion of the eigenfunctions <IT>Ψ</IT><SB><IT>j</IT></SB> into number statesis gotten from the diagonalization of the <IT>H</IT>-matrix in number state basis.</text></s></P><P><s sid="35"><CoreSc1 atype="GSC" type="Mod" conceptID="Mod1" novelty="None" advantage="None"/><text>To construct the corresponding classical Hamiltonian in action/angle variables <IT>I</IT>/<IT>ϕ</IT> we use the substitution rules ,after bringing all operators into symmetrical order, then the classical action <IT>I</IT><SB><IT>j</IT></SB> corresponds to <IT>n</IT><SB><IT>j</IT></SB> + 1/2.</text></s></P></DIV><DIV DEPTH="1"><HEADER HEADER_MARKER="3.">Semiclassical wave functions and their analysis</HEADER><P><s sid="36"><CoreSc1 atype="GSC" type="Mod" conceptID="Mod2" novelty="None" advantage="None"/><text>Semiclassically we represent a number state (basis state in our case) as a periodic plane wave on the configuration torus of the coordinates <IT>ϕ</IT><SB><IT>j</IT></SB>:Then from eqn. (8) we get That is, the expansion of the eigenstate into number states from eqn. (8) is converted into a Fourier decomposition on the torus.</text></s></P><P><s sid="37"><CoreSc1 atype="GSC" type="Mod" conceptID="Mod2" novelty="None" advantage="None"/><text>Dimension reduction can now be carried out by noting that, using the polyad of eqn. (7) to eliminate the fast degree of freedom s, the <IT>j</IT>th eigenstate can be written By the last equation the reduced wave function <IT>χ</IT><SB><IT>j</IT></SB><SP><IT>P</IT></SP> is defined.</text></s></P><P><s sid="38"><CoreSc1 atype="GSC" type="Mod" conceptID="Mod2" novelty="None" advantage="None"/><text>This shows that the eigenfunctions in a given polyad <IT>P</IT> have a common phase factor dependence on <IT>ϕ</IT><SB>s</SB> and really only depend on the reduced wave function <IT>χ</IT><SB><IT>j</IT></SB><SP><IT>P</IT></SP> which is a function of the three anglesor <IT>j</IT> = a,b,f.</text></s> <s sid="39"><CoreSc1 atype="GSC" type="Mod" conceptID="Mod2" novelty="None" advantage="None"/><text>These three angles make up a three dimensional toroidal configuration space <IT>T</IT><SP>3</SP> upon which <IT>χ</IT><SB><IT>k</IT></SB><SP><IT>P</IT></SP> is situated.</text></s> <s sid="40"><CoreSc1 atype="GSC" type="Mod" conceptID="Mod2" novelty="None" advantage="None"/><text>The angle transformation of eqn. (14) plus the trivial transformationcan be supplemented to give a canonical transformation by introducing the new actions again for <IT>j</IT> = a,b,f and <IT>θ</IT> is a cyclic angle, therefore the conjugate action <IT>K</IT> can be treated as parameter and the system is reduced to one with three degrees of freedom.</text></s></P><P><s sid="41"><CoreSc1 atype="GSC" type="Mod" conceptID="Mod3" novelty="None" advantage="None"/><text>The atomic motion belonging to a trajectory in reduced phase space is gotten as follows.</text></s> <s sid="42"><CoreSc1 atype="GSC" type="Mod" conceptID="Mod3" novelty="None" advantage="None"/><text>First we integrate the Hamilton equations for <IT></IT> the cyclic angle; second we undo the canonical transformation for all variables.</text></s> <s sid="43"><CoreSc1 atype="GSC" type="Mod" conceptID="Mod3" novelty="None" advantage="None"/><text>And third we assume a harmonic model for the transition from action/angle variable to position variables in each degree of freedom.</text></s> <s sid="44"><CoreSc1 atype="GSC" type="Mod" conceptID="Mod3" novelty="None" advantage="None"/><text>We call this reconstruction the “lift” (for details see <REF TYPE="P" ID="cit13">ref. 13</REF>).</text></s></P><P><s sid="45"><CoreSc1 atype="GSC" type="Mod" conceptID="Mod4" novelty="None" advantage="None"/><text>The wave functions are manifestly complex function and in the following we use their representation by absolute value and phase as Their inspection is key to our analysis.</text></s> <s sid="46"><CoreSc1 atype="GSC" type="Mod" conceptID="Mod4" novelty="None" advantage="None"/><text>Their magnitudes (or densities) and phases are both plotted in the cube whose sides are associated with the <IT>ψ</IT><SB><IT>j</IT></SB> on the 0 to 2π range.</text></s> <s sid="47"><CoreSc1 atype="GSC" type="Mod" conceptID="Mod4" novelty="None" advantage="None"/><text>Periodic boundary conditions are used so as to associate properly with the 3D configuration torus.</text></s></P><P><s sid="48"><CoreSc1 atype="GSC" type="Obs" conceptID="Obs1" novelty="None" advantage="None"/><text>Symmetry properties of the system will show up in the following.</text></s> <s sid="49"><CoreSc1 atype="GSC" type="Obs" conceptID="Obs1" novelty="None" advantage="None"/><text>The Hamiltonian is invariant under a simultaneous shift of all angles <IT>ψ</IT><SB><IT>j</IT></SB> by π.</text></s> <s sid="50"><CoreSc1 atype="GSC" type="Res" conceptID="Res5" novelty="None" advantage="None"/><text>Therefore the reduced configuration torus <IT>T</IT><SP>3</SP> covers the original configuration space twice and all structures show up in double, even though they really exist only once.</text></s> <s sid="51"><CoreSc1 atype="GSC" type="Obs" conceptID="Obs2" novelty="None" advantage="None"/><text>In addition the system is invariant under a shift of any angle <IT>ψ</IT><SB><IT>j</IT></SB> by 2π and it is invariant under a reflection where all angles go over into their negatives.</text></s></P><P><s sid="52"><CoreSc1 atype="GSC" type="Obs" conceptID="Obs2" novelty="None" advantage="None"/><text>The basis functions have constant density and therefore any eigenstate dominated by a single basis function has a density without sharp localization.</text></s> <s sid="53"><CoreSc1 atype="GSC" type="Obs" conceptID="Obs2" novelty="None" advantage="None"/><text>Resonances as for example 2<IT>ω</IT><SB>a</SB> ≈ <IT>ω</IT><SB>s</SB> will be seen to cause localization about a line <IT>ψ</IT><SB>a</SB> = constant.</text></s> <s sid="54"><CoreSc1 atype="GSC" type="Res" conceptID="Res6" novelty="None" advantage="None"/><text>This follows as <IT>ψ</IT><SB>a</SB> = <IT>ϕ</IT><SB>a</SB> − <IT>ϕ</IT><SB>s</SB>/2 = <IT>constant</IT> when differentiated with respect to time gives the frequency relation.</text></s> <s sid="55"><CoreSc1 atype="GSC" type="Res" conceptID="Res6" novelty="None" advantage="None"/><text>Hence it is seen that resonances are associated with localization and the fact that d<IT>ψ</IT><SB><IT>j</IT></SB>/d<IT>t</IT> = 0.</text></s> <s sid="56"><CoreSc1 atype="GSC" type="Res" conceptID="Res7" novelty="None" advantage="None"/><text>It can be claimed that by using angle coordinates that slow to zero velocity at resonance we here assure that the wave function will “collapse” onto and about a lower dimensional subspace called the organization center.</text></s> <s sid="57"><CoreSc1 atype="GSC" type="Res" conceptID="Res7" novelty="None" advantage="None"/><text>This in reverse gives a way to recognize the influence of resonances, namely localization of the wave function on the configuration torus.</text></s> <s sid="58"><CoreSc1 atype="GSC" type="Res" conceptID="Res7" novelty="None" advantage="None"/><text>Each linearly independent locking of angles therefore reduces by 1 the dimension of the subset of configuration space around which the wave function is concentrated.</text></s></P><P><s sid="59"><CoreSc1 atype="GSC" type="Res" conceptID="Res8" novelty="None" advantage="None"/><text>The nodal structures will be visible and countable in directions perpendicular to the organization element and clearly will be associated with a localized direction.</text></s> <s sid="60"><CoreSc1 atype="GSC" type="Res" conceptID="Res8" novelty="None" advantage="None"/><text>The count of such transversal nodes supplies for each direction of localization a transverse quantum number <IT>t</IT>, that replaces an original mode quantum number <IT>n</IT> which has been destroyed by the resonant interaction.</text></s> <s sid="61"><CoreSc1 atype="GSC" type="Res" conceptID="Res9" novelty="None" advantage="None"/><text>The wave function in all the localized directions can be considered as qualitatively similar (a continuous deformation) of an oscillator state of the corresponding dimension.</text></s> <s sid="62"><CoreSc1 atype="GSC" type="Res" conceptID="Res9" novelty="None" advantage="None"/><text>The transverse quantum numbers <IT>t</IT><SB><IT>k</IT></SB> are the corresponding oscillator excitation numbers.</text></s></P><P><s sid="63"><CoreSc1 atype="GSC" type="Obs" conceptID="Obs3" novelty="None" advantage="None"/><text>The phase functions <IT>Φ</IT> according to eqn. (18) are smooth and close to a plane wave in subsets parallel to the organization center (usually they are subsets of high density) and have jumps by π and singularities in other parts of the configuration space.</text></s> <s sid="64"><CoreSc1 atype="GSC" type="Res" conceptID="Res10" novelty="None" advantage="None"/><text>Therefore phase advances along fundamental cycles inside such distinguished subsets are well defined and are necessarily integer multiples of 2π.</text></s> <s sid="65"><CoreSc1 atype="GSC" type="Res" conceptID="Res10" novelty="None" advantage="None"/><text>They provide longitudinal quantum numbers <IT>l</IT><SB><IT>k</IT></SB> which also replace the interacting mode quantum numbers.</text></s></P></DIV><DIV DEPTH="1"><HEADER HEADER_MARKER="4.">The motion behind individual quantum states</HEADER><P><s sid="66"><CoreSc1 atype="GSC" type="Mod" conceptID="Mod5" novelty="None" advantage="None"/><text>The configuration space is a three-dimensional torus which we can represent as a cube with identified opposite boundary points.</text></s> <s sid="67"><CoreSc1 atype="GSC" type="Mod" conceptID="Mod5" novelty="None" advantage="None"/><text>Three dimensional (perspective) plots of the semiclassical state functions look too often like large globes of ink and were not informative.</text></s> <s sid="68"><CoreSc1 atype="GSC" type="Mod" conceptID="Mod5" novelty="None" advantage="None"/><text>Here we will resort to cuts of the cube (e.g. cut <IT>ψ</IT><SB>a</SB> = <IT>ψ</IT><SB>b</SB>) and plot density and phase in such cuts.</text></s></P><P><s sid="69"><CoreSc1 atype="GSC" type="Mod" conceptID="Mod5" novelty="None" advantage="None"/><text>The appropriate choice of the cuts is found partially by trial and error and partially by the following considerations: In CF<SB>3</SB>CHFI a resonance with a rather close frequency is <IT>ω</IT><SB>f</SB> ≈ <IT>ω</IT><SB>b</SB> and its associated <IT>k</IT><SB>b,f</SB> in the Hamiltonian is largest.</text></s> <s sid="70"><CoreSc1 atype="GSC" type="Mod" conceptID="Mod5" novelty="None" advantage="None"/><text>This suggests that modes b and f should be coupled in planes <IT>ψ</IT><SB>f</SB> = <IT>ψ</IT><SB>b</SB> + constant which assures <IT>ω</IT><SB>f</SB><SP>eff</SP> = <IT>ω</IT><SB>b</SB><SP>eff</SP>.</text></s></P><P><s sid="71"><CoreSc1 atype="GSC" type="Mod" conceptID="Mod5" novelty="None" advantage="None"/><text>The simultaneous Fermi coupling conditions <IT>ω</IT><SB>s</SB> = 2<IT>ω</IT><SB>a</SB> and <IT>ω</IT><SB>s</SB> = 2<IT>ω</IT><SB>f</SB> give by similar reasoning the organizing line <IT>ψ</IT><SB>a</SB> = <IT>c</IT><SB>1</SB>, <IT>ψ</IT><SB>f</SB> = <IT>c</IT><SB>2</SB>.</text></s> <s sid="72"><CoreSc1 atype="GSC" type="Mod" conceptID="Mod5" novelty="None" advantage="None"/><text>For some states several organizing structures could be used and the same dynamics revealed.</text></s> <s sid="73"><CoreSc1 atype="GSC" type="Mod" conceptID="Mod5" novelty="None" advantage="None"/><text>Our experience is to choose those corresponding resonances which seem more important in <IT>H</IT> and which give longer ladders of states.</text></s></P><DIV DEPTH="2"><HEADER HEADER_MARKER="4.1.">Scheme for a large number of states throughout the polyad</HEADER><P><s sid="74"><CoreSc1 atype="GSC" type="Obs" conceptID="Obs4" novelty="None" advantage="None"/><text>Starting at the bottom of the polyad we find 64 states that definitely lie in the Darling–Dennison <IT>ω</IT><SB>f</SB> = <IT>ω</IT><SB>b</SB> resonance class in that they have densities localized about planes all denotable as <IT>ψ</IT><SB>f</SB> = <IT>ψ</IT><SB>b</SB> + constant.</text></s> <s sid="75"><CoreSc1 atype="GSC" type="Obs" conceptID="Obs4" novelty="None" advantage="None"/><text>They also have simple phase plots in these planes.</text></s> <s sid="76"><CoreSc1 atype="GSC" type="Obs" conceptID="Obs5" novelty="None" advantage="None"/><text>At the lower end a few of them could also be organized by the <IT>ω</IT><SB>s</SB> = 2<IT>ω</IT><SB>f</SB>, <IT>ω</IT><SB>s</SB> = 2<IT>ω</IT><SB>b</SB> Fermi resonances, i.e. about a line in the “a” direction.</text></s> <s sid="77"><CoreSc1 atype="GSC" type="Obs" conceptID="Obs5" novelty="None" advantage="None"/><text>But they occur when the stretch excitation is zero and this classification is not very physical.</text></s></P><P><s sid="78"><CoreSc1 atype="GSC" type="Obs" conceptID="Obs6" novelty="None" advantage="None"/><text>Some of the lowest states could also be assigned for all modes by quantum numbers <IT>n</IT><SB><IT>j</IT></SB> and correspond to continuous deformations of basis functions.</text></s> <s sid="79"><CoreSc1 atype="GSC" type="Obs" conceptID="Obs6" novelty="None" advantage="None"/><text>Although these <IT>n</IT><SB><IT>j</IT></SB> are useful in the lift for obtaining actions these assignment misses the phase and frequency locking and the localization of the density.</text></s> <s sid="80"><CoreSc1 atype="GSC" type="Obs" conceptID="Obs7" novelty="None" advantage="None"/><text>In addition we looked very carefully for primary tori in the classical phase space at the corresponding energy and did not find any.</text></s> <s sid="81"><CoreSc1 atype="GSC" type="Res" conceptID="Res11" novelty="None" advantage="None"/><text>Therefore Einstein–Brillouin–Keller (EBK) quantization cannot be applied.</text></s> <s sid="82"><CoreSc1 atype="GSC" type="Res" conceptID="Res11" novelty="None" advantage="None"/><text>Hence classical dynamics shows that the assignment by <IT>n</IT><SB>j</SB> for <IT>j</IT> = a,b,f is unphysical.</text></s></P><P><s sid="83"><CoreSc1 atype="GSC" type="Obs" conceptID="Obs8" novelty="None" advantage="None"/><text>For the organization center <IT>ψ</IT><SB>f</SB> = <IT>ψ</IT><SB>b</SB> + constant. the modes “a” and “s” are uncoupled and the Darling–Dennison resonance couples “f” and “b” such that mode “b”, a true mode of the hydrogen atom motion, is driven by the generic source mode f which represents the effect of the motion of the rest of the molecule on the hydrogen atom motion.</text></s></P><P><s sid="84"><CoreSc1 atype="GSC" type="Obs" conceptID="Obs8" novelty="None" advantage="None"/><text>The organization plane has the topological structure of a two dimensional torus.</text></s> <s sid="85"><CoreSc1 atype="GSC" type="Obs" conceptID="Obs8" novelty="None" advantage="None"/><text>Therefore it has two fundamental loops which are used for phase counts to get two longitudinal quantum numbers.</text></s> <s sid="86"><CoreSc1 atype="GSC" type="Obs" conceptID="Obs8" novelty="None" advantage="None"/><text>One of these loops runs into the “a” direction and provides the excitation number <IT>l</IT><SB>a</SB> = <IT>n</IT><SB>a</SB>.</text></s> <s sid="87"><CoreSc1 atype="GSC" type="Obs" conceptID="Obs8" novelty="None" advantage="None"/><text>The other fundamental loop of the organization plane corresponds to the combination of a loop in the “b” direction with a loop in the “f” direction.</text></s> <s sid="88"><CoreSc1 atype="GSC" type="Res" conceptID="Res12" novelty="None" advantage="None"/><text>Accordingly a phase count along this loop gives a number <IT>l</IT><SB>b+f</SB> representing the excitation of the coupled b/f motion.</text></s> <s sid="89"><CoreSc1 atype="GSC" type="Res" conceptID="Res12" novelty="None" advantage="None"/><text>Then the polyad number implies the value of <IT>n</IT><SB>s</SB> as <IT>n</IT><SB>s</SB> = <IT>P</IT> − <IT>n</IT><SB>a</SB>/2 − <IT>l</IT><SB>b+f</SB>/2.</text></s> <s sid="90"><CoreSc1 atype="GSC" type="Obj" conceptID="Obj3" novelty="New" advantage="None"/><text>Finally we need a transverse quantum number representing the degree of excitation perpendicular to the plane <IT>ψ</IT><SB>f</SB> = <IT>ψ</IT><SB>b</SB> + constant.</text></s> <s sid="91"><CoreSc1 atype="GSC" type="Obs" conceptID="Obs9" novelty="None" advantage="None"/><text>What at first was confusing was that perpendicular structures appeared to be organized about one of two parallel planes at low energy and at higher energy about third and fourth planes lying in between.</text></s> <s sid="92"><CoreSc1 atype="GSC" type="Res" conceptID="Res13" novelty="None" advantage="None"/><text>At low energy this observation and the fact that pairs of states with identical (<IT>n</IT><SB>s</SB>,<IT>n</IT><SB>a</SB>,<IT>l</IT><SB>f+b</SB>,<IT>t</IT>) assignments appeared, led to the discovery of a dynamic nearly symmetric double well or double “valley”.</text></s> <s sid="93"><CoreSc1 atype="GSC" type="Res" conceptID="Res13" novelty="None" advantage="None"/><text>Two organizing planes at <IT>ψ</IT><SB>f</SB> = <IT>ψ</IT><SB>b</SB> and <IT>ψ</IT><SB>f</SB> = <IT>ψ</IT><SB>b</SB> + π, each run along one of the valleys.</text></s> <s sid="94"><CoreSc1 atype="GSC" type="Res" conceptID="Res13" novelty="None" advantage="None"/><text>The <IT>ψ</IT><SB>f</SB> = <IT>ψ</IT><SB>b</SB> valley is slightly deeper making the <IT>ψ</IT><SB>b</SB> → <IT>ψ</IT><SB>b</SB> + π invariance only approximate.</text></s></P><P><s sid="95"><CoreSc1 atype="GSC" type="Obs" conceptID="Obs10" novelty="None" advantage="None"/><text>This asymmetric “double well” becomes also evident from an “accessibility diagram”.</text></s> <s sid="96"><CoreSc1 atype="GSC" type="Obs" conceptID="Obs10" novelty="None" advantage="None"/><text>This is a plot of regions of configuration space, i.e. the values of <IT>ψ</IT><SB>a</SB>, <IT>ψ</IT><SB>b</SB> and <IT>ψ</IT><SB>f</SB> that satisfy <IT>E</IT> = <IT>H</IT>(<IT>J</IT><SB>a</SB>, <IT>J</IT><SB>b</SB>, <IT>J</IT><SB>f</SB>, <IT>ψ</IT><SB>a</SB>, <IT>ψ</IT><SB>b</SB>, <IT>ψ</IT><SB>f</SB>; <IT>P</IT>), at each <IT>E</IT>, for given <IT>P</IT> and any compatible actions.</text></s> <s sid="97"><CoreSc1 atype="GSC" type="Obs" conceptID="Obs10" novelty="None" advantage="None"/><text>Around 11100 cm<SP>−1</SP> (well below the lowest quantum state of polyad 5 and near to the classical lower end of polyad 5) it was noted that only two slabs of configuration space were accessible; these are our wells.</text></s> <s sid="98"><CoreSc1 atype="GSC" type="Obs" conceptID="Obs10" novelty="None" advantage="None"/><text>At the energy of the lowest quantum state all configuration space is accessible but the wells act as two attractive regions that cause quantum localization above them.</text></s></P><P><s sid="99"><CoreSc1 atype="GSC" type="Obs" conceptID="Obs11" novelty="None" advantage="None"/><text>For some of the lower states, the energy in the “mode f–mode b” lock is low enough that these states are primarily localized in the <IT>ψ</IT><SB>f</SB> = <IT>ψ</IT><SB>b</SB> or the <IT>ψ</IT><SB>f</SB> = <IT>ψ</IT><SB>b</SB> + π well.</text></s> <s sid="100"><CoreSc1 atype="GSC" type="Obs" conceptID="Obs11" novelty="None" advantage="None"/><text>As energy increases the states are roughly speaking “above the barrier” of the “double well” with density on both sides and they fall into near symmetric (+) and antisymmetric (−) pairs (with the same <IT>n</IT><SB>s</SB>,<IT>n</IT><SB>a</SB>,<IT>l</IT><SB>a+b</SB>,<IT>t</IT>) reflecting the approximate invariance <IT>ψ</IT><SB>b</SB> → <IT>ψ</IT><SB>b</SB> + π.</text></s> <s sid="101"><CoreSc1 atype="GSC" type="Obs" conceptID="Obs11" novelty="None" advantage="None"/><text>Each member of these pairs has a slight density preference for one of the wells.</text></s> <s sid="102"><CoreSc1 atype="GSC" type="Obs" conceptID="Obs11" novelty="None" advantage="None"/><text>The ladders with an even <IT>l</IT><SB>a</SB> start with a + state and ladders with an odd <IT>l</IT><SB>a</SB> start with a − state.</text></s> <s sid="103"><CoreSc1 atype="GSC" type="Obs" conceptID="Obs11" novelty="None" advantage="None"/><text>The lowest state in any ladder of constant <IT>l</IT><SB>a</SB> always has most of its density near the plane <IT>ψ</IT><SB>f</SB> = <IT>ψ</IT><SB>b</SB>.</text></s> <s sid="104"><CoreSc1 atype="GSC" type="Obs" conceptID="Obs11" novelty="None" advantage="None"/><text>In Table 1 this (±) classification label appears.</text></s></P><P><s sid="105"><CoreSc1 atype="GSC" type="Obs" conceptID="Obs12" novelty="None" advantage="None"/><text>In Table 1 we give the transverse quantum number as seen from the planes <IT>ψ</IT><SB>b</SB> = <IT>ψ</IT><SB>f</SB> and <IT>ψ</IT><SB>f</SB> = <IT>ψ</IT><SB>b</SB>π as <IT>t</IT>.</text></s> <s sid="106"><CoreSc1 atype="GSC" type="Obs" conceptID="Obs12" novelty="None" advantage="None"/><text>For higher states it sometimes becomes difficult to count <IT>t</IT>.</text></s> <s sid="107"><CoreSc1 atype="GSC" type="Res" conceptID="Res14" novelty="None" advantage="None"/><text>The reason for this can be traced to the fact that a slice transverse to the organizing plane should ideally reveal wave functions that represent oscillators.</text></s> <s sid="108"><CoreSc1 atype="GSC" type="Res" conceptID="Res14" novelty="None" advantage="None"/><text>The density would then be the highest in two planes running parallel and on opposite sides of the organizing plane.</text></s> <s sid="109"><CoreSc1 atype="GSC" type="Obs" conceptID="Obs13" novelty="None" advantage="None"/><text>Now consider that for higher states the density is localized about both planes (albeit with a preference for one plane).</text></s> <s sid="110"><CoreSc1 atype="GSC" type="Obs" conceptID="Obs13" novelty="None" advantage="None"/><text>As excitation increases then the outer lobes of the transverse oscillator will move toward the planes in between (recall all features appear by symmetry in doubles) the two original planes i.e. the planes <IT>ψ</IT><SB>f</SB> = <IT>ψ</IT><SB>b</SB> ± π/2 on which the highest density will now accumulate.</text></s> <s sid="111"><CoreSc1 atype="GSC" type="Res" conceptID="Res15" novelty="None" advantage="None"/><text>Hence it now make sense to count transverse nodes between these now bigger intensities.</text></s> <s sid="112"><CoreSc1 atype="GSC" type="Res" conceptID="Res15" novelty="None" advantage="None"/><text>The corresponding transverse quantum number is called <IT>t</IT>′.</text></s></P><P><s sid="113"><CoreSc1 atype="GSC" type="Res" conceptID="Res15" novelty="None" advantage="None"/><text>As always the transverse quantum number indicates to which extent the coupled motion goes out of exact phase lock.</text></s> <s sid="114"><CoreSc1 atype="GSC" type="Res" conceptID="Res15" novelty="None" advantage="None"/><text>It is a measure of the width of the phase distribution.</text></s></P><P><s sid="115"><CoreSc1 atype="GSC" type="Obs" conceptID="Obs14" novelty="None" advantage="None"/><text>A feature that further complicates and hides the true interpretation of the states is mixing due to the accidental degeneracies of two or three states.</text></s> <s sid="116"><CoreSc1 atype="GSC" type="Obs" conceptID="Obs14" novelty="None" advantage="None"/><text>The mixed final eigenstates that result are spotted by noting their near degenerate energies and their lack of almost all of the above discussed features.</text></s> <s sid="117"><CoreSc1 atype="GSC" type="Obs" conceptID="Obs15" novelty="None" advantage="None"/><text>Trial and error demixing using various weights yields states with the above features.</text></s> <s sid="118"><CoreSc1 atype="GSC" type="Obs" conceptID="Obs15" novelty="None" advantage="None"/><text>The notation s/s′ or s/s″/s″ indicates in Table 1 that this particular state is a demixing of s + s′ etc.</text></s></P><P><s sid="119"><CoreSc1 atype="GSC" type="Obs" conceptID="Obs16" novelty="None" advantage="None"/><text>The dynamical importance of the <IT>ψ</IT><SB>b</SB> = <IT>ψ</IT><SB>f</SB> + <IT>c</IT> planes is further confirmed by running many long classical trajectories that show that the motion, i.e. the flow of the trajectories, is mainly parallel to the <IT>ψ</IT><SB>f</SB> = <IT>ψ</IT><SB>b</SB> plane and in addition is mainly in the direction of the space diagonal i.e. guided by the condition <IT>ψ</IT><SB>f</SB> = <IT>ψ</IT><SB>b</SB> = <IT>ψ</IT><SB>a</SB>.</text></s> <s sid="120"><CoreSc1 atype="GSC" type="Obs" conceptID="Obs16" novelty="None" advantage="None"/><text>This is not totally unexpected as <IT>ω</IT><SB>a</SB> ≈ <IT>ω</IT><SB>b</SB> ≈ <IT>ω</IT><SB>f</SB>.</text></s> <s sid="121"><CoreSc1 atype="GSC" type="Obs" conceptID="Obs16" novelty="None" advantage="None"/><text>This effect is reflected in the observation that in the organizing planes <IT>ψ</IT><SB>f</SB> = <IT>ψ</IT><SB>b</SB> and <IT>ψ</IT><SB>f</SB> = <IT>ψ</IT><SB>b</SB> + π the wave functions tend to have fibers of density running along the diagonal.</text></s> <s sid="122"><CoreSc1 atype="GSC" type="Hyp" conceptID="Hyp1" novelty="None" advantage="None"/><text>In fact a diagonal classification could have served many states as the organizing structure and assignment might have been made relative to it.</text></s> <s sid="123"><CoreSc1 atype="GSC" type="Mod" conceptID="Mod6" novelty="None" advantage="None"/><text>We chose the planes as the organizing structures as breaks in this diagonal fibration often made assignment less than clear.</text></s></P><P><s sid="124"><CoreSc1 atype="GSC" type="Mod" conceptID="Mod6" novelty="None" advantage="None"/><text>To illustrate our ideas let us consider two states, state <IT>s</IT> = 7 and <IT>s</IT> = 43 at the bottom and the middle of the ladder respectively.</text></s> <s sid="125"><CoreSc1 atype="GSC" type="Mod" conceptID="Mod6" novelty="None" advantage="None"/><text>Both states are organized about <IT>ψ</IT><SB>f</SB> = <IT>ψ</IT><SB>b</SB> giving a DD <IT>ω</IT><SB>f</SB> = <IT>ω</IT><SB>b</SB> expectation.</text></s> <s sid="126"><CoreSc1 atype="GSC" type="Obs" conceptID="Obs17" novelty="None" advantage="None"/><text>State 7 is a low state with its density running up the valley in the middle of the well as seen in Fig. 1c and 1a.</text></s> <s sid="127"><CoreSc1 atype="GSC" type="Obs" conceptID="Obs17" novelty="None" advantage="None"/><text>Recall again that due to the symmetry property mentioned in the section 3 all features come in double.</text></s> <s sid="128"><CoreSc1 atype="GSC" type="Obs" conceptID="Obs18" novelty="None" advantage="None"/><text>Fig. 1a looks down on the organizing plane and Fig. 1c looks sideways.</text></s> <s sid="129"><CoreSc1 atype="GSC" type="Obs" conceptID="Obs19" novelty="None" advantage="None"/><text>In Fig. 2 the higher excited case is exhibited.</text></s> <s sid="130"><CoreSc1 atype="GSC" type="Obs" conceptID="Obs19" novelty="None" advantage="None"/><text>The highest density is in the plane <IT>ψ</IT><SB>f</SB> = <IT>ψ</IT><SB>b</SB> + π/8.</text></s> <s sid="131"><CoreSc1 atype="GSC" type="Obs" conceptID="Obs20" novelty="None" advantage="None"/><text>Fig. 2a and 2b look down on this plane of high density and Fig. 2c and 2d show a view from the side that shows transverse excitation.</text></s></P><P><s sid="132"><CoreSc1 atype="GSC" type="Obs" conceptID="Obs20" novelty="None" advantage="None"/><text>From the phase plots we see the quantum numbers <IT>n</IT><SB>a</SB> = 2 for state 7 (Fig. 1b) and <IT>n</IT><SB>a</SB> = 1 for state 43 (Fig. 2b) and <IT>l</IT><SB>b+f</SB> = 8 for state 7 and <IT>l</IT><SB>b+f</SB> = 7 for state 43.</text></s> <s sid="133"><CoreSc1 atype="GSC" type="Obs" conceptID="Obs21" novelty="None" advantage="None"/><text>Using the polyad number <IT>P</IT> = 5 this implies <IT>n</IT><SB>s</SB> = <IT>P</IT> − (<IT>n</IT><SB>a</SB> + <IT>l</IT><SB>b+f</SB>)/2 = 0 for state 7 and <IT>n</IT><SB>s</SB> = 1 for state 43.</text></s> <s sid="134"><CoreSc1 atype="GSC" type="Obs" conceptID="Obs21" novelty="None" advantage="None"/><text>Note: For state 43 phase simplicity only happens in the organizing plane.</text></s> <s sid="135"><CoreSc1 atype="GSC" type="Obs" conceptID="Obs22" novelty="None" advantage="None"/><text>Fig. 2d shows no useful phase information.</text></s> <s sid="136"><CoreSc1 atype="GSC" type="Obs" conceptID="Obs22" novelty="None" advantage="None"/><text>The plot shows jumps along lines and ramp singularities where the phase value depends on the direction of approach.</text></s></P><P><s sid="137"><CoreSc1 atype="GSC" type="Obs" conceptID="Obs23" novelty="None" advantage="None"/><text>The transverse structure of the states becomes evident in density plots in some appropriate plane transverse to the plane of high density.</text></s> <s sid="138"><CoreSc1 atype="GSC" type="Obs" conceptID="Obs23" novelty="None" advantage="None"/><text>In Fig. 1c we see that state 7 has <IT>t</IT> = 0 and in Fig. 2c we see that state 43 has <IT>t</IT> = 1.</text></s> <s sid="139"><CoreSc1 atype="GSC" type="Obs" conceptID="Obs23" novelty="None" advantage="None"/><text>The number <IT>t</IT>′ does not make sense for state 7 and the number <IT>t</IT>′ = 2 for state 43 is rather unclear from Fig. 2c.</text></s> <s sid="140"><CoreSc1 atype="GSC" type="Obs" conceptID="Obs24" novelty="None" advantage="None"/><text>However the phase plot in Fig. 2d shows two lines of phase jumps near the lines <IT>ψ</IT><SB>a</SB> = <IT>ψ</IT><SB>b</SB> ± π/2 and these lines of phase jumps indicate nodal lines of the density.</text></s> <s sid="141"><CoreSc1 atype="GSC" type="Obs" conceptID="Obs24" novelty="None" advantage="None"/><text>Since this is a somewhat indirect indication of the value <IT>t</IT>′ = 2, in Table 1 the number <IT>t</IT>′ = 2 for state 43 is set in brackets.</text></s></P><P><s sid="142"><CoreSc1 atype="GSC" type="Obs" conceptID="Obs24" novelty="None" advantage="None"/><text>At this point 64 states for <IT>P</IT> = 5 can be assigned clearly by the same scheme.</text></s> <s sid="143"><CoreSc1 atype="GSC" type="Obs" conceptID="Obs25" novelty="None" advantage="None"/><text>An additional 38 states seem to resemble this picture.</text></s> <s sid="144"><CoreSc1 atype="GSC" type="Obs" conceptID="Obs25" novelty="None" advantage="None"/><text>The resemblance is only seen as trends from the systematic following of the 64 other ones.</text></s> <s sid="145"><CoreSc1 atype="GSC" type="Obs" conceptID="Obs25" novelty="None" advantage="None"/><text>For these, increasing but still smaller effects of many other resonances are taking their toll and they significantly degrade the assignable states into unassignable more heavily mixed quantum analogues of classical chaos.</text></s> <s sid="146"><CoreSc1 atype="GSC" type="Obs" conceptID="Obs26" novelty="None" advantage="None"/><text>The Table 1 indicates which states have less certain assignments.</text></s></P><P><s sid="147"><CoreSc1 atype="GSC" type="Res" conceptID="Res16" novelty="None" advantage="None"/><text>By comparing the phase function at the <IT>ψ</IT><SB>f</SB> = <IT>ψ</IT><SB>b</SB> (plane 1) and <IT>ψ</IT><SB>f</SB> = <IT>ψ</IT><SB>b</SB> + π (plane 2) wells for each pair of states with the same quantum numbers the (+) and (−) assignment can be made.</text></s></P><P><s sid="148"><CoreSc1 atype="GSC" type="Res" conceptID="Res17" novelty="None" advantage="None"/><text>Even at this stage where other ladders discussed below are omitted spectral complexity arises from the interlacing of energy levels of different subladders.</text></s> <s sid="149"><CoreSc1 atype="GSC" type="Obs" conceptID="Obs27" novelty="None" advantage="None"/><text>The roughly 100 states on the ladder which only demands the DD-f/b lock for its construction gives a complex spectrum and nontransparent energy spacings.</text></s> <s sid="150"><CoreSc1 atype="GSC" type="Obs" conceptID="Obs27" novelty="None" advantage="None"/><text>In addition the individual ladders appear irregular by the mixing of states.</text></s> <s sid="151"><CoreSc1 atype="GSC" type="Obs" conceptID="Obs28" novelty="None" advantage="None"/><text>A sequence of states which are pure excitations of a single organization element would form a regular ladder of energy levels looking like the spectrum of one anharmonic oscillator.</text></s> <s sid="152"><CoreSc1 atype="GSC" type="Obs" conceptID="Obs28" novelty="None" advantage="None"/><text>However by the mixing the eigenstates are mixtures of various pure excitations and thereby their energies are shifted and thereby the ladders appear more irregular.</text></s></P><P><s sid="153"><CoreSc1 atype="GSC" type="Obs" conceptID="Obs29" novelty="None" advantage="None"/><text>The reader will note that some ladder states in Table 1 are missing.</text></s> <s sid="154"><CoreSc1 atype="GSC" type="Obs" conceptID="Obs29" novelty="None" advantage="None"/><text>These states could not be found but their disappearance is confirmed using the anharmonic models expected energy spacing.</text></s> <s sid="155"><CoreSc1 atype="GSC" type="Obs" conceptID="Obs29" novelty="None" advantage="None"/><text>Formally these states lie among the highly mixed (chaotic?) states we discuss below.</text></s> <s sid="156"><CoreSc1 atype="GSC" type="Res" conceptID="Res18" novelty="None" advantage="None"/><text>They are mixings of more than two dynamically identifiable states and do not show the near degeneracy that our demixing process identifies.</text></s></P><P><s sid="157"><CoreSc1 atype="GSC" type="Res" conceptID="Res18" novelty="None" advantage="None"/><text>If we go back to displacements <IT>q</IT><SB><IT>j</IT></SB> corresponding to the original degrees of freedom, then we find the following for the motion of the H atom in states based on the above described organization element: In projections into the (<IT>q</IT><SB>s</SB>, <IT>q</IT><SB>a/b/f</SB>) planes a roughly rectangular region is seen whose sides are proportional to and .</text></s> <s sid="158"><CoreSc1 atype="GSC" type="Res" conceptID="Res19" novelty="None" advantage="None"/><text>The hydrogen trajectories motion interior to the rectangle will be quasiperiodic motion.</text></s> <s sid="159"><CoreSc1 atype="GSC" type="Res" conceptID="Res19" novelty="None" advantage="None"/><text>The exact trajectory depends on the initial choices of <IT>ϕ</IT><SB>s</SB> and <IT>ϕ</IT><SB>a/b/f</SB> and is really not important.</text></s> <s sid="160"><CoreSc1 atype="GSC" type="Res" conceptID="Res20" novelty="None" advantage="None"/><text>In the (<IT>q</IT><SB>a</SB>, <IT>q</IT><SB>b</SB>) plane we find ellipses whose relative ranges (excursion from zero displacement) in the (<IT>q</IT><SB>a</SB>, <IT>q</IT><SB>b</SB>) variables are .</text></s> <s sid="161"><CoreSc1 atype="GSC" type="Res" conceptID="Res20" novelty="None" advantage="None"/><text>The ellipses eccentricity depends on the organizing structures phase shift, <IT>viz.</IT><IT>ψ</IT><SB>a</SB> = <IT>ψ</IT><SB>b</SB> + <IT>δ</IT> → <IT>ϕ</IT><SB>a</SB> = <IT>ϕ</IT><SB>b</SB> + <IT>δ</IT>.</text></s> <s sid="162"><CoreSc1 atype="GSC" type="Res" conceptID="Res20" novelty="None" advantage="None"/><text><IT>δ</IT> = 0 and π give zero angular momentum and something approaching a straight line motion while <IT>δ</IT> = ±π/2 gives maximal angular momentum and elliptical motion which becomes circular if <IT>n</IT><SB>a</SB> = <IT>n</IT><SB>b</SB>.</text></s> <s sid="163"><CoreSc1 atype="GSC" type="Res" conceptID="Res20" novelty="None" advantage="None"/><text>The <IT>t</IT> value is the out of phase motion and causes fluctuations of the eccentricity.</text></s></P></DIV><DIV DEPTH="2"><HEADER HEADER_MARKER="4.2.">Scheme for the upper end of the polyad</HEADER><P><s sid="164"><CoreSc1 atype="GSC" type="Obs" conceptID="Obs30" novelty="None" advantage="None"/><text>At the upper end of the polyad we take to start states 160 and 161.</text></s> <s sid="165"><CoreSc1 atype="GSC" type="Obs" conceptID="Obs30" novelty="None" advantage="None"/><text>A cut in <IT>ψ</IT><SB>b</SB> = 0 (or any other value of <IT>ψ</IT><SB>b</SB>) reveals as we see in Fig. 3 for state 160 what looks like two columns of density localized around <IT>ψ</IT><SB>a</SB> = π and <IT>ψ</IT><SB>f</SB> = π.</text></s> <s sid="166"><CoreSc1 atype="GSC" type="Obs" conceptID="Obs30" novelty="None" advantage="None"/><text>In comparison state 161 (not shown) only has one column.</text></s> <s sid="167"><CoreSc1 atype="GSC" type="Obs" conceptID="Obs30" novelty="None" advantage="None"/><text>A cut in the plane <IT>ψ</IT><SB>b</SB> = <IT>constant</IT> is called to see that the columns really exist.</text></s> <s sid="168"><CoreSc1 atype="GSC" type="Obs" conceptID="Obs31" novelty="None" advantage="None"/><text>Fig. 3 shows that they do for state 160 and it also holds for state 161.</text></s> <s sid="169"><CoreSc1 atype="GSC" type="Obs" conceptID="Obs31" novelty="None" advantage="None"/><text>Clearly for both these states the line <IT>ψ</IT><SB>a</SB> = π, <IT>ψ</IT><SB>f</SB> = π is the organizing structure.</text></s> <s sid="170"><CoreSc1 atype="GSC" type="Obs" conceptID="Obs31" novelty="None" advantage="None"/><text>Since it loops in <IT>ψ</IT><SB>b</SB>, mode b is decoupled and the phase picture for both states shows (Fig. 3 for state 160, state 161 not shown) that as <IT>ψ</IT><SB>b</SB> → <IT>ψ</IT><SB>b</SB> + 2π along the organizing line no wave fronts are crossed and hence there is no phase advance.</text></s> <s sid="171"><CoreSc1 atype="GSC" type="Obs" conceptID="Obs31" novelty="None" advantage="None"/><text>Hence <IT>l</IT><SB>b</SB> = <IT>n</IT><SB>b</SB> = 0.</text></s> <s sid="172"><CoreSc1 atype="GSC" type="Obs" conceptID="Obs32" novelty="None" advantage="None"/><text>For the upper end of the polyad also classical dynamics shows a flow in b direction.</text></s> <s sid="173"><CoreSc1 atype="GSC" type="Obs" conceptID="Obs32" novelty="None" advantage="None"/><text>As always the figures show all structures in two copies which in reality are only one structure.</text></s></P><P><s sid="174"><CoreSc1 atype="GSC" type="Obs" conceptID="Obs32" novelty="None" advantage="None"/><text>Now the <IT>ψ</IT><SB>a</SB> = <IT>ψ</IT><SB>f</SB> = π organizing structure implies that the phase locks are <IT>ϕ</IT><SB>a</SB> = <IT>ϕ</IT><SB>s</SB>/2 and <IT>ϕ</IT><SB>f</SB> = <IT>ϕ</IT><SB>s</SB>/2.</text></s> <s sid="175"><CoreSc1 atype="GSC" type="Res" conceptID="Res21" novelty="None" advantage="None"/><text>Time differentiation of these relations show that the frequency locks are of 2:1 Fermi type with the stretch mode locking with the bend mode a and the mode f.</text></s> <s sid="176"><CoreSc1 atype="GSC" type="Res" conceptID="Res22" novelty="None" advantage="None"/><text>Clearly for the organizing structure <IT>ψ</IT><SB>a</SB> = <IT>ψ</IT><SB>f</SB> then <IT>ϕ</IT><SB>a</SB> = <IT>ϕ</IT><SB>f</SB> is a valid phase lock and <IT>ω</IT><SB>a</SB> = <IT>ω</IT><SB>f</SB> is a DD 1 ∶ 1 frequency lock.</text></s> <s sid="177"><CoreSc1 atype="GSC" type="Res" conceptID="Res22" novelty="None" advantage="None"/><text>Since all three types of terms appear in the Hamiltonian we can be assured that all three frequencies are in lock and that the quantum numbers <IT>n</IT><SB>a</SB>, <IT>n</IT><SB>f</SB> and <IT>n</IT><SB>s</SB> no longer exist.</text></s> <s sid="178"><CoreSc1 atype="GSC" type="Res" conceptID="Res22" novelty="None" advantage="None"/><text>They must be replaced by three quantum numbers of the lock one of which can be <IT>P</IT> and the other two can be taken as the number of nodes seen in the <IT>ψ</IT><SB>a</SB> = 0 cut along the antidiagonal as <IT>t</IT><SB>1</SB> = 1 and along the diagonal as <IT>t</IT><SB>2</SB> = 0.</text></s> <s sid="179"><CoreSc1 atype="GSC" type="Res" conceptID="Res22" novelty="None" advantage="None"/><text>For state 161 since one column exists <IT>t</IT><SB>1</SB> = <IT>t</IT><SB>2</SB> = 0.</text></s></P><P><s sid="180"><CoreSc1 atype="GSC" type="Obs" conceptID="Obs33" novelty="None" advantage="None"/><text>If energy decreases from the top, then the classical flow turns into the space diagonal direction rather soon and accordingly only the four highest quantum states show (partly after demixing) a clean fiber structure in b direction.</text></s> <s sid="181"><CoreSc1 atype="GSC" type="Obs" conceptID="Obs33" novelty="None" advantage="None"/><text>The fiber is always sharp in the a direction but broad in the f direction.</text></s> <s sid="182"><CoreSc1 atype="GSC" type="Obs" conceptID="Obs34" novelty="None" advantage="None"/><text>This demonstrates again an emerging b–f mixing in the system.</text></s> <s sid="183"><CoreSc1 atype="GSC" type="Obs" conceptID="Obs34" novelty="None" advantage="None"/><text>The next seven states still show some tendency towards fibers in b direction (they are no longer really clean), but at the same time also show the beginning of fibers in the diagonal direction.</text></s> <s sid="184"><CoreSc1 atype="GSC" type="Obs" conceptID="Obs34" novelty="None" advantage="None"/><text>Their assignment as states organized along b fibers is less clear but still they continue the trends seen in the four highest states (partly after demixing).</text></s> <s sid="185"><CoreSc1 atype="GSC" type="Obs" conceptID="Obs35" novelty="None" advantage="None"/><text>The corresponding assignments for the 11 highest states are compiled in Table 2.</text></s></P><P><s sid="186"><CoreSc1 atype="GSC" type="Hyp" conceptID="Hyp2" novelty="None" advantage="None"/><text>An idea of the internal motion of the deuterium and the CF stretch can be obtained from the actions, phase relations and the <IT>t</IT><SB>1</SB> and <IT>t</IT><SB>2</SB> values.</text></s> <s sid="187"><CoreSc1 atype="GSC" type="Hyp" conceptID="Hyp2" novelty="None" advantage="None"/><text>In all (<IT>q</IT><SB><IT>i</IT></SB>,<IT>q</IT><SB><IT>j</IT></SB>) planes the actions again define the maximal displacement of each <IT>q</IT><SB><IT>j</IT></SB> from its equilibrium.</text></s> <s sid="188"><CoreSc1 atype="GSC" type="Hyp" conceptID="Hyp2" novelty="None" advantage="None"/><text>Clearly this range is meant in the sense that an average is made over the values of the two variables not represented in the plane.</text></s> <s sid="189"><CoreSc1 atype="GSC" type="Obs" conceptID="Obs36" novelty="None" advantage="None"/><text>The plane (<IT>q</IT><SB>b</SB>, <IT>q</IT><SB><IT>j</IT></SB>), <IT>j</IT> = a,f,s will show rectangularly bound quasiperiodic motion.</text></s> <s sid="190"><CoreSc1 atype="GSC" type="Obs" conceptID="Obs36" novelty="None" advantage="None"/><text>In the (<IT>q</IT><SB>s</SB>, <IT>q</IT><SB>a/f</SB>) plane a U shaped region is swept out.</text></s> <s sid="191"><CoreSc1 atype="GSC" type="Obs" conceptID="Obs36" novelty="None" advantage="None"/><text>Here <IT>q</IT><SB>a/f</SB> reaches its extreme values as <IT>q</IT><SB>s</SB> reaches its maximum displacement and <IT>q</IT><SB>s</SB> sweeps its range twice for each sweep of <IT>q</IT><SB><IT>a</IT>/<IT>f</IT></SB>.</text></s> <s sid="192"><CoreSc1 atype="GSC" type="Res" conceptID="Res23" novelty="None" advantage="None"/><text>Increasing <IT>t</IT><SB>1</SB> and/or <IT>t</IT><SB>2</SB> causes the lifted trajectory to oscillate in a tube about this basic U lift.</text></s> <s sid="193"><CoreSc1 atype="GSC" type="Res" conceptID="Res23" novelty="None" advantage="None"/><text>Of course <IT>q</IT><SB>f</SB> and <IT>q</IT><SB>a</SB> reach their maxima (minima) in phase as the three modes s, a and f are phase locked.</text></s></P></DIV><DIV DEPTH="2"><HEADER HEADER_MARKER="4.3.">Patterns in the dense region of the polyad</HEADER><P><s sid="194"><CoreSc1 atype="GSC" type="Obs" conceptID="Obs37" novelty="None" advantage="None"/><text>In the middle of the polyad there are approximately 35 states with very complicated wave functions which we could not classify in any scheme.</text></s> <s sid="195"><CoreSc1 atype="GSC" type="Hyp" conceptID="Hyp3" novelty="None" advantage="None"/><text>It is possible that further and closer analysis could reveal some systematics.</text></s> <s sid="196"><CoreSc1 atype="GSC" type="Obs" conceptID="Obs38" novelty="None" advantage="None"/><text>These states are dispersed among the states mentioned in subsection 4.1.</text></s> <s sid="197"><CoreSc1 atype="GSC" type="Obs" conceptID="Obs38" novelty="None" advantage="None"/><text>But interestingly a few simple states which do not fall into any scheme discussed so far are also dispersed in this region.</text></s> <s sid="198"><CoreSc1 atype="GSC" type="Obs" conceptID="Obs38" novelty="None" advantage="None"/><text>In this subsection we present a few of them.</text></s></P><P><s sid="199"><CoreSc1 atype="GSC" type="Obs" conceptID="Obs39" novelty="None" advantage="None"/><text>Fig. 4 shows the structure of state 82, parts a and b give density and phase respectively in the plane <IT>ψ</IT><SB>f</SB> = 0 and parts c ans d show the plane <IT>ψ</IT><SB>b</SB> = <IT>ψ</IT><SB>a</SB> + 0.29 * 2π.</text></s> <s sid="200"><CoreSc1 atype="GSC" type="Obs" conceptID="Obs39" novelty="None" advantage="None"/><text>Part a demonstrates some concentration around <IT>ψ</IT><SB>a</SB> = ±π/2 and at the same time around <IT>ψ</IT><SB>a</SB> = <IT>ψ</IT><SB>b</SB> ±π/2 with a transverse excitation <IT>t</IT> = 1.</text></s> <s sid="201"><CoreSc1 atype="GSC" type="Obs" conceptID="Obs39" novelty="None" advantage="None"/><text>Plots of the phases in various planes show that planes <IT>ψ</IT><SB>a</SB> = <IT>ψ</IT><SB>b</SB> + <IT>constant</IT> are the only planes with a simple phase structure.</text></s> <s sid="202"><CoreSc1 atype="GSC" type="Obs" conceptID="Obs40" novelty="None" advantage="None"/><text>Fig. 4d shows it in the plane of highest density.</text></s> <s sid="203"><CoreSc1 atype="GSC" type="Obs" conceptID="Obs40" novelty="None" advantage="None"/><text>The phase function comes very close to a plane wave with <IT>l</IT><SB><IT>a</IT>+<IT>b</IT></SB> = 8 and <IT>l</IT><SB>f</SB> = 2.</text></s> <s sid="204"><CoreSc1 atype="GSC" type="Res" conceptID="Res24" novelty="None" advantage="None"/><text>Together with the above mentioned transverse quantum number <IT>t</IT> = 1 this gives the complete assignment of the state.</text></s> <s sid="205"><CoreSc1 atype="GSC" type="Obs" conceptID="Obs41" novelty="None" advantage="None"/><text>In Fig. 4 notice that also the interaction between the degrees of freedom f and s has an effect, it concentrates the density mainly around <IT>ψ</IT><SB>f</SB> = 0 and <IT>ψ</IT><SB>f</SB> = π.</text></s> <s sid="206"><CoreSc1 atype="GSC" type="Obs" conceptID="Obs41" novelty="None" advantage="None"/><text>There are a few other examples (states 93, 111, 114, 122 and 136) which show such a clean phase function in planes <IT>ψ</IT><SB>b</SB> = <IT>ψ</IT><SB>a</SB> ±π/2 but do not show a clean phase function in any other plane.</text></s> <s sid="207"><CoreSc1 atype="GSC" type="Obs" conceptID="Obs41" novelty="None" advantage="None"/><text>There are approximately 5 other states where the phase function is not as clean as in Fig. 4d but comes close to a continuous deformation of a plane wave only in a plane of this type.</text></s> <s sid="208"><CoreSc1 atype="GSC" type="Obs" conceptID="Obs41" novelty="None" advantage="None"/><text>The motion of all these states is a circular motion of the H atom, two orthogonal bends with relative phase shift locked at ±π/2.</text></s></P><P><s sid="209"><CoreSc1 atype="GSC" type="Obs" conceptID="Obs42" novelty="None" advantage="None"/><text>Numerical results for state 80 are shown in Fig. 5, part a and b show density and phase respectively in the plane <IT>ψ</IT><SB>b</SB> = <IT>ψ</IT><SB>a</SB> ± <IT>ψ</IT><SB>f</SB> + π/2 which is the plane of high density and thereby the organizing structure.</text></s> <s sid="210"><CoreSc1 atype="GSC" type="Obs" conceptID="Obs42" novelty="None" advantage="None"/><text>Part c and d show density and phase respectively in the transverse plane <IT>ψ</IT><SB>f</SB> = 0.</text></s> <s sid="211"><CoreSc1 atype="GSC" type="Obs" conceptID="Obs42" novelty="None" advantage="None"/><text>In the plane of high density the phase function comes close to a plane wave with <IT>l</IT><SB>a+b</SB> = 6 and <IT>l</IT><SB>f+b</SB> = 5.</text></s> <s sid="212"><CoreSc1 atype="GSC" type="Obs" conceptID="Obs42" novelty="None" advantage="None"/><text>This is the only plane where the phase function is a continuous deformation of a plane wave.</text></s> <s sid="213"><CoreSc1 atype="GSC" type="Obs" conceptID="Obs42" novelty="None" advantage="None"/><text>This case is something new in so far as there is a plane with a simple phase function and at the same time not a single <IT>n</IT><SB><IT>j</IT></SB> has a definite value.</text></s> <s sid="214"><CoreSc1 atype="GSC" type="Obs" conceptID="Obs43" novelty="None" advantage="None"/><text>There is a locking involving all modes without implying a locking in any pair of modes.</text></s> <s sid="215"><CoreSc1 atype="GSC" type="Obs" conceptID="Obs43" novelty="None" advantage="None"/><text>A few other states (75,83,87,118) fall into the same scheme, i.e. they have simple phase functions only in a plane of the form <IT>ψ</IT><SB>b</SB> = <IT>ψ</IT><SB>a</SB> + <IT>ψ</IT><SB>f</SB> + <IT>constant</IT>.</text></s> <s sid="216"><CoreSc1 atype="GSC" type="Res" conceptID="Res25" novelty="None" advantage="None"/><text>The implications for the motion of the atoms are as follows.</text></s> <s sid="217"><CoreSc1 atype="GSC" type="Res" conceptID="Res25" novelty="None" advantage="None"/><text>In the nonreduced variables the locking condition is <IT>ϕ</IT><SB>b</SB> + <IT>ϕ</IT><SB>s</SB>/2 − <IT>ϕ</IT><SB>a</SB> − <IT>ϕ</IT><SB>f</SB> = ±π/2.</text></s> <s sid="218"><CoreSc1 atype="GSC" type="Res" conceptID="Res25" novelty="None" advantage="None"/><text>This can be interpreted as a locking of the beat frequency between a pair of degrees of freedom to the beat frequency of the remaining pair of degrees of freedom.</text></s> <s sid="219"><CoreSc1 atype="GSC" type="Res" conceptID="Res25" novelty="None" advantage="None"/><text>We have two possibilities to group the four modes into appropriate pairs.</text></s></P></DIV></DIV><DIV DEPTH="1"><HEADER HEADER_MARKER="5.">Conclusions</HEADER><P><s sid="220"><CoreSc1 atype="GSC" type="Con" conceptID="Con3" novelty="None" advantage="None"/><text>We have shown how our previously developed methods can also be applied to systems with three degrees of freedom after reduction.</text></s> <s sid="221"><CoreSc1 atype="GSC" type="Con" conceptID="Con3" novelty="None" advantage="None"/><text>For 75 percent of the states the strategy works successfully.</text></s> <s sid="222"><CoreSc1 atype="GSC" type="Obj" conceptID="Obj4" novelty="New" advantage="None"/><text>We investigate the wave functions constructed on a toroidal configuration space.</text></s> <s sid="223"><CoreSc1 atype="GSC" type="Obj" conceptID="Obj5" novelty="New" advantage="None"/><text>We investigate on which subsets the density is concentrated and evaluate the phase function on this subset of high density and in addition the nodal structure perpendicular to it.</text></s> <s sid="224"><CoreSc1 atype="GSC" type="Res" conceptID="Res26" novelty="None" advantage="None"/><text>This allows us to obtain a set of excitation numbers and a complete assignment of the state.</text></s> <s sid="225"><CoreSc1 atype="GSC" type="Res" conceptID="Res26" novelty="None" advantage="None"/><text>The excitation numbers can be interpreted as quasi-conserved quantities for this particular state.</text></s></P><P><s sid="226"><CoreSc1 atype="GSC" type="Met" conceptID="Met1" novelty="Old" advantage="Yes"/><text>The success of the method is based on three properties of our strategy which more traditional approaches starting from potential surfaces do not have.</text></s> <s sid="227"><CoreSc1 atype="GSC" type="Met" conceptID="Met1" novelty="Old" advantage="Yes"/><text>First, we start from an algebraic Hamiltonian which naturally decomposes into an unperturbed <IT>H</IT><SB>0</SB> and a perturbation <IT>W</IT>.</text></s> <s sid="228"><CoreSc1 atype="GSC" type="Met" conceptID="Met1" novelty="Old" advantage="Yes"/><text>Perturbation theory assures us that <IT>W</IT> contains only the dominant interactions, leaving out those that do not affect the qualitative organization of the states.</text></s> <s sid="229"><CoreSc1 atype="GSC" type="Met" conceptID="Met1" novelty="Old" advantage="Yes"/><text>In addition having the ideal <IT>H</IT><SB>0</SB> results in the classical Hamiltonian being formulated from the start in action and angle variables belonging to <IT>H</IT><SB>0</SB>.</text></s> <s sid="230"><CoreSc1 atype="GSC" type="Met" conceptID="Met1" novelty="Old" advantage="Yes"/><text>For a potential surface it is very complicated to construct an appropriate <IT>H</IT><SB>0</SB> and the corresponding action/angle variables.</text></s> <s sid="231"><CoreSc1 atype="GSC" type="Met" conceptID="Met1" novelty="Old" advantage="Yes"/><text>Our knowledge of the correct <IT>H</IT><SB>0</SB> allows the continuous deformation connection of some eigenstates of <IT>H</IT> with the corresponding eigenstates of <IT>H</IT><SB>0</SB> which was useful for many states.</text></s> <s sid="232"><CoreSc1 atype="GSC" type="Met" conceptID="Met1" novelty="Old" advantage="Yes"/><text>Second in the algebraic Hamiltonian the polyad (which for the real molecule is only an approximate conserved quantity) is an exactly conserved quantity and allows the reduction of the number of degrees of freedom.</text></s> <s sid="233"><CoreSc1 atype="GSC" type="Met" conceptID="Met1" novelty="Old" advantage="Yes"/><text>We always deal with one degree of freedom less than the number of degrees of freedom on the potential surface.</text></s> <s sid="234"><CoreSc1 atype="GSC" type="Met" conceptID="Met1" novelty="Old" advantage="Yes"/><text>Third, our strategy depends to a large extent on having a compact configuration space with nontrivial homology where the phase of the wave function is important and where the phase advances divided by 2π along the fundamental cycles of the configuration space provide a large part of the excitation numbers.</text></s> <s sid="235"><CoreSc1 atype="GSC" type="Res" conceptID="Res27" novelty="None" advantage="None"/><text>In part also feature one is responsible for the importance of the phases.</text></s> <s sid="236"><CoreSc1 atype="GSC" type="Res" conceptID="Res27" novelty="None" advantage="None"/><text>This is an essential difference to working in usual position space.</text></s> <s sid="237"><CoreSc1 atype="GSC" type="Con" conceptID="Con4" novelty="None" advantage="None"/><text>In total we have found a semiclassical representation of the states which is actually much simpler to view than the usual position space one.</text></s> <s sid="238"><CoreSc1 atype="GSC" type="Con" conceptID="Con4" novelty="None" advantage="None"/><text>We emphasize that no calculation is required to produce these states since theare gotten from eqn. (8).</text></s> <s sid="239"><CoreSc1 atype="GSC" type="Res" conceptID="Res28" novelty="None" advantage="None"/><text>As discussed in <REF TYPE="P" ID="cit13">ref. 13</REF>, when localization occurs it is often possible to lift the organizing structure back to molecular space in a qualitative manner and hence avoiding even the need to compute any trajectories.</text></s> <s sid="240"><CoreSc1 atype="GSC" type="Res" conceptID="Res28" novelty="None" advantage="None"/><text>Qualitative pictures of the motion upon which the states are quantized are then available.</text></s></P><P><s sid="241"><CoreSc1 atype="GSC" type="Res" conceptID="Res28" novelty="None" advantage="None"/><text>The classical dynamics of the system shows rather little regular motion and is strongly unstable.</text></s> <s sid="242"><CoreSc1 atype="GSC" type="Con" conceptID="Con5" novelty="None" advantage="None"/><text>Then the question arises in which way the quantum states reflect anything from the classical chaos.</text></s> <s sid="243"><CoreSc1 atype="GSC" type="Con" conceptID="Con5" novelty="None" advantage="None"/><text>We propose the following answer: In the middle of the polyad a large number of states do not show any simple organization pattern.</text></s> <s sid="244"><CoreSc1 atype="GSC" type="Hyp" conceptID="Hyp4" novelty="None" advantage="None"/><text>For some of those states it might be that we simply have not found the right representation in which to see the organizational center.</text></s> <s sid="245"><CoreSc1 atype="GSC" type="Hyp" conceptID="Hyp4" novelty="None" advantage="None"/><text>However we doubt that this is the case for many states.</text></s> <s sid="246"><CoreSc1 atype="GSC" type="Obs" conceptID="Obs44" novelty="None" advantage="None"/><text>For many of the complicated states the wave function is really without a simple structure, it seems to be a complicated interference between several organizational structures.</text></s> <s sid="247"><CoreSc1 atype="GSC" type="Obs" conceptID="Obs44" novelty="None" advantage="None"/><text>Then immediately comes the idea to mix these states with their neighboring states to extract simple structures in the way as we did it for example for states 22 and 24.</text></s> <s sid="248"><CoreSc1 atype="GSC" type="Res" conceptID="Res29" novelty="None" advantage="None"/><text>For most of the complicated states this method does not lead to any success.</text></s> <s sid="249"><CoreSc1 atype="GSC" type="Con" conceptID="Con6" novelty="None" advantage="None"/><text>This indicates that underlying simple patterns are distributed over many states so that demixing becomes rather hopeless and maybe also meaningless.</text></s> <s sid="250"><CoreSc1 atype="GSC" type="Con" conceptID="Con6" novelty="None" advantage="None"/><text>In the spirit of reference<REF TYPE="P" ID="cit16">16</REF> this indicates that the density of states is already so high that many states fall into the energy interval over which states are considered almost degenerate and mix strongly.</text></s> <s sid="251"><CoreSc1 atype="GSC" type="Con" conceptID="Con6" novelty="None" advantage="None"/><text>This is a strong difference to the systems which could be reduced to two degrees of freedom.</text></s> <s sid="252"><CoreSc1 atype="GSC" type="Con" conceptID="Con6" novelty="None" advantage="None"/><text>There the density of states was much lower such that mixing only occurred occasionally between two neighboring states.</text></s> <s sid="253"><CoreSc1 atype="GSC" type="Con" conceptID="Con6" novelty="None" advantage="None"/><text>This stronger mixing gives some clue as to how the quantum wave functions become complicated for classically chaotic systems and for sufficiently high quantum excitation.</text></s></P><P><s sid="254"><CoreSc1 atype="GSC" type="Goa" conceptID="Goa2" novelty="None" advantage="None"/><text>Finally there may come up the question why we do not use some of the common statistical procedures (like random matrix theory) to treat our system when effects of classical chaos become evident in a quantum system.</text></s> <s sid="255"><CoreSc1 atype="GSC" type="Con" conceptID="Con7" novelty="None" advantage="None"/><text>The answer is: We are not satisfied with only generic (universal) properties of the system or with the investigation to which extent such universal properties are realized by our system.</text></s> <s sid="256"><CoreSc1 atype="GSC" type="Goa" conceptID="Goa3" novelty="None" advantage="None"/><text>We aim to investigate each individual quantum state one after the other and to work out its individual properties in order to arrive in the best case at a complete set of quantum numbers and in addition at a detailed description of the atomic motion underlying the individual state.</text></s> <s sid="257"><CoreSc1 atype="GSC" type="Con" conceptID="Con8" novelty="None" advantage="None"/><text>Previous examples have shown that our procedure provides a complete classification for simpler systems which can be reduced to two degrees of freedom.</text></s> <s sid="258"><CoreSc1 atype="GSC" type="Con" conceptID="Con8" novelty="None" advantage="None"/><text>As the example presented in this paper shows, this program is doable with good success for a large number of states even in a system with originally four degrees of freedom, reducible only to three degrees of freedom and with a complicated classical dynamics.</text></s></P></DIV></BODY></PAPER>