<?xml version="1.0" encoding="UTF-8"?>
<!DOCTYPE PAPER
  SYSTEM "paper-structure-annotation.dtd">
<PAPER><mode2 name="b405531d" hasDoc="yes" version="1153"/><TITLE><s sid="1"><CoreSc1 atype="GSC" type="Goa" conceptID="Goa1" novelty="None" advantage="None"/><text>Voltammetry of immobilised microdroplets containing <IT>p</IT>-chloranil on basal plane pyrolytic graphite electrodes<XREF TYPE="FOOTNOTE_MARKER" ID="fn1"/></text></s></TITLE><ABSTRACT><s sid="2"><CoreSc1 atype="GSC" type="Obj" conceptID="Obj1" novelty="New" advantage="None"/><text>The electron transfer properties of <IT>p</IT>-chloranil (2,3,5,6-tetrachloro-1,4-benzoquinone, TCBQ) were investigated in both homogeneous and heterogeneous media.</text></s> <s sid="3"><CoreSc1 atype="GSC" type="Res" conceptID="Res1" novelty="None" advantage="None"/><text>For the homogeneous study, the electrochemical reduction of TCBQ was carried out in different aprotic solvents (namely: benzonitrile (BN), <IT>N</IT>,<IT>N</IT>,dimethylformamide (DMF), propylcyanide (PrCN) and dimethylsulfoxide (DMSO)) and revealed two successive one-electron reductions according to a quasi-reversible EE mechanism.</text></s> <s sid="4"><CoreSc1 atype="GSC" type="Met" conceptID="Met1" novelty="New" advantage="None"/><text>For the heterogeneous study, cyclic voltammetry with basal plane pyrolytic graphite electrodes modified with microdroplets of benzonitrile/TCBQ was employed.</text></s> <s sid="5"><CoreSc1 atype="GSC" type="Res" conceptID="Res2" novelty="None" advantage="None"/><text>The droplets were found to be randomly dispersed with a degree of overlapping and average diameters of 5 μm giving the microdroplets individual volumes of ca.</text></s> <s sid="6"><CoreSc1 atype="GSC" type="Res" conceptID="Res2" novelty="None" advantage="None"/><text>33 fL.</text></s> <s sid="7"><CoreSc1 atype="GSC" type="Con" conceptID="Con1" novelty="None" advantage="None"/><text>The redox processes within the electrically insulating microdroplets were shown to be very sensitive to the nature and concentration of ions in the surrounding aqueous phase as, in order to retain electroneutrality within the unsupported oil phase, electric field-induced migration of ions likely occurs during the Faradaic current flow.</text></s> <s sid="8"><CoreSc1 atype="GSC" type="Con" conceptID="Con2" novelty="None" advantage="None"/><text>Depending on the lipophilicity of the aqueous electrolyte cation uptake into or electrochemical generated anion expulsion from the organic phase containing the electroactive specie TCBQ was induced electrochemically.</text></s> <s sid="9"><CoreSc1 atype="GSC" type="Obs" conceptID="Obs1" novelty="None" advantage="None"/><text>Alkali metal cation uptake into the microdroplet environment was not observed.</text></s> <s sid="10"><CoreSc1 atype="GSC" type="Res" conceptID="Res3" novelty="None" advantage="None"/><text>However less hydrophilic tetraalkylammonium cations NR<SB>4</SB><SP>+</SP> (R<SP>+</SP> = Bu and Pe) inserted.</text></s> <s sid="11"><CoreSc1 atype="GSC" type="Con" conceptID="Con3" novelty="None" advantage="None"/><text>Proton insertion into the oil phase was also shown to occur as the current|voltage shifted to more positive potentials, making the reductive process more facile, as the pH of the buffer solution was decreased.</text></s> <s sid="12"><CoreSc1 atype="GSC" type="Con" conceptID="Con4" novelty="None" advantage="None"/><text>The higher efficiency of proton insertion as compared with Group I cations insertion was explained in terms of the formation of strong O–H covalent bonds which outweighs the ion phase transfer thermodynamics.</text></s> <s sid="13"><CoreSc1 atype="GSC" type="Met" conceptID="Met1" novelty="New" advantage="None"/><text>Finally, the cross-phase electron transfer across the benzonitrile|water interface was examined when the TCBQ microdroplets were purposely made conductive by addition of a hydrophobic, nonpartitioning electrolyte in the oil phase.</text></s> <s sid="14"><CoreSc1 atype="GSC" type="Con" conceptID="Con5" novelty="None" advantage="None"/><text>Again, the resulted voltammetry was found to change depending on the identity and concentration of the salt dissolved in the surrounding aqueous environment.</text></s></ABSTRACT><BODY><DIV DEPTH="1"><HEADER HEADER_MARKER="1.">Introduction</HEADER><P><s sid="15"><CoreSc1 atype="GSC" type="Mot" conceptID="Mot1" novelty="None" advantage="None"/><text>The investigation of electrochemically driven ion-transfer processes across liquid|liquid interfaces has been shown to be of fundamental interest<REF TYPE="P" ID="cit1 cit2 cit3 cit4 cit5 cit6 cit7 cit8 cit9 cit10 cit11 cit12 cit13 cit14 cit15 cit16 cit17 cit18 cit19 cit20 cit21">1–21</REF> as well as of interest for specific ion sensing in aqueous media<REF TYPE="P" ID="cit22 cit23">22,23</REF> and for the replication of redox chemistry occurring in both chemical (<IT>i.e.</IT>, aqueous emulsion system, <IT>etc.</IT>) and natural systems.<REF TYPE="P" ID="cit24 cit25 cit26 cit27">24–27</REF></text></s></P><P><s sid="16"><CoreSc1 atype="GSC" type="Bac" conceptID="Bac1" novelty="None" advantage="None"/><text>Several studies which deal with electrodes modified with microdroplets of water-immiscible compounds have been reported and we refer the reader to a review article recently published in this journal<REF TYPE="P" ID="cit28">28</REF> for a more thorough description of the techniques used and the results obtained by different authors.</text></s></P><P><s sid="17"><CoreSc1 atype="GSC" type="Bac" conceptID="Bac2" novelty="None" advantage="None"/><text>Based on the seminal work of Marken <IT>et al</IT><REF TYPE="P" ID="cit2 cit3 cit4">2–4</REF>. our group has, in the past six years, investigated the voltammetric processes of random arrays of unsupported electroactive microdroplets which are deposited on the surface of a basal plane pyrolytic graphite electrode (bppg) <IT>via</IT> solvent evaporation of a solution of the electroactive oil.<REF TYPE="P" ID="cit12 cit13 cit14 cit15 cit16 cit25 cit28">12–16,25,28</REF></text></s> <s sid="18"><CoreSc1 atype="GSC" type="Bac" conceptID="Bac3" novelty="None" advantage="None"/><text>This approach has provided a simple methodology to interrogate the electrochemistry at the liquid|liquid interface of several compounds that cannot be studied homogeneously in aqueous media due to their low solubility.</text></s> <s sid="19"><CoreSc1 atype="GSC" type="Bac" conceptID="Bac4" novelty="None" advantage="None"/><text>Initial work was mainly focused on organic hydrophobic oils containing a phenylenediamine backbone,<REF TYPE="P" ID="cit12 cit13 cit14 cit15 cit16 cit29">12–16,29</REF> although recently the biphasic redox chemistry of n-butylferrocene,<REF TYPE="P" ID="cit16">16</REF> 4-nitrophenylnonylether,<REF TYPE="P" ID="cit25">25</REF> vitamin K<SB>1</SB><REF TYPE="P" ID="cit26">26</REF> and vitamin E<REF TYPE="P" ID="cit27">27</REF> in the form of microdroplets has also been explored.</text></s></P><P><s sid="20"><CoreSc1 atype="GSC" type="Met" conceptID="Met2" novelty="Old" advantage="None"/><text>The voltammetry associated with microdroplets has been shown to be very sensitive to the nature and concentration of ions in the surrounding aqueous phase as, in order to preserve charge neutrality within the unsupported microdroplets oil environment, ion insertion into or expulsion from the oil phase must take place during the Faradaic current flow.</text></s> <s sid="21"><CoreSc1 atype="GSC" type="Bac" conceptID="Bac5" novelty="None" advantage="None"/><text>When the transfer of the aqueous-based counterion from aqueous solutions into the oil droplet is thermodynamically more favourable than the transfer of the electrogenerated ion into the aqueous phase, electrochemically induced ion insertion leading to the formation of a novel ionic liquid was shown to occur at the triple phase boundary of electrode|oil|aqueous electrolyte.<REF TYPE="P" ID="cit3 cit4 cit30">3,4,30</REF></text></s> <s sid="22"><CoreSc1 atype="GSC" type="Bac" conceptID="Bac5" novelty="None" advantage="None"/><text>However, when the transfer of the aqueous based counterion into the organic deposit is energetically unfavourable, expulsion of the electrogenerated charge species into the adjacent aqueous phase was observed.</text></s> <s sid="23"><CoreSc1 atype="GSC" type="Bac" conceptID="Bac6" novelty="None" advantage="None"/><text>Dissolution processes of this sort have shown to take place at the liquid|liquid interface.<REF TYPE="P" ID="cit30">30</REF></text></s> <s sid="24"><CoreSc1 atype="GSC" type="Bac" conceptID="Bac7" novelty="None" advantage="None"/><text>Finally, reactive chemistry between the electrogenerated and the inserted ions was also shown to occur on some occasions.<REF TYPE="P" ID="cit30">30</REF></text></s></P><P><s sid="25"><CoreSc1 atype="GSC" type="Bac" conceptID="Bac8" novelty="None" advantage="None"/><text>The research presented in this paper falls into two section.</text></s> <s sid="26"><CoreSc1 atype="GSC" type="Met" conceptID="Met1" novelty="New" advantage="None"/><text>In the first part, the well-documented electrochemical reduction<REF TYPE="P" ID="cit31 cit32 cit33 cit34 cit35">31–35</REF> of a hydrophobic benzoquinone derivative, <IT>p</IT>-chloranil (2,3,5,6-tetrachloro-1,4-benzoquinone, TCBQ), will be examined in homogeneous solutions of various aprotic solvents (namely: benzonitrile (BN), <IT>N</IT>,<IT>N</IT>,dimethylformamide (DMF), propylcyanide (PrCN) and dimethylsulfoxide (DMSO)).</text></s> <s sid="27"><CoreSc1 atype="GSC" type="Met" conceptID="Met1" novelty="New" advantage="None"/><text>In the second part, the redox chemistry of TCBQ will be further explored in the form of TCBQ/BN microdroplets immobilized at a bppg electrode surface immersed in various electrolyte solutions.</text></s> <s sid="28"><CoreSc1 atype="GSC" type="Mot" conceptID="Mot2" novelty="None" advantage="None"/><text>The literature has many examples of anion insertion,<REF TYPE="P" ID="cit2 cit12 cit14 cit15 cit16 cit22 cit23 cit28 cit30 cit36">2,12,14–16,22,23,28,30,36</REF> however, much fewer examples of cation insertion have, so far, been reported.<REF TYPE="P" ID="cit11 cit25">11,25</REF></text></s> <s sid="29"><CoreSc1 atype="GSC" type="Con" conceptID="Con2" novelty="None" advantage="None"/><text>It will be shown that, depending on the lipophilicity of the cation present in the aqueous phase, cation uptake into, or anion expulsion from, the organic deposit can take place to restore the electroneutrality within the microdroplet environment.</text></s> <s sid="30"><CoreSc1 atype="GSC" type="Goa" conceptID="Goa2" novelty="None" advantage="None"/><text>Protonation across the liquid|liquid interface and the effect of the addition of a supporting electrolyte in the oil phase will also be examined.</text></s></P></DIV><DIV DEPTH="1"><HEADER HEADER_MARKER="2.">Experimental</HEADER><DIV DEPTH="2"><HEADER HEADER_MARKER="2.1.">Chemical reagents</HEADER><P><s sid="31"><CoreSc1 atype="GSC" type="Exp" conceptID="Exp1" novelty="None" advantage="None"/><text>Aqueous electrolyte solutions have been prepared with KCl (Riedel–de Haen,), LiCl, RbCl, tetramethylammonium chloride, (TMeACl) tetrapropylammonium chloride, (TPrACl) tetrabutylammonium bromide (TBuABr), tetrabutylammonium nitrate (TBuANO<SB>3</SB>), (all Aldrich), and tetrabutylammonium chloride, (TBuACl) (Fluka).</text></s> <s sid="32"><CoreSc1 atype="GSC" type="Exp" conceptID="Exp1" novelty="None" advantage="None"/><text>All these reagents were of the highest grade available and used without further purification.</text></s> <s sid="33"><CoreSc1 atype="GSC" type="Exp" conceptID="Exp2" novelty="None" advantage="None"/><text>The solutions and subsequent dilutions were carried out using deionised water from an Elgastat (Elga, UK) UHQ grade water system with a resistivity of not less than 18 MΩ cm.</text></s></P><P><s sid="34"><CoreSc1 atype="GSC" type="Exp" conceptID="Exp3" novelty="None" advantage="None"/><text>The electrochemical reduction of <IT>p</IT>-chloranil (2,3,5,6-tetrachloro-1,4-benzoquinone, TCBQ, Aldrich, 99%) was investigated in the aprotic solvents benzonitrile (BN), <IT>N</IT>,<IT>N</IT>,dimethylformamide (DMF), propylcyanide (PrCN) (all Aldrich) and dimethylsulfoxide (DMSO, BDH).</text></s> <s sid="35"><CoreSc1 atype="GSC" type="Exp" conceptID="Exp4" novelty="None" advantage="None"/><text>Tetrabutylammonium perchlorate (TBuAP, Fluka) was used as supporting electrolyte at 0.1 M concentration.</text></s></P><P><s sid="36"><CoreSc1 atype="GSC" type="Exp" conceptID="Exp5" novelty="None" advantage="None"/><text>For the deposition procedure followed for the microdroplets study (see 2.3, Procedure), acetonitrile (MeCN) (Fisher Scientific, dried and distilled) was used without further purification.</text></s></P><P><s sid="37"><CoreSc1 atype="GSC" type="Exp" conceptID="Exp6" novelty="None" advantage="None"/><text>Buffered solutions were prepared using 0.05 M Na<SB>2</SB>HPO<SB>4</SB>/NaH<SB>2</SB>PO<SB>4</SB>, 0.1M NaH<SB>2</SB>PO<SB>4</SB> and 0.1M boric acid solutions, and adjusted to the required pH using NaOH (all Aldrich).</text></s> <s sid="38"><CoreSc1 atype="GSC" type="Exp" conceptID="Exp7" novelty="None" advantage="None"/><text>Potassium hexacyanoferrate(ii) trihydrate (99%) was purchased from Lancaster.</text></s></P><P><s sid="39"><CoreSc1 atype="GSC" type="Exp" conceptID="Exp8" novelty="None" advantage="None"/><text>Solutions were deoxygenated by outgassing with oxygen-free nitrogen (BOC Gases, Guildford, Surrey, UK) for at least 15 min prior experimentation and a nitrogen atmosphere was maintained over the solutions during each experimental run.</text></s> <s sid="40"><CoreSc1 atype="GSC" type="Exp" conceptID="Exp9" novelty="None" advantage="None"/><text>All experiments were carried out at room temperature of 20 ± 2°C.</text></s></P></DIV><DIV DEPTH="2"><HEADER HEADER_MARKER="2.2.">Electrochemical assembly</HEADER><P><s sid="41"><CoreSc1 atype="GSC" type="Exp" conceptID="Exp10" novelty="None" advantage="None"/><text>All electrochemical measurements were recorded using a PG STAT 20 computer controlled potentiostat (Eco-Chemie, Netherlands) with a standard three electrode configuration.</text></s> <s sid="42"><CoreSc1 atype="GSC" type="Exp" conceptID="Exp11" novelty="None" advantage="None"/><text>For the homogeneous electrochemistry section, a glassy carbon (GC, 3 mm diameter, BAS Technicol, UK) or a bare basal plane pyrolytic graphite (bppg, 5 mm diameter, Le Carbone Ltd., Sussex, UK) electrode acted as working electrode, a platinum wire wound into a spiral provided the counter electrode and a platinum pseudo-reference electrode completed the cell assembly.</text></s> <s sid="43"><CoreSc1 atype="GSC" type="Exp" conceptID="Exp12" novelty="None" advantage="None"/><text>The glassy carbon electrodes were mechanically polished between each set of experiments with diamond paste (Kemet, UK) of decreasing particle size (15 to 1 μm) and rinsed thoroughly before use.</text></s></P><P><s sid="44"><CoreSc1 atype="GSC" type="Exp" conceptID="Exp13" novelty="None" advantage="None"/><text>For the microdroplets study, the bppg electrode (<IT>vide supra</IT>) was used as working electrode with a platinum wire wound into a spiral (counter electrode) and a saturated calomel reference electrode (SCE, Hg/Hg<SB>2</SB>Cl<SB>2</SB>, Radiometer, Copenhagen, Denmark).</text></s> <s sid="45"><CoreSc1 atype="GSC" type="Met" conceptID="Met1" novelty="New" advantage="None"/><text>All potentials are quoted with respect to the SCE, unless otherwise specified.</text></s></P></DIV><DIV DEPTH="2"><HEADER HEADER_MARKER="2.3.">Procedures</HEADER><P><s sid="46"><CoreSc1 atype="GSC" type="Bac" conceptID="Bac9" novelty="None" advantage="None"/><text>Several methods in which the surface of a bppg electrode can be modified with oil droplets containing an electroactive compound have been reported.<REF TYPE="P" ID="cit28">28</REF></text></s> <s sid="47"><CoreSc1 atype="GSC" type="Met" conceptID="Met1" novelty="None" advantage="None"/><text>In the present study, we investigated droplets of the electroactive hydrophobic yellow material TCBQ.</text></s> <s sid="48"><CoreSc1 atype="GSC" type="Exp" conceptID="Exp14" novelty="None" advantage="None"/><text>An inert organic liquid was required to dissolve the solid TCBQ and benzonitrile (BN) was chosen as it was found to be electrochemically inert in the potential window of interest.</text></s></P><P><s sid="49"><CoreSc1 atype="GSC" type="Exp" conceptID="Exp15" novelty="None" advantage="None"/><text>The bppg working electrode was modified with microdroplets of TCBQ dissolved in BN by solvent evaporation of a volatile solvent (MeCN) from an aliquot (typically 5 μL) of TCBQ/BN stock solution of accurately known concentration that had been pipetted onto the electrode surface prior the immersion in aqueous solution.</text></s> <s sid="50"><CoreSc1 atype="GSC" type="Exp" conceptID="Exp15" novelty="None" advantage="None"/><text>The concentration of TCBQ in the BN oil phase was <IT>ca.</IT> 35 mM (<IT>ca.</IT> 1 nmol of TCBQ in a typical volume of 2.7 × 10<SP>−8</SP> L of BN).</text></s> <s sid="51"><CoreSc1 atype="GSC" type="Met" conceptID="Met1" novelty="New" advantage="Yes"/><text>This technique of depositing the organic phase containing the electroactive species in the form of microdroplets rather than a continuous film<REF TYPE="P" ID="cit11">11</REF> gives the opportunity to omit supporting electrolytes in the organic phase as, due to the presence of the contact lines, electrode|BN|water, charge compensation during electrochemical reduction or oxidation can always be provided at the three-phase boundary.<REF TYPE="P" ID="cit12">12</REF></text></s> <s sid="52"><CoreSc1 atype="GSC" type="Exp" conceptID="Exp16" novelty="None" advantage="None"/><text>However, a study of the behaviour of supported microdroplets was also conducted by preparing stock TCBQ/BN in MeCN solution containing the required amount of TBuAP so that the concentration of TBuAP in the microdroplets was either 0.1, 1 or 2 M (see Section 3.2.4).</text></s></P><P><s sid="53"><CoreSc1 atype="GSC" type="Bac" conceptID="Bac10" novelty="None" advantage="None"/><text>In order to obtain reproducible results, careful bppg electrode preparation was found to be important.</text></s> <s sid="54"><CoreSc1 atype="GSC" type="Exp" conceptID="Exp17" novelty="None" advantage="None"/><text>The bppg electrode was cleaned prior to each scan by rinsing with MeCN and water, and the surface was renewed by polishing on carborundum paper (P1000 grade, Acton and Bormans, Stevenage, UK) prior to each experimental run.</text></s> <s sid="55"><CoreSc1 atype="GSC" type="Exp" conceptID="Exp17" novelty="None" advantage="None"/><text>All the experiments were undertaken as soon as possible after immersion of the modified bppg electrode into the aqueous phase.</text></s></P></DIV><DIV DEPTH="2"><HEADER HEADER_MARKER="2.4.">Computation</HEADER><P><s sid="56"><CoreSc1 atype="GSC" type="Met" conceptID="Met3" novelty="Old" advantage="None"/><text>The voltammetric response of microdroplet partially blocked electrodes was simulated using the same method described in reference.<REF TYPE="P" ID="cit14">14</REF></text></s> <s sid="57"><CoreSc1 atype="GSC" type="Exp" conceptID="Exp18" novelty="None" advantage="None"/><text>Simulations for naked electrodes were carried out with DigiSim 3.0<SP>©</SP>,<REF TYPE="P" ID="cit37">37</REF> a commercially available computer code, distributed by Bioanalytical systems (2701 Kent Ave., West Lafayette, IN 47906).</text></s></P></DIV></DIV><DIV DEPTH="1"><HEADER HEADER_MARKER="3.">Results and discussion</HEADER><DIV DEPTH="2"><HEADER HEADER_MARKER="3.1.">Homogeneous voltammetry</HEADER><DIV DEPTH="3"><HEADER HEADER_MARKER="3.1.1.">Electrochemical reduction of TCBQ in benzonitrile (BN) at glassy carbon (GC) and basal plane pyrolytic graphite (bppg) electrodes</HEADER><P><s sid="58"><CoreSc1 atype="GSC" type="Met" conceptID="Met1" novelty="New" advantage="None"/><text>First, we investigated the voltammetric reduction of TCBQ in a homogeneous solution of benzonitrile (BN) containing 0.1 M TBuAP as supporting electrolyte at a GC (3 mm diameter) electrode.</text></s> <s sid="59"><CoreSc1 atype="GSC" type="Met" conceptID="Met1" novelty="New" advantage="None"/><text>The corresponding cyclic voltammetric responses obtained at increasing scan rates (from 0.1 to 1 V s<SP>−1</SP>) for the reduction of 1 mM TCBQ in BN are shown in Fig. 1a and the potential data are summarised in Table 1.</text></s> <s sid="60"><CoreSc1 atype="GSC" type="Obs" conceptID="Obs2" novelty="None" advantage="None"/><text>Two well-separated one-electron reduction processes were observed at −0.273 V (<IT>vs</IT>.</text></s> <s sid="61"><CoreSc1 atype="GSC" type="Obs" conceptID="Obs2" novelty="None" advantage="None"/><text>Pt) and −1.069 V (<IT>vs</IT>.</text></s> <s sid="62"><CoreSc1 atype="GSC" type="Obs" conceptID="Obs2" novelty="None" advantage="None"/><text>Pt), respectively.</text></s> <s sid="63"><CoreSc1 atype="GSC" type="Res" conceptID="Res4" novelty="None" advantage="None"/><text>These can be attributed to the formation of the radical anion, TCBQ<SP>−</SP>˙, which can be further reduced in a second one-electron transfer to the dianion, TCBQ<SP>2−</SP>.</text></s> <s sid="64"><CoreSc1 atype="GSC" type="Bac" conceptID="Bac11" novelty="None" advantage="None"/><text>The latter is re-oxidizable in two successive one-electron transfers up to the quinone state.</text></s> <s sid="65"><CoreSc1 atype="GSC" type="Res" conceptID="Res4" novelty="None" advantage="None"/><text>Therefore, the reduction mechanism can be denoted as a quasi-reversible process as expressed by the reactions:The ratios of the forward and backward peak heights of both signals were ≈1 corroborating the formation of a <IT>stable</IT> radical anion capable of undergoing further reduction and then re-oxidation to the parent.</text></s></P><P><s sid="66"><CoreSc1 atype="GSC" type="Res" conceptID="Res5" novelty="None" advantage="None"/><text>Both the reduction and re-oxidation peaks currents of both couples were found to increase with scan rate and a plot of the reduction current peaks (<IT>I</IT><SB>p</SB><SP>r1</SP>and <IT>I</IT><SB>p</SB><SP>r2</SP>) against the square root of scan rate,<IT>ν</IT><SP>1/2</SP>, (insert plot Fig. 1a) was found to be linear suggesting diffusion-controlled processes.</text></s> <s sid="67"><CoreSc1 atype="GSC" type="Res" conceptID="Res6" novelty="None" advantage="None"/><text>The peak potentials were found to be slightly dependent on the scan rate.</text></s> <s sid="68"><CoreSc1 atype="GSC" type="Res" conceptID="Res6" novelty="None" advantage="None"/><text>With increasing scan rate, the first and the second reduction peaks (<IT>E</IT><SB>p</SB><SP>r1</SP>and <IT>E</IT><SB>p</SB><SP>r2</SP>) were shifted toward more negative potentials.</text></s> <s sid="69"><CoreSc1 atype="GSC" type="Res" conceptID="Res6" novelty="None" advantage="None"/><text>In contrast, the first and the second re-oxidation peaks (<IT>E</IT><SB>p</SB><SP>o1</SP>and <IT>E</IT><SB>p</SB><SP>o2</SP>) moved towards more positive potentials.</text></s> <s sid="70"><CoreSc1 atype="GSC" type="Res" conceptID="Res6" novelty="None" advantage="None"/><text>As a consequence, the potential separation Δ<IT>E</IT><SB>p</SB> (=<IT>E</IT><SB>p</SB>°−<IT>E</IT><SB>p</SB><SP>r</SP>) increased with increasing scan rate (see Table 1), consistent with quasi-reversible behaviour.</text></s> <s sid="71"><CoreSc1 atype="GSC" type="Obs" conceptID="Obs3" novelty="None" advantage="None"/><text>Analysis of the peak currents using the Randles–Sevčik equation and the peak-to-peak separation data using Nicholson’s treatment<REF TYPE="P" ID="cit38">38</REF> yielded a value for the diffusion coefficient, <IT>D</IT>, of the radical anion TCBQ<SP>−</SP>˙ in BN of <IT>D</IT> = 3.6 × 10<SP>−6</SP> ± 0.2 cm<SP>2</SP> s<SP>−1</SP>.</text></s></P><P><s sid="72"><CoreSc1 atype="GSC" type="Obs" conceptID="Obs4" novelty="None" advantage="None"/><text>The reduction of TCBQ was also studied at a bppg electrode (5 mm diameter) and the corresponding voltammograms obtained at increasing scan rate (0.1, 0.2, 05, 0.8 and 1 V s<SP>−1</SP>) are shown in Fig. 1b and the potential data are summarised in Table 2.</text></s> <s sid="73"><CoreSc1 atype="GSC" type="Res" conceptID="Res1" novelty="None" advantage="None"/><text>Similar to that seen at the GC electrode, the electrochemical reduction of TCBQ revealed two successive one-electron transfer according to a quasi-reversible EE mechanism.</text></s> <s sid="74"><CoreSc1 atype="GSC" type="Res" conceptID="Res7" novelty="None" advantage="None"/><text>However, Δ<IT>E</IT><SB>p</SB> at bppg electrode was larger than Δ<IT>E</IT><SB>p</SB> obtained at the GC electrode (Tables 1 and 2) suggesting more sluggish electron transfer kinetics operate at a bppg electrode as compared to a GC electrode.</text></s> <s sid="75"><CoreSc1 atype="GSC" type="Res" conceptID="Res1" novelty="None" advantage="None"/><text>Furthermore, Δ<IT>E</IT><SB>p</SB><SP>2</SP> was found to be slightly larger than Δ<IT>E</IT><SB>p</SB><SP>1</SP> (Table 2) suggesting that the second electron transfer step is slower than the first one at a bppg electrode.</text></s> <s sid="76"><CoreSc1 atype="GSC" type="Met" conceptID="Met1" novelty="New" advantage="None"/><text>The electrochemical reduction of TCBQ was also carried out in other aprotic solvents, namely DMF, DMSO and PrCN in the presence of 0.1 M TBuAP as supporting electrolyte.</text></s> <s sid="77"><CoreSc1 atype="GSC" type="Res" conceptID="Res1" novelty="None" advantage="None"/><text>The corresponding voltammograms are depicted in Fig. S1 of the electronic supplementary information (ESI)<SUP TYPE="FOOTNOTE_MARKER" ID="fn1"/> and reveal a quasi-reversible EE mechanism similarly to that seen with BN as solvent.</text></s> <s sid="78"><CoreSc1 atype="GSC" type="Bac" conceptID="Bac12" novelty="None" advantage="None"/><text>Solvent effects are also discussed in the ESI.</text></s></P></DIV></DIV><DIV DEPTH="2"><HEADER HEADER_MARKER="3.2.">Heterogeneous voltammetry</HEADER><P><s sid="79"><CoreSc1 atype="GSC" type="Met" conceptID="Met1" novelty="New" advantage="None"/><text>The study of the redox chemistry of TCBQ was extended and its electron transfer properties were investigated at the liquid|liquid interface via immobilisation of electrically insulating microdroplets of TCBQ at a bppg electrode surface as described in the experimental section.</text></s></P><DIV DEPTH="3"><HEADER HEADER_MARKER="3.2.1.">Determination of the average size of microdroplets deposited on a bppg electrode</HEADER><P><s sid="80"><CoreSc1 atype="GSC" type="Met" conceptID="Met4" novelty="Old" advantage="None"/><text>First, the average size of the microdroplets deposited on a bppg electrode surface was determined using a cyclic voltammetric method recently developed by our group.<REF TYPE="P" ID="cit14">14</REF></text></s> <s sid="81"><CoreSc1 atype="GSC" type="Met" conceptID="Met4" novelty="Old" advantage="None"/><text>For a particular redox couple, by measuring the decrease in peak current when the electrode is modified with inert microdroplets compared to when the electrode is naked, we can obtain an estimate of the microdroplet size and total coverage of the electrode surface.<REF TYPE="P" ID="cit14">14</REF></text></s></P><P><s sid="82"><CoreSc1 atype="GSC" type="Obs" conceptID="Obs5" novelty="None" advantage="None"/><text>Fig. 2 illustrates cyclic voltammograms recorded at 0.2 V s<SP>−1</SP> with a 5.0 mm diameter bppg electrode in 1.5 mM ferrocyanide/0.1 M KCl solution where the electrode is (a) naked and (b) partially covered with 2.7 × 10<SP>−5</SP> cm<SP>3</SP> of benzonitrile, corresponding to 10 μL of 26 mM benzonitrile (BN) in acetonitrile (MeCN).</text></s> <s sid="83"><CoreSc1 atype="GSC" type="Obs" conceptID="Obs5" novelty="None" advantage="None"/><text>The voltammogram for the modified electrode shows a clear decrease in peak current, <IT>I</IT><SB>p</SB>, and increase in peak to peak separation, Δ<IT>E</IT><SB>p</SB>, when compared to the response of the naked electrode.</text></s> <s sid="84"><CoreSc1 atype="GSC" type="Bac" conceptID="Bac13" novelty="None" advantage="None"/><text>Both observations are consistent with an inertly blocked surface indicating the microdroplets are inert in this particular medium and potential window.</text></s> <s sid="85"><CoreSc1 atype="GSC" type="Res" conceptID="Res8" novelty="None" advantage="None"/><text>Analysis of the naked electrode data (for a range of scan rates) with DigiSim 3.0<SP>©</SP> gave <IT>D</IT> = 6.5 × 10<SP>−6</SP> cm<SP>2</SP> s<SP>−1</SP> and k<SP>0</SP> = 0.01 cm s<SP>−1</SP> for the Fe(CN)<SB>6</SB><SP>4−</SP>/Fe(CN)<SB>6</SB><SP>3−</SP> redox couple, which agrees well with that determined previously for carbon electrodes.<REF TYPE="P" ID="cit39">39</REF></text></s></P><P><s sid="86"><CoreSc1 atype="GSC" type="Met" conceptID="Met4" novelty="Old" advantage="None"/><text>We can model the microdroplet partially blocked electrode surface as a random array of overlapping hemispheres of the same radius.<REF TYPE="P" ID="cit14">14</REF></text></s> <s sid="87"><CoreSc1 atype="GSC" type="Met" conceptID="Met4" novelty="Old" advantage="None"/><text>This is based on the experimental observation that at low surface coverage when microdroplets are well spaced, their distribution is approximately monodisperse, whereas at high surface coverage there is a larger range of droplet radii.<REF TYPE="P" ID="cit14">14</REF></text></s> <s sid="88"><CoreSc1 atype="GSC" type="Met" conceptID="Met4" novelty="Old" advantage="None"/><text>Using the method described in <REF TYPE="P" ID="cit14">ref. 14</REF> we can simulate the dependence of peak current with droplet radii for a range of scan rates.</text></s> <s sid="89"><CoreSc1 atype="GSC" type="Obs" conceptID="Obs6" novelty="None" advantage="None"/><text>This is illustrated in Fig. 3 for the modified electrode discussed above at scan rates of 0.1, 0.2, 0.5, 1.0 and 2.0 V s<SP>−1</SP>.</text></s> <s sid="90"><CoreSc1 atype="GSC" type="Obs" conceptID="Obs6" novelty="None" advantage="None"/><text>Overlaid as dashed horizontal lines are the experimental peak currents recorded at each scan rate.</text></s> <s sid="91"><CoreSc1 atype="GSC" type="Obs" conceptID="Obs6" novelty="None" advantage="None"/><text>The points where the dashed and solid lines cross are highlighted in the figure and represent the best agreement between theory and experiment.</text></s> <s sid="92"><CoreSc1 atype="GSC" type="Res" conceptID="Res9" novelty="None" advantage="None"/><text>As observed, the results suggest an average droplet radius of 2.5 μm (experiments where the benzonitrile droplets contained 0.1 M TBuAP gave a similar result).</text></s> <s sid="93"><CoreSc1 atype="GSC" type="Mod" conceptID="Mod1" novelty="None" advantage="None"/><text>Fig. 4 illustrates a 100 × 100 μm section of the corresponding <IT>model</IT> electrode surface that best fits the experimental results, i.e. where the droplet radius is 2.5 μm.</text></s> <s sid="94"><CoreSc1 atype="GSC" type="Mod" conceptID="Mod1" novelty="None" advantage="None"/><text>It should be noted that Fig. 4 corresponds to how the model perceives the electrode surface.</text></s> <s sid="95"><CoreSc1 atype="GSC" type="Mod" conceptID="Mod1" novelty="None" advantage="None"/><text>In reality, overlapping droplets would coalesce, forming larger droplets of different radii.</text></s> <s sid="96"><CoreSc1 atype="GSC" type="Met" conceptID="Met4" novelty="Old" advantage="None"/><text>Our approach to modelling random arrays of droplets ignores the resulting geometry from hemisphere/droplet overlap allowing us to treat the surface as a random array of overlapping discs, which is far easier to simulate the voltammetry of.<REF TYPE="P" ID="cit14">14</REF></text></s> <s sid="97"><CoreSc1 atype="GSC" type="Bac" conceptID="Bac14" novelty="None" advantage="None"/><text>Indeed, inclusion of droplet coalescence in the modelling process would result in a problem requiring far more computation time.</text></s></P><P><s sid="98"><CoreSc1 atype="GSC" type="Bac" conceptID="Bac15" novelty="None" advantage="None"/><text>For this particular block volume there is a large amount of overlap resulting in a wide range of observable droplet radii.</text></s> <s sid="99"><CoreSc1 atype="GSC" type="Obs" conceptID="Obs7" novelty="None" advantage="None"/><text>We can calculate the fraction of the uncovered electrode area to be <IT>Θ</IT> = (uncovered electrode area)/(total electrode area) = 0.44.</text></s> <s sid="100"><CoreSc1 atype="GSC" type="Res" conceptID="Res10" novelty="None" advantage="None"/><text>Note that only 44% of the electrode is available for the electrochemical redox reaction yet the peak current of the modified electrode greatly exceeds 44% of that for the naked electrode.</text></s> <s sid="101"><CoreSc1 atype="GSC" type="Con" conceptID="Con6" novelty="None" advantage="None"/><text>Thus for redox reactions of this type, the uncovered surface area of the microdroplet modified electrode behaves more like an array of microelectrodes than a macro electrode of the same total area.</text></s></P></DIV><DIV DEPTH="3"><HEADER HEADER_MARKER="3.2.2.">Voltammetry of unsupported microdroplets of TCBQ deposited on a bppg electrode immersed in aqueous 0.1 M Y<SP>+</SP>Cl<SP>−</SP> (Y = Li<SP>+</SP>, K<SP>+</SP>, Rb<SP>+</SP>, TMeA<SP>+</SP>, TPrA<SP>+</SP>, TBuA<SP>+</SP> or TPeA<SP>+</SP>)</HEADER><P><s sid="102"><CoreSc1 atype="GSC" type="Bac" conceptID="Bac16" novelty="None" advantage="None"/><text>In this section we discuss the voltammetric processes that occur at a bppg electrode (5 mm diameter) covered with a random arrays of purposely unsupported electroactive microdroplets of TCBQ dissolved in BN (formed as described in 2.3 Procedure) and immersed into an aqueous electrolyte where the droplet organic phase in insoluble and in which the SCE reference and the Pt counter electrodes are placed.</text></s></P><P><s sid="103"><CoreSc1 atype="GSC" type="Met" conceptID="Met1" novelty="New" advantage="None"/><text>In these experiments TCBQ is reduced to the respective anion radical TCBQ<SP>−</SP>˙.</text></s> <s sid="104"><CoreSc1 atype="GSC" type="Bac" conceptID="Bac17" novelty="None" advantage="None"/><text>Hence the electroneutrality of the oil environment can be retained by either the uptake of a cation from the aqueous phase or the expulsion of a newly generated anion into the aqueous phase.</text></s> <s sid="105"><CoreSc1 atype="GSC" type="Res" conceptID="Res11" novelty="None" advantage="None"/><text>It can be anticipated that as the aqueous cation hydrophilicity increases, it becomes increasingly energetically more difficult to transfer the cation into the oil phase, until the cation can no longer thermodynamically transfer and the organic phase anion is expelled into the aqueous phase.</text></s></P><P><s sid="106"><CoreSc1 atype="GSC" type="Exp" conceptID="Exp19" novelty="None" advantage="None"/><text>We have examined aqueous chloride solutions containing the hydrophilic alkaline metal cations Li<SP>+</SP>, K<SP>+</SP> and Rb<SP>+</SP> and the less hydrophilic tetraalkylammonium cations NR<SB>4</SB><SP>+</SP> (R = Me, Pr, Bu and Pe).</text></s></P><P><s sid="107"><CoreSc1 atype="GSC" type="Exp" conceptID="Exp19" novelty="None" advantage="None"/><text>We first consider the response obtained in 0.1 M A<SP>+</SP>Cl<SP>−</SP> (A<SP>+</SP> = K<SP>+</SP>, Li<SP>+</SP>, Rb<SP>+</SP>) aqueous solutions.</text></s> <s sid="108"><CoreSc1 atype="GSC" type="Obs" conceptID="Obs8" novelty="None" advantage="None"/><text>Fig. 5a shows 5 successive scans (0.1 V s<SP>−1</SP>) obtained at a bppg electrode modified with 1 nmol of TCBQ immersed in 0.1 M KCl aqueous solution.</text></s> <s sid="109"><CoreSc1 atype="GSC" type="Obs" conceptID="Obs8" novelty="None" advantage="None"/><text>The first cycle exhibits a single reduction peak at −0.052V (<IT>vs</IT>.</text></s> <s sid="110"><CoreSc1 atype="GSC" type="Obs" conceptID="Obs8" novelty="None" advantage="None"/><text>SCE) and a small back oxidative peak at +0.008V (<IT>vs</IT>.</text></s> <s sid="111"><CoreSc1 atype="GSC" type="Obs" conceptID="Obs8" novelty="None" advantage="None"/><text>SCE) (ratio of the anodic to cathodic charge <IT>Q</IT>°/<IT>Q</IT><SP>r</SP> = 0.26) giving rise to a peak-to-peak-potential separation of 60 mV.</text></s> <s sid="112"><CoreSc1 atype="GSC" type="Obs" conceptID="Obs9" novelty="None" advantage="None"/><text>With increasing potential redox cycling on the same electrode, the prominent reductive peak magnitude decreases and almost no anodic response remains.</text></s> <s sid="113"><CoreSc1 atype="GSC" type="Obs" conceptID="Obs10" novelty="None" advantage="None"/><text>A slightly shift toward less negative reductive potential is observed on the second scan.</text></s> <s sid="114"><CoreSc1 atype="GSC" type="Con" conceptID="Con7" novelty="None" advantage="None"/><text>This might be due to an electrochemically induced partitioning of the electrolyte into the droplets causing the electrical resistance of the droplets to diminish which in turn makes the reduction process easier or, more likely, to the reduction of the smaller size droplets.</text></s></P><P><s sid="115"><CoreSc1 atype="GSC" type="Met" conceptID="Met1" novelty="New" advantage="None"/><text>A scan rate dependence study was also carried out.</text></s> <s sid="116"><CoreSc1 atype="GSC" type="Obs" conceptID="Obs11" novelty="None" advantage="None"/><text>The corresponding initial (first cycle) voltammograms recorded at different scan rate (0.05, 0.1, 0.2, 0.5 and 1.0 V s<SP>−1</SP>) are shown in Fig. 5b and the voltammetric data summarised in Table 3.</text></s> <s sid="117"><CoreSc1 atype="GSC" type="Obs" conceptID="Obs11" novelty="None" advantage="None"/><text>A single reductive wave with a corresponding small oxidative wave is observed at all scan rates.</text></s> <s sid="118"><CoreSc1 atype="GSC" type="Obs" conceptID="Obs12" novelty="None" advantage="None"/><text>The ratio anodic charge to cathodic charge (see Table 3) increases slightly with increasing scan rate, however data obtained at scan rate larger that 0.2 V s<SP>−1</SP> should be treated carefully since ohmic losses in the unsupported microdroplets are not negligible.</text></s> <s sid="119"><CoreSc1 atype="GSC" type="Res" conceptID="Res12" novelty="None" advantage="None"/><text>A plot of the reductive peak current versus scan rate (insert plot of Fig. 5b) is shown to be linear, consistent with an essentially complete electrolysis with a thin layer of deposited material.</text></s></P><P><s sid="120"><CoreSc1 atype="GSC" type="Obs" conceptID="Obs13" novelty="None" advantage="None"/><text>Fig. 5c exhibits the voltammograms obtained when the potential was cycled twice at very slow scan rate (i.e, 10 mV s<SP>−1</SP>).</text></s> <s sid="121"><CoreSc1 atype="GSC" type="Obs" conceptID="Obs13" novelty="None" advantage="None"/><text>The first scan exhibits a reductive wave at −0.0011 V and no appreciable anodic counterpart.</text></s> <s sid="122"><CoreSc1 atype="GSC" type="Res" conceptID="Res13" novelty="None" advantage="None"/><text>The second scan shows little further than resistive behaviour suggesting that complete reduction of the whole droplet has occurred during the first cycle.</text></s> <s sid="123"><CoreSc1 atype="GSC" type="Obs" conceptID="Obs14" novelty="None" advantage="None"/><text>Analysis of the amount of charge passed (i.e, integrated area of the reductive peak) on the first reductive scan potential reveals the transfer of a single electron per TCBQ molecule (see Table 4).</text></s></P><P><s sid="124"><CoreSc1 atype="GSC" type="Obs" conceptID="Obs15" novelty="None" advantage="None"/><text>A similar response was observed for other very hydrophilic metal cations such as Li and Rb and the corresponding voltammograms obtained at 0.01 V s<SP>−1</SP> are overlaid for comparison in Fig. 6a.</text></s> <s sid="125"><CoreSc1 atype="GSC" type="Obs" conceptID="Obs15" novelty="None" advantage="None"/><text>A single reductive peak of similar magnitude is observed at ca. +0.0 V for all cations.</text></s> <s sid="126"><CoreSc1 atype="GSC" type="Obs" conceptID="Obs16" novelty="None" advantage="None"/><text>Furthermore, plots of the reductive peak current against scan rate (Fig. 6b) are linear for each different metal cation and the amount of charge passed suggested, in all cases, the discharge of one electron per molecule of TCBQ (Table 4).</text></s></P><P><s sid="127"><CoreSc1 atype="GSC" type="Res" conceptID="Res14" novelty="None" advantage="None"/><text>This type of electrochemical behaviour is somehow not surprisingly considering the high transfer free energy possessed by the alkali metal<REF TYPE="P" ID="cit40">40</REF> which makes the insertion into the oil deposit a thermodynamically unfavourable process.</text></s> <s sid="128"><CoreSc1 atype="GSC" type="Con" conceptID="Con8" novelty="None" advantage="None"/><text>Hence the electroneutrality of the organic phase is maintained by expulsion of the electro-generated radical anion into the aqueous phase as expressed by:TCBQ(oil) + e<SP>−</SP> → TCBQ<SP>−</SP>˙(aq)As the radical anion diffuses out of the diffusion layer during reduction, little radical anion remains to be oxidised and therefore little oxidative back peak is observed.</text></s> <s sid="129"><CoreSc1 atype="GSC" type="Obs" conceptID="Obs17" novelty="None" advantage="None"/><text>Furthermore, this process causes depletion of TCBQ in the oil phase and hence, on successive scans, the peak height decreases as shown in Fig. 5a.</text></s></P><P><s sid="130"><CoreSc1 atype="GSC" type="Bac" conceptID="Bac18" novelty="None" advantage="None"/><text>This has been described as the electrochemically induced anion dissolution mechanism.<REF TYPE="P" ID="cit12">12</REF></text></s> <s sid="131"><CoreSc1 atype="GSC" type="Hyp" conceptID="Hyp1" novelty="None" advantage="None"/><text>It has been shown that, in the case of anion dissolution, the electron transfer might be initiated at the three phase boundary, but the dissolution may occur from the liquid|liquid interface.</text></s> <s sid="132"><CoreSc1 atype="GSC" type="Con" conceptID="Con9" novelty="None" advantage="None"/><text>The large currents observed further support this interpretation.</text></s></P><P><s sid="133"><CoreSc1 atype="GSC" type="Met" conceptID="Met1" novelty="New" advantage="None"/><text>We now turn to the voltammetric characteristics of the microdroplets in the presence of less hydrophilic cations, i.e the quaternary alkylammonium cations NR<SB>4</SB><SP>+</SP> (R = Me, Pr, Bu and Pe) in the aqueous phase.</text></s></P><P><s sid="134"><CoreSc1 atype="GSC" type="Obs" conceptID="Obs18" novelty="None" advantage="None"/><text>Fig. 7a, 7b, 7c and 7d shows the cyclic voltammograms (0.1 V s<SP>−1</SP>) obtained for the reduction of TCBQ deposited onto a bppg electrode and immersed in aqueous 0.1 M TMeACl, TPrACl, TBuACl and TPeACl, respectively.</text></s> <s sid="135"><CoreSc1 atype="GSC" type="Con" conceptID="Con2" novelty="None" advantage="None"/><text>By increasing the length of the alkyl chain of the cation the hydrophobicity of the aqueous-based cation increases and this has profound effects on the electrochemical behaviour of the TCBQ microdroplets.</text></s></P><P><s sid="136"><CoreSc1 atype="GSC" type="Obs" conceptID="Obs18" novelty="None" advantage="None"/><text>In 0.1M TMeACl solutions (Fig. 7a) the response is qualitatively similar to that observed in aqueous alkali metal chloride solutions, with a single reductive peak at −0.05 V and a very little back oxidative peak.</text></s> <s sid="137"><CoreSc1 atype="GSC" type="Res" conceptID="Res15" novelty="None" advantage="None"/><text>The signal was found to diminish on increasing redox cycling and charge integration at low scan rates (0.01 V s <SP>−1</SP>) reveals the transfer of one electron per molecule of TCBQ suggesting that the dissolution of the electrogenerated radical anion is still more favourable process than the insertion of TMeA<SP>+</SP>.</text></s></P><P><s sid="138"><CoreSc1 atype="GSC" type="Res" conceptID="Res15" novelty="None" advantage="None"/><text>The dissolution rather than the cation insertion mechanism appears to be the pathway followed also in 0.1 M TPrACl aqueous solution.</text></s> <s sid="139"><CoreSc1 atype="GSC" type="Res" conceptID="Res16" novelty="None" advantage="None"/><text>However, in this case, the associated voltammetry (Fig. 7b) is more complex as it was found to be dependent on the scan rate.</text></s> <s sid="140"><CoreSc1 atype="GSC" type="Res" conceptID="Res16" novelty="None" advantage="None"/><text>At low scan rate (0.01 V s<SP>−1</SP>) a single reductive wave can be seen at −0.04 V, consistent with the dissolution of the radical anion.</text></s> <s sid="141"><CoreSc1 atype="GSC" type="Res" conceptID="Res16" novelty="None" advantage="None"/><text>However, based on the charge under the peak the number of electrons associated with this signal is only 0.5, suggesting that incomplete droplet conversion takes place under these conditions.</text></s> <s sid="142"><CoreSc1 atype="GSC" type="Res" conceptID="Res16" novelty="None" advantage="None"/><text>Furthermore, voltammograms recorded at scan rate faster than 0.050 V s<SP>−1</SP> (also overlaid in Fig. 7b) exhibit two reductive peaks at +0.048V and at −0.1 V (<IT>vs</IT>.</text></s> <s sid="143"><CoreSc1 atype="GSC" type="Res" conceptID="Res16" novelty="None" advantage="None"/><text>SCE), respectively.</text></s> <s sid="144"><CoreSc1 atype="GSC" type="Res" conceptID="Res16" novelty="None" advantage="None"/><text>These could be tentatively attributed to the reduction of TCBQ to the radical anion and to the dianion, respectively, upon the uptake of TMeA<SP>+</SP> from the solution to balance the charge for TCBQ being reduced.</text></s> <s sid="145"><CoreSc1 atype="GSC" type="Res" conceptID="Res16" novelty="None" advantage="None"/><text>However, the fact that the anodic to cathodic charge ratio is much less than one for both peaks, suggests that insertion pathway is only a minor contribution to the overall electrochemical process which is thought to proceed mainly <IT>via</IT> dissolution of the electrogenerated species.</text></s></P><P><s sid="146"><CoreSc1 atype="GSC" type="Obs" conceptID="Obs19" novelty="None" advantage="None"/><text>Fig. 7c shows three successive redox cycles obtained in 0.1M TBuACl solutions at 0.1 V s<SP>−1</SP>.</text></s> <s sid="147"><CoreSc1 atype="GSC" type="Obs" conceptID="Obs19" novelty="None" advantage="None"/><text>The first scan exhibits a single peak at +0.219 V (<IT>vs</IT>.</text></s> <s sid="148"><CoreSc1 atype="GSC" type="Obs" conceptID="Obs19" novelty="None" advantage="None"/><text>SCE) with a corresponding oxidative peak at +0.289 V (<IT>vs</IT>.</text></s> <s sid="149"><CoreSc1 atype="GSC" type="Obs" conceptID="Obs19" novelty="None" advantage="None"/><text>SCE) giving rise a peak-to-peak separation of 70 mV.</text></s> <s sid="150"><CoreSc1 atype="GSC" type="Obs" conceptID="Obs20" novelty="None" advantage="None"/><text>The re-oxidative peak current is of the same magnitude of the current associated with the reductive process and the anodic charge passed on the return of the scan is equal to the cathodic charge passed in the preceding negative going scan.</text></s> <s sid="151"><CoreSc1 atype="GSC" type="Res" conceptID="Res17" novelty="None" advantage="None"/><text>Finally, analysis of the charge passed at 0.01 V s<SP>−1</SP> suggests the transfer of 1 electron per molecule of TCBQ.</text></s> <s sid="152"><CoreSc1 atype="GSC" type="Con" conceptID="Con9" novelty="None" advantage="None"/><text>All these observations are consistent with TBuA<SP>+</SP> insertion into the oil phase as expressed by:TCBQ(oil) + TBuA<SP>+</SP> (aq) + e<SP>−</SP> → [TCBQ<SP>−</SP>˙TBuA<SP>+</SP>](oil)As TCBQ is reduced to the radical anions TCBQ<SP>−</SP>˙, TBuA<SP>+</SP> cations transfer across the liquid|liquid interface (specifically at the three phase boundary<REF TYPE="P" ID="cit3 cit4 cit30">3,4,30</REF>) to preserve the electroneutrality of the electrically insulating oil microdroplets.</text></s> <s sid="153"><CoreSc1 atype="GSC" type="Con" conceptID="Con9" novelty="None" advantage="None"/><text>A comparison of the reduction peak potential observed in aqueous TBuACl and in alkali metal chloride solutions reveals a shift versus less negative potential of <IT>ca.</IT> 0.27 V which further supports the assignment of the insertion mechanism.</text></s> <s sid="154"><CoreSc1 atype="GSC" type="Bac" conceptID="Bac19" novelty="None" advantage="None"/><text>A slightly dissolution, probably <IT>via</IT> ion-pairs,<REF TYPE="P" ID="cit15 cit16 cit33 cit41 cit42 cit43 cit44">15,16,33,41–44</REF> is thought to be responsible for the diminished signal obtained upon continual redox cycling.</text></s> <s sid="155"><CoreSc1 atype="GSC" type="Con" conceptID="Con9" novelty="None" advantage="None"/><text>The possibility of cation adsorption followed by its slow transfer across the liquid|liquid interface cannot be ruled out.</text></s></P><P><s sid="156"><CoreSc1 atype="GSC" type="Bac" conceptID="Bac20" novelty="None" advantage="None"/><text>We finally turn our attention to the current|voltage characteristics of TCBQ microdroplets in 0.1 M TPeACl.</text></s> <s sid="157"><CoreSc1 atype="GSC" type="Obs" conceptID="Obs21" novelty="None" advantage="None"/><text>The corresponding initial voltammogram recorded at 0.05 V s<SP>−1</SP> (Fig. 7d) reveals the appearance of a sharp reductive peak at +0.3 V (<IT>vs</IT>.</text></s> <s sid="158"><CoreSc1 atype="GSC" type="Obs" conceptID="Obs21" novelty="None" advantage="None"/><text>SCE), a broad reductive peak at ca. −0.10 (<IT>vs</IT>.</text></s> <s sid="159"><CoreSc1 atype="GSC" type="Obs" conceptID="Obs21" novelty="None" advantage="None"/><text>SCE) and a small third reductive wave at −0.245 V (<IT>vs</IT>.</text></s> <s sid="160"><CoreSc1 atype="GSC" type="Obs" conceptID="Obs21" novelty="None" advantage="None"/><text>SCE).</text></s> <s sid="161"><CoreSc1 atype="GSC" type="Obs" conceptID="Obs22" novelty="None" advantage="None"/><text>Upon reversal of the scan three corresponding oxidative back peaks are observed at +0.319 V, −0.215 V and −0.34 V, respectively.</text></s> <s sid="162"><CoreSc1 atype="GSC" type="Obs" conceptID="Obs22" novelty="None" advantage="None"/><text>As shown in Fig. 8, a stable response of all three peaks upon continual redox cycling is obtained at faster scan rate (0.5 V s<SP>−1</SP>).</text></s> <s sid="163"><CoreSc1 atype="GSC" type="Con" conceptID="Con10" novelty="None" advantage="None"/><text>Therefore, we speculate the reversible TPeA<SP>+</SP> insertion and the assignment of the two reductive peaks as expressed by:TCBQ(oil) + TPeA<SP>+</SP> (aq) + e<SP>−</SP> → [TCBQ<SP>−</SP>˙TPeA<SP>+</SP>](oil)[TCBQ<SP>−</SP>˙TPeA<SP>+</SP>](oil) + TPeA<SP>+</SP>(oil) + e<SP>−</SP> → [TCBQ<SP>2−</SP>(TpeA<SP>+</SP>)<SB>2</SB>](oil)This response is analogous to that observed in homogeneous solution of BN (see section 3.1, Homogeneous voltammetry).</text></s> <s sid="164"><CoreSc1 atype="GSC" type="Con" conceptID="Con10" novelty="None" advantage="None"/><text>Voltammograms recorded when the droplets where purposely made conductive via the addition of TBuAP in the oil phase (see section 3.4) exhibited the same voltammetric characteristics of the unsupported droplets, which further suggests the insertion of TPrA<SP>+</SP> as given in eqns. (5) and (6).</text></s></P></DIV><DIV DEPTH="3"><HEADER HEADER_MARKER="3.2.3.">Effect of increasing the aqueous phase proton concentration on the voltammetry of TCBQ microdroplets</HEADER><P><s sid="165"><CoreSc1 atype="GSC" type="Goa" conceptID="Goa3" novelty="None" advantage="None"/><text>The pH dependence on the reduction of unsupported microdroplets of TCBQ was examined in buffer solutions with pH values of 4, 7 and 10 (see the Experimental section for a detailed specification of each buffer composition).</text></s> <s sid="166"><CoreSc1 atype="GSC" type="Obs" conceptID="Obs23" novelty="None" advantage="None"/><text>Fig. 9 exhibits the corresponding cyclic voltammograms (scan rate 0.01 V s<SP>−1</SP>) for the reduction of 1.1 nmoles of TCBQ immobilised on a bppg electrode immersed in each different buffer solution.</text></s> <s sid="167"><CoreSc1 atype="GSC" type="Obs" conceptID="Obs23" novelty="None" advantage="None"/><text>It can be seen that the response obtained at pH 10 is similar to that obtained in 0.1 M alkali metal chloride solutions, with a single reductive peak at −0.013 V and almost negligible anodic counterpart.</text></s> <s sid="168"><CoreSc1 atype="GSC" type="Res" conceptID="Res18" novelty="None" advantage="None"/><text>Analysis of the amount of charge passed at 0.01 V s<SP>−1</SP> reveals the transfer of 1 electron per molecule of TCBQ.</text></s> <s sid="169"><CoreSc1 atype="GSC" type="Con" conceptID="Con11" novelty="None" advantage="None"/><text>This, together with a linear relationship of the magnitude of the reductive peak with scan rate, suggests that the radical anion TCBQ<SP>−</SP>˙ dissolves out of the surface confined organic droplet phase.</text></s></P><P><s sid="170"><CoreSc1 atype="GSC" type="Obs" conceptID="Obs23" novelty="None" advantage="None"/><text>However, as shown in Fig. 9, by increasing the concentration of protons in the aqueous phase, the reduction of TCBQ occurs at less negative potentials (the observed reductive peak potential were +0.042 V at pH 7 and +0.173 V at pH 4, respectively).</text></s> <s sid="171"><CoreSc1 atype="GSC" type="Res" conceptID="Res19" novelty="None" advantage="None"/><text>A closer examination of this figure also reveals that, in the presence of a high proton concentration, the voltammetry is qualitatively different form that observed in the absence of protons.</text></s> <s sid="172"><CoreSc1 atype="GSC" type="Res" conceptID="Res19" novelty="None" advantage="None"/><text>At lower pH values the signal shape is more symmetric and the re-oxidative peak current is of the same magnitude of the forward going reductive peak current.</text></s></P><P><s sid="173"><CoreSc1 atype="GSC" type="Bac" conceptID="Bac21" novelty="None" advantage="None"/><text>This pH dependence can be rationalised considering that protons are positively-charged species that are able to move into the oil phase to neutralised any negative charge that develops during the reduction of TCBQ.</text></s> <s sid="174"><CoreSc1 atype="GSC" type="Bac" conceptID="Bac22" novelty="None" advantage="None"/><text>The liquid|liquid protonation process is well-documented in the literature<REF TYPE="P" ID="cit11 cit25">11,25</REF> and protons are perhaps the most common type of electrolyte ions partitioning into an organic phase from an aqueous phase.</text></s> <s sid="175"><CoreSc1 atype="GSC" type="Bac" conceptID="Bac23" novelty="None" advantage="None"/><text>The sensitivity of quinone species to protons is also well-know.<REF TYPE="P" ID="cit45 cit46">45,46</REF></text></s> <s sid="176"><CoreSc1 atype="GSC" type="Con" conceptID="Con12" novelty="None" advantage="None"/><text>Thus, we might write for the reductive peak observed:TCBQ(oil) + <IT>m</IT>H<SP>+</SP>(aq) + <IT>n</IT>e<SP>−</SP> → [TCBQ<SP><IT>n</IT>−</SP>H<SB><IT>m</IT></SB><SP>+</SP>](oil)We can then apply the Nernst equation to the proton insertion process described above in eqn. (7):The identity of the [TCBQ<SP><IT>n</IT>−</SP>H<SB><IT>m</IT></SB><SP>+</SP>](oil) species could, in principle, be inferred by the analysis of the variation of the reduction peak potential <IT>E</IT><SB>p</SB><SP>r</SP> with proton concentration together with the quantification of the amount of charge passed during the reductive process which should yield <IT>n</IT> for the process given in eqn. (7).</text></s> <s sid="177"><CoreSc1 atype="GSC" type="Res" conceptID="Res20" novelty="None" advantage="None"/><text>In the range 4 ≤ pH ≤ 7, <IT>E</IT><SB>p</SB><SP>r</SP> for the single reductive peak observed varies as 51 mV per decadic change in proton concentration, indicative (within the experimental error resulting from the analysis of distorted voltammograms associated with the resistive nature of the droplets) of <IT>m</IT> = <IT>n</IT> in the process given in (7).</text></s> <s sid="178"><CoreSc1 atype="GSC" type="Obs" conceptID="Obs24" novelty="None" advantage="None"/><text>Monitoring of the charge passed at low scan rate (0.01 V s<SP>−1</SP>) yields values of <IT>n</IT> = 1.2 ± 0.2 at pH 4 and <IT>n</IT> = 1.15 ± 0.2 at pH 7.</text></s> <s sid="179"><CoreSc1 atype="GSC" type="Obs" conceptID="Obs25" novelty="None" advantage="None"/><text>However, this data should be treated with caution as second scans on the same electrode reveals that exhaustive electrolysis did not occur at either pH 7 or pH 4, under these conditions.</text></s></P><P><s sid="180"><CoreSc1 atype="GSC" type="Bac" conceptID="Bac24" novelty="None" advantage="None"/><text>A quantitative analysis of this data is further complicated because of difference in the composition of the liquid|liquid interface determined by different identity and concentration of anions present in each different buffer solutions.</text></s> <s sid="181"><CoreSc1 atype="GSC" type="Bac" conceptID="Bac25" novelty="None" advantage="None"/><text>Moreover, reactions between the semiquinone and the dianion of various quinone derivatives are well known<REF TYPE="P" ID="cit46">46</REF> and thus, a cascade of follow-up chemistry via protonation can be anticipated.</text></s> <s sid="182"><CoreSc1 atype="GSC" type="Res" conceptID="Res21" novelty="None" advantage="None"/><text>Nevertheless, the present results are qualitatively not inconsistent with either the transfer of one proton to the oil phase to protonate the electrogenerated radical anion TCBQ<SP>−</SP>˙ (and produce a neutral free radical anion TCBQH<SP>˙</SP>) or, more likely, the transfer of two protons and a two–electron reduction of TCBQ to the hydroquinone structure TCBQH<SB>2</SB>.</text></s></P><P><s sid="183"><CoreSc1 atype="GSC" type="Con" conceptID="Con1" novelty="None" advantage="None"/><text>This field-induced proton migration into and across the oil phase provides the ionic current required for the electron transfer to occur thereby ensuring electroneutrality within the microdroplets environment is maintained.</text></s></P><P><s sid="184"><CoreSc1 atype="GSC" type="Con" conceptID="Con4" novelty="None" advantage="None"/><text>The observed selectivity towards proton insertion as compared to alkali metal cation insertion discussed above is contrary to thermodynamic considerations for which the free energy of transfer across the BN|water interface is least favourable for protons.<REF TYPE="P" ID="cit40">40</REF></text></s> <s sid="185"><CoreSc1 atype="GSC" type="Con" conceptID="Con4" novelty="None" advantage="None"/><text>However, the higher efficiency of proton insertion, as compared with Group I cations insertion, reflects the basicity of the reduction products of TCBQ.</text></s> <s sid="186"><CoreSc1 atype="GSC" type="Con" conceptID="Con4" novelty="None" advantage="None"/><text>Thus the proton phase is induced by the formation of strong O–H bonds within the hydroquinone molecules.</text></s></P></DIV><DIV DEPTH="3"><HEADER HEADER_MARKER="3.2.4.">Voltammetry of purposely supported microdroplets of TCBQ deposited on a bppg electrode immersed in aqueous 0.1 M Y<SP>+</SP>Cl<SP>−</SP> (Y = Li<SP>+</SP>, TPeA<SP>+</SP> or TBuA<SP>+</SP>)</HEADER><P><s sid="187"><CoreSc1 atype="GSC" type="Bac" conceptID="Bac26" novelty="None" advantage="None"/><text>Having assessed the properties of unsupported TCBQ microdroplets, we now discuss the behaviour of microdroplets made conductive by addition of a hydrophobic, nonpartitioning supporting electrolyte such as TBuAP dissolved in the oil phase.</text></s> <s sid="188"><CoreSc1 atype="GSC" type="Hyp" conceptID="Hyp2" novelty="None" advantage="None"/><text>As the microdroplets are now supported, electron transfer may occur within the microdroplets or at the liquid|liquid interface.</text></s></P><P><s sid="189"><CoreSc1 atype="GSC" type="Goa" conceptID="Goa4" novelty="None" advantage="None"/><text>We have studied the voltammetric characteristics of supported (with TBuAP) droplets of TCBQ immobilised on the bppg electrode immersed in three different aqueous chloride solutions containing the non-inserting cation Li<SP>+</SP> or the inserting TBuA<SP>+</SP> and TPeA<SP>+</SP>.</text></s></P><P><s sid="190"><CoreSc1 atype="GSC" type="Goa" conceptID="Goa4" novelty="None" advantage="None"/><text>We first examined the effect of the presence of TBuAP dissolved in the oil phase microdroplets on the reduction of 1 nmole TCBQ immobilised at a bppg electrode immersed in aqueous 0.1 M LiCl.</text></s> <s sid="191"><CoreSc1 atype="GSC" type="Obs" conceptID="Obs26" novelty="None" advantage="None"/><text>Shown in Fig. 10a is the effect of increasing the concentration of TBuAP in the oil phase (from 0 to 2 M) on the response of TCBQ microdroplets in 0.1 M LiCl solutions at 0.05 V s<SP>−1</SP>.</text></s> <s sid="192"><CoreSc1 atype="GSC" type="Obs" conceptID="Obs26" novelty="None" advantage="None"/><text>It can be seen that the presence of a supporting electrolyte within the oil deposit has a profound effect on the resulting voltammetry of TCBQ.</text></s> <s sid="193"><CoreSc1 atype="GSC" type="Obs" conceptID="Obs27" novelty="None" advantage="None"/><text>The current|voltage profiles are now characterised by two reductive peaks (as opposed to the single reductive peak observed in the case of unsupported droplets) and two small corresponding oxidative back peaks.</text></s> <s sid="194"><CoreSc1 atype="GSC" type="Obs" conceptID="Obs27" novelty="None" advantage="None"/><text>Furthermore, as the TBuAP concentration increases, the first reductive peak shifts versus less negative potential meanwhile the second reductive peak shifts versus more negative potential so that the potential separation between the two reductive peaks increases as the droplets are made more and more conductive.</text></s></P><P><s sid="195"><CoreSc1 atype="GSC" type="Obs" conceptID="Obs28" novelty="None" advantage="None"/><text>Voltammograms were also recorded for the supported droplets (with 2 M TBuAP) when the potential was reversed after the first reductive process (Fig. 10b).</text></s> <s sid="196"><CoreSc1 atype="GSC" type="Res" conceptID="Res22" novelty="None" advantage="None"/><text>In this case, the ratio of anodic to cathodic peak current was found to be ≈1 and the signal was found to decrease only slightly upon continual redox cycling.</text></s> <s sid="197"><CoreSc1 atype="GSC" type="Res" conceptID="Res23" novelty="None" advantage="None"/><text>Furthermore, a scan rate dependence study reveals that the first cathodic peak scales linearly with the scan rate and the peak-to-peak separation relative to the first reductive wave increases with scan rate, from 20 mV at 0.05 V s<SP>−1</SP> to 200 mV at 1 V s<SP>−1</SP>.</text></s> <s sid="198"><CoreSc1 atype="GSC" type="Res" conceptID="Res23" novelty="None" advantage="None"/><text>Hence, the two reductive peaks can be attributed to the reduction of TCBQ to the radical anion TCBQ<SP>−</SP>˙ and to the dianion TCBQ<SP>2−</SP>, respectively, as observed in homogeneous solution of BN (<IT>vide supra</IT>).</text></s></P><P><s sid="199"><CoreSc1 atype="GSC" type="Goa" conceptID="Goa4" novelty="None" advantage="None"/><text>Next we examine the electrochemical behaviour of supported TCBQ microdroplets immersed in an aqueous solution containing 0.1 M TPeACl.</text></s> <s sid="200"><CoreSc1 atype="GSC" type="Obs" conceptID="Obs29" novelty="None" advantage="None"/><text>Overlaid in Fig. 11 are the responses obtained in the absence and in the presence of 2 M TBuAP in the oil phase.</text></s> <s sid="201"><CoreSc1 atype="GSC" type="Obs" conceptID="Obs29" novelty="None" advantage="None"/><text>No substantial change in the peaks appearance or in the peak shape is observed.</text></s> <s sid="202"><CoreSc1 atype="GSC" type="Res" conceptID="Res24" novelty="None" advantage="None"/><text>Hence, addition of a nonpartitioning hydrophobic electrolyte such at TBuAP to the oil phase causes no change in the reduction of the immobilised microdroplets of TCBQ when 0.1M TPeACl is dissolved in the aqueous phase.</text></s> <s sid="203"><CoreSc1 atype="GSC" type="Res" conceptID="Res25" novelty="None" advantage="None"/><text>Thus, it can be inferred that the insertion of the TPeA<SP>+</SP> cation is unaffected by the addition of an electrolyte in the oil phase.</text></s></P><P><s sid="204"><CoreSc1 atype="GSC" type="Res" conceptID="Res26" novelty="None" advantage="None"/><text>However, when the supporting electrolyte dissolved in the aqueous phase still contains a more hydrophilic inserting cation than TPeA<SP>+</SP> the addition of a hydrophobic salt (<IT>i.e.</IT>, TBuAP) to the oil phase microdroplets results in an anomalous and more difficult to explain voltammetric behaviour.</text></s> <s sid="205"><CoreSc1 atype="GSC" type="Obs" conceptID="Obs30" novelty="None" advantage="None"/><text>In Fig. 12a, 12b and 12c are overlaid the first four current|voltage profiles obtained for the reduction of TCBQ microdroplets immersed in 0.1 M TBuACl in the absence and in the presence of 0.1, 1 and 2 M TBuAP, respectively, in the oil phase.</text></s> <s sid="206"><CoreSc1 atype="GSC" type="Obs" conceptID="Obs30" novelty="None" advantage="None"/><text>It can be seen that, as the TBuAP concentration in the oil phase increases, the reductive peak moves versus more negative potential and the anodic counterpart of the voltammograms is almost lost as the droplets are made more conductive.</text></s> <s sid="207"><CoreSc1 atype="GSC" type="Obs" conceptID="Obs30" novelty="None" advantage="None"/><text>The response from the TCBQ/TCBQ<SP>−</SP>˙ couple is stable upon continual potential cycling.</text></s> <s sid="208"><CoreSc1 atype="GSC" type="Res" conceptID="Res27" novelty="None" advantage="None"/><text>The fact that it is more difficult to reduce TCBQ as the resistance within the droplets decreases, is, at first, surprising.</text></s> <s sid="209"><CoreSc1 atype="GSC" type="Con" conceptID="Con13" novelty="None" advantage="None"/><text>However, this might be explained considering that the reduction of TCBQ occurs upon TBuA<SP>+</SP> insertion, the latter being more and more difficult process to occur as the TBuAP concentration in the oil phase is increased.</text></s> <s sid="210"><CoreSc1 atype="GSC" type="Con" conceptID="Con13" novelty="None" advantage="None"/><text>Alternatively, it might be suggested the electroneutrality within the oil deposit is maintained by expulsion of the perchlorate anion into the aqueous phase.</text></s> <s sid="211"><CoreSc1 atype="GSC" type="Con" conceptID="Con13" novelty="None" advantage="None"/><text>The fact that perchlorate anion is toward the hydrophobic end of the Hofmeister scale, might account for the observed stretched voltammograms (<IT>i.e.</IT>, perchlorate anion must be “dragged” out of the oil phase into the aqueous phase).</text></s></P></DIV></DIV></DIV><DIV DEPTH="1"><HEADER HEADER_MARKER="4.">Conclusions</HEADER><P><s sid="212"><CoreSc1 atype="GSC" type="Con" conceptID="Con1" novelty="None" advantage="None"/><text>The method of immobilising microdroplets of TCBQ on the surface of a bppg electrode and then investigating the electrochemical reduction when the electrode is placed in aqueous electrolyte solutions has given new insights into the redox chemistry of TCBQ because, in contrast to the case of its reduction in homogeneous media, the redox conversion of TCBQ in the form of microdroplets requires the uptake or expulsion of ions dictated by the requirements of electroneutrality.</text></s> <s sid="213"><CoreSc1 atype="GSC" type="Bac" conceptID="Bac27" novelty="None" advantage="None"/><text>Hence, this study has provided new data on the nature of the processes occurring at the liquid|liquid interface involved in the reduction of microdroplets containing dissolved TCBQ.</text></s></P><P><s sid="214"><CoreSc1 atype="GSC" type="Con" conceptID="Con2" novelty="None" advantage="None"/><text>The variety of experimental data collected reveals that the response changes depending on the identity and concentration of the cation dissolved in the aqueous phase.</text></s> <s sid="215"><CoreSc1 atype="GSC" type="Con" conceptID="Con2" novelty="None" advantage="None"/><text>Upon reduction, the electroneutrality within the microdroplet environment, was shown to be preserved by the occurrence of two different type of charge neutralisation processes depending on the hydrophilicity of the cation in the aqueous phase: cation electroinsertion (for the large organic cations TBuA<SP>+</SP> and TPeA<SP>+</SP>) or electrogenerated-anion expulsion (for the hydrophilic alkali metal cations).</text></s></P><P><s sid="216"><CoreSc1 atype="GSC" type="Con" conceptID="Con14" novelty="None" advantage="None"/><text>Finally, the large shift versus less negative reductive potential observed in acidic media was explained in terms of the basicity of the reduction products of TCBQ and it showed that cross-phase proton transfer can control the potential where Faradaic processes take place.</text></s></P></DIV></BODY></PAPER>