<?xml version="1.0" encoding="UTF-8"?>
<!DOCTYPE PAPER
  SYSTEM "paper-structure-annotation.dtd">
<PAPER><mode2 name="b406562j" hasDoc="yes" version="1168"/><TITLE><s sid="1"><CoreSc1 atype="GSC" type="Obj" conceptID="Obj1" novelty="New" advantage="None"/><text>The importance of being tetrahedral: the cadmium pyramids Cd<SB><IT>N</IT></SB>; <IT>N</IT> = 4, 10, 20, 35 and 56<XREF TYPE="FOOTNOTE_MARKER" ID="fn1"/></text></s></TITLE><ABSTRACT><s sid="2"><CoreSc1 atype="GSC" type="Con" conceptID="Con1" novelty="None" advantage="None"/><text>Using quasirelativistic density functional theory, we show the surprising stability of the tetrahedral cadmium pyramids Cd<SB>4,</SB> Cd<SB>10</SB>, Cd<SB>20</SB>, Cd<SB>35</SB> and Cd<SB>56</SB>.</text></s></ABSTRACT><BODY><DIV DEPTH="1"><HEADER/><P><s sid="3"><CoreSc1 atype="GSC" type="Bac" conceptID="Bac1" novelty="None" advantage="None"/><text>While gold clusters Au<SB><IT>N</IT></SB>, up to <IT>N</IT> = 13 appear to be planar,<REF TYPE="P" ID="cit1">1</REF> and those with <IT>N</IT> up to 19 have low-symmetry three-dimensional structures, Au<SB>20</SB> was recently found to be tetrahedral.<REF TYPE="P" ID="cit2">2</REF></text></s> <s sid="4"><CoreSc1 atype="GSC" type="Bac" conceptID="Bac2" novelty="None" advantage="None"/><text>Actually, 20 is one of the “magic numbers” 8, 20, 40, 70 and 112 for electrons in a tetrahedron,<REF TYPE="P" ID="cit3">3</REF> stabilised by both electronic and atomic shell structure.</text></s> <s sid="5"><CoreSc1 atype="GSC" type="Bac" conceptID="Bac3" novelty="None" advantage="None"/><text>For the divalent Group-12 elements Zn and Cd, with two valence electrons per atom, anomalously strong abundance peaks are found for clusters of 6, 10, 18, 20, 28, 30, 32, 35, 40, 41, 46, 54, 57, 60 and 69 atoms.<REF TYPE="P" ID="cit4 cit5">4,5</REF></text></s> <s sid="6"><CoreSc1 atype="GSC" type="Bac" conceptID="Bac4" novelty="None" advantage="None"/><text>The peaks for Cd<SB><IT>N</IT></SB> with <IT>N</IT> = 10, 20 and 35 are very pronounced.</text></s> <s sid="7"><CoreSc1 atype="GSC" type="Obj" conceptID="Obj2" novelty="New" advantage="None"/><text>While other than tetrahedral magic numbers occur, we here study the question whether the systems with the tetrahedral magic numbers are actually tetrahedral.</text></s></P><P><s sid="8"><CoreSc1 atype="GSC" type="Bac" conceptID="Bac5" novelty="None" advantage="None"/><text>Strong alternative possibilities are amorphous or low-symmetry structures, which, using interatomic model potentials, have been found to be highly favoured by especially Au, Zn and Cd clusters.<REF TYPE="P" ID="cit6 cit7 cit8">6–8</REF></text></s> <s sid="9"><CoreSc1 atype="GSC" type="Bac" conceptID="Bac6" novelty="None" advantage="None"/><text>In an extensive pair-potential study of Zn and Cd clusters of up to 125 atoms, Doye<REF TYPE="P" ID="cit8">8</REF> found that only Zn<SB>4</SB> and Cd<SB>4</SB> possessed tetrahedral symmetry.</text></s> <s sid="10"><CoreSc1 atype="GSC" type="Bac" conceptID="Bac7" novelty="None" advantage="None"/><text>All the other potentially tetrahedral pyramids M<SB><IT>N</IT></SB>; <IT>N</IT> = 10, 20, 35, 56, 84 and 120, were assigned low or no-symmetry global minima.</text></s> <s sid="11"><CoreSc1 atype="GSC" type="Bac" conceptID="Bac8" novelty="None" advantage="None"/><text>As noted by Doye,<REF TYPE="P" ID="cit8">8</REF> the pair-potential used, being fitted to the bulk metal, is not expected to be optimal for small cluster sizes.</text></s></P><P><s sid="12"><CoreSc1 atype="GSC" type="Obj" conceptID="Obj3" novelty="New" advantage="None"/><text>Here we present a reinvestigation of the smallest zinc and cadmium pyramids, using rigorous quantum chemical methodology.</text></s> <s sid="13"><CoreSc1 atype="GSC" type="Met" conceptID="Met1" novelty="Old" advantage="None"/><text>The calculations were performed with the Turbomole program package, version 56<REF TYPE="P" ID="cit9">9</REF>. at the density functional theory (DFT) level, using the non-empirical PBE functional.<REF TYPE="P" ID="cit10">10</REF></text></s> <s sid="14"><CoreSc1 atype="GSC" type="Mod" conceptID="Mod1" novelty="None" advantage="None"/><text>We used Turbomole’s standard triple-zeta quality basis sets including an f-polarization function, TZVPP, and the resolution of the identity density-fitting approximation.<REF TYPE="P" ID="cit11">11</REF></text></s> <s sid="15"><CoreSc1 atype="GSC" type="Mod" conceptID="Mod2" novelty="None" advantage="None"/><text>The Stuttgart effective core potential<REF TYPE="P" ID="cit12">12</REF> modelled the scalar relativistic effects of cadmium.</text></s></P><P><s sid="16"><CoreSc1 atype="GSC" type="Met" conceptID="Met2" novelty="Old" advantage="None"/><text>To study the stability of the pyramids, we first optimised the molecular structures of the species using <IT>T</IT><SB>d</SB> symmetry.</text></s> <s sid="17"><CoreSc1 atype="GSC" type="Obs" conceptID="Obs1" novelty="None" advantage="None"/><text>The structures of the optimised Cd-pyramids are shown in Fig. 1.</text></s> <s sid="18"><CoreSc1 atype="GSC" type="Met" conceptID="Met3" novelty="Old" advantage="None"/><text>After optimisation, a frequency analysis was carried out to ensure a local minimum on the potential energy surface (PES).</text></s> <s sid="19"><CoreSc1 atype="GSC" type="Obs" conceptID="Obs2" novelty="None" advantage="None"/><text>Some calculated properties are tabulated in Table 1.</text></s> <s sid="20"><CoreSc1 atype="GSC" type="Res" conceptID="Res1" novelty="None" advantage="None"/><text>It can be seen that both zinc and cadmium clusters exhibit clear trends for most of the properties presented.</text></s> <s sid="21"><CoreSc1 atype="GSC" type="Res" conceptID="Res2" novelty="None" advantage="None"/><text>The energy gap between the highest occupied molecular orbital (HOMO) and the lowest unoccupied molecular orbital (LUMO), an important stability factor, is, as expected, seen to decrease with increasing cluster size.</text></s> <s sid="22"><CoreSc1 atype="GSC" type="Res" conceptID="Res3" novelty="None" advantage="None"/><text>For the two smallest pyramids, Zn and Cd are seen to have similar gaps, but after that, the spacings between the frontier orbitals of the Cd pyramids are larger than those of the corresponding Zn species.</text></s> <s sid="23"><CoreSc1 atype="GSC" type="Res" conceptID="Res4" novelty="None" advantage="None"/><text>The pyramidal forms always have a larger gap than the lower symmetry isomers, this difference being larger for Cd.</text></s></P><P><s sid="24"><CoreSc1 atype="GSC" type="Mod" conceptID="Mod3" novelty="None" advantage="None"/><text>The reasonable HOMO–LUMO gap of especially the smaller cluster sizes does not of course mean that they are energetically the most favourable structures.</text></s> <s sid="25"><CoreSc1 atype="GSC" type="Res" conceptID="Res5" novelty="None" advantage="None"/><text>For comparison, we also reoptimised the structures of <REF TYPE="P" ID="cit8">ref. 8</REF><SUP TYPE="FOOTNOTE_MARKER" ID="fn2"/> at DFT level, imposing the suggested symmetry.</text></s> <s sid="26"><CoreSc1 atype="GSC" type="Obs" conceptID="Obs3" novelty="None" advantage="None"/><text>The energy difference between the <IT>T</IT><SB>d</SB> symmetric isomers and the more disordered isomers is denoted by Δ<IT>E</IT><SB>Gupta</SB> in Table 1.</text></s> <s sid="27"><CoreSc1 atype="GSC" type="Res" conceptID="Res6" novelty="None" advantage="None"/><text>The energy order of the Zn clusters is as expected and predicted before; the tetrahedra lie higher in energy for <IT>N</IT> &gt; 4 and the energy difference increases with cluster size.</text></s> <s sid="28"><CoreSc1 atype="GSC" type="Res" conceptID="Res7" novelty="None" advantage="None"/><text>The cadmium clusters, on the other hand, show a markedly different behaviour.</text></s> <s sid="29"><CoreSc1 atype="GSC" type="Res" conceptID="Res8" novelty="None" advantage="None"/><text>For Cd, the tetrahedra are favoured over the low-symmetry alternatives for Cd<SB>10</SB> and Cd<SB>20</SB>.</text></s> <s sid="30"><CoreSc1 atype="GSC" type="Bac" conceptID="Bac9" novelty="None" advantage="None"/><text>Furthermore; the <IT>T</IT><SB>d</SB>-structures of Cd<SB>35</SB> and Cd<SB>56</SB> are only moderately destabilised with respect to the disordered structures of .<REF TYPE="P" ID="cit8">ref. 8</REF></text></s> <s sid="31"><CoreSc1 atype="GSC" type="Met" conceptID="Met4" novelty="Old" advantage="None"/><text>To further establish the stability of the pyramidal Cd<SB>10</SB> and Cd<SB>20</SB>, the low-symmetry isomers were allowed to relax to even lower symmetry.</text></s> <s sid="32"><CoreSc1 atype="GSC" type="Res" conceptID="Res9" novelty="None" advantage="None"/><text>For Cd<SB>10</SB>, this led to a change to <IT>C</IT><SB>3v</SB>-symmetry and a stabilisation of the higher-lying, low-symmetry conformer by 7 kJ mol<SP>−1</SP>.</text></s> <s sid="33"><CoreSc1 atype="GSC" type="Res" conceptID="Res10" novelty="None" advantage="None"/><text>The symmetry of Cd<SB>20</SB> was lowered to <IT>C</IT><SB>s</SB> and the energy difference fell by 16 kJ mol<SP>−1</SP>, from 50 kJ mol<SP>−1</SP> to 34 kJ mol<SP>−1</SP>.</text></s></P><P><s sid="34"><CoreSc1 atype="GSC" type="Res" conceptID="Res11" novelty="None" advantage="None"/><text>The cadmium pyramids have large planar surfaces.</text></s> <s sid="35"><CoreSc1 atype="GSC" type="Hyp" conceptID="Hyp1" novelty="None" advantage="None"/><text>As the surface atoms have fewer bonding partners than atoms in a more contracted, amorphous structure, higher energies could be expected.</text></s> <s sid="36"><CoreSc1 atype="GSC" type="Bac" conceptID="Bac10" novelty="None" advantage="None"/><text>On the other hand, in solid Zn and Cd, the <IT>c</IT>/<IT>a</IT> ratio is anomalously large.</text></s> <s sid="37"><CoreSc1 atype="GSC" type="Mot" conceptID="Mot1" novelty="None" advantage="None"/><text>The ultimate reason for this trend does not seem to be well established.</text></s> <s sid="38"><CoreSc1 atype="GSC" type="Bac" conceptID="Bac11" novelty="None" advantage="None"/><text>A given atom prefers to have six nearest neighbours in a hexagonal lattice, and six others, further away in the two neighbouring planes.</text></s> <s sid="39"><CoreSc1 atype="GSC" type="Res" conceptID="Res12" novelty="None" advantage="None"/><text>As seen from Fig. 1, this is exactly what the present tetrahedra strive to do, visibly buckling outwards.</text></s> <s sid="40"><CoreSc1 atype="GSC" type="Bac" conceptID="Bac12" novelty="None" advantage="None"/><text>Also, as noted before,<REF TYPE="P" ID="cit8">8</REF> in order to increase their coordination number, the surface atoms tend to contract their bond lengths.</text></s> <s sid="41"><CoreSc1 atype="GSC" type="Res" conceptID="Res13" novelty="None" advantage="None"/><text>The shortest bonds in the pyramids are indeed found between surface atoms, the bond length systematically decreasing with pyramid size, as seen in Table 1.</text></s></P><P><s sid="42"><CoreSc1 atype="GSC" type="Mot" conceptID="Mot2" novelty="None" advantage="None"/><text>Especially striking is the stability of the tetrahedral Cd<SB>20</SB>.</text></s> <s sid="43"><CoreSc1 atype="GSC" type="Res" conceptID="Res14" novelty="None" advantage="None"/><text>Here we have to point out that no rigorous conformer search for Cd<SB>20</SB> has been performed, so only an upper limit for the energy difference between full and lesser order has been obtained.</text></s> <s sid="44"><CoreSc1 atype="GSC" type="Mod" conceptID="Mod4" novelty="None" advantage="None"/><text><IT>A priori</IT>, nothing prevents a conformer even lower in energy than the pyramid from existing.</text></s> <s sid="45"><CoreSc1 atype="GSC" type="Hyp" conceptID="Hyp2" novelty="None" advantage="None"/><text>We believe this to be unlikely, however, at least at the level of theory used in this work.</text></s> <s sid="46"><CoreSc1 atype="GSC" type="Bac" conceptID="Bac13" novelty="None" advantage="None"/><text>Comparing Cd<SB>20</SB> with the Au<SB>20</SB> cluster of Li <IT>et al</IT><REF TYPE="P" ID="cit2">2</REF>. reveals many similarities; the most stable structure of both seems to be a tetrahedral pyramid, they both fulfil a “magic number” electron-shell closing rule for their suggested potentials, their HOMO–LUMO gap is nearly identical and both have previously been assigned disordered minima.</text></s></P><P><s sid="47"><CoreSc1 atype="GSC" type="Mot" conceptID="Mot3" novelty="None" advantage="None"/><text>Why are the small Cd pyramids so stable?</text></s> <s sid="48"><CoreSc1 atype="GSC" type="Bac" conceptID="Bac14" novelty="None" advantage="None"/><text>The stability goes against the paradigm of Soler <IT>et al</IT>.,<REF TYPE="P" ID="cit6">6</REF> stating that the tendency for amorphisation should increase downwards (and to the right) in the periodic table.</text></s> <s sid="49"><CoreSc1 atype="GSC" type="Mod" conceptID="Mod5" novelty="None" advantage="None"/><text>One difference between Zn and Cd is that relativistic effects are more important for cadmium.</text></s> <s sid="50"><CoreSc1 atype="GSC" type="Met" conceptID="Met5" novelty="Old" advantage="None"/><text>To check this, we performed a single point all-electron,<SUP TYPE="FOOTNOTE_MARKER" ID="fn3"/> non-relativistic calculation on Cd<SB>20</SB>, using the relativistic structures.</text></s> <s sid="51"><CoreSc1 atype="GSC" type="Res" conceptID="Res15" novelty="None" advantage="None"/><text>With relativistic effects omitted, the energy difference in favour of the pyramidal form decreases from 34 kJ mol<SP>−1</SP> to only 10 kJ mol<SP>−1</SP>.</text></s> <s sid="52"><CoreSc1 atype="GSC" type="Res" conceptID="Res16" novelty="None" advantage="None"/><text>This finding is similar to what has been noted for gold clusters.</text></s> <s sid="53"><CoreSc1 atype="GSC" type="Bac" conceptID="Bac15" novelty="None" advantage="None"/><text>For gold, relativistic effects stabilise planar structures over 3D ones.<REF TYPE="P" ID="cit13 cit14">13,14</REF></text></s> <s sid="54"><CoreSc1 atype="GSC" type="Bac" conceptID="Bac16" novelty="None" advantage="None"/><text>The bond lengths seem to be indifferent to the inclusion of relativistic effects.</text></s> <s sid="55"><CoreSc1 atype="GSC" type="Res" conceptID="Res17" novelty="None" advantage="None"/><text>The bonds of the all-electron structure of <IT>T</IT><SB>d</SB>-Cd<SB>20</SB> are slightly shorter, but the difference is less than 1 pm.</text></s></P><P><s sid="56"><CoreSc1 atype="GSC" type="Hyp" conceptID="Hyp3" novelty="None" advantage="None"/><text>In any case, the underlying reason for the stability of the Cd pyramids has to be a many-body effect, not accounted for by empirical potentials.</text></s> <s sid="57"><CoreSc1 atype="GSC" type="Hyp" conceptID="Hyp4" novelty="None" advantage="None"/><text>One possibly decisive effect is the nonmetal to metal transition threshold.</text></s> <s sid="58"><CoreSc1 atype="GSC" type="Bac" conceptID="Bac17" novelty="None" advantage="None"/><text>Zn clusters have been found to show stronger metallicity than Cd clusters,<REF TYPE="P" ID="cit15">15</REF> which again turn metallic at smaller <IT>N</IT> than Hg clusters.</text></s> <s sid="59"><CoreSc1 atype="GSC" type="Bac" conceptID="Bac18" novelty="None" advantage="None"/><text>In fact, the next pyramid in the Cd series, Cd<SB>84</SB>, is at least 126 kJ mol<SP>−1</SP> higher in energy than the no-symmetry isomer of .<REF TYPE="P" ID="cit8">ref. 8</REF></text></s> <s sid="60"><CoreSc1 atype="GSC" type="Res" conceptID="Res18" novelty="None" advantage="None"/><text>A transition from moderate to large energy difference between order and disorder is then seen between <IT>N</IT> = 10–20 and <IT>N</IT> = 56–84 for the Zn and Cd pyramids, respectively.</text></s> <s sid="61"><CoreSc1 atype="GSC" type="Obj" conceptID="Obj4" novelty="New" advantage="None"/><text>We also briefly considered the tetrahedral Hg<SB><IT>N</IT></SB> pyramids.</text></s> <s sid="62"><CoreSc1 atype="GSC" type="Res" conceptID="Res19" novelty="None" advantage="None"/><text>They have much longer bond lengths than the Cd pyramids, and are best characterized as van der Waals systems.</text></s></P><P><s sid="63"><CoreSc1 atype="GSC" type="Mot" conceptID="Mot4" novelty="None" advantage="None"/><text>A further point is thermal accessibility.</text></s> <s sid="64"><CoreSc1 atype="GSC" type="Res" conceptID="Res20" novelty="None" advantage="None"/><text>For <IT>N</IT> = 56, the energy difference of 28 kJ mol<SP>−1</SP> corresponds to a mean vibrational energy 3(<IT>N</IT> − 6)<IT>kT</IT>/2 or 0.37 kJ mol<SP>−1</SP> mode<SP>−1</SP>, or a temperature of 45 K. Thus, at higher temperatures, both forms may be accessible.</text></s> <s sid="65"><CoreSc1 atype="GSC" type="Res" conceptID="Res21" novelty="None" advantage="None"/><text>This of course also applies in the cases where the pyramidal forms are more stable.</text></s> <s sid="66"><CoreSc1 atype="GSC" type="Mod" conceptID="Mod6" novelty="None" advantage="None"/><text>If the low-symmetry structures have higher entropies than the tetrahedral ones, they will be favoured further at finite temperatures by their free energy <IT>G</IT> = <IT>H</IT> − <IT>TS</IT>.</text></s></P><P><s sid="67"><CoreSc1 atype="GSC" type="Con" conceptID="Con2" novelty="None" advantage="None"/><text>Concluding, we find that the Cd<SB><IT>N</IT></SB> clusters with <IT>N</IT> = 4, 10 and 20 indeed seem to prefer tetrahedral symmetries, while those with <IT>N</IT> = 35 and 56 have low-lying tetrahedral minima, only slightly above the alternatives.</text></s> <s sid="68"><CoreSc1 atype="GSC" type="Con" conceptID="Con3" novelty="None" advantage="None"/><text>The ultimate driving force behind this remains unknown but could be related to the structure of the bulk metal, whose lattice parameters <IT>a</IT> resemble the present surface bond lengths.</text></s> <s sid="69"><CoreSc1 atype="GSC" type="Res" conceptID="Res22" novelty="None" advantage="None"/><text>Among the numerous disordered Cd clusters, it is pleasing to find these beautiful exceptions.</text></s> <s sid="70"><CoreSc1 atype="GSC" type="Con" conceptID="Con4" novelty="None" advantage="None"/><text>We duly note, however, that an exhaustive scan of the potential energy surface has not been performed; at present, this is still computationally unfeasible.</text></s></P></DIV></BODY></PAPER>