<?xml version="1.0" encoding="UTF-8"?>
<!DOCTYPE PAPER
  SYSTEM "paper-structure-annotation.dtd">
<PAPER><mode2 name="b407371c" hasDoc="yes" version="1153"/><TITLE><s sid="1"><CoreSc1 atype="GSC" type="Goa" conceptID="Goa1" novelty="None" advantage="None"/><text>Simulation of the growth and differentiation of stem cells on a heterogeneous scaffold</text></s></TITLE><ABSTRACT><s sid="2"><CoreSc1 atype="GSC" type="Goa" conceptID="Goa1" novelty="None" advantage="None"/><text>We present Monte Carlo simulations illustrating that scaffolds with specially designed heterogeneities can be used as a tool for governing the growth and differentiation of stem cells.</text></s> <s sid="3"><CoreSc1 atype="GSC" type="Con" conceptID="Con1" novelty="None" advantage="None"/><text>This tool is predicted to be efficient provided that the size of the heterogeneities exceeds (but not appreciably) the cellular size and the rate of cell diffusion is relatively fast compared to that of cell division.</text></s></ABSTRACT><BODY><DIV DEPTH="1"><HEADER HEADER_MARKER="1.">Introduction</HEADER><P><s sid="4"><CoreSc1 atype="GSC" type="Bac" conceptID="Bac1" novelty="None" advantage="None"/><text>Depending on the source, stem cells have the potential to form one, many or all cell types of an organism (the diversity and abilities to evolve in different directions decrease from embryonic stem cells to “adult” stem cells) and accordingly can in principle be employed to build blocks for every tissue we comprise.<REF TYPE="P" ID="cit1">1</REF></text></s> <s sid="5"><CoreSc1 atype="GSC" type="Mot" conceptID="Mot1" novelty="None" advantage="None"/><text>Using this potential and bringing stem-cell therapies to the clinic demand a better understanding of the factors that maintain cells in a multipotent state or drive them to create differentiated cells.<REF TYPE="P" ID="cit1 cit2">1,2</REF></text></s> <s sid="6"><CoreSc1 atype="GSC" type="Mot" conceptID="Mot1" novelty="None" advantage="None"/><text>Specifically, there is a need to improve the control of differentiation of cells and to promote desirable division <IT>via</IT> external signals, in order to reach suitable spatial cellular arrangements.<REF TYPE="P" ID="cit2 cit3 cit4">2–4</REF></text></s> <s sid="7"><CoreSc1 atype="GSC" type="Mot" conceptID="Mot2" novelty="None" advantage="None"/><text>An additional challenge is to extend and sophisticate the tools which can be employed to govern the tissue evolution.</text></s> <s sid="8"><CoreSc1 atype="GSC" type="Met" conceptID="Met1" novelty="Old" advantage="None"/><text>One of the opportunities here is to use specially designed heterogeneous scaffolds, on which the original cell culture(s) are deposited and eventually develop into a tissue<REF TYPE="P" ID="cit5">5</REF> (for other strategies, see, <IT>e.g.</IT>, <REF TYPE="P" ID="cit6">ref. 6</REF>).</text></s> <s sid="9"><CoreSc1 atype="GSC" type="Goa" conceptID="Goa1" novelty="None" advantage="None"/><text>To illustrate this concept, we present the first Monte Carlo (MC) simulations of the growth and differentiation of stem cells on a scaffold with μm-sized heterogeneities (such scaffolds can be fabricated by using, <IT>e.g.</IT>, various lithographic techniques; for recent examples of experimental studies of behaviour of cells on heterogeneous surfaces, see <REF TYPE="P" ID="cit7">ref. 7</REF>).</text></s></P><P><s sid="10"><CoreSc1 atype="GSC" type="Bac" conceptID="Bac2" novelty="None" advantage="None"/><text>Physically, the cellular growth is complicated by cell–cell adhesion resulting usually in aggregation of similar cells and/or segregation of different cells.</text></s> <s sid="11"><CoreSc1 atype="GSC" type="Mod" conceptID="Mod1" novelty="None" advantage="None"/><text>Such phenomena can be treated by using a lattice approximation.</text></s> <s sid="12"><CoreSc1 atype="GSC" type="Met" conceptID="Met2" novelty="Old" advantage="None"/><text>To our knowledge, the first lattice MC simulations of cell sorting were executed by Graner and Glazier.<REF TYPE="P" ID="cit8">8</REF></text></s> <s sid="13"><CoreSc1 atype="GSC" type="Met" conceptID="Met2" novelty="Old" advantage="None"/><text>At present, there are various versions of lattice MC models focused primarily on the 2D cell segregation and/or growth (see, <IT>e.g.</IT>, papers <REF TYPE="P" ID="cit9 cit10 cit11 cit12 cit13 cit14">refs. 9–14</REF> and references therein).</text></s> <s sid="14"><CoreSc1 atype="GSC" type="Met" conceptID="Met2" novelty="Old" advantage="None"/><text>In particular, the proliferation and differentiation of stem cells on an uniform surface was analysed in <REF TYPE="P" ID="cit13 cit14">refs. 13 and 14</REF>.</text></s> <s sid="15"><CoreSc1 atype="GSC" type="Goa" conceptID="Goa1" novelty="None" advantage="None"/><text>Our aim here is to simulate the evolution from a single stem cell into various cell types, on a heterogeneous surface, where the cell division/differentiation occurring according to certain rules is influenced by the surface.</text></s></P></DIV><DIV DEPTH="1"><HEADER HEADER_MARKER="2.">Model</HEADER><P><s sid="16"><CoreSc1 atype="GSC" type="Mod" conceptID="Mod1" novelty="None" advantage="None"/><text>In our present coarse-grained lattice model, cells are located on a 2D <IT>L</IT> × <IT>L</IT> square lattice.</text></s> <s sid="17"><CoreSc1 atype="GSC" type="Bac" conceptID="Bac3" novelty="None" advantage="None"/><text>(Alternatively, one could use, <IT>e.g.</IT>, a triangular lattice.</text></s> <s sid="18"><CoreSc1 atype="GSC" type="Mod" conceptID="Mod1" novelty="None" advantage="None"/><text>It would not change the conclusions, because the segregation and/or island-growth kinetics are not too sensitive to the type of a lattice.) Each lattice site is either vacant or occupied by one cell (for the multi-site models making it possible to mimic changes of the cell shape, see <REF TYPE="P" ID="cit8 cit11">refs. 8 and 11</REF>).</text></s> <s sid="19"><CoreSc1 atype="GSC" type="Mod" conceptID="Mod1" novelty="None" advantage="None"/><text>The symbol <IT>i</IT> (or <IT>j</IT>) indicating a cell type runs from 1 to 3.</text></s> <s sid="20"><CoreSc1 atype="GSC" type="Mod" conceptID="Mod1" novelty="None" advantage="None"/><text>Cells of type 1 are assumed to be totipotent (in our context, the terms “totipotent” and “pluripotent” are used interchangeably), <IT>i.e.</IT>, they are able to give rise to all cell types.</text></s> <s sid="21"><CoreSc1 atype="GSC" type="Mod" conceptID="Mod1" novelty="None" advantage="None"/><text>Cells of types 2 and 3 represent differentiated cells.</text></s> <s sid="22"><CoreSc1 atype="GSC" type="Mod" conceptID="Mod1" novelty="None" advantage="None"/><text>Specifically, the latter cells are considered to be able to produce only cells of its own kind (<IT>e.g.</IT>, the division of a cell of type 2 results in the formation of two cells of this type).</text></s></P><P><s sid="23"><CoreSc1 atype="GSC" type="Mod" conceptID="Mod2" novelty="None" advantage="None"/><text>The cell size is assumed to be slightly larger than the site size but smaller than the distance between the next-nearest-neighbour (nnn) sites.</text></s> <s sid="24"><CoreSc1 atype="GSC" type="Mod" conceptID="Mod2" novelty="None" advantage="None"/><text>With this prescription, the interactions between nearest-neighbour (nn) and nnn cells, <IT>ε</IT><SB><IT>ij</IT></SB><SP>nn</SP> and <IT>ε</IT><SB><IT>ij</IT></SB><SP>nnn</SP>, should be repulsive and attractive due to deformation and adhesion, respectively.</text></s> <s sid="25"><CoreSc1 atype="GSC" type="Mod" conceptID="Mod2" novelty="None" advantage="None"/><text>These interactions, introduced to take into account softness, deformation, and adhesion of cells, are of course “effective”.</text></s> <s sid="26"><CoreSc1 atype="GSC" type="Bac" conceptID="Bac4" novelty="None" advantage="None"/><text>(In reality, the cell adhesion may be related, <IT>e.g.</IT>, to interactions <IT>via</IT> membrane proteins.<REF TYPE="P" ID="cit15">15</REF></text></s> <s sid="27"><CoreSc1 atype="GSC" type="Bac" conceptID="Bac4" novelty="None" advantage="None"/><text>Explicit inclusion of such details is beyond our coarse-grained description.)</text></s></P><P><s sid="28"><CoreSc1 atype="GSC" type="Bac" conceptID="Bac5" novelty="None" advantage="None"/><text>Cell diffusion is a complex process including deformation of the cell shape.<REF TYPE="P" ID="cit16">16</REF></text></s> <s sid="29"><CoreSc1 atype="GSC" type="Mod" conceptID="Mod3" novelty="None" advantage="None"/><text>In our coarse-grained treatment, we skip the details and realize this process <IT>via</IT> cell jumps to vacant nn sites.</text></s> <s sid="30"><CoreSc1 atype="GSC" type="Mod" conceptID="Mod3" novelty="None" advantage="None"/><text>A jump is allowed provided that in the final state (after the jump) the cell has at least one contact with other cells, <IT>i.e.</IT>, after a jump at least one of the nn or nnn sites should be occupied (this condition is introduced in order to suppress rare events of escape of single cells from the central area where they are located; its role in the simulations is minor, because the probability of such events is low anyway).</text></s> <s sid="31"><CoreSc1 atype="GSC" type="Mod" conceptID="Mod3" novelty="None" advantage="None"/><text>The normalized jump probability is defined by the standard Metropolis rule.</text></s> <s sid="32"><CoreSc1 atype="GSC" type="Mod" conceptID="Mod3" novelty="None" advantage="None"/><text>In the case under consideration, the Metropolis algorithm is appropriate, because it correctly describes the tendency of cells to increase the number of adhesive contacts.</text></s> <s sid="33"><CoreSc1 atype="GSC" type="Mod" conceptID="Mod3" novelty="None" advantage="None"/><text>One should however bear in mind that in our context the thermal energy, <IT>k</IT><SB>B</SB><IT>T</IT>, used in the Metropolis rule, is effective as well as the cell–cell interactions (for this aspect of the simulations, see <REF TYPE="P" ID="cit10">ref. 10</REF>).</text></s></P><P><s sid="34"><CoreSc1 atype="GSC" type="Bac" conceptID="Bac6" novelty="None" advantage="None"/><text>The mechanism of cell division is governed by the spatial constraints and cell–cell signaling<REF TYPE="P" ID="cit17">17</REF> including messenger transport between cells, signal transmission <IT>via</IT> the cell membrane, gene regulation, <IT>etc</IT>.</text></s> <s sid="35"><CoreSc1 atype="GSC" type="Mod" conceptID="Mod4" novelty="None" advantage="None"/><text>In our model, this complex process is mimicked by introducing prescribed probabilities of cell division, which are different for different arrangements of cells and depend on the underlying surface to which the cells are attached.</text></s> <s sid="36"><CoreSc1 atype="GSC" type="Mod" conceptID="Mod4" novelty="None" advantage="None"/><text>In particular, the division of a given cell is allowed provided that (i) all the nn sites are vacant (the cells located in nn sites are deformed and accordingly the probability of their division is assumed to be negligibly small) and (ii) the newly-born cell has at least one nn vacant site.</text></s></P><P><s sid="37"><CoreSc1 atype="GSC" type="Bac" conceptID="Bac7" novelty="None" advantage="None"/><text>The signaling may occur <IT>via</IT> ligand diffusion between cells<REF TYPE="P" ID="cit18">18</REF> or <IT>via</IT> the so-called gap–junction communication.<REF TYPE="P" ID="cit19">19</REF></text></s> <s sid="38"><CoreSc1 atype="GSC" type="Bac" conceptID="Bac7" novelty="None" advantage="None"/><text>In the former case, the cells may be far from each other and the ligand concentration is usually fairly low.</text></s> <s sid="39"><CoreSc1 atype="GSC" type="Bac" conceptID="Bac7" novelty="None" advantage="None"/><text>In the latter case, the cells should be in close contact.</text></s> <s sid="40"><CoreSc1 atype="GSC" type="Bac" conceptID="Bac7" novelty="None" advantage="None"/><text>In open systems (<IT>e.g.</IT>, on surfaces), ligand diffusion away from cells may easily result in decrease of the ligand concentration and accordingly the role of the long-range signaling may be less significant.</text></s> <s sid="41"><CoreSc1 atype="GSC" type="Mod" conceptID="Mod5" novelty="None" advantage="None"/><text>In our present simulations, we take into account only short-range signaling in order to keep the model as simple as possible (in principle, the long-range signaling can be incorporated as well as described in <REF TYPE="P" ID="cit14">ref. 14</REF>, but this is beyond our present goals).</text></s> <s sid="42"><CoreSc1 atype="GSC" type="Mod" conceptID="Mod5" novelty="None" advantage="None"/><text>In particular, the range of cell–cell signaling is considered to be limited to next-nearest neighbours.</text></s> <s sid="43"><CoreSc1 atype="GSC" type="Mod" conceptID="Mod5" novelty="None" advantage="None"/><text>Thus, the division probability may depend on the occupation of nnn sites (nn sites are empty; see above).</text></s> <s sid="44"><CoreSc1 atype="GSC" type="Mod" conceptID="Mod5" novelty="None" advantage="None"/><text>This approximation is reasonable at the initial stages of cellular growth when the number of cells is not too large (at the later stages, the growth may be influenced by long-range inhibitory interactions among the cells<REF TYPE="P" ID="cit20">20</REF> and/or limitations in the supply of oxygen and nutrients<REF TYPE="P" ID="cit21">21</REF>).</text></s> <s sid="45"><CoreSc1 atype="GSC" type="Mod" conceptID="Mod5" novelty="None" advantage="None"/><text>Specifically, we use the simplest rules including spontaneous division of stem and differentiated cells and induced division of stem cells.</text></s> <s sid="46"><CoreSc1 atype="GSC" type="Mod" conceptID="Mod5" novelty="None" advantage="None"/><text>Spontaneous division of a cell of type <IT>i</IT>, occurring with probability <IT>p</IT><SB><IT>i</IT></SB><SP>sp</SP>, is considered to result in the formation of two cells of type <IT>i</IT>.</text></s> <s sid="47"><CoreSc1 atype="GSC" type="Bac" conceptID="Bac8" novelty="None" advantage="None"/><text>The rules for induced division of a stem cell, due to communication with adjacent cells, may be rather complex.</text></s> <s sid="48"><CoreSc1 atype="GSC" type="Mod" conceptID="Mod5" novelty="None" advantage="None"/><text>To be specific, we assume that division of a stem cell, related to communication with a nnn cell of type <IT>i</IT>, results in generation of an additional cell of type <IT>i</IT> + 1 with probability <IT>p</IT><SB><IT>i</IT>+1</SB><SP>ind</SP>.</text></s> <s sid="49"><CoreSc1 atype="GSC" type="Mod" conceptID="Mod5" novelty="None" advantage="None"/><text>For example, a stem (type-1) cell communicating with a type-2 cell can give rise to a type-3 cell.</text></s> <s sid="50"><CoreSc1 atype="GSC" type="Bac" conceptID="Bac9" novelty="None" advantage="None"/><text>(To validate this rule, we may refer, <IT>e.g.</IT>, to differentiation of neural stem cells.<REF TYPE="P" ID="cit22">22</REF></text></s> <s sid="51"><CoreSc1 atype="GSC" type="Met" conceptID="Met3" novelty="New" advantage="None"/><text>In reality, the probabilities <IT>p</IT><SB><IT>i</IT></SB><SP>sp</SP> and <IT>p</IT><SB><IT>i</IT></SB><SP>ind</SP> depend not only on the cell type but also on the growth factors added into the nutrition solution for the cell culture.) During trials of the induced division of stem cells, one of the nnn site is chosen at random and then the process is performed with the prescribed probability depending on the occupation of this site.</text></s></P><P><s sid="52"><CoreSc1 atype="GSC" type="Met" conceptID="Met3" novelty="New" advantage="None"/><text>The scaffold surface may be fabricated of “conventional” materials with heterogeneities fabricated on the μm scale.</text></s> <s sid="53"><CoreSc1 atype="GSC" type="Met" conceptID="Met4" novelty="Old" advantage="None"/><text>Another promising approach is based on the use of selectively-functionalized supported lipid bilayers, offering efficient reduction of nonspecific cell and protein binding, in combination with appropriate attachment sites.<REF TYPE="P" ID="cit23">23</REF></text></s> <s sid="54"><CoreSc1 atype="GSC" type="Mod" conceptID="Mod6" novelty="None" advantage="None"/><text>To mimic such situations, the lattice sites representing the scaffold surface are assumed to form patches.</text></s> <s sid="55"><CoreSc1 atype="GSC" type="Mod" conceptID="Mod6" novelty="None" advantage="None"/><text>Specifically, the patches of type 1, 2 and 3 are considered to interact more strongly with cells of type 1, 2 and 3, respectively.</text></s> <s sid="56"><CoreSc1 atype="GSC" type="Mod" conceptID="Mod6" novelty="None" advantage="None"/><text>The cells are allowed to diffuse on all the patches, but as soon as a cell of type <IT>i</IT> reaches the patch formed of material <IT>i</IT>, its movement becomes limited by this patch, <IT>i.e.</IT>, jumps back to the other patches are no longer possible (this is a prerequisite for efficient cell segregation).</text></s> <s sid="57"><CoreSc1 atype="GSC" type="Mod" conceptID="Mod6" novelty="None" advantage="None"/><text>To reduce the number of the model parameters, the rates of diffusion of different cells on different patches are set equal (this rule is sufficient for our present goals but if necessary it can easily be relaxed).</text></s></P><P><s sid="58"><CoreSc1 atype="GSC" type="Mod" conceptID="Mod7" novelty="None" advantage="None"/><text>To characterize the relative rates of cell division/differentiation and diffusion, we use the dimensionless parameter <IT>p</IT><SB>div</SB>.</text></s> <s sid="59"><CoreSc1 atype="GSC" type="Mod" conceptID="Mod7" novelty="None" advantage="None"/><text>The rates of these processes are considered to be proportional to <IT>p</IT><SB>div</SB> and 1 − <IT>p</IT><SB>div</SB>, respectively.</text></s> <s sid="60"><CoreSc1 atype="GSC" type="Met" conceptID="Met3" novelty="New" advantage="None"/><text>With this specification, our MC algorithm consists of sequential trials to realize diffusion or division events.</text></s> <s sid="61"><CoreSc1 atype="GSC" type="Met" conceptID="Met3" novelty="New" advantage="None"/><text>A site is chosen at random.</text></s> <s sid="62"><CoreSc1 atype="GSC" type="Met" conceptID="Met3" novelty="New" advantage="None"/><text>If the site is vacant, the trial ends.</text></s> <s sid="63"><CoreSc1 atype="GSC" type="Met" conceptID="Met3" novelty="New" advantage="None"/><text>Otherwise, a cell located in the site tries to diffuse if <IT>ρ</IT> &gt; <IT>p</IT><SB>div</SB> or to divide if <IT>ρ</IT> &lt; <IT>p</IT><SB>div</SB>, where <IT>ρ</IT> (0 ≤ <IT>ρ</IT> ≤ 1) is a random number.</text></s> <s sid="64"><CoreSc1 atype="GSC" type="Met" conceptID="Met3" novelty="New" advantage="None"/><text>In both case, one of the nn site is selected at random and if the latter site is vacant the processes are performed with the prescribed probabilities by using the rules described above.</text></s></P><P><s sid="65"><CoreSc1 atype="GSC" type="Met" conceptID="Met3" novelty="New" advantage="None"/><text>All the MC runs were started with a single stem cell located in the center of the clean lattice (with <IT>L</IT> = 150) at the patch formed of material 1.</text></s> <s sid="66"><CoreSc1 atype="GSC" type="Met" conceptID="Met3" novelty="New" advantage="None"/><text>During the simulations, we used the reflective (no-flux) boundary conditions.</text></s> <s sid="67"><CoreSc1 atype="GSC" type="Met" conceptID="Met3" novelty="New" advantage="None"/><text>Time was measured in MC steps (MCS).</text></s> <s sid="68"><CoreSc1 atype="GSC" type="Met" conceptID="Met3" novelty="New" advantage="None"/><text>One MCS is defined as <IT>L</IT> × <IT>L</IT> MC trials.</text></s> <s sid="69"><CoreSc1 atype="GSC" type="Met" conceptID="Met3" novelty="New" advantage="None"/><text>The duration of the runs was selected so that in the end there were about 3000 cells.</text></s></P></DIV><DIV DEPTH="1"><HEADER HEADER_MARKER="3.">Results of simulations</HEADER><P><s sid="70"><CoreSc1 atype="GSC" type="Bac" conceptID="Bac10" novelty="None" advantage="None"/><text>In reality, the typical cell cycle time varies from an hour in an early embryo to about 20 h in adult stem cells.</text></s> <s sid="71"><CoreSc1 atype="GSC" type="Bac" conceptID="Bac10" novelty="None" advantage="None"/><text>The rate of diffusion strongly depends on the cell-substrate interaction.</text></s> <s sid="72"><CoreSc1 atype="GSC" type="Hyp" conceptID="Hyp1" novelty="None" advantage="None"/><text>Thus, the ratio of the rates of these processes is expected to be in a wide range.</text></s> <s sid="73"><CoreSc1 atype="GSC" type="Mot" conceptID="Mot3" novelty="None" advantage="None"/><text>At present, quantitative data on this subject are however scarce.</text></s> <s sid="74"><CoreSc1 atype="GSC" type="Exp" conceptID="Exp1" novelty="None" advantage="None"/><text>To get a realistic value of <IT>p</IT><SB>div</SB>, we scrutinized diffusion, proliferation and differentiation of mouse neural stem cells on various substrate-coated plates<REF TYPE="P" ID="cit24">24</REF> (these observations were possible as a by-product of experimental studies of neural stem cells in our laboratory).</text></s> <s sid="75"><CoreSc1 atype="GSC" type="Obs" conceptID="Obs1" novelty="None" advantage="None"/><text>Diffusion was observed to be relatively fast compared to division.</text></s> <s sid="76"><CoreSc1 atype="GSC" type="Hyp" conceptID="Hyp2" novelty="None" advantage="None"/><text>Specifically, it appears to be reasonable to put <IT>p</IT><SB>div</SB> = 0.01 or somewhat lower.</text></s> <s sid="77"><CoreSc1 atype="GSC" type="Mod" conceptID="Mod7" novelty="None" advantage="None"/><text>In our present simulations, cell division is chosen to be two or three orders of magnitude slower compared to diffusion, <IT>i.e.</IT>, we employ <IT>p</IT><SB>div</SB> = 0.01 or 0.001.</text></s></P><P><s sid="78"><CoreSc1 atype="GSC" type="Mod" conceptID="Mod8" novelty="None" advantage="None"/><text>The energetic parameters are selected so that cells of different types tend to segregate and so that this process is not too slow.</text></s> <s sid="79"><CoreSc1 atype="GSC" type="Mod" conceptID="Mod8" novelty="None" advantage="None"/><text>Practically, this means that the ratio of the effective cell–cell interactions and <IT>k</IT><SB>B</SB><IT>T</IT> should not be too large.</text></s> <s sid="80"><CoreSc1 atype="GSC" type="Mod" conceptID="Mod8" novelty="None" advantage="None"/><text>In particular, we use <IT>ε</IT><SB><IT>ij</IT></SB><SP>nn</SP>/<IT>k</IT><SB>B</SB><IT>T</IT> = 1, <IT>ε</IT><SB>11</SB><SP>nnn</SP>/<IT>k</IT><SB>B</SB><IT>T</IT> = −1, <IT>ε</IT><SB><IT>ii</IT></SB><SP>nnn</SP>/<IT>k</IT><SB>B</SB><IT>T</IT> = −2 for <IT>i</IT> ≥ 2, and <IT>ε</IT><SB><IT>ij</IT></SB><SP>nnn</SP>/<IT>k</IT><SB>B</SB><IT>T</IT> = −1 for <IT>i</IT> ≠ <IT>j</IT>.</text></s> <s sid="81"><CoreSc1 atype="GSC" type="Mod" conceptID="Mod8" novelty="None" advantage="None"/><text>For spontaneous and induced division of cells, we employ <IT>p</IT><SB>1</SB><SP>sp</SP> = 0.1, <IT>p</IT><SB>2</SB><SP>sp</SP> = <IT>p</IT><SB>3</SB><SP>sp</SP> = 1, <IT>p</IT><SB>2</SB><SP>ind</SP> = <IT>p</IT><SB>3</SB><SP>ind</SP> = 0.1, and <IT>p</IT><SB><IT>i</IT></SB><SP>ind</SP> = 0 for <IT>i</IT> ≥ 4.</text></s></P><P><s sid="82"><CoreSc1 atype="GSC" type="Obs" conceptID="Obs2" novelty="None" advantage="None"/><text>As a reference case, we have calculated [Figs. 1(a) and 2(a)] the cellular growth with <IT>p</IT><SB>div</SB> = 0.01 on the uniform surface.</text></s> <s sid="83"><CoreSc1 atype="GSC" type="Obs" conceptID="Obs2" novelty="None" advantage="None"/><text>In this case, the growth of cells of type 2 is rather rapid.</text></s> <s sid="84"><CoreSc1 atype="GSC" type="Res" conceptID="Res1" novelty="None" advantage="None"/><text>In the very beginning, the birth of these cells is preferable compared to that of type-3 cells due to cell–cell communication between the stem cells.</text></s> <s sid="85"><CoreSc1 atype="GSC" type="Res" conceptID="Res1" novelty="None" advantage="None"/><text>Later on, the type-2 cells surround stem cells and effectively suppress generation of cells of type 3 due to the spatial constraints (usually there are no or only a few cells of the latter type).</text></s> <s sid="86"><CoreSc1 atype="GSC" type="Res" conceptID="Res1" novelty="None" advantage="None"/><text>Introducing heterogeneities does not change qualitatively the growth kinetics and lattice patterns [see, <IT>e.g.</IT>, the results shown in Figs. 1(b) and 2(b) for a three-strip scaffold with a narrow (two-side) central strip].</text></s> <s sid="87"><CoreSc1 atype="GSC" type="Res" conceptID="Res1" novelty="None" advantage="None"/><text>Physically, this growth mode seems to be connected with insufficiently high rate of diffusion of cells (note that this process is partly suppressed due to attractive cell–cell interactions and spatial constraints).</text></s> <s sid="88"><CoreSc1 atype="GSC" type="Res" conceptID="Res1" novelty="None" advantage="None"/><text>Specifically, diffusion is able to maintain a cell arrangement which is locally close to equilibrium but not able to result in global redistribution of cells.</text></s></P><P><s sid="89"><CoreSc1 atype="GSC" type="Mod" conceptID="Mod7" novelty="None" advantage="None"/><text>To increase the relative rate of cell diffusion, we have reduced <IT>p</IT><SB>div</SB> down to 0.001.</text></s> <s sid="90"><CoreSc1 atype="GSC" type="Res" conceptID="Res2" novelty="None" advantage="None"/><text>For the uniform surface or in the case of relatively wide heterogeneities [<IT>e.g.</IT>, for a three-strip scaffold with a six-site (or wider) width of the central strip], this modification has not changed the growth mode.</text></s> <s sid="91"><CoreSc1 atype="GSC" type="Obs" conceptID="Obs3" novelty="None" advantage="None"/><text>In particular, as a rule, the cells of type 2 again dominate [Figs. 3(a) and 4(a)].</text></s> <s sid="92"><CoreSc1 atype="GSC" type="Res" conceptID="Res2" novelty="None" advantage="None"/><text>On the scaffolds with narrow heterogeneities [Figs. 3(b–d) and 4(b–d)], the growth kinetics and lattice patterns are however found to be qualitatively different compared to those presented earlier.</text></s> <s sid="93"><CoreSc1 atype="GSC" type="Res" conceptID="Res2" novelty="None" advantage="None"/><text>Specifically, the increase of the relative rate of cell diffusion has resulted in effective segregation of the cells.</text></s> <s sid="94"><CoreSc1 atype="GSC" type="Res" conceptID="Res2" novelty="None" advantage="None"/><text>Under such circumstances, the birth of cells of type 3 by cells of type 1 is not suppressed.</text></s> <s sid="95"><CoreSc1 atype="GSC" type="Res" conceptID="Res2" novelty="None" advantage="None"/><text>For this reason, the population of cells of type 3 is appreciable (the numbers of cells of types 2 and 3 are comparable).</text></s> <s sid="96"><CoreSc1 atype="GSC" type="Res" conceptID="Res3" novelty="None" advantage="None"/><text>For <IT>p</IT><SB>div</SB> = 0.001 this effect holds (not shown) with decreasing <IT>k</IT><SB>B</SB><IT>T</IT> and/or increasing the absolute values of the energetic parameters (if, <IT>e.g.</IT>, <IT>ε</IT><SB><IT>ij</IT></SB><SP>nnn</SP>/<IT>k</IT><SB>B</SB><IT>T</IT> = −3 for <IT>i</IT> ≥ 2).</text></s> <s sid="97"><CoreSc1 atype="GSC" type="Res" conceptID="Res4" novelty="None" advantage="None"/><text>With increasing <IT>k</IT><SB>B</SB><IT>T</IT> (if, <IT>e.g.</IT>, <IT>ε</IT><SB><IT>ii</IT></SB><SP>nnn</SP>/<IT>k</IT><SB>B</SB><IT>T</IT> = −1 for <IT>i</IT> ≥ 2), the cell motility increases, the rate of cell division increases as well (primarily for cells of type 2), but the driving force for segregation obviously decreases.</text></s> <s sid="98"><CoreSc1 atype="GSC" type="Res" conceptID="Res5" novelty="None" advantage="None"/><text>The former two factors do not compensate the latter one, and the cells of type 2 dominate both for <IT>p</IT><SB>div</SB> = 0.01 and 0.001 (not shown), because as a rule the cells of type 1 are surrounded by cells of type 2 and the birth of cells of type 3 by cells is suppressed.</text></s></P></DIV><DIV DEPTH="1"><HEADER HEADER_MARKER="4.">Conclusion</HEADER><P><s sid="99"><CoreSc1 atype="GSC" type="Con" conceptID="Con1" novelty="None" advantage="None"/><text>In summary, we have illustrated that scaffolds with specially designed heterogeneities can be used as a tool for governing the growth and differentiation of stem cells.</text></s> <s sid="100"><CoreSc1 atype="GSC" type="Con" conceptID="Con1" novelty="None" advantage="None"/><text>This tool is predicted to be effective provided that the size of the heterogeneities exceeds (but not appreciably) the cellular size and the rate of cell diffusion is relatively fast compared to that of cell division.</text></s></P></DIV></BODY></PAPER>