<?xml version="1.0" encoding="UTF-8"?>
<!DOCTYPE PAPER
  SYSTEM "paper-structure-annotation.dtd">
<PAPER><mode2 name="b408777a" hasDoc="yes" version="1168"/><TITLE><s sid="1"><CoreSc1 atype="GSC" type="Obj" conceptID="Obj1" novelty="New" advantage="None"/><text>Hydrogen diffusion effects on the kinetics of the hydrogen electrode reactionPart II.<XREF TYPE="FOOTNOTE_MARKER" ID="fn1"/> Evaluation of kinetic parameters</text></s></TITLE><ABSTRACT><s sid="2"><CoreSc1 atype="GSC" type="Obj" conceptID="Obj1" novelty="New" advantage="None"/><text>The present work proposes a methodology for the evaluation of the kinetic parameters of the hydrogen electrode reaction for the Tafel–Heyrovsky–Volmer mechanism from experimental results corresponding to the study of the hydrogen oxidation on a rotating disc electrode.</text></s> <s sid="3"><CoreSc1 atype="GSC" type="Mod" conceptID="Mod1" novelty="None" advantage="None"/><text>It is based on the correlation of the experimental dependence <IT>j</IT>(<IT>η,ω</IT>) with a theoretical expression together with some constraints that involve the use of the equilibrium polarisation resistance, which reduces the number of adjustable parameters.</text></s> <s sid="4"><CoreSc1 atype="GSC" type="Exp" conceptID="Exp1" novelty="None" advantage="None"/><text>This methodology was applied to the hydrogen oxidation reaction on a platinum electrode, which was studied in the range 900 ≤ <IT>ω</IT>/rpm ≤ 8100 and −0.05 ≤ <IT>η</IT>/V ≤ 0.40 in 0.5 M H<SB>2</SB>SO<SB>4</SB>.</text></s> <s sid="5"><CoreSc1 atype="GSC" type="Bac" conceptID="Bac1" novelty="None" advantage="None"/><text>The results obtained have been discussed in the light of the theoretical treatment described in Part I of this work.</text></s></ABSTRACT><BODY><DIV DEPTH="1"><HEADER>Introduction</HEADER><P><s sid="6"><CoreSc1 atype="GSC" type="Bac" conceptID="Bac2" novelty="None" advantage="None"/><text>Diffusion plays an important role in the hydrogen electrode reaction (HER), especially when it is taking place in the anodic direction, the hydrogen oxidation reaction (hor).</text></s> <s sid="7"><CoreSc1 atype="GSC" type="Bac" conceptID="Bac2" novelty="None" advantage="None"/><text>Consequently, the dependence of the current density on overpotential <IT>j</IT>(<IT>η</IT>) was described in many cases as a purely diffusional process, commonly named a ‘reversible reaction’.<REF TYPE="P" ID="cit1 cit2 cit3">1–3</REF></text></s> <s sid="8"><CoreSc1 atype="GSC" type="Bac" conceptID="Bac2" novelty="None" advantage="None"/><text>On the other hand, more recent studies consider the hor a mixed controlled reaction, though with a strong diffusional contribution.<REF TYPE="P" ID="cit4 cit5 cit6 cit7">4–7</REF></text></s> <s sid="9"><CoreSc1 atype="GSC" type="Met" conceptID="Met1" novelty="Old" advantage="None"/><text>In this sense, the theoretical analysis described in the first part<SUP TYPE="FOOTNOTE_MARKER" ID="fn1"/> of the present work indicated that it is necessary for the application of diagnostic criteria and/or appropriate methodologies for the evaluation of the kinetic parameters characteristics of the HER from the analysis of the experimental results corresponding to the hydrogen oxidation.<REF TYPE="P" ID="cit8">8</REF></text></s></P><P><s sid="10"><CoreSc1 atype="GSC" type="Mot" conceptID="Mot1" novelty="None" advantage="None"/><text>It should be taken into account that the kinetic mechanism for the HER must be unique, independently if the reaction proceeds in the anodic (hor) or cathodic (hydrogen evolution reaction, her) direction and therefore, the set of kinetic parameters must be valid for both cases.</text></s> <s sid="11"><CoreSc1 atype="GSC" type="Mot" conceptID="Mot1" novelty="None" advantage="None"/><text>Besides, the correct interpretation of the experimental results needs the appropriate description of the behaviour of the reaction intermediate <IT>H</IT><SB>(a)</SB> and/or those of other adsorbed species.</text></s> <s sid="12"><CoreSc1 atype="GSC" type="Mot" conceptID="Mot1" novelty="None" advantage="None"/><text>These two aspects should lead to a successful description of the HER in the whole range of overpotentials.</text></s></P><P><s sid="13"><CoreSc1 atype="GSC" type="Obj" conceptID="Obj1" novelty="New" advantage="None"/><text>The present work proposes a methodology for the evaluation of the kinetic parameters of the HER for the Tafel–Heyrovsky–Volmer mechanism from experimental results.</text></s> <s sid="14"><CoreSc1 atype="GSC" type="Mod" conceptID="Mod1" novelty="None" advantage="None"/><text>It is based on the correlation of the experimental dependence <IT>j</IT>(<IT>η,ω</IT>) with a theoretical expression together with some constraints that involve the use of the equilibrium polarisation resistance, which theoretical dependence on the rotation rate is also derived.</text></s> <s sid="15"><CoreSc1 atype="GSC" type="Met" conceptID="Met1" novelty="New" advantage="None"/><text>The proposed methodology is applied for the study of the hydrogen oxidation on a rotating disc electrode (RDE) of polycrystalline platinum.</text></s></P></DIV><DIV DEPTH="1"><HEADER>Evaluation of the kinetic parameters</HEADER><P><s sid="16"><CoreSc1 atype="GSC" type="Mod" conceptID="Mod2" novelty="None" advantage="None"/><text>Theoretical expressions of the current density (<IT>j</IT>) and the surface coverage (<IT>θ</IT>) as a function of overpotential (<IT>η</IT>) and limiting diffusional current density (<IT>j</IT><SB>L</SB>) are necessary in order to evaluate the kinetic parameters of the hydrogen electrode reaction through the correlation of the experimental dependence <IT>j</IT>(<IT>η</IT>) of the hydrogen oxidation on a rotating disc electrode at different rotation rates (<IT>ω</IT>).</text></s></P><P><s sid="17"><CoreSc1 atype="GSC" type="Mod" conceptID="Mod2" novelty="None" advantage="None"/><text>The expressions <IT>j</IT>(<IT>η</IT>, <IT>j</IT><SB>L</SB>) and <IT>θ</IT>(<IT>η</IT>, <IT>j</IT><SB>L</SB>) corresponding to the simultaneous occurrence of the Tafel, Heyrovsky and Volmer steps were derived in Part I:<REF TYPE="P" ID="cit8">8</REF>being <IT>α</IT> the symmetry factor, <IT>f</IT> = <IT>F</IT>/<IT>RT</IT>, <IT>θ</IT><SP>e</SP> the equilibrium surface coverage and <IT>v</IT><SB><IT>i</IT></SB><SP>e</SP> the equilibrium reaction rate of the step <IT>i</IT> (<IT>i</IT> = Volmer, Heyrovsky, Tafel).</text></s></P><P><s sid="18"><CoreSc1 atype="GSC" type="Mod" conceptID="Mod2" novelty="None" advantage="None"/><text>As the current density generally reaches its maximum value at low overpotentials, <IT>j</IT> values near the equilibrium condition have only very little influence on the correlation of the experimental results obtained in a wide overpotentials region.</text></s> <s sid="19"><CoreSc1 atype="GSC" type="Mod" conceptID="Mod2" novelty="None" advantage="None"/><text>Therefore, the use of the equilibrium polarisation resistance [<IT>R</IT><SB>p</SB> = d<IT>η</IT>/d<IT>j</IT>∣<IT><SB>η = 0</SB></IT>] is proposed in order to improve the evaluation of the kinetic parameters.</text></s> <s sid="20"><CoreSc1 atype="GSC" type="Mod" conceptID="Mod3" novelty="None" advantage="None"/><text>The theoretical expression of the dependence <IT>R</IT><SB>p</SB> = <IT>R</IT><SB>p</SB>(<IT>v</IT><SB>T</SB><SP>e</SP>, <IT>v</IT><SB>H</SB><SP>e</SP>, <IT>v</IT><SB>V</SB><SP>e</SP>, <IT>θ</IT><SP>e</SP>, <IT>ω</IT>) can be obtained from the derivation of the first equality of eqn. (1) with respect to <IT>η</IT>.</text></s> <s sid="21"><CoreSc1 atype="GSC" type="Mod" conceptID="Mod4" novelty="None" advantage="None"/><text>The resulting equation, for <IT>η</IT> → 0 is:The corresponding expression for d<IT>θ</IT>/d<IT>η</IT>∣<IT><SB><IT>η</IT> = 0</SB></IT> was obtained from the derivation of eqn. (2) and the application of the condition <IT>η</IT> → 0.</text></s> <s sid="22"><CoreSc1 atype="GSC" type="Bac" conceptID="Bac3" novelty="None" advantage="None"/><text>After reordering, the equation can be written as follows:</text></s></P><P><s sid="23"><CoreSc1 atype="GSC" type="Mod" conceptID="Mod5" novelty="None" advantage="None"/><text>Substituting eqn. (4) into eqn. (3) and rearranging, the expression for <IT>R</IT><SB>p</SB>(<IT>ω</IT>) is obtained: where <IT>j</IT><SB>L</SB> was substituted by the following relationship:<REF TYPE="P" ID="cit9">9</REF><IT>j</IT><SB>L</SB> = <IT>Bω</IT><SP>1/2</SP>Furthermore, the corresponding expression for the origin ordinate <IT>R</IT><SB>p</SB><SP>o</SP> of the linear dependence <IT>R</IT><SB>p</SB> = <IT>f</IT>(<IT>ω</IT><SP>−1/2</SP>), which can be defined as the equilibrium polarisation resistance free from diffusion effects, is:</text></s></P><P><s sid="24"><CoreSc1 atype="GSC" type="Bac" conceptID="Bac4" novelty="None" advantage="None"/><text>This equation is coincident to that previously derived for the hydrogen evolution reaction taking place under activated control.<REF TYPE="P" ID="cit10">10</REF></text></s> <s sid="25"><CoreSc1 atype="GSC" type="Mod" conceptID="Mod6" novelty="None" advantage="None"/><text>Consequently, if <IT>R</IT><SB>p</SB><SP>o</SP> is known, a relationship between the parameters <IT>v</IT><SB>T</SB><SP>e</SP>, <IT>v</IT><SB>H</SB><SP>e</SP> and <IT>v</IT><SB>V</SB><SP>e</SP> can be obtained from eqn. (7), which can be written as:</text></s></P><P><s sid="26"><CoreSc1 atype="GSC" type="Mod" conceptID="Mod7" novelty="None" advantage="None"/><text>From the use of eqn. (8), the behaviour of the dependence <IT>j</IT>(<IT>η</IT>) at low overpotentials can be included in the determination of the kinetic parameters of the HER.</text></s></P><P><s sid="27"><CoreSc1 atype="GSC" type="Mod" conceptID="Mod8" novelty="None" advantage="None"/><text>Although the parameters <IT>v</IT><SB>T</SB><SP>e</SP>, <IT>v</IT><SB>H</SB><SP>e</SP>, <IT>θ</IT><SP>e</SP> and <IT>B</IT> can be evaluated from the correlation of the experimental results with the simultaneous use of eqns. (1), (2) and (8), the theoretical analysis described in the first part of the present work indicated that two possible situations can be distinguished.<REF TYPE="P" ID="cit8">8</REF></text></s> <s sid="28"><CoreSc1 atype="GSC" type="Met" conceptID="Met2" novelty="Old" advantage="None"/><text>They are determined for the value of the origin ordinate of the linear dependence <IT>j</IT><SB>max</SB><SP>−1</SP> = <IT>f</IT>(<IT>ω</IT><SP>−1/2</SP>). <IT>j</IT><SB>max</SB> is the maximum current density observed experimentally in the usual overpotentials range (<IT>η</IT> &lt; 0.6 V), which is achieved when <IT>θ</IT>(<IT>η</IT>) = 0.</text></s> <s sid="29"><CoreSc1 atype="GSC" type="Met" conceptID="Met2" novelty="Old" advantage="None"/><text>From eqns. (17–19) of Part I<REF TYPE="P" ID="cit8">8</REF> and eqn. (6), such dependence can be written as follows:This equation shows that for <IT>η</IT> &lt; 0.6 V, the origin ordinate is zero when the Tafel, Heyrovsky and Volmer steps are taking place simultaneously, with <IT>v</IT><SB>H</SB><SP>e</SP> &gt; 10<SP>−14</SP> mol s<SP>−1</SP> cm<SP>−2</SP>.</text></s> <s sid="30"><CoreSc1 atype="GSC" type="Mod" conceptID="Mod9" novelty="None" advantage="None"/><text>The other alternative is an origin ordinate with a positive value and corresponds to <IT>v</IT><SB>H</SB><SP>e</SP> &lt; 10<SP>−14</SP> mol s<SP>−1</SP> cm<SP>−2</SP>.</text></s> <s sid="31"><CoreSc1 atype="GSC" type="Met" conceptID="Met3" novelty="Old" advantage="None"/><text>In this case, eqn. (9) is reduced to eqn. (14) of Part I.<REF TYPE="P" ID="cit8">8</REF></text></s></P><DIV DEPTH="2"><HEADER>(a) <IT>v</IT><SB>H</SB><SP>e</SP> &gt; 10<SP>−14</SP> mol s<SP>−1</SP> cm<SP>−2</SP></HEADER><P><s sid="32"><CoreSc1 atype="GSC" type="Mod" conceptID="Mod10" novelty="None" advantage="None"/><text>An origin ordinate of <IT>j</IT><SB>max</SB><SP>−1</SP> = <IT>f</IT>(<IT>ω</IT><SP>−1/2</SP>) equal to zero implies that in eqn. (9) <IT>v</IT><SB>H</SB><SP>e</SP><IT>e</IT><SP><IT>αfη</IT></SP> ≫ <IT>v</IT><SB>T</SB><SP>e</SP>/(1 − <IT>θ</IT><SP>e</SP>).</text></s> <s sid="33"><CoreSc1 atype="GSC" type="Mod" conceptID="Mod10" novelty="None" advantage="None"/><text>In this case the kinetic parameters can be evaluated from the correlation of the experimental dependence <IT>j</IT>(<IT>η</IT>,<IT>ω</IT>) through eqns. (1), (2) and (8), besides the use of the constants <IT>R</IT><SB>p</SB><SP>o</SP> and <IT>B</IT>.</text></s> <s sid="34"><CoreSc1 atype="GSC" type="Mod" conceptID="Mod10" novelty="None" advantage="None"/><text>The value of <IT>R</IT><SB>p</SB><SP>o</SP> is obtained from the extrapolation of the experimental linear dependence <IT>R</IT><SB>p</SB> = <IT>f</IT>(<IT>ω</IT><SP>−1/2</SP>), while <IT>B</IT> can be obtained from the slope of the straight lines <IT>j</IT><SB>max</SB><SP>−1</SP> = <IT>f</IT>(<IT>ω</IT><SP>−1/2</SP>) or <IT>R</IT><SB>p</SB> = <IT>f</IT>(<IT>ω</IT><SP>−1/2</SP>).</text></s> <s sid="35"><CoreSc1 atype="GSC" type="Mod" conceptID="Mod10" novelty="None" advantage="None"/><text>The adjustable parameters are <IT>v</IT><SB>T</SB><SP>e</SP>, <IT>v</IT><SB>H</SB><SP>e</SP> and <IT>θ</IT><SP>e</SP>, being the others (<IT>v</IT><SB>V</SB><SP>e</SP> and <IT>j</IT><SB>L</SB>) evaluated from those obtained in the regression.</text></s></P></DIV><DIV DEPTH="2"><HEADER>(b) <IT>v</IT><SB>H</SB><SP>e</SP> &lt; 10<SP>−14</SP> mol s<SP>−1</SP> cm<SP>−2</SP></HEADER><P><s sid="36"><CoreSc1 atype="GSC" type="Mod" conceptID="Mod11" novelty="None" advantage="None"/><text>A positive value of the origin ordinate of <IT>j</IT><SB>max</SB><SP>−1</SP> = <IT>f</IT>(<IT>ω</IT><SP>−1/2</SP>) implies that in eqn. (9) <IT>v</IT><SB>H</SB><SP>e</SP><IT>e</IT><SP><IT>αfη</IT></SP> ≪ <IT>v</IT><SB>T</SB><SP>e</SP>/(1 − <IT>θ</IT><SP>e</SP>), for <IT>η</IT> &lt; 0.6 V. The inverse of this value is the maximum kinetic current density <IT>j</IT><SB>max</SB><SP>kin</SP>, which can be written as:Besides, neglecting <IT>v</IT><SB>H</SB><SP>e</SP>, eqn. (8) turns to be:</text></s></P><P><s sid="37"><CoreSc1 atype="GSC" type="Mod" conceptID="Mod11" novelty="None" advantage="None"/><text>The dependences given by eqns. (1) and (2), with <IT>v</IT><SB>H</SB><SP>e</SP> = 0, can be used together with eqn. (11) in the correlation of the experimental results.</text></s> <s sid="38"><CoreSc1 atype="GSC" type="Mod" conceptID="Mod11" novelty="None" advantage="None"/><text>Therefore, the kinetic parameters to be obtained from the correlation of <IT>j</IT>(<IT>η</IT>,<IT>ω</IT>) and the use of the constants <IT>R</IT><SB>p</SB><SP>o</SP> and <IT>B</IT> are <IT>v</IT><SB>T</SB><SP>e</SP> and <IT>θ</IT><SP>e</SP>, the other parameters being evaluated from them.</text></s></P><P><s sid="39"><CoreSc1 atype="GSC" type="Mod" conceptID="Mod11" novelty="None" advantage="None"/><text>The calculated values of the parameters <IT>v</IT><SB>T</SB><SP>e</SP> and <IT>θ</IT><SP>e</SP> can be used for the evaluation of the limiting kinetic current density, through eqn. (10).</text></s> <s sid="40"><CoreSc1 atype="GSC" type="Mod" conceptID="Mod11" novelty="None" advantage="None"/><text>This value should be equal to that obtained from the extrapolation of the experimental dependence <IT>j</IT><SB>max</SB><SP>−1</SP> = <IT>f</IT>(<IT>ω</IT><SP>−1/2</SP>).</text></s> <s sid="41"><CoreSc1 atype="GSC" type="Bac" conceptID="Bac5" novelty="None" advantage="None"/><text>This is a self-consistency test for the evaluated parameters.</text></s></P><DIV DEPTH="3"><HEADER>(b1) Approximated method</HEADER><P><s sid="42"><CoreSc1 atype="GSC" type="Mod" conceptID="Mod12" novelty="None" advantage="None"/><text>An approximated method can be developed for the case described in the previous item when the equilibrium surface coverage of the adsorbed intermediate of the HER is very low and therefore it can be considered (1 − <IT>θ</IT><SP>e</SP>) ≅ 1.</text></s> <s sid="43"><CoreSc1 atype="GSC" type="Mod" conceptID="Mod12" novelty="None" advantage="None"/><text>Using this approximation, the parameter <IT>v</IT><SB>T</SB><SP>e</SP> can be estimated from eqn. (10) and then <IT>v</IT><SB>V</SB><SP>e</SP> from eqn. (11).</text></s> <s sid="44"><CoreSc1 atype="GSC" type="Bac" conceptID="Bac6" novelty="None" advantage="None"/><text>Therefore, approximated values of the kinetic parameters can be obtained in this way.</text></s></P></DIV></DIV><DIV DEPTH="2"><HEADER>(c) Levich–Koutecky method</HEADER><P><s sid="45"><CoreSc1 atype="GSC" type="Met" conceptID="Met4" novelty="Old" advantage="None"/><text>The Levich–Koutecky method is usually employed for the evaluation of the dependence <IT>j</IT>(<IT>η</IT>) of the hor under activated control.<REF TYPE="P" ID="cit11">11</REF></text></s> <s sid="46"><CoreSc1 atype="GSC" type="Met" conceptID="Met4" novelty="Old" advantage="None"/><text>It consists in plotting the relationships <IT>j</IT>(<IT>η</IT>,<IT>ω</IT>)<SP>−1</SP> = <IT>f</IT>(<IT>ω</IT><SP>−1/2</SP>) at different overpotentials, which is supposed to be linear.</text></s> <s sid="47"><CoreSc1 atype="GSC" type="Met" conceptID="Met4" novelty="Old" advantage="None"/><text>The extrapolation of each straight line should give at the origin ordinate the inverse of <IT>j</IT> at such <IT>η</IT>, value that corresponds to the faradaic process.</text></s> <s sid="48"><CoreSc1 atype="GSC" type="Met" conceptID="Met4" novelty="Old" advantage="None"/><text>Once the dependence <IT>j</IT>(<IT>η</IT>) free from diffusion contribution is known, the usual procedure is applied for the evaluation of the kinetic parameters of the HER.</text></s> <s sid="49"><CoreSc1 atype="GSC" type="Met" conceptID="Met4" novelty="Old" advantage="None"/><text>Nevertheless, as has been demonstrated in Part I,<REF TYPE="P" ID="cit8">8</REF><IT>j</IT>(<IT>η</IT>,<IT>ω</IT>)<SP>−1</SP> = <IT>f</IT>(<IT>ω</IT><SP>−1/2</SP>) is not necessarily linear, with the exception of the overpotentials range in which <IT>j</IT> = <IT>j</IT><SB>max</SB>.</text></s> <s sid="50"><CoreSc1 atype="GSC" type="Met" conceptID="Met4" novelty="Old" advantage="None"/><text>Consequently, the linear extrapolation is only valid if the condition given in eqn. (20) of Part I is satisfied.<REF TYPE="P" ID="cit8">8</REF></text></s> <s sid="51"><CoreSc1 atype="GSC" type="Bac" conceptID="Bac7" novelty="None" advantage="None"/><text>As the values of the kinetic parameters <IT>v</IT><SB>T</SB><SP>e</SP>, <IT>v</IT><SB>H</SB><SP>e</SP>, <IT>v</IT><SB>V</SB><SP>e</SP> and <IT>θ</IT><SP>e</SP> are unknown, it is impossible to verify <IT>a priori</IT> the applicability of the Levich–Koutecky method and therefore, its use is not recommended.</text></s></P></DIV></DIV><DIV DEPTH="1"><HEADER>Evaluation of the kinetic parameters on platinum</HEADER><P><s sid="52"><CoreSc1 atype="GSC" type="Obj" conceptID="Obj2" novelty="New" advantage="None"/><text>The methodology proposed above is applied to the evaluation of the kinetic parameters of the HER from experimental results obtained for the molecular hydrogen oxidation on a platinum RDE.</text></s></P><DIV DEPTH="2"><HEADER>(a) Experimental details</HEADER><P><s sid="53"><CoreSc1 atype="GSC" type="Exp" conceptID="Exp2" novelty="None" advantage="None"/><text>The experimental determination of the dependence <IT>j</IT>(<IT>η</IT>) for the hydrogen oxidation reaction on steady state was carried out on a rotating disc electrode made of polycrystalline smooth platinum (0.07 cm<SP>2</SP> geometric area).</text></s> <s sid="54"><CoreSc1 atype="GSC" type="Exp" conceptID="Exp2" novelty="None" advantage="None"/><text>The rotation rate was varied in the range 900 ≤ <IT>ω</IT>/rpm ≤ 8100, using a Tacussel rotating disc equipment.</text></s> <s sid="55"><CoreSc1 atype="GSC" type="Exp" conceptID="Exp2" novelty="None" advantage="None"/><text>The electrolyte solution was 0.5 M H<SB>2</SB>SO<SB>4</SB>, which was subjected to a continuous and efficient hydrogen bubbling at <IT>P</IT> = 1 atm.</text></s> <s sid="56"><CoreSc1 atype="GSC" type="Exp" conceptID="Exp2" novelty="None" advantage="None"/><text>The counterelectrode was a large area Pt electrode and the working temperature was fixed at 30 °C.</text></s> <s sid="57"><CoreSc1 atype="GSC" type="Exp" conceptID="Exp2" novelty="None" advantage="None"/><text>The applied overpotential was varied in the range −0.05 ≤ <IT>η</IT>/V ≤ 0.40, controlled against a hydrogen electrode reference in the same electrolyte solution.</text></s> <s sid="58"><CoreSc1 atype="GSC" type="Met" conceptID="Met5" novelty="Old" advantage="None"/><text>Measurements were made using a potentiostat–galvanostat Radiometer, controlled by the generation/acquisition software Voltamaster.</text></s></P><P><s sid="59"><CoreSc1 atype="GSC" type="Bac" conceptID="Bac8" novelty="None" advantage="None"/><text>Special attention was paid to the purity of the electrolyte solution as well as to ensure its saturation with molecular hydrogen during the experimental runs.</text></s> <s sid="60"><CoreSc1 atype="GSC" type="Bac" conceptID="Bac8" novelty="None" advantage="None"/><text>These two aspects are critical in order to obtain reproducible results.</text></s> <s sid="61"><CoreSc1 atype="GSC" type="Exp" conceptID="Exp3" novelty="None" advantage="None"/><text>The verification of the solution purity was made through the application of two consecutive steps of potentiostatic adsorption under nitrogen bubbling at 0.4 V for 5 min and 0.0 V for another 5 min, respectively.</text></s> <s sid="62"><CoreSc1 atype="GSC" type="Exp" conceptID="Exp3" novelty="None" advantage="None"/><text>Then, without interrupting the electric circuit, a potentiodynamic sweep in the anodic direction (up to 1.5 V) was applied, returning to 0.0 V and after that applying repetitive cycles between these limiting potential values.</text></s> <s sid="63"><CoreSc1 atype="GSC" type="Exp" conceptID="Exp3" novelty="None" advantage="None"/><text>The purity of the solution is determined by the absence of voltammetric peaks due to electro-oxidation processes different from those characteristics of the Pt electrode and/or the inhibition of the peaks related to the adsorption/desorption of hydrogen.</text></s></P><P><s sid="64"><CoreSc1 atype="GSC" type="Exp" conceptID="Exp4" novelty="None" advantage="None"/><text>In order to ensure reproducible results in the evaluation of the experimental dependence <IT>j</IT>(<IT>η</IT>), the potential program shown in Fig. 1a was applied.</text></s> <s sid="65"><CoreSc1 atype="GSC" type="Exp" conceptID="Exp4" novelty="None" advantage="None"/><text>The electrode potential was held at 1.50 V for 4 s in order to oxidise any adsorbed potentially polluting substance, ensuring a reproducible initial condition.</text></s> <s sid="66"><CoreSc1 atype="GSC" type="Exp" conceptID="Exp4" novelty="None" advantage="None"/><text>Then, a step was applied to the desired overpotential value, which was maintained for 30 s.</text></s> <s sid="67"><CoreSc1 atype="GSC" type="Exp" conceptID="Exp4" novelty="None" advantage="None"/><text>During this period, readings of the current value were made every 2 s and the mean value of the last 20 s was assigned to this overpotential.</text></s> <s sid="68"><CoreSc1 atype="GSC" type="Exp" conceptID="Exp4" novelty="None" advantage="None"/><text>After each measuring step, the corresponding oxidation step was applied.</text></s></P></DIV><DIV DEPTH="2"><HEADER>(b) Results</HEADER><P><s sid="69"><CoreSc1 atype="GSC" type="Obs" conceptID="Obs1" novelty="None" advantage="None"/><text>The current (<IT>I</IT>) values obtained from the application of the potential program described in the previous paragraph can be observed in Fig. 1b for the case corresponding to a rotation rate of 1600 rpm.</text></s> <s sid="70"><CoreSc1 atype="GSC" type="Obs" conceptID="Obs1" novelty="None" advantage="None"/><text>These results exhibit an excellent reproducibility when the solution is appropriately purified and the condition of hydrogen saturation is maintained during the whole run.</text></s> <s sid="71"><CoreSc1 atype="GSC" type="Obs" conceptID="Obs2" novelty="None" advantage="None"/><text>The dependences <IT>j</IT>(<IT>η</IT>) are shown in Fig. 2a, where different types of symbols were used for the different <IT>ω</IT> values.</text></s></P><P><s sid="72"><CoreSc1 atype="GSC" type="Obj" conceptID="Obj3" novelty="New" advantage="None"/><text>According to the methodology proposed in the present work, the value of the origin ordinate of the dependence <IT>j</IT><SB>max</SB><SP>−1</SP> = <IT>f</IT>(<IT>ω</IT><SP>−1/2</SP>) should be determined.</text></s> <s sid="73"><CoreSc1 atype="GSC" type="Obs" conceptID="Obs3" novelty="None" advantage="None"/><text>This dependence was evaluated from the experimental results shown in Fig. 2a and is illustrated in Fig. 3.</text></s> <s sid="74"><CoreSc1 atype="GSC" type="Res" conceptID="Res1" novelty="None" advantage="None"/><text>An origin ordinate definitively finite, equal to <IT>j</IT><SB>max</SB><SP>kin<SP>−1</SP></SP> = 4.15 A<SP>−1</SP> cm<SP>2</SP>, was calculated from the linear regression.</text></s> <s sid="75"><CoreSc1 atype="GSC" type="Con" conceptID="Con1" novelty="None" advantage="None"/><text>This result indicates that the HER operates through the Tafel–Volmer route, with a negligible contribution of the Heyrovsky step in the domain of overpotentials analysed.<REF TYPE="P" ID="cit8">8</REF></text></s> <s sid="76"><CoreSc1 atype="GSC" type="Res" conceptID="Res2" novelty="None" advantage="None"/><text>Besides, the value <IT>B</IT> = 0.068 mA cm<SP>−2</SP> rpm<SP>−1/2</SP> was obtained from the slope of the straight line of Fig. 3.</text></s></P><P><s sid="77"><CoreSc1 atype="GSC" type="Met" conceptID="Met6" novelty="New" advantage="None"/><text>Furthermore, starting from the values of the current density measured near the equilibrium potential (−0.05 ≤ <IT>η</IT>/V ≤ 0.05), the equilibrium polarisation resistance [<IT>R</IT><SB>p</SB> = d<IT>η</IT>/d<IT>j</IT>∣<SB><IT>η</IT>=0</SB>] was evaluated for each rotating rate.</text></s> <s sid="78"><CoreSc1 atype="GSC" type="Mod" conceptID="Mod13" novelty="None" advantage="None"/><text>In order to obtain it, the dependence <IT>j</IT>(<IT>η</IT>) at a given <IT>ω</IT> was adjusted with a third-order polynomial, the first order coefficient being the <IT>R</IT><SB>p</SB> value.</text></s> <s sid="79"><CoreSc1 atype="GSC" type="Obs" conceptID="Obs4" novelty="None" advantage="None"/><text>It can be observed in Fig. 4 that the dependence <IT>R</IT><SB>p</SB> = <IT>f</IT>(<IT>ω</IT><SP>−1/2</SP>) has the linear variation predicted by eqn. (5).</text></s> <s sid="80"><CoreSc1 atype="GSC" type="Res" conceptID="Res3" novelty="None" advantage="None"/><text>The values <IT>R</IT><SB>p</SB><SP>o</SP> = 0.546 Ω cm<SP>2</SP> and <IT>B</IT> = 0.063 mA cm<SP>−2</SP> rpm<SP>−1/2</SP> were obtained from the origin ordinate and the slope, respectively, of the corresponding linear regression.</text></s> <s sid="81"><CoreSc1 atype="GSC" type="Res" conceptID="Res4" novelty="None" advantage="None"/><text>It can be noted that there is an agreement between this <IT>B</IT> value and the one evaluated from the slope of Fig. 3, corresponding to two clearly different and independent experimental determinations.</text></s> <s sid="82"><CoreSc1 atype="GSC" type="Obs" conceptID="Obs5" novelty="None" advantage="None"/><text>Fig. 3 corresponds to data measured for <IT>η</IT> &gt; 0.2 V while Fig. 4 was obtained from data measured near the equilibrium potential.</text></s></P><P><s sid="83"><CoreSc1 atype="GSC" type="Res" conceptID="Res5" novelty="None" advantage="None"/><text>The experimental dependence <IT>j</IT>(<IT>η</IT>,<IT>ω</IT>) was correlated with eqns. (1), (2) and (8), using the constant values <IT>B</IT> = 0.068 mA cm<SP>−2</SP> rpm<SP>−1/2</SP> and <IT>R</IT><SB>p</SB><SP>o</SP> = 0.546 Ω cm<SP>2</SP> obtained from Figs. 3 and 4, respectively.</text></s> <s sid="84"><CoreSc1 atype="GSC" type="Bac" conceptID="Bac9" novelty="None" advantage="None"/><text>It should be noted that the fitting was made with only two adjustable parameters, <IT>v</IT><SB>T</SB><SP>e</SP> and <IT>θ</IT><SP>e</SP>, the other kinetic parameters (<IT>v</IT><SB>V</SB><SP>e</SP> and <IT>j</IT><SB>L</SB>) being evaluated from them.</text></s> <s sid="85"><CoreSc1 atype="GSC" type="Obs" conceptID="Obs6" novelty="None" advantage="None"/><text>The results obtained are summarised in Table 1, for each value of the rotation rate.</text></s> <s sid="86"><CoreSc1 atype="GSC" type="Obs" conceptID="Obs6" novelty="None" advantage="None"/><text>The values of <IT>j</IT><SB>L</SB> obtained from eqn. (6) have also been included.</text></s> <s sid="87"><CoreSc1 atype="GSC" type="Obs" conceptID="Obs7" novelty="None" advantage="None"/><text>It can be appreciated that the resulting values of <IT>v</IT><SB>V</SB><SP>e</SP>, <IT>v</IT><SB>T</SB><SP>e</SP> and <IT>θ</IT><SP>e</SP> for the different <IT>ω</IT>, are quite similar.</text></s> <s sid="88"><CoreSc1 atype="GSC" type="Bac" conceptID="Bac10" novelty="None" advantage="None"/><text>In this sense, it should be borne in mind that the fittings were made on data obtained from independent experimental runs corresponding to seven different rotation rate values.</text></s></P><P><s sid="89"><CoreSc1 atype="GSC" type="Obs" conceptID="Obs8" novelty="None" advantage="None"/><text>The descriptive capability of the evaluated kinetic parameters is illustrated in Fig. 2a (continuous lines).</text></s> <s sid="90"><CoreSc1 atype="GSC" type="Bac" conceptID="Bac11" novelty="None" advantage="None"/><text>It should be noted that these lines were calculated using only one set of parameters, corresponding to the average of the seven values obtained from each fitting (Table 1).</text></s> <s sid="91"><CoreSc1 atype="GSC" type="Con" conceptID="Con2" novelty="None" advantage="None"/><text>These results demonstrate that the description of the hydrogen electrode reaction made through the kinetic study of the hydrogen oxidation reaction was adequate and self-consistent.</text></s></P><P><s sid="92"><CoreSc1 atype="GSC" type="Obs" conceptID="Obs9" novelty="None" advantage="None"/><text>Fig. 2b shows the dependence <IT>θ</IT>(<IT>η</IT>) calculated with this set of parameters for the less and the greater experimental <IT>ω</IT> values and for the limiting case of activated control corresponding to <IT>ω</IT> = ∞ (continuous line).</text></s> <s sid="93"><CoreSc1 atype="GSC" type="Obs" conceptID="Obs9" novelty="None" advantage="None"/><text>A large variation of the surface coverage can be observed with the rotation rate at a given overpotential.</text></s></P><P><s sid="94"><CoreSc1 atype="GSC" type="Con" conceptID="Con3" novelty="None" advantage="None"/><text>According to the results described above and taking into account that for platinum it can be considered (1 − <IT>θ</IT><SP>e</SP>) ≅ 1, the approximated method can also be used.<REF TYPE="P" ID="cit12">12</REF></text></s> <s sid="95"><CoreSc1 atype="GSC" type="Bac" conceptID="Bac12" novelty="None" advantage="None"/><text>As was indicated in subsection (b1), <IT>v</IT><SB>T</SB><SP>e</SP> can be estimated from eqn. (10) and then <IT>v</IT><SB>V</SB><SP>e</SP> can be evaluated from eqn. (11).</text></s> <s sid="96"><CoreSc1 atype="GSC" type="Met" conceptID="Met7" novelty="Old" advantage="None"/><text>The constant values <IT>j</IT><SB>max</SB><SP>kin<SP>−1</SP></SP> and <IT>R</IT><SB>p</SB><SP>o</SP> needed for the calculations were obtained from Figs. 3 and 4, respectively.</text></s> <s sid="97"><CoreSc1 atype="GSC" type="Obs" conceptID="Obs10" novelty="None" advantage="None"/><text>The corresponding values of <IT>v</IT><SB>T</SB><SP>e</SP> and <IT>v</IT><SB>V</SB><SP>e</SP> obtained in this way are shown in Table 1 (second column).</text></s></P><P><s sid="98"><CoreSc1 atype="GSC" type="Obj" conceptID="Obj4" novelty="New" advantage="None"/><text>Finally, the applicability of the Levich–Koutecky method was analysed.</text></s> <s sid="99"><CoreSc1 atype="GSC" type="Bac" conceptID="Bac13" novelty="None" advantage="None"/><text>It has been demonstrated that this alternative is limited by the fulfilment of the condition given in eqn. (20) of Part I.<REF TYPE="P" ID="cit8">8</REF></text></s> <s sid="100"><CoreSc1 atype="GSC" type="Res" conceptID="Res6" novelty="None" advantage="None"/><text>In the present case, as <IT>v</IT><SB>H</SB><SP>e</SP> ≅ 0, the condition is the following:Taking the most favourable value of <IT>j</IT><SB>L</SB> (0.01 A cm<SP>−2</SP>), the condition of eqn. (11) is not fulfilled.</text></s> <s sid="101"><CoreSc1 atype="GSC" type="Con" conceptID="Con4" novelty="None" advantage="None"/><text>Consequently, the Levich–Koutecky method is not applicable for this case.</text></s> <s sid="102"><CoreSc1 atype="GSC" type="Con" conceptID="Con4" novelty="None" advantage="None"/><text>This result is in agreement with the marked effect of the rotation rate on the surface coverage at constant potential, which is shown in Fig. 2b.</text></s> <s sid="103"><CoreSc1 atype="GSC" type="Bac" conceptID="Bac14" novelty="None" advantage="None"/><text>As has already been demonstrated, Levich–Koutecky plot can be applied only if <IT>θ</IT>(<IT>η</IT>) is invariant with <IT>j</IT><SB>L</SB><REF TYPE="P" ID="cit8">8</REF>.</text></s></P></DIV></DIV><DIV DEPTH="1"><HEADER>Discussion</HEADER><P><s sid="104"><CoreSc1 atype="GSC" type="Obj" conceptID="Obj5" novelty="New" advantage="None"/><text>Starting from the kinetic expressions derived in the first part of this work, a methodology for the evaluation of the kinetic parameters of the hydrogen electrode reaction for the Tafel–Heyrovsky–Volmer mechanism from experimental data of the hydrogen oxidation on a rotating disc electrode has been proposed.</text></s></P><P><s sid="105"><CoreSc1 atype="GSC" type="Met" conceptID="Met8" novelty="New" advantage="None"/><text>Although the method consisted basically in the correlation of the experimental dependence <IT>j</IT>(<IT>η</IT>,<IT>ω</IT>), other relationships were used in order to decrease the number of adjustable parameters as well as to improve the evaluation.</text></s> <s sid="106"><CoreSc1 atype="GSC" type="Met" conceptID="Met8" novelty="New" advantage="None"/><text>The first one is the relationship between the limiting diffusional current density and the rotation rate (eqn. (6)).</text></s> <s sid="107"><CoreSc1 atype="GSC" type="Met" conceptID="Met8" novelty="New" advantage="None"/><text>The second one is the relationship between <IT>R</IT><SB>p</SB><SP>o</SP> and the equilibrium reaction rates of the elementary steps (eqn. (7)).</text></s> <s sid="108"><CoreSc1 atype="GSC" type="Met" conceptID="Met8" novelty="New" advantage="None"/><text>Thus, the adjustable parameters are three (<IT>v</IT><SB>T</SB><SP>e</SP>, <IT>v</IT><SB>H</SB><SP>e</SP> and <IT>θ</IT><SP>e</SP>) and the others are obtained from them.</text></s> <s sid="109"><CoreSc1 atype="GSC" type="Met" conceptID="Met8" novelty="New" advantage="None"/><text>Finally, in the case when the origin ordinate of <IT>j</IT><SB>max</SB><SP>−1</SP> = <IT>f</IT>(<IT>ω</IT><SP>−1/2</SP>) is positive, a third constraint is generated (<IT>v</IT><SB>H</SB><SP>e</SP> ≅ 0).</text></s> <s sid="110"><CoreSc1 atype="GSC" type="Met" conceptID="Met8" novelty="New" advantage="None"/><text>In this case the adjustable parameters are reduced to two (<IT>v</IT><SB>T</SB><SP>e</SP> and <IT>θ</IT><SP>e</SP>).</text></s></P><P><s sid="111"><CoreSc1 atype="GSC" type="Obj" conceptID="Obj6" novelty="New" advantage="None"/><text>This methodology was applied for the analysis of the experimental results obtained for the hydrogen oxidation reaction on a platinum RDE.</text></s> <s sid="112"><CoreSc1 atype="GSC" type="Res" conceptID="Res7" novelty="None" advantage="None"/><text>The dependence <IT>j</IT><SB>max</SB><SP>−1</SP> = <IT>f</IT>(<IT>ω</IT><SP>−1/2</SP>) has a finite origin ordinate for this electrode, which means that the maximum kinetic current density <IT>j</IT><SB>max</SB><SP>kin</SP> for the hor is finite.</text></s> <s sid="113"><CoreSc1 atype="GSC" type="Con" conceptID="Con5" novelty="None" advantage="None"/><text>This result indicates that the hydrogen oxidation is verified under the Tafel–Volmer route (<IT>v</IT><SB>H</SB><SP>e</SP> &lt; 10<SP>−14</SP> mol s<SP>−1</SP> cm<SP>−2</SP>).</text></s> <s sid="114"><CoreSc1 atype="GSC" type="Bac" conceptID="Bac15" novelty="None" advantage="None"/><text>This dependence was adjusted in several works<REF TYPE="P" ID="cit13 cit14 cit15 cit16">13–16</REF> by straight lines passing through zero, although it could be clearly observed that this was not the best linear correlation, as was already pointed out by Yeager <IT>et al.</IT><REF TYPE="P" ID="cit17">17</REF></text></s> <s sid="115"><CoreSc1 atype="GSC" type="Res" conceptID="Res8" novelty="None" advantage="None"/><text>Furthermore, a finite value of <IT>j</IT><SB>max</SB><SP>kin</SP> implies that, at least in the overpotentials range analysed, the maximum current density is different from the limiting diffusional current density, although in the present case the difference is small.</text></s> <s sid="116"><CoreSc1 atype="GSC" type="Res" conceptID="Res9" novelty="None" advantage="None"/><text>On the other hand, <IT>j</IT><SB>max</SB><SP>kin</SP> can also be evaluated from eqn. (10) using the mean value of <IT>v</IT><SB>T</SB><SP>e</SP> illustrated in Table 1, the resulting value is <IT>j</IT><SB>max</SB><SP>kin</SP> = 0.264 A cm<SP>−2</SP>, which is quite similar to that (<IT>j</IT><SB>max</SB><SP>kin</SP> = 0.241 A cm<SP>−2</SP>) obtained from the origin ordinate of Fig. 3.</text></s></P><P><s sid="117"><CoreSc1 atype="GSC" type="Obj" conceptID="Obj7" novelty="New" advantage="None"/><text>An attempt was made in order to show by a different method the finite value of <IT>j</IT><SB>max</SB><SP>kin</SP>.</text></s> <s sid="118"><CoreSc1 atype="GSC" type="Met" conceptID="Met9" novelty="New" advantage="None"/><text>Two alternatives are proposed, which correspond to different rearranging of eqn. (9), with <IT>v</IT><SB>H</SB><SP>e</SP> ≅ 0 and taking into account eqn. (10):The parameter <IT>j</IT><SB>max</SB><SP>kin</SP> can be evaluated from both eqns. (13) and (14).</text></s> <s sid="119"><CoreSc1 atype="GSC" type="Met" conceptID="Met9" novelty="New" advantage="None"/><text>Taking into account that the equality <IT>j</IT><SB>max</SB>(<IT>ω</IT>) = <IT>j</IT><SB>L</SB>(<IT>ω</IT>) is fulfilled only if <IT>j</IT><SB>max</SB><SP>kin</SP> → ∞ (or <IT>v</IT><SB>T</SB><SP>e</SP> → ∞), then in this case the slope obtained for the application of eqn. (13) should be null and that corresponding to the application of eqn. (14) should be infinite.</text></s> <s sid="120"><CoreSc1 atype="GSC" type="Obs" conceptID="Obs11" novelty="None" advantage="None"/><text>Figs. 5 and 6 illustrate the experimental dependences corresponding to eqns. (13) and (14), respectively.</text></s> <s sid="121"><CoreSc1 atype="GSC" type="Res" conceptID="Res10" novelty="None" advantage="None"/><text>It can be observed that, within the dispersion of the experimental points, the value of <IT>j</IT><SB>max</SB><SP>kin</SP> is finite and the corresponding slopes are different from zero and infinite, respectively.</text></s> <s sid="122"><CoreSc1 atype="GSC" type="Res" conceptID="Res11" novelty="None" advantage="None"/><text>Besides, it should be noted that the straight lines shown in both Figs. 5 and 6 are not the corresponding linear regressions.</text></s> <s sid="123"><CoreSc1 atype="GSC" type="Res" conceptID="Res11" novelty="None" advantage="None"/><text>They are the result of the application of eqns. (13) and (14), respectively, using the values of <IT>j</IT><SB>max</SB><SP>kin</SP> and <IT>B</IT> obtained from the linear regression illustrated in Fig. 3.</text></s> <s sid="124"><CoreSc1 atype="GSC" type="Con" conceptID="Con6" novelty="None" advantage="None"/><text>These results should contribute to demonstrate that the relationship <IT>j</IT><SB>max</SB><SP>−1</SP> = <IT>f</IT>(<IT>ω</IT><SP>−1/2</SP>) has a finite origin ordinate.</text></s></P><P><s sid="125"><CoreSc1 atype="GSC" type="Con" conceptID="Con7" novelty="None" advantage="None"/><text>All the results described above confirm that the Tafel–Volmer route determines the behaviour of the HER on platinum electrodes, with <IT>v</IT><SB>H</SB><SP>e</SP> &lt; 10<SP>−14</SP> mol s<SP>−1</SP> cm<SP>−2</SP>.</text></s> <s sid="126"><CoreSc1 atype="GSC" type="Res" conceptID="Res12" novelty="None" advantage="None"/><text>It should also be noted that the dependence <IT>θ</IT>(<IT>η</IT>) has a unique solution, a behaviour that is not observed in the HER under activated control.<REF TYPE="P" ID="cit18">18</REF></text></s> <s sid="127"><CoreSc1 atype="GSC" type="Obs" conceptID="Obs12" novelty="None" advantage="None"/><text>Besides, the surface coverage decreases monotonically from <IT>θ</IT><SP>e</SP> and takes very low values.</text></s> <s sid="128"><CoreSc1 atype="GSC" type="Con" conceptID="Con8" novelty="None" advantage="None"/><text>This behaviour justifies the description of the adsorbed intermediate through the Langmuir isotherm.</text></s></P><P><s sid="129"><CoreSc1 atype="GSC" type="Bac" conceptID="Bac16" novelty="None" advantage="None"/><text>Finally, it is known that the hydrogen oxidation on platinum is produced on the electrode surface covered by adsorbed hydrogen of the UPD (under potential deposition) type.<REF TYPE="P" ID="cit19">19</REF></text></s> <s sid="130"><CoreSc1 atype="GSC" type="Con" conceptID="Con9" novelty="None" advantage="None"/><text>Nevertheless, the experimental results indicate that this type of adsorbed hydrogen does not affect the maximum current density on steady state.</text></s> <s sid="131"><CoreSc1 atype="GSC" type="Con" conceptID="Con9" novelty="None" advantage="None"/><text>Therefore, it can be inferred that the type of adsorbed hydrogen that participates in the hor as the reaction intermediate is different from the H(UPD).</text></s></P></DIV></BODY></PAPER>