<?xml version="1.0" encoding="UTF-8"?>
<!DOCTYPE PAPER
  SYSTEM "paper-structure-annotation.dtd">
<PAPER><mode2 name="b409366f" hasDoc="yes" version="1153"/><TITLE><s sid="1"><CoreSc1 atype="GSC" type="Obj" conceptID="Obj1" novelty="New" advantage="None"/><text>Immunomagnetic T cell capture from blood for PCR analysis using microfluidic systems</text></s></TITLE><ABSTRACT><s sid="2"><CoreSc1 atype="GSC" type="Goa" conceptID="Goa1" novelty="None" advantage="None"/><text>A one-step immunomagnetic separation technique was performed on a microfluidic platform for the isolation of specific cells from blood samples.</text></s> <s sid="3"><CoreSc1 atype="GSC" type="Goa" conceptID="Goa2" novelty="None" advantage="None"/><text>The cell isolation and purification studies targeted T cells, as a model for low abundance cells (about 1∶10,000 cells), with more dilute cells as the ultimate goal.</text></s> <s sid="4"><CoreSc1 atype="GSC" type="Res" conceptID="Res1" novelty="None" advantage="None"/><text>T cells were successfully separated on-chip from human blood and from reconstituted blood samples.</text></s> <s sid="5"><CoreSc1 atype="GSC" type="Obj" conceptID="Obj2" novelty="New" advantage="None"/><text>Quantitative polymerase chain reaction analysis of the captured cells was used to characterize the efficiency of T cell capture in a variety of flow path designs.</text></s> <s sid="6"><CoreSc1 atype="GSC" type="Res" conceptID="Res2" novelty="None" advantage="None"/><text>Employing many (4–8), 50 µm deep narrow channels, with the same overall cross section as a single, 3 mm wide channel, was much more effective in structuring dense enough magnetic bead beds to trap cells in a flowing stream.</text></s> <s sid="7"><CoreSc1 atype="GSC" type="Res" conceptID="Res3" novelty="None" advantage="None"/><text>The use of 8-multiple bifurcated flow paths increased capture efficiencies from ∼20 up to 37%, when compared to a straight 8-way split design, indicating the value of ensuring uniform flow distribution into each channel in a flow manifold for effective cell capture.</text></s> <s sid="8"><CoreSc1 atype="GSC" type="Obj" conceptID="Obj3" novelty="New" advantage="None"/><text>Sample flow rates of up to 3 µL min<SP>−1</SP> were evaluated in these capture beds.</text></s></ABSTRACT><BODY><DIV DEPTH="1"><HEADER>Introduction</HEADER><P><s sid="9"><CoreSc1 atype="GSC" type="Mot" conceptID="Mot1" novelty="None" advantage="None"/><text>Microfluidic systems appear to offer a powerful means to automate and miniaturize sample preparation for genetic assays and for clinical diagnostics in samples such as blood.<REF TYPE="P" ID="cit1 cit2 cit3">1–3</REF></text></s> <s sid="10"><CoreSc1 atype="GSC" type="Bac" conceptID="Bac1" novelty="None" advantage="None"/><text>However, while analyses of small volumes on a microchip are readily performed, the concentration or number of copies per mL of a target analyte in blood can be so low that relatively high volumes (10–1000 µL) must be processed.<REF TYPE="P" ID="cit4">4</REF></text></s> <s sid="11"><CoreSc1 atype="GSC" type="Bac" conceptID="Bac2" novelty="None" advantage="None"/><text>This leads to a need for two separate stages in a micro total analysis system (μ-TAS),<REF TYPE="P" ID="cit3">3</REF> one that can process and concentrate samples from a relatively high volume, and another, smaller volume stage, that performs biochemical assays such as immunoassays or the polymerase chain reaction (PCR).</text></s> <s sid="12"><CoreSc1 atype="GSC" type="Mot" conceptID="Mot2" novelty="None" advantage="None"/><text>The design of the first, large volume stage has not been extensively explored, but is a critical component of an overall μ-TAS concept for clinical diagnostics.</text></s> <s sid="13"><CoreSc1 atype="GSC" type="Goa" conceptID="Goa3" novelty="None" advantage="None"/><text>In this report we describe the study of appropriate flow paths that can be combined with magnetically trapped bead beds to capture rare cells from blood samples, to perform the sample clean-up that is often needed for analysis by PCR.<REF TYPE="P" ID="cit5 cit6 cit7">5–7</REF></text></s></P><P><s sid="14"><CoreSc1 atype="GSC" type="Bac" conceptID="Bac3" novelty="None" advantage="None"/><text>A large number of chip-based methods for genetic analysis have been reported, predominantly involving integration of PCR and separation of the PCR product.<REF TYPE="P" ID="cit8 cit9 cit10">8–10</REF></text></s> <s sid="15"><CoreSc1 atype="GSC" type="Mot" conceptID="Mot3" novelty="None" advantage="None"/><text>With the development of microchip methods for RNA or DNA sample preparation,<REF TYPE="P" ID="cit11 cit12 cit13">11–13</REF> PCR<REF TYPE="P" ID="cit14 cit15 cit16 cit17">14–17</REF> and on-chip hybridization,<REF TYPE="P" ID="cit18 cit19">18,19</REF> it has become clear that integrating the cell capture and concentration steps within a μ-TAS system remains a bottleneck.</text></s> <s sid="16"><CoreSc1 atype="GSC" type="Met" conceptID="Met1" novelty="Old" advantage="None"/><text>Microfiltration<REF TYPE="P" ID="cit20">20</REF> and dielectrophoresis<REF TYPE="P" ID="cit11 cit21">11,21</REF> have been used to integrate blood sample preparation with PCR on microfabricated devices.</text></s> <s sid="17"><CoreSc1 atype="GSC" type="Met" conceptID="Met1" novelty="Old" advantage="No"/><text>These studies showed the challenge associated with blood sample preparation for PCR.</text></s> <s sid="18"><CoreSc1 atype="GSC" type="Met" conceptID="Met1" novelty="Old" advantage="No"/><text>The microfilters were prone to clogging by blood samples, while the dielectrophoresis studies used only diluted or resuspended blood cells within a specific separation buffer, that was required to adjust the conductivity.</text></s> <s sid="19"><CoreSc1 atype="GSC" type="Met" conceptID="Met2" novelty="Old" advantage="None"/><text>As an alternative, paramagnetic beads offer a means to form an immunocapture bed to isolate rare cells from blood.</text></s> <s sid="20"><CoreSc1 atype="GSC" type="Met" conceptID="Met2" novelty="Old" advantage="Yes"/><text>These beds would be less susceptible to the challenges blood creates, because the beds can be formed and then released again in large channels that do not plug easily.</text></s></P><P><s sid="21"><CoreSc1 atype="GSC" type="Bac" conceptID="Bac4" novelty="None" advantage="None"/><text>Magnetic bead beds have attracted interest and were used successfully for dynamic DNA hybridization<REF TYPE="P" ID="cit19">19</REF> and mRNA isolation<REF TYPE="P" ID="cit13">13</REF> within a microfluidic device.</text></s> <s sid="22"><CoreSc1 atype="GSC" type="Bac" conceptID="Bac5" novelty="None" advantage="None"/><text>A self-assembled magnetic bead-bed was proposed for cell sorting<REF TYPE="P" ID="cit22">22</REF> in order to obtain a more controllable, compact magnetic bed.</text></s> <s sid="23"><CoreSc1 atype="GSC" type="Bac" conceptID="Bac6" novelty="None" advantage="None"/><text>The integration of magnetic trap actuator coils within a microfluidic device was also demonstrated by Ahn <IT>et al.</IT><REF TYPE="P" ID="cit23">23</REF></text></s> <s sid="24"><CoreSc1 atype="GSC" type="Bac" conceptID="Bac7" novelty="None" advantage="None"/><text>Recently, we reported on the use of a magnetic bead capture chip, in which antibody coated paramagnetic beads where first mixed off-chip with blood samples, then introduced into the chip, where the target cells were captured, washed and isolated from blood.<REF TYPE="P" ID="cit24">24</REF></text></s> <s sid="25"><CoreSc1 atype="GSC" type="Bac" conceptID="Bac8" novelty="None" advantage="None"/><text>Liu <IT>et al.</IT> have reported a similar approach, in which the PCR step was also integrated on-chip.<REF TYPE="P" ID="cit3">3</REF></text></s> <s sid="26"><CoreSc1 atype="GSC" type="Goa" conceptID="Goa4" novelty="None" advantage="None"/><text>These developments are promising, but it would be more convenient if the immunocapture reaction could also be performed in the microfluidic system, so that no external sample preparation was required.</text></s></P><P><s sid="27"><CoreSc1 atype="GSC" type="Exp" conceptID="Exp1" novelty="None" advantage="None"/><text>In this study human T cells (or the T cell derived Jurkat cell line) were used as the initial model of rare cells in blood, although more dilute sample analyses are ultimately contemplated.</text></s> <s sid="28"><CoreSc1 atype="GSC" type="Met" conceptID="Met3" novelty="New" advantage="None"/><text>Protein A/anti-human CD3 paramagnetic beads were first introduced into the chips and captured in a field generated by an external magnet.</text></s> <s sid="29"><CoreSc1 atype="GSC" type="Met" conceptID="Met4" novelty="New" advantage="None"/><text>A blood sample was then introduced, T cells were captured and rinsed clean, collected at the chip outlet and moved to a different module (off-chip in this case) for subsequent analysis.</text></s> <s sid="30"><CoreSc1 atype="GSC" type="Obj" conceptID="Obj4" novelty="New" advantage="None"/><text>This report focuses on the most appropriate design choices for the creation of microfluidic bead capture beds, when applied to blood samples that need to be several µL or more in volume.</text></s></P></DIV><DIV DEPTH="1"><HEADER>Experimental</HEADER><DIV DEPTH="2"><HEADER>Chip preparation</HEADER><P><s sid="31"><CoreSc1 atype="GSC" type="Exp" conceptID="Exp2" novelty="None" advantage="None"/><text>Device layouts were fabricated on 4″ × 4″ (0.54 mm thick) 0211 glass (Corning, NY, USA) at Micralyne, Edmonton, AB, Canada or at the University of Alberta Nanofab, as previously described,<REF TYPE="P" ID="cit25">25</REF> with 1.5 mm diam. access holes and 50–100 µL fluid reservoirs.</text></s> <s sid="32"><CoreSc1 atype="GSC" type="Exp" conceptID="Exp3" novelty="None" advantage="None"/><text>Y-intersection devices<REF TYPE="P" ID="cit13 cit26">13,26</REF> (Fig. 1) with coated walls were isotropically etched (HF∶HNO<SB>3</SB> etchant) to 10, 30 and 50 µm depths using a 100 µm wide photomask feature.</text></s> <s sid="33"><CoreSc1 atype="GSC" type="Exp" conceptID="Exp4" novelty="None" advantage="None"/><text>Y-devices used for magnetic bead beds were etched 70 µm deep, starting from a mask feature width of 200 µm (capture cross section 2.17 × 10<SP>−2</SP> mm<SP>2</SP>).</text></s> <s sid="34"><CoreSc1 atype="GSC" type="Exp" conceptID="Exp5" novelty="None" advantage="None"/><text>The FAT 3000 device, illustrated in Fig. 2, had seven different flow manifolds, each with a total manifold mask feature width of 3000 µm, isotropically etched in glass to a 50 µm depth, giving various cross sections.</text></s> <s sid="35"><CoreSc1 atype="GSC" type="Exp" conceptID="Exp6" novelty="None" advantage="None"/><text>The names for the manifolds were derived from the flow splitting used (designated A, B, C or D) and the number of channels in the capture area (1, 2, 4 or 8).</text></s></P><P><s sid="36"><CoreSc1 atype="GSC" type="Exp" conceptID="Exp7" novelty="None" advantage="None"/><text>A PHD 70–2001 syringe pump (Harvard Apparatus, Saint-Laurent, QC, Canada) with a 100 µL SGE gas-tight syringe (Supelco, Sigma-Aldrich Canada, Oakville, ON) in withdrawal mode (<IT>i.e.</IT> suction) pumped liquids through the chips.</text></s> <s sid="37"><CoreSc1 atype="GSC" type="Exp" conceptID="Exp8" novelty="None" advantage="None"/><text>Devices were rinsed using technical grade 70% ethanol.</text></s> <s sid="38"><CoreSc1 atype="GSC" type="Exp" conceptID="Exp9" novelty="None" advantage="None"/><text>Channels were pre-conditioned with 1% bovine serum albumin (BSA, Sigma-Aldrich Oakville, ON, Canada) to block non-specific adsorption (1 µL min<SP>−1</SP> for 1 min, then 0.25 µL min<SP>−1</SP> for 30 min, Y-device, or 10 µL min<SP>−1</SP> for 1 min, then 2.5 µL min<SP>−1</SP> for 5 min, FAT 3000), and filled with Dulbecco's phosphate buffered saline (PBS, Invitrogen, Burlington, ON, Canada).</text></s></P><P><s sid="39"><CoreSc1 atype="GSC" type="Exp" conceptID="Exp10" novelty="None" advantage="None"/><text>T cell capture on channel walls was performed in Y-devices first conditioned (stopped flow mode) with 70% HNO<SB>3</SB> (1 h), 2 M H<SB>2</SB>SO<SB>4</SB> (20 min) and 1 M NaOH (1 h).</text></s> <s sid="40"><CoreSc1 atype="GSC" type="Exp" conceptID="Exp11" novelty="None" advantage="None"/><text>The best results were obtained by then coating (stopped flow mode) with 20 µg mL<SP>−1</SP> Protein A (Sigma-Aldrich) in PBS (1 h), followed by 20 µg mL<SP>−1</SP> anti-human CD3 (in PBS, 30 min, clone HIT3a, BD PharMingen Canada, Mississauga, ON) and 1% BSA (in PBS, 30 min).</text></s></P><P><s sid="41"><CoreSc1 atype="GSC" type="Exp" conceptID="Exp12" novelty="None" advantage="None"/><text>For magnetic bead beds, Protein A/anti-human CD3 paramagnetic particles were introduced into channels and captured magnetically with a 6 mm diameter NdFeB permanent magnet (Edmund Industrial Optics, Barrington, NJ, USA), Fig. 3.</text></s> <s sid="42"><CoreSc1 atype="GSC" type="Exp" conceptID="Exp13" novelty="None" advantage="None"/><text>Anti-human CD3 was first loaded onto 1–2 µm diam., Protein A-coated, paramagnetic particles (Polysciences, Warrington, PA) by mixing 10 µL of the particle suspension (containing 133 µg solids covered with 1 µg Protein A) with 400 µL of 20 µg mL<SP>−1</SP> anti-human CD3 in an Eppendorf tube for 10 min, pelleting with a magnetic particle concentrator MPC<SP>®</SP>-E-1 (Dynal Biotech), washing 3X with 100 µL PBS, then resuspending in 10 µL PBS.</text></s></P></DIV><DIV DEPTH="2"><HEADER>Samples</HEADER><P><s sid="43"><CoreSc1 atype="GSC" type="Exp" conceptID="Exp14" novelty="None" advantage="None"/><text>Jurkat cells (ATCC No.</text></s> <s sid="44"><CoreSc1 atype="GSC" type="Exp" conceptID="Exp14" novelty="None" advantage="None"/><text>TIB-152, clone E6-1, T cell leukemia, human) were maintained in RPMI 1640 buffer supplemented with 10% fetal bovine serum, 1% l-glutamine and 2% antibiotic antimycotic solution (Sigma-Aldrich), stabilized in a humidified atmosphere with 8% CO<SB>2</SB> at 37 °C provided by a NuAire US Autoflow (NU-4750) Automatic CO2 water-jacketed incubator (Plymouth, MN, USA).</text></s> <s sid="45"><CoreSc1 atype="GSC" type="Exp" conceptID="Exp15" novelty="None" advantage="None"/><text>Cells were counted with a hemacytometer, and viability was determined using Trypan Blue 0.4% solution (both Sigma-Aldrich).</text></s> <s sid="46"><CoreSc1 atype="GSC" type="Exp" conceptID="Exp16" novelty="None" advantage="None"/><text>Cultures were maintained between 1.0 × 10<SP>5</SP> and 1.4 × 10<SP>6</SP> cells mL<SP>−1</SP>, with 91%–94% viable cells.</text></s> <s sid="47"><CoreSc1 atype="GSC" type="Exp" conceptID="Exp17" novelty="None" advantage="None"/><text>Serial dilutions were performed with supplemented RPMI 1640.</text></s></P><P><s sid="48"><CoreSc1 atype="GSC" type="Exp" conceptID="Exp18" novelty="None" advantage="None"/><text>Heparinized human blood samples (1 mL) were from a pooled, anonymous blood bank of patients from the Cross Cancer Institute (Edmonton, AB, Canada).</text></s> <s sid="49"><CoreSc1 atype="GSC" type="Exp" conceptID="Exp19" novelty="None" advantage="None"/><text>Aliquots of 2.00 ± 0.05 µL (RSD = 2.5%) of human blood were analyzed on-chip in the Y-device.</text></s> <s sid="50"><CoreSc1 atype="GSC" type="Exp" conceptID="Exp20" novelty="None" advantage="None"/><text>Aliquots of 2.00 µL (1070 ± 104 Jurkat cells, RSD = 9.7%) of reconstituted horse blood were analyzed in FAT 3000.</text></s> <s sid="51"><CoreSc1 atype="GSC" type="Exp" conceptID="Exp21" novelty="None" advantage="None"/><text>Concentrated horse red blood cells (1–2 × 10<SP>10</SP> cells mL<SP>−1</SP>, HemoStat Labs, Dixon, CA, USA), free of white blood cells, were mixed with 1–10 × 10<SP>5</SP> Jurkat cells mL<SP>−1</SP> suspended in supplemented RPMI 1640 to obtain reconstituted blood samples with ≥10,000 horse red blood cells for every Jurkat cell and a 1∶1 supplemented RPMI 1640 media to horse plasma ratio.</text></s> <s sid="52"><CoreSc1 atype="GSC" type="Res" conceptID="Res4" novelty="None" advantage="None"/><text>This mixture gave similar physical properties to human blood samples, but allowed a quick and precise preparation of samples with a well controlled, stable number of target Jurkat (T) cells for quantitative analysis.</text></s></P></DIV><DIV DEPTH="2"><HEADER>Chip operating procedures</HEADER><P><s sid="53"><CoreSc1 atype="GSC" type="Obj" conceptID="Obj5" novelty="New" advantage="None"/><text>Human blood samples were used to evaluate magnetic bead capture beds in 70 µm deep Y-devices.</text></s> <s sid="54"><CoreSc1 atype="GSC" type="Exp" conceptID="Exp22" novelty="None" advantage="None"/><text>Bead beds were prepared as described, a second magnet was placed under the chip opposite the first, as shown in Fig. 3, then a 2 µL aliquot of blood was slowly layered on the bottom of reservoirs A and B, each pre-filled with 40 µL of supplemented RPMI 1640, and pumped through the chip for 30 min at 0.25 µL min<SP>−1</SP>, followed by a PBS rinse for 20 min at 1 µL min<SP>−1</SP>.</text></s> <s sid="55"><CoreSc1 atype="GSC" type="Exp" conceptID="Exp23" novelty="None" advantage="None"/><text>The magnets were removed, the beads were pumped to the outlet reservoir, then collected by pipet for PCR analysis.</text></s> <s sid="56"><CoreSc1 atype="GSC" type="Obj" conceptID="Obj6" novelty="New" advantage="None"/><text>Reconstituted horse blood samples were used to evaluate magnetic bead capture beds in 50 µm deep FAT 3000 devices.</text></s> <s sid="57"><CoreSc1 atype="GSC" type="Exp" conceptID="Exp24" novelty="None" advantage="None"/><text>The same procedure as above was followed, except the sample was delivered to the bed at 3 µL min<SP>−1</SP> for 3 min, and the PBS rinsing step used 10 µL min<SP>−1</SP> for 3–20 min.</text></s></P></DIV><DIV DEPTH="2"><HEADER>Off-chip PCR and electrophoretic analysis of captured cells</HEADER><P><s sid="58"><CoreSc1 atype="GSC" type="Exp" conceptID="Exp25" novelty="None" advantage="None"/><text>DNA from cells was isolated during a 5 min incubation using a Dynabeads<SP>®</SP> DNA DIRECT<SP>™</SP> kit (Dynal Biotech, Lake Success, NY, USA).</text></s> <s sid="59"><CoreSc1 atype="GSC" type="Exp" conceptID="Exp26" novelty="None" advantage="None"/><text>The cells were mixed with 200 µL of Dynabeads in Dynal lysing buffer, in 1.5 mL siliconized Eppendorf tubes.</text></s> <s sid="60"><CoreSc1 atype="GSC" type="Exp" conceptID="Exp27" novelty="None" advantage="None"/><text>The standards contained between 10% and 200% of the Jurkat or T cells analyzed on-chip.</text></s> <s sid="61"><CoreSc1 atype="GSC" type="Exp" conceptID="Exp28" novelty="None" advantage="None"/><text>The supernatant was removed after 2 min in a magnetic particle concentrator, followed by 3–200 µL aliquots of washing buffer (Dynal).</text></s> <s sid="62"><CoreSc1 atype="GSC" type="Exp" conceptID="Exp29" novelty="None" advantage="None"/><text>The beads were placed in 20 µL resuspension buffer, and DNA was released by incubating 5 min at 65 °C.</text></s> <s sid="63"><CoreSc1 atype="GSC" type="Exp" conceptID="Exp30" novelty="None" advantage="None"/><text>The supernatant was transferred to a 0.2 mL PCR tube, while the beads (Dynabeads and Protein A) remained in the magnetic particle concentrator.</text></s></P><P><s sid="64"><CoreSc1 atype="GSC" type="Exp" conceptID="Exp31" novelty="None" advantage="None"/><text>The V-J junction of the T cell receptor (TCR) γ gene was amplified by PCR in the absence of paramagnetic beads, using a Progene Techne thermal cycler (Mandel Scientific Company Ltd., Guelph, ON, Canada), and PCR primers (V1, 5′-TACATCCACTGGTACCTACACCA-3′, J1/2, 5′-CCCGTCG ACTACCTTGGAAATGTTGTATTCTTC-3′)<REF TYPE="P" ID="cit27">27</REF> from Invitrogen (Burlington, ON, Canada).</text></s> <s sid="65"><CoreSc1 atype="GSC" type="Exp" conceptID="Exp32" novelty="None" advantage="None"/><text>Samples analyzed on Y-devices and FAT 3000 devices were processed with PCR kit I (Applied Biosystems, GeneAmp<SP>®</SP> PCR Core Reagents) and PCR kit II (Invitrogen, Platinum<SP>®</SP> PCR SuperMix), respectively.</text></s> <s sid="66"><CoreSc1 atype="GSC" type="Exp" conceptID="Exp33" novelty="None" advantage="None"/><text>PCR was performed simultaneously for each batch of samples and standards using DNase/RNase-free distilled water (Invitrogen), to minimize run variation.</text></s></P><P><s sid="67"><CoreSc1 atype="GSC" type="Exp" conceptID="Exp34" novelty="None" advantage="None"/><text>For the Y-device a 20 µL aliquot was amplified, following the suppliers procedures.</text></s> <s sid="68"><CoreSc1 atype="GSC" type="Exp" conceptID="Exp35" novelty="None" advantage="None"/><text>Relative blood standards consisting of 0.50 to 4.00 µL of blood, withdrawn from the same stock blood sample analyzed on-chip, was analyzed by PCR simultaneously with the chip treated sample.</text></s> <s sid="69"><CoreSc1 atype="GSC" type="Obj" conceptID="Obj7" novelty="New" advantage="None"/><text>Signal from the sample could then be correlated with the different blood volumes to obtain an effective volume for the chip-prepared sample, to thus determine cell capture efficiency relative to direct analysis of a sample aliquot.</text></s></P><P><s sid="70"><CoreSc1 atype="GSC" type="Exp" conceptID="Exp36" novelty="None" advantage="None"/><text>For FAT 3000 studies a 10 µL aliquot was amplified, following suppliers procedures.</text></s> <s sid="71"><CoreSc1 atype="GSC" type="Exp" conceptID="Exp37" novelty="None" advantage="None"/><text>Standards were prepared by delivery of various volumes of reconstituted horse blood, to calibrate the number of cells captured on chip from a 2 µL aliquot of reconstituted blood.</text></s></P><P><s sid="72"><CoreSc1 atype="GSC" type="Exp" conceptID="Exp38" novelty="None" advantage="None"/><text>The 300 bp PCR product obtained from samples and standards was analyzed at 10 kV (370 V cm<SP>−1</SP>) by capillary gel electrophoresis (CGE), using a Beckman P/ACE 5010, with a 488 nm laser fluorescence detector.</text></s> <s sid="73"><CoreSc1 atype="GSC" type="Exp" conceptID="Exp39" novelty="None" advantage="None"/><text>A physical gel containing 0.4% HPMC and 0.5 µg mL<SP>−1</SP> ethidium bromide in 0.5 × TBE (Tris-Boric acid-EDTA) running buffer (Amersham) was used to fill a 27 cm long, 50 µm id fused silica capillary.</text></s> <s sid="74"><CoreSc1 atype="GSC" type="Exp" conceptID="Exp40" novelty="None" advantage="None"/><text>An initial 1 s hydrodynamic injection (3.45 kPa) of pure water increased the size and precision of peak heights.<REF TYPE="P" ID="cit28 cit29">28,29</REF></text></s> <s sid="75"><CoreSc1 atype="GSC" type="Exp" conceptID="Exp41" novelty="None" advantage="None"/><text>Samples were injected at 5 kV for 5 s.</text></s> <s sid="76"><CoreSc1 atype="GSC" type="Exp" conceptID="Exp42" novelty="None" advantage="None"/><text>Quantitative results are the average of 4 sequential electropherograms.</text></s></P></DIV></DIV><DIV DEPTH="1"><HEADER>Results and discussion</HEADER><P><s sid="77"><CoreSc1 atype="GSC" type="Obj" conceptID="Obj8" novelty="New" advantage="None"/><text>Several different formats for the fluidic design of a cell capture system were evaluated.</text></s> <s sid="78"><CoreSc1 atype="GSC" type="Met" conceptID="Met5" novelty="New" advantage="None"/><text>The first was a simple, coated-wall device with an open-tubular flow path.</text></s> <s sid="79"><CoreSc1 atype="GSC" type="Obj" conceptID="Obj9" novelty="New" advantage="None"/><text>Difficulties with this approach led us to then investigate magnetically trapped bead beds for cell capture, which are routinely used off-chip for sample enrichment and specific target isolation.</text></s> <s sid="80"><CoreSc1 atype="GSC" type="Met" conceptID="Met6" novelty="New" advantage="None"/><text>Initially, a single-channel Y-device was used to evaluate cell capture efficiency, but this system gave low sample throughput.</text></s> <s sid="81"><CoreSc1 atype="GSC" type="Obj" conceptID="Obj10" novelty="New" advantage="None"/><text>Then a series of larger volume, more complex, flow paths were evaluated, in order to establish the most appropriate flow path for formation of a bead bed with good capture efficiency and better throughput.</text></s></P><DIV DEPTH="2"><HEADER>Channel wall capture of sample in a Y-intersection device</HEADER><P><s sid="82"><CoreSc1 atype="GSC" type="Met" conceptID="Met7" novelty="New" advantage="None"/><text>An antibody-coated channel wall provides the simplest form of capture device design, however, there are a number of competing design challenges that limit performance of such a design.</text></s> <s sid="83"><CoreSc1 atype="GSC" type="Met" conceptID="Met7" novelty="New" advantage="None"/><text>Because only the wall can trap cells, the capillary diameter should be small enough to allow frequent wall contact, but large enough to avoid plugging.</text></s> <s sid="84"><CoreSc1 atype="GSC" type="Met" conceptID="Met7" novelty="New" advantage="None"/><text>High flow rates are desirable to allow large sample throughput, but low shear forces (low linear velocity) are required to maximize cell capture.</text></s> <s sid="85"><CoreSc1 atype="GSC" type="Obs" conceptID="Obs1" novelty="None" advantage="None"/><text>In a series of qualitative studies with anti-human CD3 coated Y-devices, all the devices tested allowed flow when used with Jurkat cell suspensions (∼10<SP>6</SP> cells mL<SP>−1</SP>).</text></s> <s sid="86"><CoreSc1 atype="GSC" type="Obs" conceptID="Obs2" novelty="None" advantage="None"/><text>However, when blood samples were introduced, only the deepest etch (50 µm, 0.109 mm<SP>2</SP> cross section) gave devices that maintained flow with human blood samples.</text></s> <s sid="87"><CoreSc1 atype="GSC" type="Exp" conceptID="Exp43" novelty="None" advantage="None"/><text>To evaluate shear force effects on capture, the wall surfaces were first saturated by passing a 10<SP>5</SP> T cells mL<SP>−1</SP> suspension through the 50 µm deep device for an extended period, then subjected to a 30 s flow burst at a given flow rate, and the remaining cells were counted.</text></s> <s sid="88"><CoreSc1 atype="GSC" type="Obs" conceptID="Obs3" novelty="None" advantage="None"/><text>Cell counts of 149, 52, 6, and 0 cells/0.06 mm<SP>2</SP> remained after exposure to flow rates of 1.25, 5, 50 and 125 µL min<SP>−1</SP>.</text></s> <s sid="89"><CoreSc1 atype="GSC" type="Res" conceptID="Res5" novelty="None" advantage="None"/><text>While the lowest flow rate did allow the capture and retention of cells, the need to use 50 µm deep channels meant that many cells never came into contact with the chip walls, so that the capture efficiency was severely limited.</text></s> <s sid="90"><CoreSc1 atype="GSC" type="Obs" conceptID="Obs4" novelty="None" advantage="None"/><text>Further, coating the walls with antibody did not give highly reproducible cell capture efficiency.</text></s> <s sid="91"><CoreSc1 atype="GSC" type="Con" conceptID="Con1" novelty="None" advantage="None"/><text>Consequently, the capture of cells on a dispersed magnetic bead bed within a large channel appeared to be an attractive alternative.</text></s></P></DIV><DIV DEPTH="2"><HEADER>Magnetic bead bed capture of sample in a Y-intersection device</HEADER><P><s sid="92"><CoreSc1 atype="GSC" type="Met" conceptID="Met8" novelty="New" advantage="Yes"/><text>Magnetically captured bead beds provide a high surface area for the convenient capture and release of cells within a fluidic device.</text></s> <s sid="93"><CoreSc1 atype="GSC" type="Met" conceptID="Met8" novelty="New" advantage="None"/><text>Initial formation of the bead bed is an important step in preparing the device for sample capture and enrichment.</text></s> <s sid="94"><CoreSc1 atype="GSC" type="Exp" conceptID="Exp44" novelty="None" advantage="None"/><text>Bead capture was maximised through the use of an asymmetric magnetic field, achieved by placing a magnet on only one side of the chip.</text></s> <s sid="95"><CoreSc1 atype="GSC" type="Obs" conceptID="Obs5" novelty="None" advantage="None"/><text>In a simple Y-channel device, Fig. 1, efficiencies of about 100% bead capture were achieved at bead loading flows of 100 µL min<SP>−1</SP> (average linear velocity of 154 mm s<SP>−1</SP>) in channels 70 µm deep and 340 µm wide at the top of the etched surface (0.0217 mm<SP>2</SP> cross section).</text></s> <s sid="96"><CoreSc1 atype="GSC" type="Exp" conceptID="Exp45" novelty="None" advantage="None"/><text>We selected 50 µL min<SP>−1</SP> to deliver 2 µL of antibody loaded beads (in 40 µL PBS), since this required less than 30 s for bead introduction.</text></s> <s sid="97"><CoreSc1 atype="GSC" type="Obs" conceptID="Obs6" novelty="None" advantage="None"/><text>Semi-quantitative observation with a microscope showed that the majority of cells (Jurkat, 6.0 × 10<SP>5</SP> cells mL<SP>−1</SP>, 93% viability) were easily captured when flow rates of 0.1–1 µL min<SP>−1</SP> were used.</text></s> <s sid="98"><CoreSc1 atype="GSC" type="Res" conceptID="Res6" novelty="None" advantage="None"/><text>Above these flow rates the captured cell counts decreased with increasing rate, due either to the short time of contact with the beads, or the higher shear rates.</text></s> <s sid="99"><CoreSc1 atype="GSC" type="Res" conceptID="Res7" novelty="None" advantage="None"/><text>These experiments established that a flow rate of 0.25 µL min<SP>−1</SP> (average linear velocity of 190 µm s<SP>−1</SP>) provides a reasonable capture rate for T cells, so this flow rate was employed for all studies on the Y-device.</text></s></P><P><s sid="100"><CoreSc1 atype="GSC" type="Obj" conceptID="Obj11" novelty="New" advantage="None"/><text>The capture efficiency of the Y-device was tested using 2 µL human blood samples containing about 3400 T cells.</text></s> <s sid="101"><CoreSc1 atype="GSC" type="Exp" conceptID="Exp46" novelty="None" advantage="None"/><text>Cells were captured on preformed bead beds, then collected from the device and their DNA analyzed by PCR, along with a set of standards.</text></s> <s sid="102"><CoreSc1 atype="GSC" type="Exp" conceptID="Exp47" novelty="None" advantage="None"/><text>A T cell receptor γ gene was amplified simultaneously from sample and standards.</text></s> <s sid="103"><CoreSc1 atype="GSC" type="Exp" conceptID="Exp48" novelty="None" advantage="None"/><text>Relative standards of the same blood sample were prepared off-chip using between 25% and 200% of the volume analyzed on-chip.</text></s> <s sid="104"><CoreSc1 atype="GSC" type="Obj" conceptID="Obj12" novelty="New" advantage="None"/><text>This set of standards provides calibration of the PCR performance as a function of the total number of T cells in a given blood aliquot.</text></s> <s sid="105"><CoreSc1 atype="GSC" type="Obj" conceptID="Obj12" novelty="New" advantage="Yes"/><text>It allows a comparison of the signal obtained from cells captured on-chip with those analyzed directly in the blood, providing a measure of the chip capture efficiency for T cells.</text></s> <s sid="106"><CoreSc1 atype="GSC" type="Exp" conceptID="Exp48" novelty="None" advantage="None"/><text>The PCR product was analyzed by capillary gel electrophoresis (CGE).</text></s> <s sid="107"><CoreSc1 atype="GSC" type="Obs" conceptID="Obs7" novelty="None" advantage="None"/><text>The calibration curves of peak height <IT>versus</IT> the volume of blood used were approximately linear, but slightly better curve fits (judged by <IT>r</IT><SP>2</SP> values) were obtained from log–log plots.</text></s> <s sid="108"><CoreSc1 atype="GSC" type="Obs" conceptID="Obs8" novelty="None" advantage="None"/><text>(A given set of blood sample standards had an intercept of −0.577 and a slope of 0.868 (<IT>r</IT><SP>2</SP> = 0.989).) The 2 µL sample processed on-chip gave a signal corresponding to 0.835 µL of blood, indicating a T cell capture efficiency of 42 ± 4%.</text></s></P><P><s sid="109"><CoreSc1 atype="GSC" type="Res" conceptID="Res8" novelty="None" advantage="None"/><text>These experiments establish the ability to pre-form a bead capture bed for T cells, and then use the bed to capture T cells from a blood sample with a reasonable efficiency.</text></s> <s sid="110"><CoreSc1 atype="GSC" type="Con" conceptID="Con2" novelty="None" advantage="None"/><text>However, the low flow rates used to effect good capture mean that only very small sample volumes can be processed conveniently.</text></s> <s sid="111"><CoreSc1 atype="GSC" type="Obs" conceptID="Obs9" novelty="None" advantage="None"/><text>For example, a 2 µL sample introduction, followed by a 2 µL wash would take a minimum of 16 min at 0.25 µL min<SP>−1</SP>.</text></s> <s sid="112"><CoreSc1 atype="GSC" type="Con" conceptID="Con3" novelty="None" advantage="None"/><text>Thus extension of the approach to larger flow beds is necessary.</text></s></P></DIV><DIV DEPTH="2"><HEADER>Increased sample volume treatment in a FAT 3000 device</HEADER><P><s sid="113"><CoreSc1 atype="GSC" type="Met" conceptID="Met9" novelty="New" advantage="None"/><text>The most appropriate approach to increasing sample capacity without drastic increases in linear flow velocity and shear force is to increase the volume of the capture bed.</text></s> <s sid="114"><CoreSc1 atype="GSC" type="Met" conceptID="Met9" novelty="New" advantage="No"/><text>The flow path design for an efficient magnetic bead capture bed could take many forms, and it was not clear which would give the optimal capture efficiency.</text></s> <s sid="115"><CoreSc1 atype="GSC" type="Met" conceptID="Met10" novelty="New" advantage="None"/><text>The device we named FAT 3000, Fig. 2, was designed to investigate seven different flow manifolds, each intended to have a total channel width of 3000 µm, and a cross section about 10 times larger than the Y-device, yielding ten times higher volume flow rates.</text></s> <s sid="116"><CoreSc1 atype="GSC" type="Exp" conceptID="Exp49" novelty="None" advantage="None"/><text>Every manifold consisted of an inlet port, a splitting scheme, followed by a capture area and a channel to connect at the outlet port.</text></s> <s sid="117"><CoreSc1 atype="GSC" type="Met" conceptID="Met10" novelty="New" advantage="Yes"/><text>The larger the flow manifold, the more opportunity for channelling to occur in the bead bed (temporary open flow channels formed within the bead bed), leading to lower capture efficiencies due to reduced contact between beads and cells.</text></s> <s sid="118"><CoreSc1 atype="GSC" type="Met" conceptID="Met10" novelty="New" advantage="Yes"/><text>At the same time, the greater the number of channels in a manifold the greater will be the possibility for differing flow rates in different channels.</text></s> <s sid="119"><CoreSc1 atype="GSC" type="Obj" conceptID="Obj13" novelty="New" advantage="None"/><text>Thus the number of channel splittings, and the shape of the flow splitters was investigated.</text></s> <s sid="120"><CoreSc1 atype="GSC" type="Obs" conceptID="Obs10" novelty="None" advantage="None"/><text>Typical structures are illustrated in Fig. 2.</text></s> <s sid="121"><CoreSc1 atype="GSC" type="Obs" conceptID="Obs11" novelty="None" advantage="None"/><text>(The ∼1∶1 aspect ratio associated with glass etching gave cross-sections between each capture manifold that differed by up to 17.5%, expressed relative to manifold A1, as shown in Fig. 2.)</text></s></P><P><s sid="122"><CoreSc1 atype="GSC" type="Exp" conceptID="Exp50" novelty="None" advantage="None"/><text>The cell capture efficiency of the FAT 3000 manifolds was tested using reconstituted horse blood samples, spiked with human T cells (Jurkat cell line), and the number of cells captured was analysed using a hot-start PCR kit.</text></s> <s sid="123"><CoreSc1 atype="GSC" type="Exp" conceptID="Exp51" novelty="None" advantage="None"/><text>These samples provided an accurately quantifiable number of target cells in each sample.</text></s> <s sid="124"><CoreSc1 atype="GSC" type="Exp" conceptID="Exp52" novelty="None" advantage="None"/><text>Magnetic bead beds were first formed as described for the Y-device, using instead 5 µL of bead suspension.</text></s> <s sid="125"><CoreSc1 atype="GSC" type="Exp" conceptID="Exp53" novelty="None" advantage="None"/><text>Using a flow rate of 3 µL min<SP>−1</SP>, a 2 µL horse blood sample was introduced into a manifold, washed with PBS, and then the magnetic bead bed was released and transferred to the outlet reservoir for collection, PCR amplification and CGE analysis.</text></s> <s sid="126"><CoreSc1 atype="GSC" type="Obs" conceptID="Obs12" novelty="None" advantage="None"/><text>A calibration curve for horse blood samples with T cell content varying from 10–40% of the sample introduced on-chip is shown in Fig. 4.</text></s> <s sid="127"><CoreSc1 atype="GSC" type="Obs" conceptID="Obs13" novelty="None" advantage="None"/><text>A linear fit to the logarithmic plot gave an intercept of −2.80 and a slope of 0.879, with an <IT>r</IT><SP>2</SP> of 0.997.</text></s></P><P><s sid="128"><CoreSc1 atype="GSC" type="Obs" conceptID="Obs14" novelty="None" advantage="None"/><text>Fig. 5 shows the measured capture efficiencies for the seven different manifolds.</text></s> <s sid="129"><CoreSc1 atype="GSC" type="Obs" conceptID="Obs15" novelty="None" advantage="None"/><text>The 17.5% range in channel cross sections led to a range in average linear flow velocities between 250 and 320 µm s<SP>−1</SP>, which are within a factor of 1.7 of the flow rate used in testing the single channel Y-device (190 µm s<SP>−1</SP>).</text></s> <s sid="130"><CoreSc1 atype="GSC" type="Res" conceptID="Res9" novelty="None" advantage="None"/><text>Comparing the results obtained on manifolds B8, C8 and D8, which have the same cross-sectional area (0.181 mm<SP>2</SP>), it can be concluded that the stepwise bifurcation design of manifold D8 gives a higher efficiency than a simple splitter design, because of a more effective distribution of the bead and cell flow streams.</text></s> <s sid="131"><CoreSc1 atype="GSC" type="Res" conceptID="Res10" novelty="None" advantage="None"/><text>The same trend was observed comparing the efficiencies obtained on manifolds C4 and D4 (cross-sectional area of 0.166 mm<SP>2</SP>).</text></s> <s sid="132"><CoreSc1 atype="GSC" type="Met" conceptID="Met11" novelty="New" advantage="None"/><text>Manifolds B and C immediately split the flow at the entrance, whereas manifold D uses repeated bifurcations to split the flow.</text></s> <s sid="133"><CoreSc1 atype="GSC" type="Met" conceptID="Met11" novelty="New" advantage="Yes"/><text>The latter design ensures that each of the two paths downstream of a split have the same linear velocity profile at their entrance, so that each will receive an equal flow, in contrast to the situation with manifolds B or C. Flow rate differences will lead to differences in the amount of beads trapped in each channel, and in the subsequent flow of sample through each bead bed, which could lead to inefficient capture in some of the flow paths.</text></s> <s sid="134"><CoreSc1 atype="GSC" type="Res" conceptID="Res11" novelty="None" advantage="None"/><text>The results in Fig. 5 also show that multiple-channel bead beds provide better capture efficiency than one or two channel manifolds of the same cross section.</text></s> <s sid="135"><CoreSc1 atype="GSC" type="Obs" conceptID="Obs16" novelty="None" advantage="None"/><text>Notably, even halving the channel size (<IT>cf.</IT> A1 <IT>versus</IT> C2) in a manifold is enough to considerably improve capture efficiency.</text></s> <s sid="136"><CoreSc1 atype="GSC" type="Res" conceptID="Res12" novelty="None" advantage="None"/><text>Visual inspection suggests this improved performance in narrower channels is because the bead beds formed are more uniform, and have a lower tendency to exhibit channelling through the beds that can “short circuit” cell capture.</text></s> <s sid="137"><CoreSc1 atype="GSC" type="Res" conceptID="Res13" novelty="None" advantage="None"/><text>A reproducibility study (<IT>n</IT> = 4) of cell capture from reconstituted horse blood showed a range of up to 9% from day to day, but the trends between flow designs shown in Fig. 5 remained completely consistent.</text></s></P></DIV></DIV><DIV DEPTH="1"><HEADER>Conclusions</HEADER><P><s sid="138"><CoreSc1 atype="GSC" type="Obj" conceptID="Obj14" novelty="New" advantage="None"/><text>This study provides a comparative evaluation of open tubular capture beds with magnetically trapped bead capture beds for the trapping and enrichment of relatively rare cells in blood samples.</text></s> <s sid="139"><CoreSc1 atype="GSC" type="Con" conceptID="Con4" novelty="None" advantage="None"/><text>While the open tubular design allowed high flow rates, the associated shear stress prevented effective cell retention on the walls.</text></s> <s sid="140"><CoreSc1 atype="GSC" type="Con" conceptID="Con5" novelty="None" advantage="None"/><text>More importantly, the need for 50–70 µm deep channels to prevent plugging by blood meant that too few of the cells came into contact with the walls, reducing trapping efficiency significantly.</text></s> <s sid="141"><CoreSc1 atype="GSC" type="Con" conceptID="Con6" novelty="None" advantage="None"/><text>The magnetic bead bed approach provides a means to increase the capture surface area and place cells and surfaces in closer proximity.</text></s> <s sid="142"><CoreSc1 atype="GSC" type="Con" conceptID="Con7" novelty="None" advantage="None"/><text>The use of a magnetically captured bed also allows the cells to be readily released again after washing, for further sample processing.</text></s> <s sid="143"><CoreSc1 atype="GSC" type="Con" conceptID="Con8" novelty="None" advantage="None"/><text>As anticipated, wider channels gave reduced sample processing time in the bead bed, while still maintaining low enough shear stresses to retain captured cells.</text></s> <s sid="144"><CoreSc1 atype="GSC" type="Con" conceptID="Con9" novelty="None" advantage="None"/><text>However, the poor performance of a single, wide channel (manifold A1) compared to the Y-device or to the other manifolds, shows that employing many, narrower channels is much more effective in structuring dense enough magnetic bead beds to trap the cell streams.</text></s> <s sid="145"><CoreSc1 atype="GSC" type="Con" conceptID="Con10" novelty="None" advantage="None"/><text>The use of multiple bifurcated flow paths increased capture efficiencies from ∼20 up to 37%, compared to a straight 8-way split design, indicating the value of ensuring uniform flow distribution into each channel in a flow manifold for effective cell capture.</text></s></P></DIV></BODY></PAPER>