<?xml version="1.0" encoding="UTF-8"?>
<!DOCTYPE PAPER
  SYSTEM "paper-structure-annotation.dtd">
<PAPER><mode2 name="b409641j" hasDoc="yes" version="1153"/><TITLE><s sid="1"><CoreSc1 atype="GSC" type="Obj" conceptID="Obj1" novelty="New" advantage="None"/><text>Construction of a protein array on amyloid-like fibrils using co-assembly of designed peptides</text></s></TITLE><ABSTRACT><s sid="2"><CoreSc1 atype="GSC" type="Mot" conceptID="Mot1" novelty="None" advantage="None"/><text>Amyloid-like fibrils formed from <IT>de novo</IT> designed short peptides, made up a nanoscale scaffold on which streptavidin was arranged in a regular spacing, potentially allowing the development into an array technology utilizing bio-nanoconstructs.</text></s></ABSTRACT><BODY><DIV DEPTH="1"><HEADER/><P><s sid="3"><CoreSc1 atype="GSC" type="Bac" conceptID="Bac1" novelty="None" advantage="None"/><text>The aggregation of proteins and peptides into amyloid fibrils is most commonly associated with a variety of fatal disease such as Alzheimer's disease and the transmissible spongiform encephalopathies (prion diseases).<REF TYPE="P" ID="cit1">1</REF></text></s> <s sid="4"><CoreSc1 atype="GSC" type="Bac" conceptID="Bac2" novelty="None" advantage="None"/><text>Amyloid fibril is an undesirable state for proteins as biomolecules, however, it is a fascinating nanoconstruct because of its highly ordered quaternary structure in which numerous β-stranded polypeptide chains align regularly.<REF TYPE="P" ID="cit2">2</REF></text></s> <s sid="5"><CoreSc1 atype="GSC" type="Mot" conceptID="Mot2" novelty="None" advantage="None"/><text>Thus, this type of fibril has the potential to be engineered into novel proteinous nanoscale materials, and many fibrous proteins and peptides including of both natural and artificial origin have been investigated.<REF TYPE="P" ID="cit3 cit4 cit5 cit6 cit7">3–7</REF></text></s> <s sid="6"><CoreSc1 atype="GSC" type="Bac" conceptID="Bac3" novelty="None" advantage="None"/><text>We have previously demonstrated that <IT>de novo</IT> designed peptides undergo self-initiated structural transition and fibril formation, equipped with representative properties of amyloid.<REF TYPE="P" ID="cit3">3<IT>a–d</IT></REF> Cofibril formation from two, three or four peptide species with well-designed amino acid sequences was achieved, so that the charged residues within the β-strands were complementary to each other.<REF TYPE="P" ID="cit3">3<IT>c</IT>,<IT>d</IT></REF> This indicates a possibility of functionalising the fibrils by co-assembling of peptides with various elements to develop a fibrillar peptide material as a well-ordered nanoconstruct (Fig. 1).</text></s> <s sid="7"><CoreSc1 atype="GSC" type="Obj" conceptID="Obj2" novelty="New" advantage="None"/><text>Here, toward fabrication of a nanoscale array utilizing designed peptides, we report a protein (streptavidin) array immobilized on a fibrillar peptide assembly.</text></s> <s sid="8"><CoreSc1 atype="GSC" type="Met" conceptID="Met1" novelty="New" advantage="None"/><text>The biotinylated peptides were incorporated into the fibrils co-assembled with non-biotinylated peptides, allowing regular immobilization of streptavidin onto the fibrils.</text></s> <s sid="9"><CoreSc1 atype="GSC" type="Met" conceptID="Met1" novelty="New" advantage="Yes"/><text>The avidin-immobilized fibrils possibly make a nanoscaffold onto which a variety of functional groups are arranged.</text></s> <s sid="10"><CoreSc1 atype="GSC" type="Mot" conceptID="Mot3" novelty="None" advantage="None"/><text>The engineered fibrous peptides can be applied to develop arrays of chemical and biological molecules on the nanoscale construct.</text></s></P><P><s sid="11"><CoreSc1 atype="GSC" type="Met" conceptID="Met2" novelty="New" advantage="None"/><text>We designed β16 and biotinylated B2x-β16 peptides<REF TYPE="P" ID="cit8">8</REF> that could assemble into amyloid-like fibrils according to the previous studies (Fig. 1).<REF TYPE="P" ID="cit3">3<IT>a–d</IT></REF> B2x-β16 peptide had a biotin group at the N-terminus as a streptavidin-binding domain.</text></s> <s sid="12"><CoreSc1 atype="GSC" type="Mod" conceptID="Mod1" novelty="None" advantage="None"/><text>When the peptide sequence was drawn as a β-sheet model, hydrophobic Leu residues and hydrophilic Glu and Lys residues were separated on the different faces, and the amphiphilic faces were inverted at the centre of β-strand.</text></s></P><P><s sid="13"><CoreSc1 atype="GSC" type="Exp" conceptID="Exp1" novelty="None" advantage="None"/><text>Cofibril formation and the morphology of the designed peptides were analyzed by circular dichroism (CD) measurement, thioflavin T (ThT) binding assay, and transmission electron microscopy (TEM).</text></s> <s sid="14"><CoreSc1 atype="GSC" type="Exp" conceptID="Exp2" novelty="None" advantage="None"/><text>Biotinylated peptide (B2x-β16) was mixed with non-biotinylated peptide (β16) in a non-aggregated state in trifluoroethanol (in the molar ratio of 0–1% B2x-β16), and the peptide secondary structure was analyzed by CD measurements.</text></s> <s sid="15"><CoreSc1 atype="GSC" type="Obs" conceptID="Obs1" novelty="None" advantage="None"/><text>Both β16 alone and mixed peptides containing B2x-β16 formed a slightly α-helical ([<IT>θ</IT>]<SB>222</SB> = −6500 deg cm<SP>2</SP> dmol<SP>−1</SP> for mixed peptide containing 1% B2x-β16), but predominantly a random coil structure shortly after dilution in 20 mM Tris·HCl buffer (pH 7.4).</text></s> <s sid="16"><CoreSc1 atype="GSC" type="Obs" conceptID="Obs2" novelty="None" advantage="None"/><text>Through the incubation at 50 °C, transformation to the β-sheet structure occurred time-dependently, as indicated by CD spectra with a negative peak at 219 nm and a positive peak at 203 nm ([<IT>θ</IT>]<SB>219</SB> = −13 900 deg cm<SP>2</SP> dmol<SP>−1</SP> and [<IT>θ</IT>]<SB>203</SB> = 54 200 deg cm<SP>2</SP> dmol<SP>−1</SP> for the mixed peptide containing 1% B2x-β16).</text></s> <s sid="17"><CoreSc1 atype="GSC" type="Obs" conceptID="Obs3" novelty="None" advantage="None"/><text>After the transition, ThT added to the peptide solutions exhibited strong fluorescence emission at 480 nm (excited at 440 nm).</text></s> <s sid="18"><CoreSc1 atype="GSC" type="Bac" conceptID="Bac4" novelty="None" advantage="None"/><text>ThT bound to amyloid fibrils is known to show characteristic fluorescence emission, and is widely used as a probe for amyloid fibrils.</text></s> <s sid="19"><CoreSc1 atype="GSC" type="Res" conceptID="Res1" novelty="None" advantage="None"/><text>The result of ThT binding assay indicates that the β-structural peptides form amyloid-like fibrils.</text></s> <s sid="20"><CoreSc1 atype="GSC" type="Obs" conceptID="Obs4" novelty="None" advantage="None"/><text>Direct observation of the peptide aggregates by TEM revealed that the peptides formed fibrillar structures (Fig. 2(a)).</text></s> <s sid="21"><CoreSc1 atype="GSC" type="Obs" conceptID="Obs5" novelty="None" advantage="None"/><text>The fibrils were ∼20 nm in width and of varying length (several hundred nanometers to several micrometers).</text></s></P><P><s sid="22"><CoreSc1 atype="GSC" type="Exp" conceptID="Exp3" novelty="None" advantage="None"/><text>Specific introduction of streptavidin onto the matured fibrils was achieved using co-assembling fibrils with biotinylated peptides.</text></s> <s sid="23"><CoreSc1 atype="GSC" type="Exp" conceptID="Exp4" novelty="None" advantage="None"/><text>To pick out streptavidin under TEM observation, the streptavidin modified with colloidal gold (Au-Av: diameter of colloidal gold is 20 nm) was added to the matured fibrils (0–1% B2x-β16).<REF TYPE="P" ID="cit9">9</REF></text></s> <s sid="24"><CoreSc1 atype="GSC" type="Obs" conceptID="Obs6" novelty="None" advantage="None"/><text>No Au-Av was observed on the fibrils formed by β16 alone (containing no biotin), while attached Au-Av particles were observed on the fibrils containing B2x-β16 (Fig. 2(a)).</text></s> <s sid="25"><CoreSc1 atype="GSC" type="Res" conceptID="Res2" novelty="None" advantage="None"/><text>These results showed that biotinylated peptides were incorporated into fibrils, and streptavidin molecules attached to the biotin groups on the fibril.</text></s> <s sid="26"><CoreSc1 atype="GSC" type="Obs" conceptID="Obs7" novelty="None" advantage="None"/><text>Comparing with the cofibrils containing different ratios of B2x-β16 (1–0.01%), the quantity of Au-Av particles accumulated on the fibrils was inclined to become fewer, as the ratio of B2x-β16 became lower.</text></s> <s sid="27"><CoreSc1 atype="GSC" type="Res" conceptID="Res3" novelty="None" advantage="None"/><text>This suggests that there is a correlation between the mixing ratio of two peptides at a random coil state and the existence ratio of biotin in the formed fibrils.</text></s></P><P><s sid="28"><CoreSc1 atype="GSC" type="Obs" conceptID="Obs8" novelty="None" advantage="None"/><text>The distance between successive Au-Av particles bound to the fibrils containing 1% B2x-β16 indicated that the gold particles were distributed preferably on average every 50, 100, 150 nm (Fig. 2(b)), suggesting a periodic binding of Au-Av particles on the fibrils at every <IT>ca</IT>.</text></s> <s sid="29"><CoreSc1 atype="GSC" type="Obs" conceptID="Obs8" novelty="None" advantage="None"/><text>50 nm.</text></s> <s sid="30"><CoreSc1 atype="GSC" type="Obs" conceptID="Obs9" novelty="None" advantage="None"/><text>The distance of hydrogen bonds between peptide strands is 4.7 Å along the fibril direction in the cross-β-sheet structure,<REF TYPE="P" ID="cit2">2</REF> and in the fibrils of our designed peptide with homologous sequence it was found to be 4.1 Å as elucidated by X-ray reflection.<REF TYPE="P" ID="cit3">3<IT>c</IT></REF> The average 40–50 nm intervals between Au-Av particles represent the distance about 100–120 peptides aligned along the fibril axis.</text></s> <s sid="31"><CoreSc1 atype="GSC" type="Res" conceptID="Res4" novelty="None" advantage="None"/><text>Hence, it can be ideally considered that one biotinylated peptide is preferably incorporated in every 100–120 peptides during fibrillogenesis.</text></s> <s sid="32"><CoreSc1 atype="GSC" type="Bac" conceptID="Bac5" novelty="None" advantage="None"/><text>However, the observed fibrils with ∼20 nm width are supposed to consist of several β-sheet filaments bundling regularly,<REF TYPE="P" ID="cit2 cit5 cit6">2,5,6</REF> because the 5–6 nm-length peptide of β16 (16 amino acid residues) makes a single filament of about 5 nm width, if the peptides align perpendicularly to the fibril axis.</text></s> <s sid="33"><CoreSc1 atype="GSC" type="Hyp" conceptID="Hyp1" novelty="None" advantage="None"/><text>The assumed structure suggests that distances between biotin groups along the fibril direction should be shorter than 50 nm if biotinylated peptides were incorporated every 100 peptides.</text></s> <s sid="34"><CoreSc1 atype="GSC" type="Obs" conceptID="Obs10" novelty="None" advantage="None"/><text>Despite this, Au-Av particles were bound every 50 nm in our experiment.</text></s> <s sid="35"><CoreSc1 atype="GSC" type="Res" conceptID="Res5" novelty="None" advantage="None"/><text>One of the possible explanations is that streptavidin would bind with plural biotin groups.</text></s> <s sid="36"><CoreSc1 atype="GSC" type="Res" conceptID="Res5" novelty="None" advantage="None"/><text>Sterptavidin has four binding sites for biotin, and would bind to plural biotin groups closely arranged in the fibrils, probably resulting in no observation of intervals less than 20 nm and in broad peaks in the histogram.</text></s> <s sid="37"><CoreSc1 atype="GSC" type="Res" conceptID="Res6" novelty="None" advantage="None"/><text>Another speculation is that biotin groups could be exposed enough to bind streptavidin every 50 nm.</text></s> <s sid="38"><CoreSc1 atype="GSC" type="Bac" conceptID="Bac6" novelty="None" advantage="None"/><text>Dobson <IT>et al.</IT> reported that periodic binding of anti-fluorescein IgG to cofibrils assembled from insulin and a partial short peptide from other protein labelled with fluorescein.<REF TYPE="P" ID="cit7">7</REF></text></s> <s sid="39"><CoreSc1 atype="GSC" type="Bac" conceptID="Bac7" novelty="None" advantage="None"/><text>The insulin cofibrils showed a regular helical twist every 60 nm along the fibril axis, and the antibodies bound to fluorescein exposed according to the structural periodicity of fibrils such as helical twist of the fibrils.</text></s> <s sid="40"><CoreSc1 atype="GSC" type="Bac" conceptID="Bac8" novelty="None" advantage="None"/><text>However, the binding of the antibody to other cofibrils made from two types of other short peptides with native sequences (with no distinct design in their sequences) did not show high periodicity.</text></s> <s sid="41"><CoreSc1 atype="GSC" type="Res" conceptID="Res7" novelty="None" advantage="None"/><text>On the other hand, in our experiments the periodic binding of avidin to the fibrils was demonstrated, although the fibrils were formed from short peptides.</text></s> <s sid="42"><CoreSc1 atype="GSC" type="Res" conceptID="Res8" novelty="None" advantage="None"/><text>Our results may arise from the purposefully designed peptide sequences considering the side-chain interactions to affect regular fibril formation.</text></s> <s sid="43"><CoreSc1 atype="GSC" type="Bac" conceptID="Bac9" novelty="None" advantage="None"/><text>We have previously demonstrated using <IT>de novo</IT> designed peptides that the intermolecular side-chain interactions such as ionic pairing, hydrogen bonding, and hydrophobic interaction were constitutive for the fibril formation.<REF TYPE="P" ID="cit3">3</REF></text></s> <s sid="44"><CoreSc1 atype="GSC" type="Res" conceptID="Res9" novelty="None" advantage="None"/><text>The peptides used in this study were also well designed considering the matching of the side-chain interactions between antiparallel β-strands to regulate the fibril formation.</text></s> <s sid="45"><CoreSc1 atype="GSC" type="Res" conceptID="Res10" novelty="None" advantage="None"/><text>It is conceivable that the formed fibrils have a regularity or periodicity in the fine structure, although the direct evidence such as helical twist could not be found in TEM images.</text></s> <s sid="46"><CoreSc1 atype="GSC" type="Con" conceptID="Con1" novelty="None" advantage="None"/><text>In our speculation, the biotin groups in the fibrils were exposed to the aqueous environment according to the structural periodicity of fibrils determined by the side-chain interactions, leading to the periodic binding of avidin onto the fibrils.</text></s> <s sid="47"><CoreSc1 atype="GSC" type="Obs" conceptID="Obs11" novelty="None" advantage="None"/><text>The biotinylated peptides were quantitatively and randomly incorporated into the cofibrils.</text></s> <s sid="48"><CoreSc1 atype="GSC" type="Res" conceptID="Res11" novelty="None" advantage="None"/><text>Therefore, the frequency of bound Au-Av particles on the fibrils consequently reflects the structural periodicity of fibrils owing to the regular peptide alignment.</text></s> <s sid="49"><CoreSc1 atype="GSC" type="Bac" conceptID="Bac10" novelty="None" advantage="None"/><text>It is suggested that the arrangement of streptavidin on the peptide fibrils can be controlled using well-designed peptides.</text></s></P><P><s sid="50"><CoreSc1 atype="GSC" type="Con" conceptID="Con2" novelty="None" advantage="None"/><text>In conclusion, we have succeeded in the arrayed immobilization of natural protein onto the fibrillar nanoconstruct formed from designed peptides.</text></s> <s sid="51"><CoreSc1 atype="GSC" type="Con" conceptID="Con3" novelty="None" advantage="None"/><text>Streptavidin was disposed regularly at intervals of 50 nm on the fibrils containing biotinylated peptides.</text></s> <s sid="52"><CoreSc1 atype="GSC" type="Mot" conceptID="Mot4" novelty="None" advantage="None"/><text>Other functional molecules can be arrayed onto the fibrils used in this study by adding functionalized streptavidin to biotinylated fibrils and/or adding functionalized biotin to streptavidin-immobilized fibrils.</text></s> <s sid="53"><CoreSc1 atype="GSC" type="Res" conceptID="Res12" novelty="None" advantage="None"/><text>In fact, the fluorophore-labelled avidin bound to the fibrils has enabled single fiber observation (data not shown).</text></s> <s sid="54"><CoreSc1 atype="GSC" type="Con" conceptID="Con4" novelty="None" advantage="None"/><text>Furthermore, engineered peptide fibrils formed from small peptides is of advantage, because the peptide element constructing fibrils can be easily modulated and modified by its amino acid composition,<REF TYPE="P" ID="cit3">3<IT>e</IT></REF> chain length, and incorporation of functional groups.</text></s> <s sid="55"><CoreSc1 atype="GSC" type="Con" conceptID="Con5" novelty="None" advantage="None"/><text>The present study implies that a variety of functional molecules can be immobilized on peptide nanofibrils in controlled distance and amount, thus indicating the possibility to design nanoscale bioconstructs with functionalities.</text></s></P></DIV></BODY></PAPER>