<?xml version="1.0" encoding="UTF-8"?>
<!DOCTYPE PAPER
  SYSTEM "paper-structure-annotation.dtd">
<PAPER><mode2 name="b410439k" hasDoc="yes" version="1153"/><TITLE><s sid="1"><CoreSc1 atype="GSC" type="Obj" conceptID="Obj1" novelty="New" advantage="None"/><text>Formation of giant colloidosomes by transfer of pendant water drops coated with latex particles through an oil–water interface</text></s></TITLE><ABSTRACT><s sid="2"><CoreSc1 atype="GSC" type="Met" conceptID="Met1" novelty="New" advantage="None"/><text>We have devised a new technique for producing and studying giant pendant colloidosomes based on transferring particle-coated pendant water drops in oil through a planar oil–water interface.</text></s></ABSTRACT><BODY><DIV DEPTH="1"><HEADER/><P><s sid="3"><CoreSc1 atype="GSC" type="Bac" conceptID="Bac1" novelty="None" advantage="None"/><text>Colloidosomes are a novel class of microcapsules whose shell consists of smaller colloid particles.</text></s> <s sid="4"><CoreSc1 atype="GSC" type="Met" conceptID="Met2" novelty="Old" advantage="None"/><text>Such structures were produced for the first time by Velev <IT>et al</IT><REF TYPE="P" ID="cit1">1</REF>. by templating latex particles adsorbed on the surface of octanol-in-water emulsion drops and subsequent removal of the oil after fusing the particle monolayers.</text></s> <s sid="5"><CoreSc1 atype="GSC" type="Met" conceptID="Met3" novelty="Old" advantage="None"/><text>Caruso <IT>et al</IT><REF TYPE="P" ID="cit2 cit3">2,3</REF>. templated solid nanoparticles on the surface of solid sacrificial microparticles based on electrostatic attraction and layer-by-layer assembly of multilayer shells consisting of alternating positively and negatively charged nanoparticles or polyelectrolytes.</text></s> <s sid="6"><CoreSc1 atype="GSC" type="Met" conceptID="Met4" novelty="Old" advantage="None"/><text>Dinsmore <IT>et al</IT><REF TYPE="P" ID="cit4">4</REF>. produced colloidosomes by assembly of polymer latex colloidal particles into shells around water-in-oil emulsion drops followed by partial fusion of the shell and centrifugal transfer into water to yield stable capsules in which the shell permeability can be controlled by adjustment of the partial fusion conditions.</text></s> <s sid="7"><CoreSc1 atype="GSC" type="Met" conceptID="Met5" novelty="Old" advantage="None"/><text>Noble <IT>et al</IT><REF TYPE="P" ID="cit5">5</REF>. created “hairy” colloidosomes by templating microrod particles over aqueous gel micro-beads.</text></s> <s sid="8"><CoreSc1 atype="GSC" type="Mot" conceptID="Mot1" novelty="None" advantage="None"/><text>Despite the importance of colloidosomes as a novel and promising encapsulation vehicle, very little experimental work has been reported investigating the phenomena occurring as particle monolayers adsorbed on liquid templates (drops) transfer through the oil–water interface and how this process leads to the formation of a colloidosome membrane.</text></s> <s sid="9"><CoreSc1 atype="GSC" type="Met" conceptID="Met6" novelty="Old" advantage="None"/><text>Very recently, we studied the bridging of water drops densely coated with latex particles in an oil phase with a planar oil–water interface.<REF TYPE="P" ID="cit6">6</REF></text></s> <s sid="10"><CoreSc1 atype="GSC" type="Met" conceptID="Met6" novelty="Old" advantage="Yes"/><text>The liquid surfaces strongly adhere to each other but do not coalesce due to the formation of a stable oil film whose surfaces are bridged by the latex particle monolayer.</text></s> <s sid="11"><CoreSc1 atype="GSC" type="Obj" conceptID="Obj1" novelty="New" advantage="None"/><text>Here, we report formation of giant pendant colloidosomes produced by displacing pendant water drops coated with a particle monolayer through a planar oil–water interface.</text></s> <s sid="12"><CoreSc1 atype="GSC" type="Obj" conceptID="Obj1" novelty="New" advantage="Yes"/><text>We have been able to form colloidosome membranes directly attached to the tip of a capillary which opens new possibilities for studying their properties.</text></s></P><P><s sid="13"><CoreSc1 atype="GSC" type="Met" conceptID="Met1" novelty="New" advantage="None"/><text>Our method is schematically illustrated in Fig. 1.</text></s> <s sid="14"><CoreSc1 atype="GSC" type="Met" conceptID="Met1" novelty="New" advantage="None"/><text>Initially a pendant drop of an aqueous suspension of latex particles is formed in an oil phase.</text></s> <s sid="15"><CoreSc1 atype="GSC" type="Met" conceptID="Met1" novelty="New" advantage="None"/><text>We produce a closely packed particle monolayer adsorbed on the drop surface by multiple infusion and withdrawal of the particle suspension through the capillary in the oil phase (see <REF TYPE="P" ID="cit6">ref. 6</REF>).</text></s> <s sid="16"><CoreSc1 atype="GSC" type="Met" conceptID="Met1" novelty="New" advantage="None"/><text>Finally, the pendant water drop in oil, densely coated with adsorbed particles, is transferred through a planar oil–water interface (free of particles) to form a giant pendant colloidosome, which consists of a spherical water/oil/water film supported by latex particles possibly bridging both surfaces.<REF TYPE="P" ID="cit6 cit7">6,7</REF></text></s> <s sid="17"><CoreSc1 atype="GSC" type="Met" conceptID="Met1" novelty="New" advantage="Yes"/><text>In the present method no partial fusion of the particles is required, as the integrity of the particle monolayer is supported by the oil film.</text></s> <s sid="18"><CoreSc1 atype="GSC" type="Met" conceptID="Met1" novelty="New" advantage="Yes"/><text>Our technique also allows formation of pendant colloidosomes with fused particle monolayers.</text></s> <s sid="19"><CoreSc1 atype="GSC" type="Met" conceptID="Met1" novelty="New" advantage="Yes"/><text>With this methodology we can produce colloidosomes attached to a capillary which allows the properties of the colloidosome membrane to be studied as a function of the number of adsorbed particles.</text></s> <s sid="20"><CoreSc1 atype="GSC" type="Met" conceptID="Met1" novelty="New" advantage="Yes"/><text>The latter can be easily controlled by changing the volume of the inner aqueous phase.</text></s> <s sid="21"><CoreSc1 atype="GSC" type="Met" conceptID="Met1" novelty="New" advantage="Yes"/><text>In addition, our approach allows us to study the curvature effect on the stability of colloidosome membranes.</text></s> <s sid="22"><CoreSc1 atype="GSC" type="Bac" conceptID="Bac1" novelty="None" advantage="None"/><text>These factors are very difficult to control by other methods for producing such films bridged by colloid particles.<REF TYPE="P" ID="cit6 cit7">6,7</REF></text></s></P><P><s sid="23"><CoreSc1 atype="GSC" type="Exp" conceptID="Exp1" novelty="None" advantage="None"/><text>Single pendant drops of an aqueous suspension of 220 nm monodisperse sulfate PS latex particles (home made) were produced in tricaprylin oil (from Sigma) by using a Krüss DSA-10 Drop Shape Analysis system with syringe needles ranging from 1.0 to 1.5 mm in diameter.</text></s> <s sid="24"><CoreSc1 atype="GSC" type="Exp" conceptID="Exp2" novelty="None" advantage="None"/><text>In a similar experiment we produced drops of an aqueous suspension of 9.6 μm monodisperse sulfate PS latex particles (from IDC) in n-decane.</text></s> <s sid="25"><CoreSc1 atype="GSC" type="Exp" conceptID="Exp2" novelty="None" advantage="None"/><text>Tricaprylin and decane were purified by passing through chromatographic alumina.</text></s> <s sid="26"><CoreSc1 atype="GSC" type="Exp" conceptID="Exp2" novelty="None" advantage="None"/><text>The concentration of NaCl in the latex suspensions was adjusted to 0.5 mM to facilitate particle adsorption to the oil–water interface.</text></s></P><P><s sid="27"><CoreSc1 atype="GSC" type="Exp" conceptID="Exp2" novelty="None" advantage="None"/><text>To obtain a planar tricaprylin–water interface the external rim of an internal cell (a rectangular cuvette from Helma) was coated with ∼5 μm of SU-8, a hydrophobic negative resist material, to pin the oil–water–solid contact line.</text></s> <s sid="28"><CoreSc1 atype="GSC" type="Exp" conceptID="Exp2" novelty="None" advantage="None"/><text>For this purpose, a clean microscope slide was spin-coated with SU-8 and then the inverted cuvette was pressed onto the slide before the SU-8 layer was photopolymerised in UV light.</text></s> <s sid="29"><CoreSc1 atype="GSC" type="Exp" conceptID="Exp2" novelty="None" advantage="None"/><text>The rim of the tip of the metal capillary was also coated with SU-8 to provide a hydrophobic “face” with hydrophilic inner and outer surfaces.</text></s> <s sid="30"><CoreSc1 atype="GSC" type="Exp" conceptID="Exp2" novelty="None" advantage="None"/><text>The latter was necessary to pin the oil film on the capillary tip when a colloidosome is formed.</text></s> <s sid="31"><CoreSc1 atype="GSC" type="Exp" conceptID="Exp2" novelty="None" advantage="None"/><text>The aqueous dispersion of particles and electrolyte was prepared and loaded into a syringe.</text></s> <s sid="32"><CoreSc1 atype="GSC" type="Exp" conceptID="Exp2" novelty="None" advantage="None"/><text>The internal cell was placed in a larger cuvette and was filled to the top with milli-Q water.</text></s> <s sid="33"><CoreSc1 atype="GSC" type="Exp" conceptID="Exp2" novelty="None" advantage="None"/><text>The external cell was then filled with the oil phase (tricaprylin or decane).</text></s></P><P><s sid="34"><CoreSc1 atype="GSC" type="Exp" conceptID="Exp1" novelty="None" advantage="None"/><text>A pendant water-in-oil drop of diameter about 1–2 mm coated with 220 nm PS-sulfate particles was prepared by multiple infusion and withdrawal of the aqueous suspension with a syringe (see Fig. 2a) which allows more particles from the suspension to be adsorbed on the drop surface.</text></s> <s sid="35"><CoreSc1 atype="GSC" type="Obs" conceptID="Obs1" novelty="None" advantage="None"/><text>Further compression of the particle monolayer to near collapse resulted in an asymmetric shape of the pendant drop.</text></s> <s sid="36"><CoreSc1 atype="GSC" type="Exp" conceptID="Exp1" novelty="None" advantage="None"/><text>The stage supporting the external cuvette was raised while the capillary was kept stationary, therefore pushing the planar oil–water interface (on the top of the internal cuvette) above the water drop to create a colloidosome.</text></s></P><P><s sid="37"><CoreSc1 atype="GSC" type="Obs" conceptID="Obs2" novelty="None" advantage="None"/><text>Fig. 2 presents typical images from the different stages of the described procedure.</text></s> <s sid="38"><CoreSc1 atype="GSC" type="Obs" conceptID="Obs2" novelty="None" advantage="None"/><text>We noticed that if the initial water drop was wider than the internal diameter of the capillary tip, part of it detached from the tip upon transfer and remained on top of the planar oil–water interface, where it stayed for hours without coalescing with the bottom water phase (see also <REF TYPE="P" ID="cit6">ref. 6</REF>).</text></s> <s sid="39"><CoreSc1 atype="GSC" type="Obs" conceptID="Obs2" novelty="None" advantage="None"/><text>However, the remaining part of the particle-coated water drop transfers through the oil–water interface intact and forms a hemispherical oil film entrapping an adsorbed dense monolayer of latex particles.</text></s> <s sid="40"><CoreSc1 atype="GSC" type="Exp" conceptID="Exp3" novelty="None" advantage="None"/><text>Expansion of the colloidosome was then performed by gradually increasing the volume of the internal aqueous phase, in a similar way to the preparation of the initial water drop in oil.</text></s> <s sid="41"><CoreSc1 atype="GSC" type="Obs" conceptID="Obs3" novelty="None" advantage="None"/><text>Note that following this procedure we were able to increase the volume of the initial colloidosome “bubble” more than 10 times.</text></s> <s sid="42"><CoreSc1 atype="GSC" type="Obs" conceptID="Obs3" novelty="None" advantage="None"/><text>Such pendant colloidosomes showed remarkable stability against expansion and survived attached to the capillary for several hours before breaking up.</text></s> <s sid="43"><CoreSc1 atype="GSC" type="Bac" conceptID="Bac2" novelty="None" advantage="None"/><text>Our previous results<REF TYPE="P" ID="cit6">6</REF> indicate that a bridging film is formed when the particle stabilised drop touches the flat oil–water interface.</text></s> <s sid="44"><CoreSc1 atype="GSC" type="Res" conceptID="Res1" novelty="None" advantage="None"/><text>If the particle monolayer is bridging both surfaces of the oil film (<IT>e.g.</IT> Fig. 2e and 2f) this result implies that no dense particle monolayer is needed to keep the two film surfaces far apart.</text></s> <s sid="45"><CoreSc1 atype="GSC" type="Hyp" conceptID="Hyp1" novelty="None" advantage="None"/><text>A possible explanation is that individual particles bridging the oil film are acting as spacers and prevent the two oil–water interfaces from coalescing.</text></s> <s sid="46"><CoreSc1 atype="GSC" type="Hyp" conceptID="Hyp2" novelty="None" advantage="None"/><text>In addition, it is likely that if the colloidosome is expanded gradually, more particles will adsorb to the inner oil–water interface from the drop interior.</text></s> <s sid="47"><CoreSc1 atype="GSC" type="Hyp" conceptID="Hyp2" novelty="None" advantage="None"/><text>More research is needed to reveal whether the particles are uniformly distributed in the diluted bridging monolayer due to mutual repulsion<REF TYPE="P" ID="cit8">8</REF> or clustered in 2D aggregates.</text></s></P><P><s sid="48"><CoreSc1 atype="GSC" type="Exp" conceptID="Exp4" novelty="None" advantage="None"/><text>Free giant colloidosomes were also prepared by detaching water-in-decane pendant drops coated with 9.6 μm PS sulfate latex particles from the capillary above the decane-water interface.</text></s> <s sid="49"><CoreSc1 atype="GSC" type="Obs" conceptID="Obs4" novelty="None" advantage="None"/><text>In this case, the water droplet falls on the flat decane-water interface and transfers into the water phase.</text></s> <s sid="50"><CoreSc1 atype="GSC" type="Obs" conceptID="Obs4" novelty="None" advantage="None"/><text>Fig. 3 shows such a giant w/o/w colloidosome transferred below the planar liquid interface.</text></s> <s sid="51"><CoreSc1 atype="GSC" type="Obs" conceptID="Obs4" novelty="None" advantage="None"/><text>Such colloidosomes were unstable, rupturing after a few minutes of contact with the decane-water interface.</text></s> <s sid="52"><CoreSc1 atype="GSC" type="Hyp" conceptID="Hyp3" novelty="None" advantage="None"/><text>The instability could possibly be due to fact that the latex particles in the colloidosome membrane are not fused and cannot effectively prevent its coalescence with the top decane phase.</text></s></P><P><s sid="53"><CoreSc1 atype="GSC" type="Con" conceptID="Con1" novelty="None" advantage="None"/><text>In conclusion, we show that colloidosomes can be formed without fusing the colloidal particles.</text></s> <s sid="54"><CoreSc1 atype="GSC" type="Met" conceptID="Met1" novelty="New" advantage="None"/><text>We have developed a technique for producing giant pendant colloidosomes supported by an oil film bridged by a particle monolayer.</text></s> <s sid="55"><CoreSc1 atype="GSC" type="Met" conceptID="Met1" novelty="New" advantage="Yes"/><text>Such pendant colloidosomes allow expansion more than 10 times their initial volume.</text></s> <s sid="56"><CoreSc1 atype="GSC" type="Con" conceptID="Con2" novelty="None" advantage="None"/><text>We expect that this technique can become a useful tool for studying the properties of colloidosome membranes, like the membrane tension, elasticity, the effect of the particle surface concentration and the thickness of the oil film on the membrane permeability.</text></s> <s sid="57"><CoreSc1 atype="GSC" type="Con" conceptID="Con2" novelty="None" advantage="None"/><text>An interesting extension of this approach would be to transfer a particle-coated pendant drop through a particle-laden planar interface to produce a particle bilayer colloidosome membrane.</text></s> <s sid="58"><CoreSc1 atype="GSC" type="Con" conceptID="Con3" novelty="None" advantage="None"/><text>With minor modifications of this technique, the elasticity of colloidosome membranes can be determined from shape changes of colloidosomes attached to two capillaries and brought into contact.</text></s> <s sid="59"><CoreSc1 atype="GSC" type="Con" conceptID="Con3" novelty="None" advantage="None"/><text>In the case of non-fused particles, the membrane elasticity can also be determined as a function of the particle surface concentration.</text></s> <s sid="60"><CoreSc1 atype="GSC" type="Con" conceptID="Con4" novelty="None" advantage="None"/><text>The release kinetics of encapsulated materials in a pending colloidosome can also be studied as a function of the particle surface concentration.</text></s> <s sid="61"><CoreSc1 atype="GSC" type="Bac" conceptID="Bac3" novelty="None" advantage="None"/><text>Some of these avenues will be pursued in a follow-up publication.</text></s></P></DIV></BODY></PAPER>