<?xml version="1.0" encoding="UTF-8"?>
<!DOCTYPE PAPER
  SYSTEM "paper-structure-annotation.dtd">
<PAPER><mode2 name="b411989d" hasDoc="yes" version="1168"/><TITLE><s sid="1"><CoreSc1 atype="GSC" type="Obj" conceptID="Obj1" novelty="New" advantage="None"/><text>A theoretical treatment of the Ã <SP>2</SP>Σ<SP>+</SP>state of the Ar⋯HS/Ar⋯SH van der Waals complex</text></s></TITLE><ABSTRACT><s sid="2"><CoreSc1 atype="GSC" type="Res" conceptID="Res1" novelty="None" advantage="None"/><text>We present an <IT>ab initio</IT> potential energy surface for the Ã <SP>2</SP>Σ<SP>+</SP> state of the Ar⋯HS van der Waals molecule.</text></s> <s sid="3"><CoreSc1 atype="GSC" type="Res" conceptID="Res2" novelty="None" advantage="None"/><text>The surface represents a fit to 196 points calculated at the RCCSD(T) level with an aug-cc-pV5Z basis set and encompasses both the Ar⋯SH and Ar⋯HS isomers.</text></s> <s sid="4"><CoreSc1 atype="GSC" type="Res" conceptID="Res3" novelty="None" advantage="None"/><text>We have further calculated vibrational levels on this surface using a discrete variable representation (DVR) approach.</text></s> <s sid="5"><CoreSc1 atype="GSC" type="Met" conceptID="Met1" novelty="Old" advantage="None"/><text>The vibrational levels supported within the Ar⋯HS minimum are compared with levels derived from high-resolution laser induced fluorescence spectra.</text></s> <s sid="6"><CoreSc1 atype="GSC" type="Res" conceptID="Res4" novelty="None" advantage="None"/><text>Predictions of vibrational levels for the Ar⋯SH isomer, which have not been observed experimentally, are also presented.</text></s></ABSTRACT><BODY><DIV DEPTH="1"><HEADER HEADER_MARKER="I">Introduction</HEADER><P><s sid="7"><CoreSc1 atype="GSC" type="Bac" conceptID="Bac1" novelty="None" advantage="None"/><text>There is currently much interest in the spectroscopy and structure of van der Waals complexes of rare gas atoms with free radical species OH and SH.</text></s> <s sid="8"><CoreSc1 atype="GSC" type="Bac" conceptID="Bac2" novelty="None" advantage="None"/><text>Carter <IT>et al</IT><REF TYPE="P" ID="cit1">1</REF>. have recently reviewed studies of the complexes with Ne, Ar and Kr concentrating on the analysis of the rotational and vibrational structure of the electronic transition between the X̃ <SP>2</SP>Π<SB>3/2</SB> and Ã <SP>2</SP>Σ<SP>+</SP> states.</text></s> <s sid="9"><CoreSc1 atype="GSC" type="Bac" conceptID="Bac3" novelty="None" advantage="None"/><text>For each of these species, high quality empirical potential energy surfaces have been derived from high resolution laser induced fluorescence (LIF) spectra obtained in the Miller group.</text></s></P><P><s sid="10"><CoreSc1 atype="GSC" type="Bac" conceptID="Bac4" novelty="None" advantage="None"/><text><IT>Ab initio</IT> potential energy surfaces have been calculated for the OH and SH complexes with He and Ne.<REF TYPE="P" ID="cit2 cit3">2,3</REF></text></s> <s sid="11"><CoreSc1 atype="GSC" type="Bac" conceptID="Bac5" novelty="None" advantage="None"/><text>In these studies, basis sets of aug-cc-pVTZ or aug-cc-pVQZ quality<REF TYPE="P" ID="cit4 cit5 cit6">4–6</REF> were augmented with sets of bond functions<REF TYPE="P" ID="cit7 cit8">7,8</REF> at the mid-point of the vector connecting the rare gas atom with the centre-of-mass of the diatomic radical.</text></s> <s sid="12"><CoreSc1 atype="GSC" type="Bac" conceptID="Bac6" novelty="None" advantage="None"/><text>The <IT>ab initio</IT> calculations were made with the RCCSD(T) method.<REF TYPE="P" ID="cit9 cit10">9,10</REF></text></s> <s sid="13"><CoreSc1 atype="GSC" type="Bac" conceptID="Bac7" novelty="None" advantage="None"/><text>For both the empirical and <IT>ab initio</IT> surfaces the rotation–vibration energy levels were calculated by a discrete variable representation (DVR) method derived from that originally proposed by Choi and Light.<REF TYPE="P" ID="cit11">11</REF></text></s></P><P><s sid="14"><CoreSc1 atype="GSC" type="Bac" conceptID="Bac8" novelty="None" advantage="None"/><text>A number of spectroscopic studies of the Ar⋯HS complex have been reported by Miller and coworkers: The laser induced fluorescence spectrum for the Ã <SP>2</SP>Σ<SP>+</SP>–X̃ <SP>2</SP>Π transition was first reported in .1993<REF TYPE="P" ID="cit12">12</REF></text></s> <s sid="15"><CoreSc1 atype="GSC" type="Bac" conceptID="Bac9" novelty="None" advantage="None"/><text>Subsequent papers reported improved data for the vibrational spectrum of Ne⋯HS, Ar⋯HS and Kr⋯HS<REF TYPE="P" ID="cit13">13</REF> and a high resolution rotationally resolved spectrum of Ar⋯HS.<REF TYPE="P" ID="cit14">14</REF></text></s> <s sid="16"><CoreSc1 atype="GSC" type="Bac" conceptID="Bac10" novelty="None" advantage="None"/><text>In a further paper, Korambath <IT>et al</IT><REF TYPE="P" ID="cit15">15</REF>. used these spectroscopic data to derive empirical potential energy surfaces for the Ã <SP>2</SP>Σ<SP>+</SP> states of Ar⋯HS and Kr⋯HS.</text></s> <s sid="17"><CoreSc1 atype="GSC" type="Bac" conceptID="Bac11" novelty="None" advantage="None"/><text>The parameters of a functional form suggested by Bowman and co-workers<REF TYPE="P" ID="cit16 cit17">16,17</REF> were varied to reproduce the observed transition wavenumbers and rotational constants and a DVR method was used to calculate the energy levels and rotational constants.</text></s> <s sid="18"><CoreSc1 atype="GSC" type="Bac" conceptID="Bac12" novelty="None" advantage="None"/><text>For Ar⋯HS, 11 parameters were varied to fit 7 vibrational energy levels and 8 rotational constants.</text></s> <s sid="19"><CoreSc1 atype="GSC" type="Bac" conceptID="Bac13" novelty="None" advantage="None"/><text>As shown by Miller <IT>et al</IT>., the experiment samples only the portion of the potential energy surface for Ar⋯HS angles between 0 and 90° (<IT>i.e</IT>., from the Ar⋯H–S linear geometry to the T-shaped structure).</text></s> <s sid="20"><CoreSc1 atype="GSC" type="Bac" conceptID="Bac14" novelty="None" advantage="None"/><text>Hence the optimization of the potential function did not vary parameters relevant to 180° (<IT>i.e</IT>., Ar⋯SH isomer).</text></s> <s sid="21"><CoreSc1 atype="GSC" type="Bac" conceptID="Bac15" novelty="None" advantage="None"/><text>Agreement was within ±0.3 cm<SP>−1</SP> for the energy levels.</text></s> <s sid="22"><CoreSc1 atype="GSC" type="Bac" conceptID="Bac16" novelty="None" advantage="None"/><text>The empirical potential energy function of Korambath <IT>et al</IT><REF TYPE="P" ID="cit15">15</REF>. has been used subsequently by McCoy<REF TYPE="P" ID="cit18">18</REF> in calculations of the lifetime of Ar⋯HS Ã <SP>2</SP>Σ<SP>+</SP> state levels and by Firsov <IT>et al</IT><REF TYPE="P" ID="cit19">19</REF>. in calculations of the vibrational energy levels of Ar⋯HS by a vibration self-consistent field method.</text></s></P><P><s sid="23"><CoreSc1 atype="GSC" type="Bac" conceptID="Bac17" novelty="None" advantage="None"/><text>In most experimental studies, Ar⋯HS complexes have been produced by photolysis of a mixture of H<SB>2</SB>S co-expanded with Ar.<REF TYPE="P" ID="cit12 cit13 cit14">12–14</REF></text></s> <s sid="24"><CoreSc1 atype="GSC" type="Bac" conceptID="Bac18" novelty="None" advantage="None"/><text>A novel alternative method for the generation of the open-shell complexes has been described by Mackenzie <IT>et al</IT>.,<REF TYPE="P" ID="cit20 cit21">20,21</REF> in which small Ar<SB><IT>n</IT></SB>H<SB>2</SB>S clusters (<IT>n</IT> ≤ 2) are first formed in a pulsed supersonic expansion and then photolyzed downstream from the expansion.</text></s> <s sid="25"><CoreSc1 atype="GSC" type="Bac" conceptID="Bac19" novelty="None" advantage="None"/><text>It was shown that bound Ar<SB><IT>n</IT></SB>⋯SH species can be produced efficiently by this method.</text></s> <s sid="26"><CoreSc1 atype="GSC" type="Bac" conceptID="Bac20" novelty="None" advantage="None"/><text>Further, analysis of LIF spectra of the complexes generated indicated extensive van der Waals stretch/bend and overall rotational excitation.</text></s> <s sid="27"><CoreSc1 atype="GSC" type="Bac" conceptID="Bac21" novelty="None" advantage="None"/><text>Quasi-classical trajectory calculations to simulate the cluster photofragmentation dynamics have been made by Fair and Nesbitt.<REF TYPE="P" ID="cit22">22</REF></text></s> <s sid="28"><CoreSc1 atype="GSC" type="Bac" conceptID="Bac22" novelty="None" advantage="None"/><text>In the absence of <IT>ab initio</IT> potentials, this necessitated the construction of qualitative potential energy surfaces from Ar⋯H<SB>2</SB>O, Ar⋯OH, H<SB>2</SB>S and Ar<SB>2</SB> surfaces.</text></s></P><P><s sid="29"><CoreSc1 atype="GSC" type="Bac" conceptID="Bac23" novelty="None" advantage="None"/><text>Sumiyoshi <IT>et al</IT><REF TYPE="P" ID="cit23">23</REF>. have obtained rotational spectra by Fourier transform microwave spectroscopy (FTMW) for the X̃ <SP>2</SP>Π ground state of Ar⋯SH.</text></s> <s sid="30"><CoreSc1 atype="GSC" type="Bac" conceptID="Bac24" novelty="None" advantage="None"/><text>They derived a two-dimensional potential energy surface by a least-squares procedure in which they fitted the observed rotational transitions.</text></s> <s sid="31"><CoreSc1 atype="GSC" type="Bac" conceptID="Bac25" novelty="None" advantage="None"/><text>Since the experimental data were insufficient to determine all of the potential parameters, some parameters were derived from an <IT>ab initio</IT> potential surface calculated by the RCCSD(T) method with an aug-cc-pVQZ basis set.</text></s> <s sid="32"><CoreSc1 atype="GSC" type="Bac" conceptID="Bac26" novelty="None" advantage="None"/><text>The same authors have since revised their surface to satisfactorily reproduce all of the experimentally obtained rotational frequencies for both Ar⋯SH and Ar⋯SD.<REF TYPE="P" ID="cit24">24</REF></text></s> <s sid="33"><CoreSc1 atype="GSC" type="Bac" conceptID="Bac27" novelty="None" advantage="None"/><text>Their <IT>ab initio</IT> surfaces were obtained from RCCSD(T) calculations with an aug-cc-pVTZ basis set augmented with bond functions.</text></s> <s sid="34"><CoreSc1 atype="GSC" type="Bac" conceptID="Bac28" novelty="None" advantage="None"/><text>An effective correction term was introduced to account for a small difference between the potentials for the SH and SD complexes.</text></s></P><P><s sid="35"><CoreSc1 atype="GSC" type="Obj" conceptID="Obj2" novelty="New" advantage="None"/><text>In this article we report an <IT>ab initio</IT> potential energy surface for the Ã <SP>2</SP>Σ<SP>+</SP> state of Ar⋯SH.</text></s> <s sid="36"><CoreSc1 atype="GSC" type="Obj" conceptID="Obj3" novelty="New" advantage="None"/><text>Our calculations consider the full range of geometries from the linear Ar⋯HS configuration to linear Ar⋯SH.</text></s> <s sid="37"><CoreSc1 atype="GSC" type="Met" conceptID="Met2" novelty="New" advantage="None"/><text>The <IT>ab initio</IT> energies have been fitted to a functional form which we have used in a DVR calculation for the vibrational energy levels.</text></s> <s sid="38"><CoreSc1 atype="GSC" type="Res" conceptID="Res5" novelty="None" advantage="None"/><text>Rotational constants calculated for levels on our surface agree extremely well with the experimental data of Korambath <IT>et al</IT>.</text></s> <s sid="39"><CoreSc1 atype="GSC" type="Res" conceptID="Res6" novelty="None" advantage="None"/><text>In common with other <IT>ab initio</IT> calculations the energy levels spacings calculated on our surface are systematically lower than those observed.</text></s> <s sid="40"><CoreSc1 atype="GSC" type="Con" conceptID="Con1" novelty="None" advantage="None"/><text>By extending the surface to encompass all angles, we are able to predict wavenumbers for Ã-state levels in the Ar⋯SH isomer transitions to which, to the best of our knowledge, have not been identified thus far.</text></s></P></DIV><DIV DEPTH="1"><HEADER HEADER_MARKER="II">Computational details</HEADER><DIV DEPTH="2"><HEADER HEADER_MARKER="A.">The potential energy surface</HEADER><P><s sid="41"><CoreSc1 atype="GSC" type="Met" conceptID="Met3" novelty="None" advantage="None"/><text>The <IT>ab initio</IT> surface calculations were made with the MOLPRO suite of programs.<REF TYPE="P" ID="cit25">25</REF></text></s> <s sid="42"><CoreSc1 atype="GSC" type="Met" conceptID="Met4" novelty="None" advantage="None"/><text>The aug-cc-pV5Z basis set<REF TYPE="P" ID="cit4 cit5 cit6">4–6</REF> was used and the molecular orbitals for the 2 <SP>2</SP>A′ state calculated by the RHF method.</text></s> <s sid="43"><CoreSc1 atype="GSC" type="Met" conceptID="Met5" novelty="Old" advantage="None"/><text>In all cases care was taken to ensure that the electronic configuration of the HS fragment corresponded to ⋯4σ<SP>2</SP>2π<SP>4</SP>5σ<SP>1</SP> and at no point were any convergence problems encountered.</text></s> <s sid="44"><CoreSc1 atype="GSC" type="Met" conceptID="Met6" novelty="Old" advantage="None"/><text>Electron correlation was accounted for with the RCCSD(T) method<REF TYPE="P" ID="cit9 cit10">9,10</REF> and the counterpoise method of Boys and Bernardi was used to correct for basis set superposition errors.<REF TYPE="P" ID="cit26">26</REF></text></s></P><P><s sid="45"><CoreSc1 atype="GSC" type="Met" conceptID="Met7" novelty="Old" advantage="None"/><text>The geometry of the complex is defined in terms of Jacobi coordinates (<IT>R</IT>, <IT>γ</IT>) where <IT>R</IT> defines the distance of Ar from the center-of-mass of the HS radical and <IT>γ</IT> defines the angle between the vector <B><IT>R</IT></B> and the HS molecular axis.</text></s> <s sid="46"><CoreSc1 atype="GSC" type="Met" conceptID="Met8" novelty="Old" advantage="None"/><text>The angle <IT>γ</IT> is defined such that <IT>γ</IT> = 0° corresponds to the Ar⋯HS configuration.</text></s> <s sid="47"><CoreSc1 atype="GSC" type="Met" conceptID="Met9" novelty="Old" advantage="None"/><text>The angle <IT>γ</IT> was varied from 0 to 180° in steps of 15°.</text></s> <s sid="48"><CoreSc1 atype="GSC" type="Met" conceptID="Met10" novelty="Old" advantage="None"/><text>For most angles <IT>R</IT> ranged from 2.75 to 10 Å but for <IT>γ</IT> = 180° the range was extended to 2.4 Å to give a more complete description of the linear Ar⋯SH configuration.</text></s> <s sid="49"><CoreSc1 atype="GSC" type="Met" conceptID="Met11" novelty="Old" advantage="None"/><text><IT>Ab initio</IT> energies were calculated for a total of 196 points.</text></s> <s sid="50"><CoreSc1 atype="GSC" type="Met" conceptID="Met12" novelty="Old" advantage="None"/><text>In all calculations the SH distance was kept fixed at 1.423 Å, the <IT>r</IT><SB>e</SB> value for the Ã <SP>2</SP>Σ<SP>+</SP> state of SH.<REF TYPE="P" ID="cit27">27</REF></text></s></P><P><s sid="51"><CoreSc1 atype="GSC" type="Met" conceptID="Met13" novelty="Old" advantage="None"/><text>To fit the <IT>ab initio</IT> energies we have used an extended form of the model potential proposed by Bukowski <IT>et al</IT><REF TYPE="P" ID="cit28">28</REF>. which has been used successfully to fit a number of <IT>ab initio</IT> potential surfaces for rare gas complexes.<REF TYPE="P" ID="cit8">8</REF></text></s> <s sid="52"><CoreSc1 atype="GSC" type="Mod" conceptID="Mod1" novelty="None" advantage="None"/><text>The potential function is written as the sum of short range (<IT>V</IT><SB>sr</SB>) and asymptotic (<IT>V</IT><SB>as</SB>) terms<IT>V</IT>(<IT>R</IT>, <IT>γ</IT>) = <IT>V</IT><SB>sr</SB>(<IT>R</IT>, <IT>γ</IT>) + <IT>V</IT><SB>as</SB>(<IT>R</IT>, <IT>γ</IT>).The short-range interaction is given by<IT>V</IT><SB>sr</SB>(<IT>R</IT>, <IT>γ</IT>) = <IT>G</IT>(<IT>R</IT>, <IT>γ</IT>)exp[<IT>D</IT>(<IT>γ</IT>) − <IT>B</IT>(<IT>γ</IT>)<IT>R</IT>],where <IT>D</IT>(<IT>γ</IT>), <IT>B</IT>(<IT>γ</IT>) and <IT>G</IT>(<IT>R</IT>, <IT>γ</IT>) are expansions in terms of Legendre polynomials, <IT>P</IT><SB><IT>l</IT></SB>(cos <IT>γ</IT>).</text></s> <s sid="53"><CoreSc1 atype="GSC" type="Mod" conceptID="Mod1" novelty="None" advantage="None"/><text>The functions <IT>B</IT>(<IT>γ</IT>), <IT>D</IT>(<IT>γ</IT>) are given by the expressions</text></s></P><P><s sid="54"><CoreSc1 atype="GSC" type="Mod" conceptID="Mod1" novelty="None" advantage="None"/><text>andin which <IT>b</IT><SP><IT>l</IT></SP>, <IT>d</IT><SP><IT>l</IT></SP> and <IT>g</IT><SB><IT>n</IT></SB><SP><IT>l</IT></SP> are adjustable parameters.</text></s> <s sid="55"><CoreSc1 atype="GSC" type="Mod" conceptID="Mod2" novelty="None" advantage="None"/><text>The asymptotic term in eqn. (1) is given bywhere <IT>C</IT><SB><IT>n</IT></SB><SP><IT>l</IT></SP> are adjustable parameters and the function <IT>f</IT><SB><IT>n</IT></SB>(<IT>x</IT>) is the Tang–Toennies damping function,<REF TYPE="P" ID="cit29">29</REF>In previous formulations,<REF TYPE="P" ID="cit28">28</REF> in which there were 40 adjustable parameters, the summations over <IT>l</IT> were restricted to <IT>l</IT> = 0–5 and the polynomial in <IT>R</IT> in the expression for <IT>G</IT>(<IT>R</IT>, <IT>γ</IT>) included terms up to and including <IT>R</IT><SP>3</SP>.</text></s> <s sid="56"><CoreSc1 atype="GSC" type="Res" conceptID="Res7" novelty="None" advantage="None"/><text>We were not able to obtain a satisfactory fit with 40 adjustable parameters.</text></s> <s sid="57"><CoreSc1 atype="GSC" type="Res" conceptID="Res8" novelty="None" advantage="None"/><text>With this more flexible function involving 60 parameters, we were able to fit 196 <IT>ab initio</IT> points such that for the vast majority of points the deviation from the calculated energy was less than 1 cm<SP>−1</SP>.</text></s> <s sid="58"><CoreSc1 atype="GSC" type="Obs" conceptID="Obs1" novelty="None" advantage="None"/><text>Table 1 contains details of the parameters obtained in our fit.</text></s></P></DIV><DIV DEPTH="2"><HEADER HEADER_MARKER="B.">Vibrational energy levels</HEADER><P><s sid="59"><CoreSc1 atype="GSC" type="Mod" conceptID="Mod3" novelty="None" advantage="None"/><text>Vibrational energy levels on the final surface were calculated by a DVR method in which the eigenvalues of the Hamiltonianwere obtained.</text></s> <s sid="60"><CoreSc1 atype="GSC" type="Mod" conceptID="Mod4" novelty="None" advantage="None"/><text>In eqn. (7), <IT>Ĵ</IT> is the total angular momentum operator of the complex and <IT>ĵ</IT> is the angular momentum operator for the HS diatomic molecule.</text></s> <s sid="61"><CoreSc1 atype="GSC" type="Mod" conceptID="Mod5" novelty="None" advantage="None"/><text>The projections of <B><IT>J</IT></B> and <B><IT>j</IT></B> along the body-fixed <IT>z</IT>-axis (along <B><IT>R</IT></B>, the vector connecting the Ar atom to the center of mass of HS) are the same and both are represented by projection quantum number <IT>K</IT>. <IT>b</IT><SB><IT>v</IT></SB> is the vibrationally averaged rotational constant for the HS radical, and the reduced mass of the atom–diatom complex is represented by <IT>μ</IT><SB>R</SB>.</text></s> <s sid="62"><CoreSc1 atype="GSC" type="Met" conceptID="Met14" novelty="Old" advantage="None"/><text>The calculations were performed using the DVR code of McCoy<REF TYPE="P" ID="cit30">30</REF> in which the Hamiltonian is set up and diagonalized in three stages for a given value of <IT>J</IT> and the total parity of the system.</text></s> <s sid="63"><CoreSc1 atype="GSC" type="Mod" conceptID="Mod6" novelty="None" advantage="None"/><text>Only the <IT>v</IT> = 0 state of the HS moiety, with <IT>b</IT><SB>0</SB>/<IT>hc</IT> = 8.289 cm<SP>−1</SP>, was considered.</text></s> <s sid="64"><CoreSc1 atype="GSC" type="Mod" conceptID="Mod7" novelty="None" advantage="None"/><text>For each value of <IT>R</IT> and a given value of <IT>K</IT>, the eigenvalues of the one-dimensional bend Hamiltonian are determined.</text></s> <s sid="65"><CoreSc1 atype="GSC" type="Met" conceptID="Met15" novelty="Old" advantage="None"/><text>In this stage 30 zero-order bend states are used and the 10 most important are retained following diagonalization.</text></s> <s sid="66"><CoreSc1 atype="GSC" type="Met" conceptID="Met16" novelty="Old" advantage="None"/><text>The <IT>R</IT> dependence is introduced by taking 120 DVR points along the vector <B><IT>R</IT></B> using the form of Colbert and Miller<REF TYPE="P" ID="cit31">31</REF> for the DVR.</text></s> <s sid="67"><CoreSc1 atype="GSC" type="Met" conceptID="Met17" novelty="Old" advantage="None"/><text>After this diagonalization the 20 most important stretch/bend eigenstates are retained for each value of <IT>K</IT>.</text></s></P></DIV></DIV><DIV DEPTH="1"><HEADER HEADER_MARKER="III">Results and discussion</HEADER><P><s sid="68"><CoreSc1 atype="GSC" type="Obs" conceptID="Obs2" novelty="None" advantage="None"/><text>A contour diagram of our potential energy surface is shown in Fig. 1.</text></s> <s sid="69"><CoreSc1 atype="GSC" type="Res" conceptID="Res9" novelty="None" advantage="None"/><text>The global minimum corresponds to the linear Ar⋯HS isomer (<IT>γ</IT> = 0°) but there is a second minimum almost as deep for linear Ar⋯SH.</text></s> <s sid="70"><CoreSc1 atype="GSC" type="Res" conceptID="Res10" novelty="None" advantage="None"/><text>The two minima are separated by a &gt;600 cm<SP>−1</SP> barrier which prevents internal rotation for the lowest vibrational levels.</text></s> <s sid="71"><CoreSc1 atype="GSC" type="Res" conceptID="Res11" novelty="None" advantage="None"/><text>Cuts through the potential energy surface for <IT>γ</IT> = 0° and <IT>γ</IT> = 180° are shown in Fig. 2 and details of the geometries of the minima and the saddle point are given in Table 2.</text></s> <s sid="72"><CoreSc1 atype="GSC" type="Res" conceptID="Res12" novelty="None" advantage="None"/><text>In Table 3 we report the energy levels and rotational constants obtained from the DVR calculations.</text></s> <s sid="73"><CoreSc1 atype="GSC" type="Res" conceptID="Res13" novelty="None" advantage="None"/><text>The vibrational levels are labeled by convention as (<IT>v</IT><SB>SH</SB>, <IT>n</IT><SP><IT>K</IT></SP>, <IT>v</IT><SB>vdw</SB>) where <IT>v</IT><SB>SH</SB> is the number of vibrational quanta in the SH moiety, <IT>n</IT><SP><IT>K</IT></SP> is the quantum number describing the bending motion (with projection <IT>K</IT> on the internuclear axis) and <IT>v</IT><SB>vdw</SB> is the number of quanta in the van der Waals vibrational mode.</text></s></P><P><s sid="74"><CoreSc1 atype="GSC" type="Res" conceptID="Res14" novelty="None" advantage="None"/><text>In Fig. 3(a) we show the square of the vibrational wavefunction, |<IT>ψ</IT><SP>2</SP>|, for the (0, 0<SP>0</SP>, 0) zero point levels of the Ar⋯HS and Ar⋯SH isomers superposed on the potential energy surface.</text></s> <s sid="75"><CoreSc1 atype="GSC" type="Res" conceptID="Res15" novelty="None" advantage="None"/><text>However, due to the polar nature of the (<IT>R</IT>, <IT>γ</IT>) coordinate system used here, |<IT>ψ</IT><SP>2</SP>| does not accurately represent the probability density function.</text></s> <s sid="76"><CoreSc1 atype="GSC" type="Obs" conceptID="Obs3" novelty="None" advantage="None"/><text>As discussed by Carter <IT>et al</IT>.,<REF TYPE="P" ID="cit1">1</REF> for this we need to plot |<IT>ψ</IT><SP>2</SP>|sin(<IT>γ</IT>) as shown in Fig. 3(b).</text></s></P><P><s sid="77"><CoreSc1 atype="GSC" type="Obs" conceptID="Obs4" novelty="None" advantage="None"/><text>Fig. 4 shows the probability density functions calculated for the (0, 0<SP>0</SP>, 1) and (0, 0<SP>0</SP>, 2) van der Waals stretch levels of each isomer superposed on the potential energy surface.</text></s> <s sid="78"><CoreSc1 atype="GSC" type="Obs" conceptID="Obs5" novelty="None" advantage="None"/><text>The wavefunctions for the pure stretching levels of each isomer are confined to their respective potential minima but sample a considerable range of <IT>R</IT> values: <IT>e.g</IT>., the two (0, 0<SP>0</SP>, 2) wavefunctions each sample a range of <IT>R</IT> &gt; 1 Å.</text></s></P><P><s sid="79"><CoreSc1 atype="GSC" type="Obs" conceptID="Obs6" novelty="None" advantage="None"/><text>In Fig. 5 we show the calculated probability density functions for the (0, 1<SP>1</SP>, 0) and (0, 1<SP>1</SP>, 1) levels.</text></s> <s sid="80"><CoreSc1 atype="GSC" type="Res" conceptID="Res16" novelty="None" advantage="None"/><text>Interestingly, the potential does not support bending levels for the Ar⋯SH isomer.</text></s> <s sid="81"><CoreSc1 atype="GSC" type="Res" conceptID="Res17" novelty="None" advantage="None"/><text>These would lie energetically above the saddle-point in which regime Ar⋯SH and Ar⋯HS geometries would be considered as merely different conformations of the same species.</text></s></P><P><s sid="82"><CoreSc1 atype="GSC" type="Met" conceptID="Met17" novelty="Old" advantage="None"/><text>At this point it is illustrative to compare the <IT>ab initio</IT> surface with the empirical surface of Korambath <IT>et al</IT><REF TYPE="P" ID="cit15">15</REF>. derived from the high resolution laser induced fluorescence spectra.</text></s> <s sid="83"><CoreSc1 atype="GSC" type="Obj" conceptID="Obj4" novelty="New" advantage="None"/><text>We discuss this comparison for each of the two minima on the surface.</text></s></P><DIV DEPTH="2"><HEADER HEADER_MARKER="A.">The Ar⋯HS potential minimum</HEADER><P><s sid="84"><CoreSc1 atype="GSC" type="Res" conceptID="Res18" novelty="None" advantage="None"/><text>All lines in the Ar⋯HS Ã ← X̃ LIF spectrum were assigned to levels supported in the Ar⋯HS isomer minimum (−92° &lt; <IT>γ</IT> &lt; 92°) and the empirical surface<REF TYPE="P" ID="cit15">15</REF> was therefore fitted in this region of (<IT>R</IT>, <IT>γ</IT>) space only.</text></s> <s sid="85"><CoreSc1 atype="GSC" type="Res" conceptID="Res19" novelty="None" advantage="None"/><text>Our <IT>ab initio</IT> surface has a minimum of −742.5 cm<SP>−1</SP> in this region which is considerably less deep than the −877.2 cm<SP>−1</SP> on the empirical surface of Korambath <IT>et al.</IT><REF TYPE="P" ID="cit15">15</REF></text></s> <s sid="86"><CoreSc1 atype="GSC" type="Res" conceptID="Res20" novelty="None" advantage="None"/><text>Interestingly, however, our value for the experimental dissociation energy, <IT>D</IT><SB>0</SB> (446.7 cm<SP>−1</SP>) is significantly closer to the measured value (458 cm<SP>−1</SP>) than that obtained from the empirical surface (572 cm<SP>−1</SP>).</text></s></P><P><s sid="87"><CoreSc1 atype="GSC" type="Res" conceptID="Res21" novelty="None" advantage="None"/><text>Table 3 shows very good agreement between the rotational constants, <IT>B</IT><SB><IT>v</IT></SB>, calculated for levels on the <IT>ab initio</IT> surface and those calculated on the empirical surface.</text></s> <s sid="88"><CoreSc1 atype="GSC" type="Res" conceptID="Res22" novelty="None" advantage="None"/><text>The agreement is less satisfactory, however, for the vibrational level spacings also reported in Table 3.</text></s> <s sid="89"><CoreSc1 atype="GSC" type="Res" conceptID="Res23" novelty="None" advantage="None"/><text>The spacings calculated on the <IT>ab initio</IT> surface are consistently ∼5% smaller than the experimentally derived separations.</text></s> <s sid="90"><CoreSc1 atype="GSC" type="Res" conceptID="Res24" novelty="None" advantage="None"/><text>Unsurprisingly, the levels calculated on the empirical surface reproduce the measured levels typically to within 0.3 cm<SP>−1</SP>.</text></s> <s sid="91"><CoreSc1 atype="GSC" type="Res" conceptID="Res25" novelty="None" advantage="None"/><text>Our level of agreement is comparable with that obtained in other <IT>ab initio</IT> calculations for similar van der Waals molecules: In the <IT>ab initio</IT> study of NeSH by Cybulski <IT>et al</IT>.,<REF TYPE="P" ID="cit3">3</REF> the calculated energy level separations deviated from experiment by about 4%; Chakrovarty <IT>et al</IT><REF TYPE="P" ID="cit32">32</REF>. computed the vibrational energy levels for the Ã <SP>2</SP>Σ<SP>+</SP> state of Ar–OH using the CEPA surface of Esposti and Werner<REF TYPE="P" ID="cit33">33</REF> and determined vibrational spacings which were too small by about 15%.</text></s></P></DIV><DIV DEPTH="2"><HEADER HEADER_MARKER="B.">The Ar⋯SH minimum</HEADER><P><s sid="92"><CoreSc1 atype="GSC" type="Bac" conceptID="Bac29" novelty="None" advantage="None"/><text>In the absence of experimental data for this region, Korambath <IT>et al</IT>. did not attempt to fit their empirical potential surface beyond the saddle point (<IT>i.e</IT>., for <IT>γ</IT> &gt; 90°).</text></s> <s sid="93"><CoreSc1 atype="GSC" type="Bac" conceptID="Bac30" novelty="None" advantage="None"/><text>For completeness, however, they approximated the surface in this region to that of the Ar⋯OH potential which itself was only known in this geometry from <IT>ab initio</IT> studies.</text></s> <s sid="94"><CoreSc1 atype="GSC" type="Res" conceptID="Res26" novelty="None" advantage="None"/><text>It is no surprise then that our <IT>ab initio</IT> surface differs significantly from the empirical surface in this region.</text></s> <s sid="95"><CoreSc1 atype="GSC" type="Res" conceptID="Res27" novelty="None" advantage="None"/><text>Our surface shows a minimum only 10% less deep than the global minimum (see Table 2).</text></s> <s sid="96"><CoreSc1 atype="GSC" type="Res" conceptID="Res28" novelty="None" advantage="None"/><text>The Ar⋯SH minimum is substantially less localized in <IT>γ</IT> than the corresponding minimum on the empirical surface.</text></s> <s sid="97"><CoreSc1 atype="GSC" type="Bac" conceptID="Bac31" novelty="None" advantage="None"/><text>As Firsov <IT>et al</IT>. note,<REF TYPE="P" ID="cit19">19</REF> on the empirical surface, the energy reaches half-way to the dissociation limit at an Ar⋯S–H angle only 5° from the Ar⋯SH linear geometry.</text></s> <s sid="98"><CoreSc1 atype="GSC" type="Res" conceptID="Res29" novelty="None" advantage="None"/><text>By contrast, on the <IT>ab initio</IT> surface the molecule must bend 20° from linear before this is the case.</text></s> <s sid="99"><CoreSc1 atype="GSC" type="Res" conceptID="Res30" novelty="None" advantage="None"/><text>There is still a large barrier to internal rotation (greater than 600 cm<SP>−1</SP> from either linear extreme) but our results suggest that the molecule samples a larger range of <IT>γ</IT> space than previously thought.</text></s> <s sid="100"><CoreSc1 atype="GSC" type="Res" conceptID="Res31" novelty="None" advantage="None"/><text>We calculate that the Ar⋯SH minimum supports several vibrational levels, the spacings between which, for van der Waals stretch levels, are comparable with those between levels supported in the global minimum (see Table 3).</text></s></P><P><s sid="101"><CoreSc1 atype="GSC" type="Res" conceptID="Res32" novelty="None" advantage="None"/><text>In the light of the above it is reasonable to ask why, if well-defined bound levels exist for the Ar⋯SH isomer (<IT>i.e</IT>., <IT>γ</IT> ∼180°), transitions to these levels have not been identified in the LIF spectrum.</text></s> <s sid="102"><CoreSc1 atype="GSC" type="Res" conceptID="Res32" novelty="None" advantage="None"/><text>The reasons are probably two-fold.</text></s> <s sid="103"><CoreSc1 atype="GSC" type="Bac" conceptID="Bac32" novelty="None" advantage="None"/><text>Firstly when Korambath <IT>et al</IT>. started to fit the experimental data, it may have been thought that the Ar⋯HS X̃ <SP>2</SP>Π ground state wavefunction was localized in a single minimum around the Ar⋯HS global minimum as it is in the isovalent Ar⋯HO (where the barrier to internal rotation is 44 cm<SP>−1</SP>, significantly above the van der Waals zero point energy.<REF TYPE="P" ID="cit34">34</REF>)</text></s> <s sid="104"><CoreSc1 atype="GSC" type="Hyp" conceptID="Hyp1" novelty="None" advantage="None"/><text>In such a case the Franck–Condon factors for transitions from the X̃ state would indeed be dominated by transitions to the Ar⋯HS Ã state geometry.</text></s> <s sid="105"><CoreSc1 atype="GSC" type="Hyp" conceptID="Hyp2" novelty="None" advantage="None"/><text>The other minimum would be spectroscopically invisible and it would be sensible to look to fit the spectrum to transitions to levels in the Ar⋯HS minimum.</text></s></P><P><s sid="106"><CoreSc1 atype="GSC" type="Bac" conceptID="Bac33" novelty="None" advantage="None"/><text>Secondly, the Ã state of the mercapto radical undergoes rapid electronic predissociation as a result of interaction with a nearby <IT>a</IT><SP>4</SP> Σ<SP>−</SP> state.<REF TYPE="P" ID="cit1">1</REF></text></s> <s sid="107"><CoreSc1 atype="GSC" type="Res" conceptID="Res33" novelty="None" advantage="None"/><text>The effect is to reduce the lifetime of even the <IT>v</IT> = 0 level to ∼1 ns.</text></s> <s sid="108"><CoreSc1 atype="GSC" type="Res" conceptID="Res34" novelty="None" advantage="None"/><text>The van der Waals complexes of SH with rare-gas atoms live significantly longer due to the dramatic stabilizing effect of the complexation which lowers the Ã state potential to such an extent that the Ar⋯HS Ã state fluoresces with a lifetime of up to 600 ns.<REF TYPE="P" ID="cit12 cit20 cit21">12,20,21</REF></text></s> <s sid="109"><CoreSc1 atype="GSC" type="Res" conceptID="Res35" novelty="None" advantage="None"/><text>Experimentally, this lifetime enhancement has the major advantage that the fluorescence detection window can be delayed with respect the laser pulse thereby discriminating against the large background fluorescence signals of the SH radical which is present in large concentrations in all experiments of this type.</text></s> <s sid="110"><CoreSc1 atype="GSC" type="Res" conceptID="Res36" novelty="None" advantage="None"/><text>However, as discussed by Carter <IT>et al</IT>. in their review,<REF TYPE="P" ID="cit1">1</REF> this “caging of predissociation” can only be observed in the Ar⋯HS isomer since only in this geometry is the repulsive interaction between the H atom and the <IT>a</IT><SP>4</SP> Σ<SP>−</SP> state significant.</text></s> <s sid="111"><CoreSc1 atype="GSC" type="Res" conceptID="Res37" novelty="None" advantage="None"/><text>Ar⋯SH isomer levels will, in all probability, fluoresce at a sub-ns rate comparable with the SH monomer.</text></s> <s sid="112"><CoreSc1 atype="GSC" type="Bac" conceptID="Bac34" novelty="None" advantage="None"/><text>Thus any experiment introducing a delay before the fluorescence is measured – including the experiments by both Yang <IT>et al</IT><REF TYPE="P" ID="cit12">12</REF>. and Mackenzie <IT>et al</IT><REF TYPE="P" ID="cit20 cit21">20,21</REF>. – is insensitive to fluorescence from the Ar⋯SH levels.</text></s></P><P><s sid="113"><CoreSc1 atype="GSC" type="Bac" conceptID="Bac35" novelty="None" advantage="None"/><text>The FT microwave spectroscopy of the Ar⋯SH ground state by Sumiyoshi <IT>et al</IT><REF TYPE="P" ID="cit23 cit24">23,24</REF>. has shown that, far from being a hindered rotor, the zero point level lies some 20 cm<SP>−1</SP> above the barrier to internal rotation and thus its wavefunction samples the full bending coordinate.</text></s> <s sid="114"><CoreSc1 atype="GSC" type="Con" conceptID="Con2" novelty="None" advantage="None"/><text>Indeed, this work has shown that the global minimum on the ground state potential lies in the Ar⋯SH minimum (some 7 cm<SP>−1</SP> lower than the Ar⋯HS configuration) and the ground level wavefunction has local maxima at both linear geometries.</text></s> <s sid="115"><CoreSc1 atype="GSC" type="Res" conceptID="Res38" novelty="None" advantage="None"/><text>There should therefore be non-zero Franck–Condon overlap between the ground-state Ar⋯SH geometry and levels of the corresponding geometry in the Ã state.</text></s> <s sid="116"><CoreSc1 atype="GSC" type="Hyp" conceptID="Hyp3" novelty="None" advantage="None"/><text>The Ar⋯SH isomer is expected to predissociate at a rate comparable with the SH radical and thus in order to observe such transitions, it will be necessary to collect the early part of the fluorescence profile in the same way that the SH radical fluorescence is collected.</text></s> <s sid="117"><CoreSc1 atype="GSC" type="Obj" conceptID="Obj5" novelty="New" advantage="None"/><text>The search for transitions in the Ar⋯SH isomer is currently taking place in our laboratory.</text></s></P><P><s sid="118"><CoreSc1 atype="GSC" type="Hyp" conceptID="Hyp4" novelty="None" advantage="None"/><text>The presence of bound levels in two different isomeric forms on the same potential surface implies that the levels in each minima should exhibit tunnelling splittings.</text></s> <s sid="119"><CoreSc1 atype="GSC" type="Hyp" conceptID="Hyp5" novelty="None" advantage="None"/><text>These splittings should be exquisitely sensitive to the height and shape of the barrier to internal rotation raising the prospect that high resolution microwave spectroscopy could be used to elucidate the finer points of the potential.</text></s> <s sid="120"><CoreSc1 atype="GSC" type="Bac" conceptID="Bac36" novelty="None" advantage="None"/><text>In this light we note that Fawzy <IT>et al</IT>. have calculated the rotational levels and microwave transition intensities in exactly this class of molecule.<REF TYPE="P" ID="cit35 cit36">35,36</REF></text></s></P><P><s sid="121"><CoreSc1 atype="GSC" type="Obj" conceptID="Obj6" novelty="New" advantage="None"/><text>Finally, it is appropriate to discuss the suitability of the single determinant reference coupled cluster approach used here.</text></s> <s sid="122"><CoreSc1 atype="GSC" type="Res" conceptID="Res39" novelty="None" advantage="None"/><text>There is a danger in this type of calculation on excited states that the reference wavefunction in question can be contaminated by other states of the same symmetry.</text></s> <s sid="123"><CoreSc1 atype="GSC" type="Bac" conceptID="Bac37" novelty="None" advantage="None"/><text>In the present case the most likely cause of such contamination would be the A′ component of the ground state.</text></s></P><P><s sid="124"><CoreSc1 atype="GSC" type="Met" conceptID="Met18" novelty="New" advantage="None"/><text>Ideally one would perform multi-reference coupled cluster calculations for such cases.</text></s> <s sid="125"><CoreSc1 atype="GSC" type="Met" conceptID="Met18" novelty="New" advantage="Yes"/><text>We chose the method used here on account of its success in previous treatments of the equivalent states in the Ne⋯OH, He⋯OH, Ne⋯SH and He⋯SH complexes.<REF TYPE="P" ID="cit2 cit3">2,3</REF></text></s> <s sid="126"><CoreSc1 atype="GSC" type="Res" conceptID="Res40" novelty="None" advantage="None"/><text>In our calculations we find that SCF solutions for the different components are so different that the program finds the correct one every time.</text></s> <s sid="127"><CoreSc1 atype="GSC" type="Res" conceptID="Res41" novelty="None" advantage="None"/><text>We experienced no problems in the convergence of the CCSD(T) and the <IT>T</IT><SB>1</SB> diagnostic, a measure of the quality of the SCF wavefunction, is reasonable<REF TYPE="P" ID="cit37">37</REF> (≤0.0216 across the interesting regions of the potential).</text></s> <s sid="128"><CoreSc1 atype="GSC" type="Res" conceptID="Res42" novelty="None" advantage="None"/><text>There clearly <IT>is</IT> some contamination of the surface but this value of <IT>T</IT><SB>1</SB> is not out of line with calculations on other open-shell species.</text></s> <s sid="129"><CoreSc1 atype="GSC" type="Con" conceptID="Con3" novelty="None" advantage="None"/><text>Hence, whilst this single configuration reference approach is not ideal, we believe the results are valid.</text></s> <s sid="130"><CoreSc1 atype="GSC" type="Res" conceptID="Res42" novelty="None" advantage="None"/><text>This conclusion is further supported by the good agreement with the empirical potential surface in the region accessible to experiment.</text></s></P><P><s sid="131"><CoreSc1 atype="GSC" type="Obj" conceptID="Obj7" novelty="New" advantage="None"/><text>One obvious future extension of this work, besides performing multi-reference calculations, would be to use a basis-set extrapolation method.</text></s> <s sid="132"><CoreSc1 atype="GSC" type="Res" conceptID="Res43" novelty="None" advantage="None"/><text>Our decision to use the aug-cc-pV5Z basis was made following preliminary investigations with different basis set sizes at the Ar⋯HS geometry, which indicated that the convergence was sufficient as to render the extra cost of the extrapolation to the infinite basis set limit unjustifiable.</text></s> <s sid="133"><CoreSc1 atype="GSC" type="Res" conceptID="Res44" novelty="None" advantage="None"/><text>We note that ours is already the largest basis set to have been used for such systems.</text></s></P></DIV></DIV><DIV DEPTH="1"><HEADER HEADER_MARKER="IV">Summary</HEADER><P><s sid="134"><CoreSc1 atype="GSC" type="Res" conceptID="Res45" novelty="None" advantage="None"/><text>We have calculated an <IT>ab initio</IT> potential energy surface for the Ã state of the Ar⋯SH van der Waals complex at the RCCSD(T) level with an aug-cc-pV5Z basis set.</text></s> <s sid="135"><CoreSc1 atype="GSC" type="Res" conceptID="Res46" novelty="None" advantage="None"/><text>Some 196 <IT>ab initio</IT> points were calculated and subsequently fitted using the model potential proposed by Bukowski <IT>et al</IT>.</text></s> <s sid="136"><CoreSc1 atype="GSC" type="Res" conceptID="Res47" novelty="None" advantage="None"/><text>Low-lying vibrational levels supported in this potential have been calculated using the DVR method.</text></s> <s sid="137"><CoreSc1 atype="GSC" type="Con" conceptID="Con4" novelty="None" advantage="None"/><text>The <IT>ab initio</IT> surface is compared with the experiments of the Miller group and is shown to reproduce well the experimental rotational constants although the calculated energy level spacings are systematically low by up to 5%.</text></s></P><P><s sid="138"><CoreSc1 atype="GSC" type="Res" conceptID="Res48" novelty="None" advantage="None"/><text>In contrast to the empirical surface we have calculated the potential across the full (<IT>R</IT>, <IT>γ</IT>) configuration space.</text></s> <s sid="139"><CoreSc1 atype="GSC" type="Res" conceptID="Res49" novelty="None" advantage="None"/><text>This has allowed us to calculate the bound levels in the Ar⋯SH linear configuration potential well.</text></s> <s sid="140"><CoreSc1 atype="GSC" type="Res" conceptID="Res50" novelty="None" advantage="None"/><text>Transitions to these levels have not, the best of our knowledge, been assigned in any available spectrum and the reasons for this are discussed.</text></s></P></DIV></BODY></PAPER>