<?xml version="1.0" encoding="UTF-8"?>
<!DOCTYPE PAPER
  SYSTEM "paper-structure-annotation.dtd">
<PAPER><mode2 name="b411500g" hasDoc="yes" version="1153"/><TITLE><s sid="1"><CoreSc1 atype="GSC" type="Obj" conceptID="Obj1" novelty="New" advantage="None"/><text>Rotational and ro-vibrational transitions of He<SB>2</SB>C<SP>2+</SP><XREF TYPE="FOOTNOTE_MARKER" ID="fn1"/></text></s></TITLE><ABSTRACT><s sid="2"><CoreSc1 atype="GSC" type="Obj" conceptID="Obj2" novelty="New" advantage="None"/><text><IT>Ab initio</IT> calculations of transition frequencies and line strengths have been calculated for the “forbidden” rotational spectrum and <IT>ν</IT><SB>2</SB> fundamental ro-vibrational of the <SP>1</SP>A<SB>1</SB> state of He<SB>2</SB>C<SP>2+</SP>.</text></s> <s sid="3"><CoreSc1 atype="GSC" type="Obs" conceptID="Obs1" novelty="None" advantage="None"/><text>For the “pure” rotational spectrum, the vibration ground state transitions are very weak, with the intensity of the strongest line, 3<SB>31</SB>–4<SB>40</SB>, being only 2.15 × 10<SP>−22</SP> cm molecule<SP>−1</SP>.</text></s> <s sid="4"><CoreSc1 atype="GSC" type="Res" conceptID="Res1" novelty="None" advantage="None"/><text>A group of significant line strengths is attributed to ro-vibrational transitions between (〈0,2,0〉 ←〈0,1,0〉) and (〈0,1,0〉 ← 〈0,0,0〉) bands.</text></s> <s sid="5"><CoreSc1 atype="GSC" type="Res" conceptID="Res1" novelty="None" advantage="None"/><text>These band centers are calculated at 309.5 and 330.4 cm<SP>−1</SP> respectively.</text></s> <s sid="6"><CoreSc1 atype="GSC" type="Res" conceptID="Res2" novelty="None" advantage="None"/><text>The strongest band is identified with the (〈0,2,0〉 ← 〈0,0,0〉) transition with a band center of 625.1 cm<SP>−1</SP> and line strength of 2.58 × 10<SP>−19</SP> cm molecule<SP>−1</SP> for the (4<SB>40</SB> ← 4<SB>41</SB>) transition.</text></s></ABSTRACT><BODY><DIV DEPTH="1"><HEADER HEADER_MARKER="1.">Introduction</HEADER><P><s sid="7"><CoreSc1 atype="GSC" type="Mot" conceptID="Mot1" novelty="None" advantage="None"/><text>Over the past several decades there has been considerable interest in using <IT>ab initio</IT> techniques in order to calculate the infrared spectra of molecular ions, which are of interest in ion-molecule reaction schemes pertinent to the production of interstellar molecules.<REF TYPE="P" ID="cit1 cit2 cit3 cit4 cit5 cit6">1–6</REF></text></s> <s sid="8"><CoreSc1 atype="GSC" type="Mot" conceptID="Mot1" novelty="None" advantage="None"/><text>The simplest molecular ion, H<SB>3</SB><SP>+</SP>, has played a critical role in the synergy between theory<REF TYPE="P" ID="cit2 cit4 cit7">2,4,7</REF> and experiment<REF TYPE="P" ID="cit8 cit9">8–9</REF> in unravelling the existence of this ion in interstellar space.<REF TYPE="P" ID="cit10 cit11">10–11</REF></text></s></P><P><s sid="9"><CoreSc1 atype="GSC" type="Bac" conceptID="Bac1" novelty="None" advantage="None"/><text>It is well known that helium is the second most abundant element in the interstellar medium.<REF TYPE="P" ID="cit12">12</REF></text></s> <s sid="10"><CoreSc1 atype="GSC" type="Bac" conceptID="Bac1" novelty="None" advantage="None"/><text>Helium is involved in several important gas-phase reactions.</text></s> <s sid="11"><CoreSc1 atype="GSC" type="Bac" conceptID="Bac1" novelty="None" advantage="None"/><text>The charge transfer recombination of multiply charged ionic species in collision with atomic helium is important in interstellar processes.</text></s> <s sid="12"><CoreSc1 atype="GSC" type="Bac" conceptID="Bac1" novelty="None" advantage="None"/><text>For example, more than eighty charge exchange reactions involving the He<SP>+</SP> have been identified in astrophysical plasmas.<REF TYPE="P" ID="cit12">12</REF></text></s> <s sid="13"><CoreSc1 atype="GSC" type="Bac" conceptID="Bac2" novelty="None" advantage="None"/><text>Moreover, recent ion measurements from the Jovian magnetosphere have indicated the presence of helium, oxygen and sulfur ions.<REF TYPE="P" ID="cit13">13</REF></text></s> <s sid="14"><CoreSc1 atype="GSC" type="Bac" conceptID="Bac2" novelty="None" advantage="None"/><text>It is therefore not surprising that the electronic structure of multiply charged seeded helide cations of form, He<SB><IT>n</IT></SB>X<SP><IT>m</IT>+</SP> (where <IT>n</IT> = 1 2, X = C,N,O and <IT>m</IT> = 1,2), have been extensively investigated using <IT>ab initio</IT> techniques by Hughes and von Nagy-Felsobuki.<REF TYPE="P" ID="cit5 cit6">5–6</REF></text></s> <s sid="15"><CoreSc1 atype="GSC" type="Mot" conceptID="Mot2" novelty="None" advantage="None"/><text>It is hope that these calculations will assist the interstellar as well as the laboratory detection of these ions.</text></s></P><P><s sid="16"><CoreSc1 atype="GSC" type="Bac" conceptID="Bac3" novelty="None" advantage="None"/><text>Of the triatomic seeded helides ions, He<SB>2</SB>C<SP>2+</SP> is the most likely candidate for detection in the interstellar medium.<REF TYPE="P" ID="cit12">12</REF></text></s> <s sid="17"><CoreSc1 atype="GSC" type="Bac" conceptID="Bac3" novelty="None" advantage="None"/><text>The χ <SP>1</SP>A<SB>1</SB> state of He<SB>2</SB>C<SP>2+</SP> has been extensively investigated by Koch and Frenking<REF TYPE="P" ID="cit14">14</REF> and Hughes and von Nagy-Felsobuki.<REF TYPE="P" ID="cit4 cit5">4–5</REF></text></s> <s sid="18"><CoreSc1 atype="GSC" type="Bac" conceptID="Bac3" novelty="None" advantage="None"/><text>This state is predicted to be thermodynamically stable with a dissociation energy of <IT>ca.</IT> 57 kJ mol<SP>−1</SP>.</text></s> <s sid="19"><CoreSc1 atype="GSC" type="Bac" conceptID="Bac3" novelty="None" advantage="None"/><text>It is lower in energy than the <SP>3</SP>B<SB>1</SB> state.</text></s> <s sid="20"><CoreSc1 atype="GSC" type="Bac" conceptID="Bac3" novelty="None" advantage="None"/><text>Frenking and Cremer<REF TYPE="P" ID="cit15">15</REF> have also postulated that in this state the binding force of this ion is electrostatic in nature.</text></s> <s sid="21"><CoreSc1 atype="GSC" type="Bac" conceptID="Bac3" novelty="None" advantage="None"/><text>At the CCSD(T)_AE/cc-pCVTZ level of theory, Hughes and von Nagy-Felsobuki<REF TYPE="P" ID="cit4 cit5">4–5</REF> have determined that its optimised structural parameters (<IT>r</IT><SB>C–He</SB>; <IT>θ</IT><SB>He–C–He</SB>) are (1.570 Å; 84.1°), respectively.</text></s> <s sid="22"><CoreSc1 atype="GSC" type="Mot" conceptID="Mot3" novelty="None" advantage="None"/><text>These workers have also calculated the low-lying ro-vibrational states of this ion,<REF TYPE="P" ID="cit4">4</REF> although so far no dipole moment surface or line strengths for the rotational and ro-vibrational transitions have been determined (such information would further assist the identification of this ion in a laboratory or interstellar setting).</text></s></P><P><s sid="23"><CoreSc1 atype="GSC" type="Goa" conceptID="Goa1" novelty="None" advantage="None"/><text>As our extension of our earlier work on the electronic structure of He<SB>2</SB>C<SP>2+</SP>,<REF TYPE="P" ID="cit4 cit5">4–5</REF> we wish to report the rotational and ro-vibrational spectrum of this ion.</text></s> <s sid="24"><CoreSc1 atype="GSC" type="Goa" conceptID="Goa1" novelty="None" advantage="None"/><text>In doing so, we shall detail the most accurate ro-vibration transition frequencies, dipole moment surface and line strengths reported to-date, thereby assisting its laboratory and interstellar detection.</text></s></P></DIV><DIV DEPTH="1"><HEADER HEADER_MARKER="2.">Computational procedure</HEADER><P><s sid="25"><CoreSc1 atype="GSC" type="Mod" conceptID="Mod1" novelty="None" advantage="None"/><text>The potential energy surface used in the ro-vibrational calculations has been detailed elsewhere by Hughes and von Nagy-Felsobuki.<REF TYPE="P" ID="cit4">4</REF></text></s> <s sid="26"><CoreSc1 atype="GSC" type="Mod" conceptID="Mod1" novelty="None" advantage="None"/><text>The potential energy function is a Padé (4,5) power series expansion, which has been embedded in the Eckart–Watson Hamiltonian, with the resultant eigenvalue problem solved with a variational methodology using an algorithm developed by Searles and von Nagy-Felsobuki.<REF TYPE="P" ID="cit16">16</REF></text></s> <s sid="27"><CoreSc1 atype="GSC" type="Mod" conceptID="Mod1" novelty="None" advantage="None"/><text>The basic approach to the variational solution is the construction of a “full” three-dimensional vibration configuration basis set from 20 × 20 × 20 one-dimensional (1D) eigenfunctions (which are finite-element solutions of a 1D Hamiltonian expressed in terms of a single rectilinear <IT>t</IT> co-ordinate).</text></s> <s sid="28"><CoreSc1 atype="GSC" type="Mod" conceptID="Mod1" novelty="None" advantage="None"/><text>The “full” ro-vibrational wave function is given by a linear combination of the products of the three 1D configurational bases functions (yielding 8000 vibration basis functions in total) together with a complete set of symmetric-top rotor functions.</text></s> <s sid="29"><CoreSc1 atype="GSC" type="Mod" conceptID="Mod1" novelty="None" advantage="None"/><text>The ro-vibrational matrix spanned by this trial basis set is then diagonalised yielding ro-vibrational eigenenergies and eigenfunctions.</text></s></P><P><s sid="30"><CoreSc1 atype="GSC" type="Bac" conceptID="Bac4" novelty="None" advantage="None"/><text>The <IT>ab initio</IT> dipole moment surface (DMS) of a molecule is usually generated in conjunction with the calculation of the potential energy surface.</text></s> <s sid="31"><CoreSc1 atype="GSC" type="Met" conceptID="Met1" novelty="Old" advantage="None"/><text>The dipole moment calculations were performed in the centre-of-mass system using the QCSID_AE/aug-cc-pCVTZ level of theory.</text></s> <s sid="32"><CoreSc1 atype="GSC" type="Obj" conceptID="Obj3" novelty="New" advantage="None"/><text>A total of 75 <IT>ab initio</IT> points have been calculated on the <SP>1</SP>A<SB>1</SB> state of He<SB>2</SB>C<SP>2+</SP> hypersurface using the GAUSSIAN suite of programs.<REF TYPE="P" ID="cit17">17</REF></text></s> <s sid="33"><CoreSc1 atype="GSC" type="Obs" conceptID="Obs2" novelty="None" advantage="None"/><text>A table containing these points is available as electronic supplementary information (ESI).</text></s> <s sid="34"><CoreSc1 atype="GSC" type="Mod" conceptID="Mod2" novelty="None" advantage="None"/><text>This discrete surface has been fitted to an analytical function generated using a fifth order power series, which was formulated by Gabriel <IT>et al</IT><REF TYPE="P" ID="cit18">18</REF>. in the following manner,The functional form of the DMS is in terms of two bond lengths and included bond angle (<IT>ρ</IT><SB>1</SB> = <IT>R</IT><SB>1</SB> − <IT>R</IT><SB>1</SB><SP>e</SP>, <IT>ρ</IT><SB>2</SB> = <IT>R</IT><SB>2</SB> − <IT>R</IT><SB>2</SB><SP>e</SP>, <IT>ρ</IT><SB>3</SB> = <IT>θ</IT> − <IT>θ</IT><SP><IT>e</IT></SP>).</text></s> <s sid="35"><CoreSc1 atype="GSC" type="Mod" conceptID="Mod2" novelty="None" advantage="None"/><text>The (<IT>χ</IT><SP>2</SP>)<SP>1/2</SP> for fifth order expansion is <IT>ca.</IT> 10<SP>−3</SP> au for all the <IT>μ</IT><SB><IT>x</IT></SB> and <IT>μ</IT><SB><IT>y</IT></SB> components.</text></s> <s sid="36"><CoreSc1 atype="GSC" type="Mod" conceptID="Mod2" novelty="None" advantage="None"/><text>The dipole moment function has been graphically inspected in order to ensure that the regions of electrical anharmonicity are within the expectation values of the <IT>ab initio</IT> dipole moment calculations.</text></s> <s sid="37"><CoreSc1 atype="GSC" type="Mod" conceptID="Mod2" novelty="None" advantage="None"/><text>Table 1 gives a full description of the dipole moment function.</text></s></P><P><s sid="38"><CoreSc1 atype="GSC" type="Met" conceptID="Met2" novelty="Old" advantage="None"/><text>The general strategy in the evaluation of radiative properties has been detailed elsewhere.<REF TYPE="P" ID="cit19">19</REF></text></s> <s sid="39"><CoreSc1 atype="GSC" type="Bac" conceptID="Bac5" novelty="None" advantage="None"/><text>Nevertheless it is pertinent to point out some of the following features of the procedure.</text></s> <s sid="40"><CoreSc1 atype="GSC" type="Met" conceptID="Met3" novelty="Old" advantage="None"/><text>The transition probabilities spanned by the variational wave functions have been determined using the Harris <IT>et al</IT><REF TYPE="P" ID="cit20">20</REF>. quadrature scheme.</text></s> <s sid="41"><CoreSc1 atype="GSC" type="Met" conceptID="Met4" novelty="Old" advantage="None"/><text>The ro-vibrational transition probabilities have been transformed into the space-fixed co-ordinate system from the molecule-fixed framework, using the formulation as outlined by Zare<REF TYPE="P" ID="cit21">21</REF> and then appropriately evaluated.</text></s> <s sid="42"><CoreSc1 atype="GSC" type="Con" conceptID="Con1" novelty="None" advantage="None"/><text>The transition probability evaluation procedure and ensuing results have been carefully benchmarked for H<SB>2</SB>O and are in excellent agreement with methodologies using more traditional algorithms.<REF TYPE="P" ID="cit19">19</REF></text></s> <s sid="43"><CoreSc1 atype="GSC" type="Exp" conceptID="Exp1" novelty="None" advantage="None"/><text>All calculations have been performed using Compaq Alpha workstations under the UNIX operating system.</text></s></P></DIV><DIV DEPTH="1"><HEADER HEADER_MARKER="3.">Results and discussions</HEADER><P><s sid="44"><CoreSc1 atype="GSC" type="Con" conceptID="Con2" novelty="None" advantage="None"/><text>The ro-vibrational wave function presented here differs significantly from that previously determined by Hughes and von Nagy-Felsobuki.<REF TYPE="P" ID="cit4">4</REF></text></s> <s sid="45"><CoreSc1 atype="GSC" type="Met" conceptID="Met5" novelty="Old" advantage="None"/><text>The latter variational calculation used a nodal cut-off criterion in order to select only 560 vibration configuration basis functions from a possible configuration list of 8000.</text></s> <s sid="46"><CoreSc1 atype="GSC" type="Met" conceptID="Met6" novelty="New" advantage="None"/><text>The “pure” rotational and ro-vibrational transitional energies listed in Tables 2 and 3 have been calculated using the complete list of 8000 vibration basis functions.</text></s> <s sid="47"><CoreSc1 atype="GSC" type="Met" conceptID="Met6" novelty="New" advantage="Yes"/><text>The energy levels throughout these Tables are converged to ±0.02 cm<SP>−1</SP> (based on a study of the variation of the energy levels as a function of configurational size).</text></s> <s sid="48"><CoreSc1 atype="GSC" type="Con" conceptID="Con3" novelty="None" advantage="None"/><text>Hence, these are the most accurate energy levels reported to date in the literature.</text></s></P><P><s sid="49"><CoreSc1 atype="GSC" type="Obs" conceptID="Obs3" novelty="None" advantage="None"/><text>Table 2 gives the “pure” rotational transitions associated with the ground electronic and vibrational state of He<SB>2</SB>C<SP>2+</SP>.</text></s> <s sid="50"><CoreSc1 atype="GSC" type="Bac" conceptID="Bac6" novelty="None" advantage="None"/><text>The limiting case for the rotational levels is Mulliken’s prolate symmetric-top.</text></s> <s sid="51"><CoreSc1 atype="GSC" type="Met" conceptID="Met7" novelty="New" advantage="None"/><text>The rotational levels given in Tables 2 and 3 are assigned within this framework and are calculated up to the <IT>J</IT> = 4 level.</text></s> <s sid="52"><CoreSc1 atype="GSC" type="Met" conceptID="Met8" novelty="New" advantage="None"/><text>The assignments of the ro-vibrational states in these tables are based on the expansion densities determined from the coefficients of the variational wave function.</text></s> <s sid="53"><CoreSc1 atype="GSC" type="Met" conceptID="Met9" novelty="None" advantage="No"/><text>For the ro-vibrational states higher than the fourth excited rotational state, the resultant wave functions are heavily mixed due to basis functions, which belong to the same irreducible representation.</text></s> <s sid="54"><CoreSc1 atype="GSC" type="Met" conceptID="Met9" novelty="None" advantage="No"/><text>Hence, the assignment of a wave function in terms of a single diagonal representation becomes problematical for the more excited states.</text></s> <s sid="55"><CoreSc1 atype="GSC" type="Obj" conceptID="Obj4" novelty="New" advantage="None"/><text>For simplicity we have restricted the analysis to energy levels whose wave functions (according to the expansion density analysis) have unequivocal assignments; that is, for wave functions which are not severely delocalised.</text></s> <s sid="56"><CoreSc1 atype="GSC" type="Obj" conceptID="Obj4" novelty="New" advantage="None"/><text>Therefore, the assignments in Tables 2 and 3 are restricted to all transitions, up to and including the <IT>ν</IT> = 4 and <IT>J</IT> = 4 level.</text></s> <s sid="57"><CoreSc1 atype="GSC" type="Res" conceptID="Res3" novelty="None" advantage="None"/><text>A comprehensive assignment of a more extensive list of transitions between delocalised states is available from the authors.</text></s></P><P><s sid="58"><CoreSc1 atype="GSC" type="Met" conceptID="Met10" novelty="Old" advantage="None"/><text>The ro-vibrational spectral line intensities of a transition from an initial state |<IT>i</IT>〉 to a final state |<IT>j</IT>〉 can be evaluated <IT>via</IT><REF TYPE="P" ID="cit22">22</REF>where the usual definitions for <IT>k</IT>, <IT>h</IT>, <IT>c</IT>, <IT>R</IT>, <IT>T</IT> and <IT>N</IT><SB>A</SB> apply.</text></s> <s sid="59"><CoreSc1 atype="GSC" type="Met" conceptID="Met10" novelty="Old" advantage="None"/><text>Here <IT>C</IT><SB>A</SB> is the isotopic abundance, <IT>g</IT><SB>nsi</SB> is the nuclear statistical weight of the initial state, <IT>ω</IT><SB><IT>ij</IT></SB> is the frequency of transition (cm<SP>−1</SP>), <IT>E</IT><SB><IT>i</IT></SB> and <IT>E</IT><SB><IT>j</IT></SB> are the energy of the initial state |<IT>i</IT>〉 and final state |<IT>j</IT>〉 in cm<SP>−1</SP>, <IT>Q</IT><SB>V</SB> and <IT>Q</IT><SB>R</SB> are the vibration and rotation partition functions, respectively.</text></s> <s sid="60"><CoreSc1 atype="GSC" type="Met" conceptID="Met10" novelty="Old" advantage="None"/><text>For He<SB>2</SB>C<SP>2+</SP> the <IT>g</IT><SB>nsi</SB> value for the symmetric and anti-symmetric levels is 1 and 0, respectively.</text></s> <s sid="61"><CoreSc1 atype="GSC" type="Met" conceptID="Met10" novelty="Old" advantage="None"/><text>The <IT>R</IT><SP>2</SP> term is the transition probability summed in terms of the Wigner rotation matrices, with the transition moment integrals evaluated using the Harris <IT>et al</IT><REF TYPE="P" ID="cit20">20</REF>. quadrature scheme.</text></s></P><P><s sid="62"><CoreSc1 atype="GSC" type="Met" conceptID="Met11" novelty="New" advantage="None"/><text>It should be noted that in this work the ro-vibrational transition probability (<IT>R</IT><SP>2</SP>) is calculated exactly (<IT>i.e.</IT> by employing the “full” ro-vibrational wave function and the transformed DMS).</text></s> <s sid="63"><CoreSc1 atype="GSC" type="Met" conceptID="Met11" novelty="New" advantage="Yes"/><text>Therefore, there is no need to impose selection rules, such as Δ<IT>J</IT> = 0,±1, since these are reflected within the calculations.</text></s> <s sid="64"><CoreSc1 atype="GSC" type="Bac" conceptID="Bac7" novelty="None" advantage="None"/><text>According to the ro-vibrational selection rules, the total number of allowable transitions up to and including the <IT>v</IT> = 4 and <IT>J</IT> = 4 level is 1250.</text></s> <s sid="65"><CoreSc1 atype="GSC" type="Obs" conceptID="Obs4" novelty="None" advantage="None"/><text>From <IT>ab initio</IT> calculations of He<SB>2</SB>C<SP>2+</SP> spectrum, many of these transitions are still not significant in terms of their intensities (<IT>i.e.</IT> well below 10<SP>−30</SP> cm molecule<SP>−1</SP>).</text></s> <s sid="66"><CoreSc1 atype="GSC" type="Res" conceptID="Res4" novelty="None" advantage="None"/><text>Furthermore, a number of these transitions are forbidden (<IT>i.e.</IT> the value of the line intensities are zero) due to the fact that the nuclear spin statistic of lower level is zero (<IT>e.g</IT>.</text></s> <s sid="67"><CoreSc1 atype="GSC" type="Res" conceptID="Res4" novelty="None" advantage="None"/><text>512 transition are spin forbidden from this consideration alone).</text></s> <s sid="68"><CoreSc1 atype="GSC" type="Res" conceptID="Res5" novelty="None" advantage="None"/><text>Hence, for He<SB>2</SB>C<SP>2+</SP> the total number of transitions with intensities above 10<SP>−30</SP> cm molecule<SP>−1</SP> is 637.</text></s> <s sid="69"><CoreSc1 atype="GSC" type="Obs" conceptID="Obs5" novelty="None" advantage="None"/><text>Fig. 1 gives the ro-vibrational spectrum up to and including the <IT>v</IT> = 4 and <IT>J</IT> = 4 level using a line strength threshold of 1.0 × 10<SP>−30</SP> cm molecule<SP>−1</SP>.</text></s></P><P><s sid="70"><CoreSc1 atype="GSC" type="Obs" conceptID="Obs6" novelty="None" advantage="None"/><text>Table 2 details the line strengths for all the “pure” rotational transitions up to <IT>J</IT> = 4 level associated with the ground electronic and vibrational state of He<SB>2</SB>C<SP>2+</SP>.</text></s> <s sid="71"><CoreSc1 atype="GSC" type="Obs" conceptID="Obs7" novelty="None" advantage="None"/><text>From Fig. 1 and Table 2 it is evident that for the intensities of the “pure” rotational transition of the vibration ground state (with a transition energy less than 25.0 cm<SP>−1</SP>) are very weak (<IT>e.g.</IT> the intensity of the strongest line, 3<SB>3 1</SB>–4<SB>4 0</SB>, is only 2.15 × 10<SP>−22</SP> cm molecule<SP>−1</SP>).</text></s> <s sid="72"><CoreSc1 atype="GSC" type="Res" conceptID="Res1" novelty="None" advantage="None"/><text>The next group of significant line strengths is attributed to ro-vibrational transitions between (〈0,2,0〉 ← 〈0,1,0〉) and (〈0,1,0〉 ← 〈0,0,0〉) bands.</text></s> <s sid="73"><CoreSc1 atype="GSC" type="Res" conceptID="Res1" novelty="None" advantage="None"/><text>The band centers are calculated to be 309.5 and 330.4 cm<SP>−1</SP> respectively.</text></s> <s sid="74"><CoreSc1 atype="GSC" type="Res" conceptID="Res2" novelty="None" advantage="None"/><text>The strongest band is assigned to the (〈0,2,0〉 ← 〈0,0,0〉) transition, with the band center at 625.1 cm<SP>−1</SP> and a line strength of 2.58 × 10<SP>−19</SP> cm molecule<SP>−1</SP> (which is assigned to the 4<SB>4 0</SB>–4<SB>4 1</SB> transition).</text></s> <s sid="75"><CoreSc1 atype="GSC" type="Obs" conceptID="Obs8" novelty="None" advantage="None"/><text>Table 3 details the dipole-allowed ro-vibrational transitions for He<SB>2</SB>C<SP>2+</SP> in the <IT>ν</IT><SB>2</SB> fundamental using a cut-off in intensity of greater than 1.0 × 10<SP>−20</SP> cm molecule<SP>−1</SP>.</text></s></P><P><s sid="76"><CoreSc1 atype="GSC" type="Met" conceptID="Met12" novelty="Old" advantage="None"/><text>Using the Einstein <IT>A</IT><SB><IT>ul</IT></SB> coefficient it also possible to calculate the fluorescence lifetime of a particular state in the absence of an external radiation field (where only spontaneous emission occurs).</text></s> <s sid="77"><CoreSc1 atype="GSC" type="Met" conceptID="Met12" novelty="Old" advantage="None"/><text>The fluorescence lifetime, <IT>τ</IT>f<IT>u</IT>, can be calculated <IT>via</IT><REF TYPE="P" ID="cit23">23</REF>where the Einstein <IT>A</IT> coefficient is defined as</text></s></P><P><s sid="78"><CoreSc1 atype="GSC" type="Obs" conceptID="Obs9" novelty="None" advantage="None"/><text>Tables 2 and 3 list the Einstein <IT>A</IT> coefficients.</text></s> <s sid="79"><CoreSc1 atype="GSC" type="Con" conceptID="Con4" novelty="None" advantage="None"/><text>The selection rules discussed above lead to three or fewer possible decay routes for the levels presented in Tables 2 and 3 and so the radiative lifetimes using eqn. (2) can be easily determined.</text></s></P></DIV></BODY></PAPER>