<?xml version="1.0" encoding="UTF-8"?>
<!DOCTYPE PAPER
  SYSTEM "paper-structure-annotation.dtd">
<PAPER><mode2 name="b413603a" hasDoc="yes" version="1190"/><TITLE><s sid="1"><CoreSc1 atype="GSC" type="Obj" conceptID="Obj1" novelty="New" advantage="None"/><text>Statistical mechanical approach to competitive binding of metal ions to multi-center receptors</text></s></TITLE><ABSTRACT><s sid="2"><CoreSc1 atype="GSC" type="Hyp" conceptID="Hyp1" novelty="None" advantage="None"/><text>A microscopic site binding model to treat binding of several metal ions to multi-center receptors is proposed.</text></s> <s sid="3"><CoreSc1 atype="GSC" type="Hyp" conceptID="Hyp1" novelty="None" advantage="None"/><text>The model introduces the appropriate parameterization in terms of microscopic complexation constants and metal–metal pair interaction energies.</text></s> <s sid="4"><CoreSc1 atype="GSC" type="Met" conceptID="Met1" novelty="New" advantage="None"/><text>The model is solved with statistical mechanical techniques, including direct enumeration or transfer matrices.</text></s> <s sid="5"><CoreSc1 atype="GSC" type="Res" conceptID="Res1" novelty="None" advantage="None"/><text>We obtain microscopic and macroscopic complexation constants, microstate probabilities, and binding isotherms for chain-like receptors, including the long-chain limit.</text></s> <s sid="6"><CoreSc1 atype="GSC" type="Res" conceptID="Res2" novelty="None" advantage="None"/><text>Various examples to illustrate the usefulness of the model are given.</text></s></ABSTRACT><BODY><DIV DEPTH="1"><HEADER>Introduction</HEADER><P><s sid="7"><CoreSc1 atype="GSC" type="Bac" conceptID="Bac1" novelty="None" advantage="None"/><text>Interactions of metal ions with ligands represent an important topic in coordination chemistry.</text></s> <s sid="8"><CoreSc1 atype="GSC" type="Bac" conceptID="Bac1" novelty="None" advantage="None"/><text>In the past, research mainly focussed on mono-center complexes containing a single metal ion and one or more ligands.</text></s> <s sid="9"><CoreSc1 atype="GSC" type="Bac" conceptID="Bac1" novelty="None" advantage="None"/><text>More recently, attention shifted toward supramolecular multi-center assemblies, which result from the interactions between several ligands and metal ions.<REF TYPE="P" ID="cit1">1</REF></text></s> <s sid="10"><CoreSc1 atype="GSC" type="Bac" conceptID="Bac1" novelty="None" advantage="None"/><text>Researchers have focussed on the preparation and structural characterization of sophisticated metallo-supramolecular architectures, which can be obtained in high-yield by the simple mixing of the various components (<IT>i.e.</IT>, self-assembly).<REF TYPE="P" ID="cit2">2</REF></text></s> <s sid="11"><CoreSc1 atype="GSC" type="Bac" conceptID="Bac1" novelty="None" advantage="None"/><text>However, the thermodynamic basis of the formation mechanisms of such complexes is poorly understood, and has not been addressed in much detail so far.</text></s> <s sid="12"><CoreSc1 atype="GSC" type="Mot" conceptID="Mot1" novelty="None" advantage="None"/><text>Proper understanding of these processes is essential for stimulating molecular programming, and for switching from the usual deductive chemical approach toward induction.<REF TYPE="P" ID="cit3">3</REF></text></s> <s sid="13"><CoreSc1 atype="GSC" type="Bac" conceptID="Bac2" novelty="None" advantage="None"/><text>The latter bottom-up process necessitates an exploitation and modelling of the experimental kinetic and thermodynamic data on complexation reactions.</text></s> <s sid="14"><CoreSc1 atype="GSC" type="Bac" conceptID="Bac2" novelty="None" advantage="None"/><text>In this context, multi-metal supramolecular lanthanide complexes are particularly interesting, as the search for new receptors displaying selective binding along the 4f-block series provides a substantial database of macroscopic and microscopic stability constants.<REF TYPE="P" ID="cit4">4</REF></text></s> <s sid="15"><CoreSc1 atype="GSC" type="Bac" conceptID="Bac2" novelty="None" advantage="None"/><text>The recent design of heterometallic f–f′ complexes evidencing large deviations from statistical distributions in solution demonstrates the need for mathematical models of multi-center complexation processes.<REF TYPE="P" ID="cit5">5</REF></text></s> <s sid="16"><CoreSc1 atype="GSC" type="Bac" conceptID="Bac2" novelty="None" advantage="None"/><text>The partial rationalization of the formation of the heterobimetallic and trimetallic complexes represents a first step toward this goal.<REF TYPE="P" ID="cit6 cit7 cit8 cit9 cit10 cit11">6–11</REF></text></s> <s sid="17"><CoreSc1 atype="GSC" type="Bac" conceptID="Bac2" novelty="None" advantage="None"/><text>Examples of such complexes are shown in Fig. 1, and the structure of the ligands in Fig. 2.</text></s></P><P><s sid="18"><CoreSc1 atype="GSC" type="Met" conceptID="Met2" novelty="Old" advantage="None"/><text>The formation of metal–ligand complexes can be quantified in terms of chemical equilibria and the corresponding complexation constants.</text></s> <s sid="19"><CoreSc1 atype="GSC" type="Met" conceptID="Met2" novelty="Old" advantage="No"/><text>However, as soon as multi-center complexes are being considered, the number of constants becomes very large, and this approach becomes impractical.</text></s> <s sid="20"><CoreSc1 atype="GSC" type="Bac" conceptID="Bac3" novelty="None" advantage="None"/><text>For this reason, a parameterization of these constants in terms of only a few chemically meaningful parameters is necessary.</text></s> <s sid="21"><CoreSc1 atype="GSC" type="Met" conceptID="Met3" novelty="Old" advantage="None"/><text>Ercolani's work<REF TYPE="P" ID="cit12">12</REF> focusses exactly on this problem, as he attempts to express formation constants of multi-center complexes in terms of two intrinsic constants and symmetry numbers.</text></s></P><P><s sid="22"><CoreSc1 atype="GSC" type="Bac" conceptID="Bac4" novelty="None" advantage="None"/><text>A classical topic, where such questions arise, are acid–base equilibria of polyelectrolytes (<IT>i.e.</IT>, proton binding).</text></s> <s sid="23"><CoreSc1 atype="GSC" type="Bac" conceptID="Bac4" novelty="None" advantage="None"/><text>In the early fifties, Kirkwood,<REF TYPE="P" ID="cit13">13</REF> Steiner,<REF TYPE="P" ID="cit14">14</REF> and Marcus<REF TYPE="P" ID="cit15">15</REF> had shown how to formulate a site binding model for this situation, and this approach has been extended until recently.<REF TYPE="P" ID="cit16 cit17">16,17</REF></text></s> <s sid="24"><CoreSc1 atype="GSC" type="Met" conceptID="Met4" novelty="Old" advantage="None"/><text>The free energy of a microscopic protonation state is expressed in terms of a small number of parameters.</text></s> <s sid="25"><CoreSc1 atype="GSC" type="Met" conceptID="Met4" novelty="Old" advantage="None"/><text>Normally, these include microscopic binding constants for each site and site–site pair interaction energies.</text></s> <s sid="26"><CoreSc1 atype="GSC" type="Met" conceptID="Met4" novelty="Old" advantage="None"/><text>For an infinite polyelectrolyte chain, the binding isotherms can be evaluated by standard techniques borrowed from statistical mechanics.</text></s> <s sid="27"><CoreSc1 atype="GSC" type="Met" conceptID="Met4" novelty="Old" advantage="None"/><text>For finite oligomers, one recovers the classical description in terms of chemical equilibria, and the corresponding protonation constants can be expressed in terms of microscopic binding constants and pair interaction energies.<REF TYPE="P" ID="cit17">17</REF></text></s> <s sid="28"><CoreSc1 atype="GSC" type="Met" conceptID="Met4" novelty="Old" advantage="Yes"/><text>This parameterization appears to be the appropriate one to obtain the necessary simplification of the description of acid–base equilibria of polyprotic acids or bases.<REF TYPE="P" ID="cit18 cit19 cit20">18–20</REF> </text></s></P><P><s sid="29"><CoreSc1 atype="GSC" type="Bac" conceptID="Bac5" novelty="None" advantage="None"/><text>One encounters a similar problem, when one attempts to interpret the binding of metal ions by polyelectrolytes.<REF TYPE="P" ID="cit21 cit22 cit23 cit24 cit25">21–25</REF></text></s> <s sid="30"><CoreSc1 atype="GSC" type="Bac" conceptID="Bac5" novelty="None" advantage="None"/><text>Such charged macromolecules have linear or branched structures, and offer a large number of coordination sites.</text></s> <s sid="31"><CoreSc1 atype="GSC" type="Bac" conceptID="Bac5" novelty="None" advantage="None"/><text>Polyelectrolytes may therefore bind a larger number of metal ions.</text></s> <s sid="32"><CoreSc1 atype="GSC" type="Bac" conceptID="Bac5" novelty="None" advantage="None"/><text>For example, dendrimers have been reported to complex several hundreds of copper(ii) ions.<REF TYPE="P" ID="cit22">22</REF></text></s> <s sid="33"><CoreSc1 atype="GSC" type="Bac" conceptID="Bac5" novelty="None" advantage="None"/><text>Again, such systems cannot be described by a small number of complexation constants, and an alternative approach is needed.</text></s></P><P><s sid="34"><CoreSc1 atype="GSC" type="Bac" conceptID="Bac6" novelty="None" advantage="None"/><text>To approach such questions, microscopic site binding models have been proposed to address the competition between protons and multi-dentate metal binding to polyelectrolytes.<REF TYPE="P" ID="cit21">21</REF></text></s> <s sid="35"><CoreSc1 atype="GSC" type="Obj" conceptID="Obj2" novelty="New" advantage="None"/><text>In this publication, we develop this topic further and discuss a site binding model to describe binding of different metal ions to a multi-center receptor with well-defined binding sites, see Fig. 1.</text></s> <s sid="36"><CoreSc1 atype="GSC" type="Obj" conceptID="Obj2" novelty="New" advantage="None"/><text>The receptor may consist of several preassembled ligands.</text></s></P><P><s sid="37"><CoreSc1 atype="GSC" type="Bac" conceptID="Bac7" novelty="None" advantage="None"/><text>This paper is structured as follows.</text></s> <s sid="38"><CoreSc1 atype="GSC" type="Goa" conceptID="Goa1" novelty="None" advantage="None"/><text>First, we introduce the appropriate parameterization in terms of microscopic complexation constants and metal–metal pair interaction energies, elucidate the differences between microscopic and macroscopic equilibria in these systems, and extend the description to macromolecular receptors.</text></s> <s sid="39"><CoreSc1 atype="GSC" type="Obj" conceptID="Obj3" novelty="New" advantage="None"/><text>The model will be first discussed with simple examples, including small and infinitely large receptors.</text></s> <s sid="40"><CoreSc1 atype="GSC" type="Obj" conceptID="Obj4" novelty="New" advantage="None"/><text>In the last section the applicability of the model to experimental binding constants is illustrated.</text></s> <s sid="41"><CoreSc1 atype="GSC" type="Bac" conceptID="Bac8" novelty="None" advantage="None"/><text>The experimentally inclined reader is welcome to proceed to this section directly.</text></s></P><DIV DEPTH="2"><HEADER>Binding of metal ions to a multi-center ligand receptor</HEADER><P><s sid="42"><CoreSc1 atype="GSC" type="Mod" conceptID="Mod1" novelty="None" advantage="None"/><text>Consider a receptor with several binding sites, each of which can bind a single metal ion.</text></s> <s sid="43"><CoreSc1 atype="GSC" type="Mod" conceptID="Mod1" novelty="None" advantage="None"/><text>Once the site is occupied with a metal ion, it can no longer bind any others.</text></s> <s sid="44"><CoreSc1 atype="GSC" type="Mod" conceptID="Mod1" novelty="None" advantage="None"/><text>If a metal ion of type <IT>ω</IT> is bound to a site <IT>i</IT>, the corresponding element of the state vector <B><IT><B>s</B></IT></B>(<IT>ω</IT>)<IT>i</IT> is defined to be unity, and all the other elements are zero.</text></s> <s sid="45"><CoreSc1 atype="GSC" type="Mod" conceptID="Mod1" novelty="None" advantage="None"/><text>The state of all sites can be then described with a state vector <B><IT>s</IT></B><IT><SB>i</SB></IT>.</text></s> <s sid="46"><CoreSc1 atype="GSC" type="Mod" conceptID="Mod1" novelty="None" advantage="None"/><text>To a first approximation, the effective free energy of the metal-receptor complex can be written as a general linear and quadratic expression in the state variables, namely<REF TYPE="P" ID="cit17 cit21 cit26">17,21,26</REF> where the chemical potential term can be related to the activity of metal <IT>α</IT><SB><IT>ω</IT></SB> as <IT>µ</IT>(<IT>ω</IT>)<IT>i</IT> = <IT>kT</IT> ln <IT>α</IT><SB><IT>ω</IT></SB><IT>K</IT>(<IT>ω</IT>)<IT>i</IT>, where <IT>K</IT>(<IT>ω</IT>)<IT>i</IT> is the microscopic association constant of the center <IT>i</IT> for the metal of type <IT>ω</IT>, and <IT>kT</IT> the thermal energy.</text></s> <s sid="47"><CoreSc1 atype="GSC" type="Mod" conceptID="Mod1" novelty="None" advantage="None"/><text>We have further denoted by <IT>E</IT>(<IT>ωη</IT>)<IT>ij</IT> the pair interaction energy between two metal ions <IT>ω</IT> and <IT>η</IT> occupying the sites <IT>i</IT> and <IT>j</IT>.</text></s> <s sid="48"><CoreSc1 atype="GSC" type="Mod" conceptID="Mod1" novelty="None" advantage="None"/><text>Note that the pair interaction energy is symmetric upon exchange of the indices <IT>ω</IT> and <IT>η</IT>, as well as <IT>i</IT> and <IT>j</IT>.</text></s> <s sid="49"><CoreSc1 atype="GSC" type="Mod" conceptID="Mod1" novelty="None" advantage="None"/><text>The free energy eqn. (1) is a straightforward generalization of the treatment of protonation equilibria.<REF TYPE="P" ID="cit16 cit17">16,17</REF> </text></s></P><P><s sid="50"><CoreSc1 atype="GSC" type="Mod" conceptID="Mod1" novelty="None" advantage="None"/><text>Given the free energy of the metal–receptor complex, we can express the semi-grand canonical partition function as<REF TYPE="P" ID="cit26">26</REF>where the sum extends over all possible states {<IT><B>s</B></IT><SB><IT>i</IT></SB>}.</text></s></P><P><s sid="51"><CoreSc1 atype="GSC" type="Mod" conceptID="Mod1" novelty="None" advantage="None"/><text>The binding isotherm for the metal <IT>ω</IT> and center <IT>i</IT> can be written as a thermal average over the state variable, namelywhere the thermal average of a function <IT>f</IT>({<B><IT>s</IT></B><SB><IT>i</IT></SB>}) is defined as.</text></s> <s sid="52"><CoreSc1 atype="GSC" type="Mod" conceptID="Mod1" novelty="None" advantage="None"/><text>The overall binding fraction of the metal <IT>ω</IT> can be expressed aswhere <IT>N</IT> is the total number of sites of the receptor.</text></s> <s sid="53"><CoreSc1 atype="GSC" type="Mod" conceptID="Mod1" novelty="None" advantage="None"/><text>These isotherms obey the thermodynamic consistency relation </text></s></P></DIV><DIV DEPTH="2"><HEADER>Macroscopic equilibrium constants</HEADER><P><s sid="54"><CoreSc1 atype="GSC" type="Mod" conceptID="Mod2" novelty="None" advantage="None"/><text>Based on the present description, one can obtain expressions for equilibrium constants for the chemical equilibria between different species.</text></s> <s sid="55"><CoreSc1 atype="GSC" type="Mod" conceptID="Mod2" novelty="None" advantage="None"/><text>For the sake of simplicity, let us consider two types of metal ions M<SP>(1)</SP> and M<SP>(2)</SP> only.</text></s> <s sid="56"><CoreSc1 atype="GSC" type="Mod" conceptID="Mod2" novelty="None" advantage="None"/><text>The generalization of the following arguments to an arbitrary number of metal ions is straightforward.</text></s></P><P><s sid="57"><CoreSc1 atype="GSC" type="Mod" conceptID="Mod2" novelty="None" advantage="None"/><text>Commonly, solution equilibria are described in terms of macrospecies, where only the total number and type of metal ions are specified, but it is not specified to which site they are bound.</text></s> <s sid="58"><CoreSc1 atype="GSC" type="Mod" conceptID="Mod2" novelty="None" advantage="None"/><text>The formation of such macrospecies can be described in terms of a chemical reaction L + <IT>n</IT>M<SP>(1)</SP> + <IT>m</IT>M<SP>(2)</SP> ⇌ LM(1)<IT>n</IT>M(2)<IT>m</IT>which can be characterized in terms of macroscopic cumulative equilibrium constants <IT>β</IT><SB><IT>nm</IT></SB>.</text></s> <s sid="59"><CoreSc1 atype="GSC" type="Mod" conceptID="Mod2" novelty="None" advantage="None"/><text>The latter can be obtained by expanding the partition function in terms of the activities <IT>a</IT><SB>1</SB> and <IT>a</IT><SB>2</SB>, and as the result one obtains the binding polynomial.</text></s> <s sid="60"><CoreSc1 atype="GSC" type="Mod" conceptID="Mod2" novelty="None" advantage="None"/><text>From this expression, the probability of a macrospecies, or in other words its relative concentration, can be expressed as.</text></s> <s sid="61"><CoreSc1 atype="GSC" type="Mod" conceptID="Mod2" novelty="None" advantage="None"/><text>From these macrospecies probabilities, the binding isotherms can be directly obtained as.</text></s> <s sid="62"><CoreSc1 atype="GSC" type="Mod" conceptID="Mod2" novelty="None" advantage="None"/><text>These expressions reflect the basic fact that the overall binding isotherms depend on the probabilities of the corresponding macrostates.</text></s></P></DIV><DIV DEPTH="2"><HEADER>Microscopic equilibrium constants</HEADER><P><s sid="63"><CoreSc1 atype="GSC" type="Mod" conceptID="Mod3" novelty="None" advantage="None"/><text>Each macrospecies normally corresponds to a collection of several microspecies.</text></s> <s sid="64"><CoreSc1 atype="GSC" type="Mod" conceptID="Mod3" novelty="None" advantage="None"/><text>A microspecies is defined with a set of given state variable vectors {<B><IT>s</IT></B><SB><IT>i</IT></SB>}.</text></s> <s sid="65"><CoreSc1 atype="GSC" type="Mod" conceptID="Mod3" novelty="None" advantage="None"/><text>The probability of such a species (<IT>i.e.</IT>, its relative concentration) can be written as.</text></s> <s sid="66"><CoreSc1 atype="GSC" type="Mod" conceptID="Mod3" novelty="None" advantage="None"/><text>Let us express the macrostate probability in terms of the microstate probabilities where δ<SB><IT>n</IT>,<IT>m</IT></SB> is unity for <IT>n</IT> = <IT>m</IT> and zero otherwise.</text></s> <s sid="67"><CoreSc1 atype="GSC" type="Mod" conceptID="Mod3" novelty="None" advantage="None"/><text>From this expression we find that the probability of the microspecies can be split into two terms, namely, <IT>p</IT>({<B><IT>s</IT></B><SB><IT>i</IT></SB>}) = π({<B><IT>s</IT></B><SB><IT>i</IT></SB>}|<IT>nm</IT>)<IT>P</IT><SB><IT>nm</IT></SB>(<IT>α</IT><SB>1</SB>,<IT>α</IT><SB>2</SB>)the macrostate probability <IT>P</IT><SB><IT>nm</IT></SB>(<IT>α</IT><SB>1</SB>,<IT>α</IT><SB>2</SB>), and the conditional microstate probability where the Kronecker's δ<SB><IT>n</IT>,<IT>m</IT></SB> is unity for <IT>n</IT> = <IT>m</IT> and zero otherwise.</text></s> <s sid="68"><CoreSc1 atype="GSC" type="Mod" conceptID="Mod3" novelty="None" advantage="None"/><text>This conditional probability expresses the relative probability to find a given microstate within a particular macrostate.</text></s> <s sid="69"><CoreSc1 atype="GSC" type="Mod" conceptID="Mod3" novelty="None" advantage="None"/><text>The important advantage of introducing this conditional probability is that this quantity is a constant and independent of the metal activities.</text></s> <s sid="70"><CoreSc1 atype="GSC" type="Mod" conceptID="Mod3" novelty="None" advantage="None"/><text>The entire concentration dependence is captured by the macrostate probability.</text></s></P><P><s sid="71"><CoreSc1 atype="GSC" type="Mod" conceptID="Mod3" novelty="None" advantage="None"/><text>Equilibrium constants of microscopic equilibria can be discussed in this framework as well.</text></s> <s sid="72"><CoreSc1 atype="GSC" type="Mod" conceptID="Mod3" novelty="None" advantage="None"/><text>Recall that the binding state of the receptor is uniquely defined with a set of given state variable vectors {<B><IT>s</IT></B><SB><IT>i</IT></SB>}.</text></s> <s sid="73"><CoreSc1 atype="GSC" type="Mod" conceptID="Mod3" novelty="None" advantage="None"/><text>Consider now a chemical equilibrium between two species <IT>L</IT>({<B><IT>s</IT></B>′<SB><IT>i</IT></SB>}) ⇌ <IT>L</IT>({<IT><B>s</B></IT><SB><IT>i</IT></SB>})the state vectors of which are identical with the exception of the elements <IT><B>s</B></IT><SB><IT>j</IT></SB>(<IT>λ</IT>)<IT>j</IT> = 0 and <IT><B>s</B></IT>′(<IT>λ</IT>)<IT>j</IT> = 1.</text></s> <s sid="74"><CoreSc1 atype="GSC" type="Mod" conceptID="Mod3" novelty="None" advantage="None"/><text>This reaction corresponds to a microscopic equilibrium, where the site <IT>j</IT> eliminates a metal of type <IT>λ</IT>, but the binding state of the rest of receptor remains unchanged.</text></s> <s sid="75"><CoreSc1 atype="GSC" type="Mod" conceptID="Mod3" novelty="None" advantage="None"/><text>The successive equilibrium constant for the reaction eqn. (16) can be obtained from the free energy difference of these states, and yields the result.</text></s> <s sid="76"><CoreSc1 atype="GSC" type="Mod" conceptID="Mod3" novelty="None" advantage="None"/><text>Note that the previously introduced binding constant <IT>K</IT>(<IT>λ</IT>)<IT>j</IT> corresponds to the inverse of the microconstant for the release of a metal of type <IT>λ</IT> from site <IT>j</IT> when all other sites of the receptor are empty.</text></s></P></DIV><DIV DEPTH="2"><HEADER>Transfer matrix techniques</HEADER><P><s sid="77"><CoreSc1 atype="GSC" type="Mod" conceptID="Mod4" novelty="None" advantage="None"/><text>Different binding states of receptors with a small number of sites can be enumerated by hand.</text></s> <s sid="78"><CoreSc1 atype="GSC" type="Mod" conceptID="Mod4" novelty="None" advantage="None"/><text>Larger structures can be enumerated on a computer, even though the number of sites accessible with this technique remains limited to about 20–30.</text></s> <s sid="79"><CoreSc1 atype="GSC" type="Mod" conceptID="Mod4" novelty="None" advantage="None"/><text>Larger systems can be either treated by Monte Carlo simulation, or certain structures by transfer matrix techniques.<REF TYPE="P" ID="cit27">27</REF></text></s> <s sid="80"><CoreSc1 atype="GSC" type="Mod" conceptID="Mod4" novelty="None" advantage="None"/><text>In particular, the latter can be used to address systems in the limit of large number of sites in a straightforward fashion.</text></s></P><P><s sid="81"><CoreSc1 atype="GSC" type="Mod" conceptID="Mod4" novelty="None" advantage="None"/><text>To introduce the transfer matrix technique, consider a linear structure and nearest neighbor pair range interactions.<REF TYPE="P" ID="cit27">27</REF></text></s> <s sid="82"><CoreSc1 atype="GSC" type="Mod" conceptID="Mod4" novelty="None" advantage="None"/><text>Thereby, one introduces a recursion relation between the partition function of a chain with <IT>n</IT> sites and with <IT>n</IT> + 1.</text></s> <s sid="83"><CoreSc1 atype="GSC" type="Mod" conceptID="Mod4" novelty="None" advantage="None"/><text>In order to define this recursion, let us consider a restricted partition function for a sub-chain of length <IT>n</IT>, such that the values of the state vector of the last site are restricted to given values <B><IT>s</IT></B>, namely where δ<SB><B><IT>s</IT></B>,<B><IT>s</IT></B>′</SB> is unity when <B><IT>s</IT></B> = <B><IT>s</IT></B>′ and zero otherwise.</text></s> <s sid="84"><CoreSc1 atype="GSC" type="Mod" conceptID="Mod4" novelty="None" advantage="None"/><text>By arranging the elements of the restricted partition function <IT>Ξ</IT><SB><IT>n</IT></SB>(<B><IT>s</IT></B>) into a column vector <B><IT>Ξ</IT></B><SB><IT>n</IT></SB>, the transfer matrix <B><IT>T</IT></B> can be defined as <B><IT>Ξ</IT></B><SB><IT>n</IT> + 1</SB> = <B><IT>T</IT></B><B><IT>Ξ</IT></B><SB><IT>n</IT></SB>.</text></s> <s sid="85"><CoreSc1 atype="GSC" type="Mod" conceptID="Mod4" novelty="None" advantage="None"/><text>Adopting this notation, we assume that the sites are numbered from the left to the right.</text></s> <s sid="86"><CoreSc1 atype="GSC" type="Mod" conceptID="Mod4" novelty="None" advantage="None"/><text>As will be discussed in the following, transfer matrices have simple forms for nearest neighbor pair interactions.</text></s></P><P><s sid="87"><CoreSc1 atype="GSC" type="Mod" conceptID="Mod4" novelty="None" advantage="None"/><text>The recursion relation eqn. (19) can be initiated with the partition vector for the first site <B><IT>Ξ</IT></B><SB>1</SB>.</text></s> <s sid="88"><CoreSc1 atype="GSC" type="Mod" conceptID="Mod4" novelty="None" advantage="None"/><text>However, it is usually more practical to generate this restricted partition function by the application of the transfer matrix to a suitably chosen generating vector <IT><B>V</B></IT><SB>g</SB> such that <B><IT>Ξ</IT></B><SB>1</SB> = <B><IT>T</IT></B><IT><B>V</B></IT><SB>g</SB>.</text></s> <s sid="89"><CoreSc1 atype="GSC" type="Mod" conceptID="Mod4" novelty="None" advantage="None"/><text>As will be exemplified below, the advantage of introducing this vector is its simple structure.</text></s></P><P><s sid="90"><CoreSc1 atype="GSC" type="Mod" conceptID="Mod4" novelty="None" advantage="None"/><text>The partition function of the entire chain can be then obtained by summing over all the states of the sub-chain.</text></s> <s sid="91"><CoreSc1 atype="GSC" type="Mod" conceptID="Mod4" novelty="None" advantage="None"/><text>Again, this operation can be formulated in a matrix notation, by defining a terminating vector <IT><B>V</B></IT><SB>t</SB>.</text></s> <s sid="92"><CoreSc1 atype="GSC" type="Mod" conceptID="Mod4" novelty="None" advantage="None"/><text>Usually this vector contains unit entries, and one can write eqn. (20) as a scalar product <IT>Ξ</IT> = <B><IT>V</IT>̃</B><SB>t</SB><B><IT>Ξ</IT></B><SB><IT>N</IT></SB>where <B><IT>V</IT>̃</B><SB>t</SB> denotes the transposed (row) vector.</text></s> <s sid="93"><CoreSc1 atype="GSC" type="Mod" conceptID="Mod4" novelty="None" advantage="None"/><text>The partition function can be now written in a compact fashion as <IT>Ξ</IT> = <B><IT>V</IT>̃</B><SB>t</SB><B><IT>T</IT></B><SP><IT>N</IT></SP><IT><B>V</B></IT><SB>g</SB>.</text></s> <s sid="94"><CoreSc1 atype="GSC" type="Mod" conceptID="Mod4" novelty="None" advantage="None"/><text>Based on this formulation, many properties of finite and infinite chains can be obtained in a straightforward way.</text></s> <s sid="95"><CoreSc1 atype="GSC" type="Mod" conceptID="Mod4" novelty="None" advantage="None"/><text>For example, the long chain limit is typically dominated with the largest eigenvalue <IT>λ</IT> of the transfer matrix <B><IT>T</IT></B>.</text></s> <s sid="96"><CoreSc1 atype="GSC" type="Mod" conceptID="Mod4" novelty="None" advantage="None"/><text>The partition function is asymptotically given by <IT>Ξ</IT> ∼ <IT>λ</IT><SP><IT>N</IT></SP> for <IT>N</IT> → ∞If the largest eigenvalue cannot be found analytically, it can be easily calculated numerically.</text></s> <s sid="97"><CoreSc1 atype="GSC" type="Mod" conceptID="Mod4" novelty="None" advantage="None"/><text>The binding isotherms are then obtained from eqn. (5).</text></s></P></DIV><DIV DEPTH="2"><HEADER>Binding of a single metal ion</HEADER><P><s sid="98"><CoreSc1 atype="GSC" type="Bac" conceptID="Bac9" novelty="None" advantage="None"/><text>This situation is completely analogous to the situation of proton binding discussed in detail elsewhere.<REF TYPE="P" ID="cit14 cit15 cit16 cit17">14–17</REF></text></s> <s sid="99"><CoreSc1 atype="GSC" type="Bac" conceptID="Bac9" novelty="None" advantage="None"/><text>Nevertheless, it is important to understand this case for our discussion of the multicomponent case.</text></s> <s sid="100"><CoreSc1 atype="GSC" type="Bac" conceptID="Bac9" novelty="None" advantage="None"/><text>For this reason, a few major features will be summarized here.</text></s></P><P><s sid="101"><CoreSc1 atype="GSC" type="Mod" conceptID="Mod5" novelty="None" advantage="None"/><text>In this situation, the state vector has only one element, and the index <IT>ω</IT> can be suppressed.</text></s> <s sid="102"><CoreSc1 atype="GSC" type="Mod" conceptID="Mod5" novelty="None" advantage="None"/><text>In the situation of identical sites and nearest neighbor interactions the free energy is given by where <IT>µ</IT> is a chemical potential term, and <IT>E</IT><SB><IT>ij</IT></SB> is the pair interaction energy between the sites <IT>i</IT> and <IT>j</IT>.</text></s> <s sid="103"><CoreSc1 atype="GSC" type="Mod" conceptID="Mod5" novelty="None" advantage="None"/><text>Due to Coulombic forces between charged metal ions, the interactions are repulsive and <IT>E</IT><SB><IT>ij</IT></SB> &gt; 0.</text></s> <s sid="104"><CoreSc1 atype="GSC" type="Mod" conceptID="Mod5" novelty="None" advantage="None"/><text>The chemical potential term <IT>µ</IT> can be related to the metal ion activity <IT>a</IT> and the microscopic binding constant <IT>K</IT> of the metal to a binding center when all other centers are empty by <IT>µ</IT> = <IT>kT</IT> ln <IT>aK</IT>. </text></s></P><P><s sid="105"><CoreSc1 atype="GSC" type="Bac" conceptID="Bac10" novelty="None" advantage="None"/><text>Let us now consider three examples.</text></s> <s sid="106"><CoreSc1 atype="GSC" type="Bac" conceptID="Bac10" novelty="None" advantage="None"/><text>The first two concern small receptors, and the last one the infinite linear chain.</text></s></P><P><s sid="107"><CoreSc1 atype="GSC" type="Mod" conceptID="Mod6" novelty="None" advantage="None"/><text>The situation of a symmetric receptor with three equivalent sites is simple to discuss, see Fig. 3.</text></s> <s sid="108"><CoreSc1 atype="GSC" type="Mod" conceptID="Mod6" novelty="None" advantage="None"/><text>Since all the sites are equivalent, there is only one type of the metal–receptor complex, and the microstate is equivalent to the macrostate.</text></s> <s sid="109"><CoreSc1 atype="GSC" type="Mod" conceptID="Mod6" novelty="None" advantage="None"/><text>The microscopic binding constant to bind a metal ion to the site will be denoted as <IT>K</IT>, which is the inverse of the microconstant to remove it.</text></s> <s sid="110"><CoreSc1 atype="GSC" type="Mod" conceptID="Mod6" novelty="None" advantage="None"/><text>The macroscopic formation constant <IT>β</IT><SB>10</SB> involves a statistical factor of 3, since there are three sites on which the metal ion can bind to the receptor.</text></s> <s sid="111"><CoreSc1 atype="GSC" type="Mod" conceptID="Mod6" novelty="None" advantage="None"/><text>When two metal ions bind to the receptor, there is again only one type of the metal–receptor complex, and the microstate is also equivalent to the macrostate.</text></s> <s sid="112"><CoreSc1 atype="GSC" type="Mod" conceptID="Mod6" novelty="None" advantage="None"/><text>The macroscopic formation constant <IT>β</IT><SB>20</SB> involves the square of the microconstant, as two metal ions are being bound, the statistical factor of 3, and the pair interaction parameter <IT>u</IT>, which is related to the pair interaction energy <IT>E</IT> by <IT>E</IT> = −<IT>kT</IT> ln <IT>u</IT>.</text></s> <s sid="113"><CoreSc1 atype="GSC" type="Mod" conceptID="Mod6" novelty="None" advantage="None"/><text>The inverse microconstant for removing a metal ion involves the binding constant <IT>K</IT> and one pair interaction <IT>u</IT>.</text></s> <s sid="114"><CoreSc1 atype="GSC" type="Mod" conceptID="Mod6" novelty="None" advantage="None"/><text>The macroconstant <IT>β</IT><SB>30</SB> for the fully occupied receptor involves the cube of the microconstant, three pair interactions, and no statistical factor.</text></s> <s sid="115"><CoreSc1 atype="GSC" type="Mod" conceptID="Mod6" novelty="None" advantage="None"/><text>When we remove a metal ion of the fully occupied receptor, we overcome the binding constant and two pair interactions, obtaining the inverse of <IT>Ku</IT><SP>2</SP>. </text></s></P><P><s sid="116"><CoreSc1 atype="GSC" type="Mod" conceptID="Mod7" novelty="None" advantage="None"/><text>The second example involves a linear receptor, with two equivalent terminal sites, and one central site, see Fig. 4.</text></s> <s sid="117"><CoreSc1 atype="GSC" type="Mod" conceptID="Mod7" novelty="None" advantage="None"/><text>There are two possible microstates, when one binds one metal ion to the receptor, namely either to the terminal site or to the central site.</text></s> <s sid="118"><CoreSc1 atype="GSC" type="Mod" conceptID="Mod7" novelty="None" advantage="None"/><text>We assume that the microconstant of these sites is the same for all sites, and will be denoted by <IT>K</IT>. The inverse of this value corresponds to the microconstant for the removal of the metal ion.</text></s> <s sid="119"><CoreSc1 atype="GSC" type="Mod" conceptID="Mod7" novelty="None" advantage="None"/><text>Since these constants are the same for all three sites, the conditional probability to find the microspecies with the central site occupied is 1/3, while when the terminal site is occupied 2/3.</text></s> <s sid="120"><CoreSc1 atype="GSC" type="Mod" conceptID="Mod7" novelty="None" advantage="None"/><text>The latter factor of two arises since there are two equivalent terminal sites.</text></s> <s sid="121"><CoreSc1 atype="GSC" type="Mod" conceptID="Mod7" novelty="None" advantage="None"/><text>The macroconstant <IT>β</IT><SB>10</SB> is given by three times the microconstant <IT>K</IT>, since each species contributes in the same way.</text></s> <s sid="122"><CoreSc1 atype="GSC" type="Mod" conceptID="Mod7" novelty="None" advantage="None"/><text>One also obtains two microspecies when the receptor binds two metal ions.</text></s> <s sid="123"><CoreSc1 atype="GSC" type="Mod" conceptID="Mod7" novelty="None" advantage="None"/><text>In the first species, one terminal site and one central site are occupied.</text></s> <s sid="124"><CoreSc1 atype="GSC" type="Mod" conceptID="Mod7" novelty="None" advantage="None"/><text>This microspecies invokes a nearest neighbor pair interaction, denoted by the parameter <IT>u</IT>, and the square of the microconstants.</text></s> <s sid="125"><CoreSc1 atype="GSC" type="Mod" conceptID="Mod7" novelty="None" advantage="None"/><text>To remove a metal ion from this species, the inverse microconstant involves a factor <IT>K</IT> and we eliminate a pair interaction, which involves a factor <IT>u</IT>.</text></s> <s sid="126"><CoreSc1 atype="GSC" type="Mod" conceptID="Mod7" novelty="None" advantage="None"/><text>In the other microspecies, both terminal sites are occupied.</text></s> <s sid="127"><CoreSc1 atype="GSC" type="Mod" conceptID="Mod7" novelty="None" advantage="None"/><text>For this species, which has a symmetry number of 2, it may be necessary to consider the typically weaker next neighbor pair interaction.</text></s> <s sid="128"><CoreSc1 atype="GSC" type="Mod" conceptID="Mod7" novelty="None" advantage="None"/><text>However, this interaction will be neglected here.</text></s> <s sid="129"><CoreSc1 atype="GSC" type="Mod" conceptID="Mod7" novelty="None" advantage="None"/><text>The microconstant to remove a metal ion is now given by the inverse of <IT>K</IT>. Summing up the contributions of both species, we thus find the macroconstant <IT>β</IT><SB>20</SB> and the conditional probabilities of each microspecies.</text></s> <s sid="130"><CoreSc1 atype="GSC" type="Mod" conceptID="Mod7" novelty="None" advantage="None"/><text>The receptor fully occupied with metal ions invokes two nearest neighbor pair interactions, and thus invokes a factor <IT>u</IT><SP>2</SP>.</text></s> <s sid="131"><CoreSc1 atype="GSC" type="Mod" conceptID="Mod7" novelty="None" advantage="None"/><text>From these considerations, we obtain the conditional microstate probabilities and the macroconstants shown in Fig. 4.</text></s> <s sid="132"><CoreSc1 atype="GSC" type="Mod" conceptID="Mod7" novelty="None" advantage="None"/><text>To remove a metal ion, there are two different microconstants as the terminal site involves only one pair interaction, and the central one two.</text></s></P><P><s sid="133"><CoreSc1 atype="GSC" type="Mod" conceptID="Mod7" novelty="None" advantage="None"/><text>In the case of linear chain, one can use the transfer matrix technique to obtain these results.</text></s> <s sid="134"><CoreSc1 atype="GSC" type="Mod" conceptID="Mod7" novelty="None" advantage="None"/><text>In the case of a single metal ion, equivalent sites, and nearest neighbor interactions, the transfer matrix is given by<REF TYPE="P" ID="cit16 cit21 cit27">16,21,27</REF> where we have introduced the reduced activity <IT>z</IT> = <IT>α</IT><IT>K</IT>.The two supplementary (transposed) partition vectors are <IT><B>V</B></IT>̃<SB>g</SB> = (1,0) and <B><IT>V</IT></B>̃<SB>t</SB> = (1, 1).</text></s> <s sid="135"><CoreSc1 atype="GSC" type="Mod" conceptID="Mod7" novelty="None" advantage="None"/><text>The partition functions can be evaluated by inserting these quantities into eqn. (22).</text></s> <s sid="136"><CoreSc1 atype="GSC" type="Mod" conceptID="Mod7" novelty="None" advantage="None"/><text>For example, for a chain with three sites (<IT>N</IT> = 3) one obtains <IT>Ξ</IT> = 1 + 3<IT>z</IT> + (1 + 2<IT>u</IT>)<IT>z</IT><SP>2</SP> + <IT>u</IT><SP>2</SP><IT>z</IT><SP>3</SP>.</text></s> <s sid="137"><CoreSc1 atype="GSC" type="Mod" conceptID="Mod7" novelty="None" advantage="None"/><text>Inserting eqn. (26) in eqn. (27) and comparing term-by-term with eqn. (8) the macroscopic binding constants <IT>β</IT><SB><IT>n</IT>0</SB> follow, in agreement with Fig. 4.</text></s></P><P><s sid="138"><CoreSc1 atype="GSC" type="Mod" conceptID="Mod8" novelty="None" advantage="None"/><text>Let us now consider the long chain limit as the last example.</text></s> <s sid="139"><CoreSc1 atype="GSC" type="Mod" conceptID="Mod8" novelty="None" advantage="None"/><text>This model is equivalent to the so-called Ising model, which is amply discussed in the statistical mechanics literature.<REF TYPE="P" ID="cit27">27</REF></text></s> <s sid="140"><CoreSc1 atype="GSC" type="Mod" conceptID="Mod8" novelty="None" advantage="None"/><text>The largest eigenvalue of eqn. (25) can be evaluated analytically as.</text></s> <s sid="141"><CoreSc1 atype="GSC" type="Mod" conceptID="Mod8" novelty="None" advantage="None"/><text>With eqns. (23) and (5), an analytical expression of the binding isotherm of a linear chain follows <IT>θ</IT>(<IT>z</IT>) = [2 + (<IT>λ</IT>(<IT>z</IT>)/<IT>z</IT>)(1 − <IT>zu</IT>)/(1 − <IT>u</IT> + <IT>λ</IT>(<IT>z</IT>)<IT>u</IT>)]<SP>−1</SP>.</text></s> <s sid="142"><CoreSc1 atype="GSC" type="Bac" conceptID="Bac11" novelty="None" advantage="None"/><text>Note that this isotherm is identical to the case of proton binding to a polyelectrolyte.<REF TYPE="P" ID="cit15 cit16 cit21">15,16,21</REF></text></s> <s sid="143"><CoreSc1 atype="GSC" type="Mod" conceptID="Mod8" novelty="None" advantage="None"/><text>In the absence of interactions (<IT>E</IT> = 0 or <IT>u</IT> = 1), this isotherm reduces to the familiar Langmuir isotherm.</text></s> <s sid="144"><CoreSc1 atype="GSC" type="Mod" conceptID="Mod8" novelty="None" advantage="None"/><text>This behavior of this isotherm is shown in Fig. 5.</text></s> <s sid="145"><CoreSc1 atype="GSC" type="Mod" conceptID="Mod8" novelty="None" advantage="None"/><text>In the absence of interactions, the isotherm has the classical sigmoidal shape in the semi-logarithmic representation.</text></s> <s sid="146"><CoreSc1 atype="GSC" type="Mod" conceptID="Mod8" novelty="None" advantage="None"/><text>With increasing repulsive interactions, it develops a two-hump structure with an intermediate plateau at <IT>θ</IT> = 1/2.</text></s> <s sid="147"><CoreSc1 atype="GSC" type="Mod" conceptID="Mod8" novelty="None" advantage="None"/><text>The intermediate plateau originates from the stabilization of an intermediate structure, where a bound metal ion alternates with an empty site, see Fig. 6(a).</text></s> <s sid="148"><CoreSc1 atype="GSC" type="Mod" conceptID="Mod8" novelty="None" advantage="None"/><text>With attractive interactions, a sharp transition takes place.</text></s> <s sid="149"><CoreSc1 atype="GSC" type="Mod" conceptID="Mod8" novelty="None" advantage="None"/><text>Within this transitions, the metal ions cluster together, see Fig. 6(b).</text></s></P><P><s sid="150"><CoreSc1 atype="GSC" type="Mod" conceptID="Mod8" novelty="None" advantage="None"/><text>For repulsive interactions, the first hump in the binding isotherm is located at log <IT>a</IT> = log <IT>K</IT>, while the second hump at log <IT>a</IT> = log <IT>K</IT> −2<IT>ε</IT> where <IT>ε</IT> = −log<SB>10</SB><IT>u</IT> = <IT>E</IT>/(<IT>kT</IT>ln10).</text></s> <s sid="151"><CoreSc1 atype="GSC" type="Mod" conceptID="Mod8" novelty="None" advantage="None"/><text>The location of these humps is simply understood.</text></s> <s sid="152"><CoreSc1 atype="GSC" type="Mod" conceptID="Mod8" novelty="None" advantage="None"/><text>Initially, the metal ions bind to the empty sites, and thus with the microconstant log <IT>K</IT>. Beyond the plateau, the metal ions must bind between two occupied centers.</text></s> <s sid="153"><CoreSc1 atype="GSC" type="Mod" conceptID="Mod8" novelty="None" advantage="None"/><text>They have to overcome two pair interactions, and thus bind with a microconstant of log <IT>K</IT> − 2<IT>ε</IT>. </text></s></P></DIV><DIV DEPTH="2"><HEADER>Competitive binding of several metal ions</HEADER><P><s sid="154"><CoreSc1 atype="GSC" type="Obj" conceptID="Obj5" novelty="New" advantage="None"/><text>Let us now present the treatment of two types of metal ions using the three examples already discussed.</text></s></P><P><s sid="155"><CoreSc1 atype="GSC" type="Obj" conceptID="Obj6" novelty="New" advantage="None"/><text>The first example is the symmetric receptor with three equivalent sites.</text></s> <s sid="156"><CoreSc1 atype="GSC" type="Mod" conceptID="Mod9" novelty="None" advantage="None"/><text>In the presence of two metal ions, three types of complexes form.</text></s> <s sid="157"><CoreSc1 atype="GSC" type="Mod" conceptID="Mod9" novelty="None" advantage="None"/><text>Complexes will form only with the first metal ion, provided the activity of the second metal ions is small, see Fig. 3.</text></s> <s sid="158"><CoreSc1 atype="GSC" type="Mod" conceptID="Mod9" novelty="None" advantage="None"/><text>The same complexes form with the second metal ion, when the activity of the first metal ion is small.</text></s> <s sid="159"><CoreSc1 atype="GSC" type="Mod" conceptID="Mod9" novelty="None" advantage="None"/><text>In the intermediate situation, one obtains mixed complexes shown in Fig. 7.</text></s> <s sid="160"><CoreSc1 atype="GSC" type="Mod" conceptID="Mod9" novelty="None" advantage="None"/><text>Obviously, there are only mixed complexes with two or three metal ions.</text></s> <s sid="161"><CoreSc1 atype="GSC" type="Mod" conceptID="Mod9" novelty="None" advantage="None"/><text>Due to symmetry, the microspecies are again equivalent to the macrospecies.</text></s> <s sid="162"><CoreSc1 atype="GSC" type="Mod" conceptID="Mod9" novelty="None" advantage="None"/><text>The complex with two different metal ions involves one pair interaction energy <IT>E</IT><SP>(12)</SP>, and this interaction will be abbreviated with the parameter <IT>u</IT><SB>12</SB>.</text></s> <s sid="163"><CoreSc1 atype="GSC" type="Mod" conceptID="Mod9" novelty="None" advantage="None"/><text>The macroconstant <IT>β</IT><SB>11</SB> is obtained by realizing that the microspecies has a symmetry number of six.</text></s> <s sid="164"><CoreSc1 atype="GSC" type="Mod" conceptID="Mod9" novelty="None" advantage="None"/><text>The microconstants to remove each metal ion can be again evaluated by considering the affinities of the metal ions to the sites and by considering the pair interaction, and their inverse values are given in Fig. 7.</text></s> <s sid="165"><CoreSc1 atype="GSC" type="Mod" conceptID="Mod9" novelty="None" advantage="None"/><text>There is one complex involving three metal ions, with one from one kind and two from the other kind.</text></s> <s sid="166"><CoreSc1 atype="GSC" type="Mod" conceptID="Mod9" novelty="None" advantage="None"/><text>This complex involves three pair interactions, namely one between the same metal ions, and two between different ones.</text></s> <s sid="167"><CoreSc1 atype="GSC" type="Mod" conceptID="Mod9" novelty="None" advantage="None"/><text>The macroconstants <IT>β</IT><SB>12</SB> and <IT>β</IT><SB>21</SB> of both complexes follow by taking into account the symmetry number of three.</text></s></P><P><s sid="168"><CoreSc1 atype="GSC" type="Mod" conceptID="Mod10" novelty="None" advantage="None"/><text>Let us now consider the second example of the linear receptor with three sites, which has two equivalent terminal sites and one central site.</text></s> <s sid="169"><CoreSc1 atype="GSC" type="Mod" conceptID="Mod10" novelty="None" advantage="None"/><text>For the matter of illustration, let us assume that the affinity of the terminal and central sites are the same.</text></s> <s sid="170"><CoreSc1 atype="GSC" type="Mod" conceptID="Mod10" novelty="None" advantage="None"/><text>Again, three types of complexes will form.</text></s> <s sid="171"><CoreSc1 atype="GSC" type="Mod" conceptID="Mod10" novelty="None" advantage="None"/><text>Complexes with the first metal ion for sufficiently low activity of the second metal ion, complexes with the second metal ion for sufficiently low activity of the first metal ion, and mixed complexes.</text></s> <s sid="172"><CoreSc1 atype="GSC" type="Mod" conceptID="Mod10" novelty="None" advantage="None"/><text>The complexes with one metal ion has been discussed above, see Fig. 4, while Fig. 8 summarizes the mixed complexes.</text></s> <s sid="173"><CoreSc1 atype="GSC" type="Mod" conceptID="Mod10" novelty="None" advantage="None"/><text>There are three nonequivalent microstates, each of which has a symmetry number of two.</text></s> <s sid="174"><CoreSc1 atype="GSC" type="Mod" conceptID="Mod10" novelty="None" advantage="None"/><text>Either one metal ion occupies the central site, and a nearest neighbor pair interaction has to be considered in this case.</text></s> <s sid="175"><CoreSc1 atype="GSC" type="Mod" conceptID="Mod10" novelty="None" advantage="None"/><text>This case leads to two microstates.</text></s> <s sid="176"><CoreSc1 atype="GSC" type="Mod" conceptID="Mod10" novelty="None" advantage="None"/><text>Alternatively, both metal ions occupy the terminal sites.</text></s> <s sid="177"><CoreSc1 atype="GSC" type="Mod" conceptID="Mod10" novelty="None" advantage="None"/><text>These three microspecies have to be considered, when the macroconstant <IT>β</IT><SB>11</SB> of the complex with two different metal ions is evaluated.</text></s> <s sid="178"><CoreSc1 atype="GSC" type="Mod" conceptID="Mod10" novelty="None" advantage="None"/><text>The inverse values of the various microconstants to remove the respective metal ions are also indicated.</text></s> <s sid="179"><CoreSc1 atype="GSC" type="Mod" conceptID="Mod10" novelty="None" advantage="None"/><text>When three metal ions are bound, two sites are occupied by one type of the metal ion, and the remaining site with the second type.</text></s> <s sid="180"><CoreSc1 atype="GSC" type="Mod" conceptID="Mod10" novelty="None" advantage="None"/><text>Two macrospecies are possible, depending whether there are two metal ions of type one or of type two.</text></s> <s sid="181"><CoreSc1 atype="GSC" type="Mod" conceptID="Mod10" novelty="None" advantage="None"/><text>In either situation, we have two microstates, depending on the fact whether the two terminal sites are occupied with the same metal ion or with two different ones.</text></s> <s sid="182"><CoreSc1 atype="GSC" type="Mod" conceptID="Mod10" novelty="None" advantage="None"/><text>The macroconstants <IT>β</IT><SB>12</SB> and <IT>β</IT><SB>21</SB> are again obtained by considering the pair interactions and the symmetry numbers.</text></s> <s sid="183"><CoreSc1 atype="GSC" type="Mod" conceptID="Mod10" novelty="None" advantage="None"/><text>The microconstants follow as above.</text></s></P><P><s sid="184"><CoreSc1 atype="GSC" type="Mod" conceptID="Mod10" novelty="None" advantage="None"/><text>The transfer matrix formalism can be extended to competitive metal binding to linear receptors in a straightforward fashion.</text></s> <s sid="185"><CoreSc1 atype="GSC" type="Mod" conceptID="Mod10" novelty="None" advantage="None"/><text>Consider two metal ions and assume nearest neighbor interactions.</text></s> <s sid="186"><CoreSc1 atype="GSC" type="Mod" conceptID="Mod10" novelty="None" advantage="None"/><text>The transfer matrix reads where we have introduced the abbreviations <IT>z</IT><SB><IT>ω</IT></SB> = <IT>α</IT><SB><IT>ω</IT></SB><IT>K</IT><SP>(<IT>ω</IT>)</SP> and <IT>u</IT><SB><IT>ωη</IT></SB> = exp(−<IT>E</IT><SP>(<IT>ωη</IT>)</SP>/<IT>kT</IT>).</text></s> <s sid="187"><CoreSc1 atype="GSC" type="Mod" conceptID="Mod10" novelty="None" advantage="None"/><text>The generating and terminating vectors are given by <B><IT>Ṽ</IT></B><SB>g</SB> = (1,0,0) and <B><IT>Ṽ</IT></B><SB>t</SB> = (1,1,1).</text></s> <s sid="188"><CoreSc1 atype="GSC" type="Mod" conceptID="Mod10" novelty="None" advantage="None"/><text>Again, the properties of short chains can be evaluated analytically.</text></s> <s sid="189"><CoreSc1 atype="GSC" type="Mod" conceptID="Mod10" novelty="None" advantage="None"/><text>For example, the trimer (<IT>N</IT> = 3) is now described with a partition function.</text></s> <s sid="190"><CoreSc1 atype="GSC" type="Mod" conceptID="Mod10" novelty="None" advantage="None"/><text>Again, by equating the coefficients of eqn. (32) with eqn. (8) one obtains the macroscopic binding constants <IT>β</IT><SB><IT>nm</IT></SB>, as shown in Figs. 4 and 8.</text></s></P><P><s sid="191"><CoreSc1 atype="GSC" type="Mod" conceptID="Mod10" novelty="None" advantage="None"/><text>In long chain limit, the largest eigenvalue cannot be evaluated analytically in the general case.</text></s> <s sid="192"><CoreSc1 atype="GSC" type="Mod" conceptID="Mod10" novelty="None" advantage="None"/><text>However, an analytical solution is possible if we specialize to the important case of equal pair interactions, namely <IT>u</IT><SB>11</SB> = <IT>u</IT><SB>12</SB> = <IT>u</IT><SB>22</SB> = <IT>u</IT>.</text></s> <s sid="193"><CoreSc1 atype="GSC" type="Mod" conceptID="Mod10" novelty="None" advantage="None"/><text>The solution can be expressed in terms of the solution of the linear chain for a single metal ion.</text></s> <s sid="194"><CoreSc1 atype="GSC" type="Mod" conceptID="Mod10" novelty="None" advantage="None"/><text>Some algebra leads to the closed form of the adsorption isotherm where <IT>θ</IT>(<IT>z</IT>) is the mono-component isotherm given by eqn. (29) evaluated at <IT>z</IT> = <IT>z</IT><SB>1</SB> + <IT>z</IT><SB>2</SB>.</text></s> <s sid="195"><CoreSc1 atype="GSC" type="Mod" conceptID="Mod10" novelty="None" advantage="None"/><text>In the absence of interactions, this isotherm reduces to the competitive Langmuir isotherm.</text></s> <s sid="196"><CoreSc1 atype="GSC" type="Mod" conceptID="Mod10" novelty="None" advantage="None"/><text>In the general case, when <IT>u</IT><SB>11</SB> ≠ <IT>u</IT><SB>12</SB> ≠ <IT>u</IT><SB>22</SB> the isotherm can be found numerically by evaluating the largest eigenvalue of the transfer matrix.</text></s></P><P><s sid="197"><CoreSc1 atype="GSC" type="Obs" conceptID="Obs1" novelty="None" advantage="None"/><text>Figs. 9 and 10 illustrate the main features of these isotherms.</text></s> <s sid="198"><CoreSc1 atype="GSC" type="Obs" conceptID="Obs1" novelty="None" advantage="None"/><text>On the top of both figures, the binding isotherm for the first metal ion is shown as a function of its activity for fixed activities of the second metal ion.</text></s> <s sid="199"><CoreSc1 atype="GSC" type="Obs" conceptID="Obs1" novelty="None" advantage="None"/><text>On the bottom, the isotherm for the second metal is shown in the same representation.</text></s></P><P><s sid="200"><CoreSc1 atype="GSC" type="Obs" conceptID="Obs2" novelty="None" advantage="None"/><text>The results for the analytically soluble case with equal interaction parameters are shown in Fig. 9.</text></s> <s sid="201"><CoreSc1 atype="GSC" type="Res" conceptID="Res3" novelty="None" advantage="None"/><text>At low activities of the second metal ion, the receptor fills up through the alternating full-empty configuration discussed above, see Fig. 6(a).</text></s> <s sid="202"><CoreSc1 atype="GSC" type="Obs" conceptID="Obs3" novelty="None" advantage="None"/><text>At high activities of the second metal ion, the second metal exchanges with the first one.</text></s> <s sid="203"><CoreSc1 atype="GSC" type="Res" conceptID="Res4" novelty="None" advantage="None"/><text>This process follows the one-to-one exchange isotherm since there is no difference in the interactions between the two metal ions.</text></s> <s sid="204"><CoreSc1 atype="GSC" type="Res" conceptID="Res5" novelty="None" advantage="None"/><text>As a consequence, a disordered intermediate structure is formed (Fig. 6(c)).</text></s></P><P><s sid="205"><CoreSc1 atype="GSC" type="Obs" conceptID="Obs4" novelty="None" advantage="None"/><text>An example of unequal interaction parameters is shown in Fig. 10.</text></s> <s sid="206"><CoreSc1 atype="GSC" type="Res" conceptID="Res6" novelty="None" advantage="None"/><text>At low activities of the second metal ion, the receptor again fills up through the alternating full–empty configuration (Fig. 6(a)).</text></s> <s sid="207"><CoreSc1 atype="GSC" type="Res" conceptID="Res6" novelty="None" advantage="None"/><text>At high activities of the second metal ion, on the other hand, the second metal exchanges with the first one following an effective repulsive interaction between both metal ions, and leading to an intermediate plateau.</text></s> <s sid="208"><CoreSc1 atype="GSC" type="Obs" conceptID="Obs5" novelty="None" advantage="None"/><text>The intermediate structure is again alternating (Fig. 6(d)).</text></s> <s sid="209"><CoreSc1 atype="GSC" type="Obs" conceptID="Obs6" novelty="None" advantage="None"/><text>The binding isotherm of the second metal shows an interesting transition region, as the isotherm becomes steep in the intermediate activity regime.</text></s></P><P><s sid="210"><CoreSc1 atype="GSC" type="Res" conceptID="Res7" novelty="None" advantage="None"/><text>When both components are in excess, one can show that the model can be again reduced to the linear chain model with the effective pair interaction energy <IT>E</IT> = <IT>E</IT><SP>(11)</SP> + <IT>E</IT><SP>(22)</SP> − 2<IT>E</IT><SP>(12)</SP>or equivalently.</text></s> <s sid="211"><CoreSc1 atype="GSC" type="Res" conceptID="Res8" novelty="None" advantage="None"/><text>The normalized activity now is <IT>z</IT> = <IT>z</IT><SB>1</SB><IT>u</IT>212/(<IT>z</IT><SB>2</SB><IT>u</IT>222) for the first metal ion.</text></s> <s sid="212"><CoreSc1 atype="GSC" type="Res" conceptID="Res9" novelty="None" advantage="None"/><text>Depending on the magnitude of the individual interactions, at intermediate loading one can obtain random arrangements for <IT>E</IT> = 0, alternating arrangements for <IT>E</IT> &gt; 0, or clustering of the same metal ions for <IT>E</IT> &lt; 0 (see Fig. 6).</text></s> <s sid="213"><CoreSc1 atype="GSC" type="Obs" conceptID="Obs7" novelty="None" advantage="None"/><text>For the situation shown in Fig. 9 a random structure forms (<IT>E</IT> = 0), while in the one shown in Fig. 10 the alternating structure forms (<IT>E</IT> = 15 kJ mol<SP>−1</SP> &gt; 0).</text></s></P></DIV><DIV DEPTH="2"><HEADER>Illustrations</HEADER><P><s sid="214"><CoreSc1 atype="GSC" type="Obj" conceptID="Obj7" novelty="New" advantage="None"/><text>Multi-center complexes of lanthanides provide good examples for the mechanisms discussed here.</text></s> <s sid="215"><CoreSc1 atype="GSC" type="Obj" conceptID="Obj7" novelty="New" advantage="None"/><text>For this reason, we shall focus on those, but applications to other complexes should be envisioned as well.</text></s></P></DIV><DIV DEPTH="2"><HEADER>Trimetallic inositol complexes</HEADER><P><s sid="216"><CoreSc1 atype="GSC" type="Obj" conceptID="Obj8" novelty="New" advantage="None"/><text>As a first example, consider trimetallic complexes of 1,3,5-triamino-1,3,5-trideoxy-<IT>cis</IT>-inositol (taci) <XREF TYPE="COMPOUND" ID="chemL1">L1</XREF>H<SB>3</SB> with Nd<SP>3+</SP>, Sm<SP>3+</SP>, and Eu<SP>3+</SP> (see Fig. 1 and 2).<REF TYPE="P" ID="cit11">11</REF></text></s> <s sid="217"><CoreSc1 atype="GSC" type="Mod" conceptID="Mod11" novelty="None" advantage="None"/><text>These complexes form in water according to the equilibrium 2<XREF TYPE="COMPOUND" ID="chemL1">L1</XREF>H<SB>3</SB> + <IT>x</IT>Nd<SP>3+</SP> + <IT>y</IT>Sm<SP>3+</SP> + (3 − <IT>x</IT> − <IT>y</IT>)Eu<SP>3+</SP> ⇌ [Nd<SB><IT>x</IT></SB>Sm<SB><IT>y</IT></SB>Eu<SB>3−<IT>x</IT>−<IT>y</IT></SB>(<XREF TYPE="COMPOUND" ID="chemL1">L1</XREF>)<SB>2</SB>]<SP>3+</SP> + 6H<SP>+</SP>where <IT>x</IT>, <IT>y</IT> = 0, 1, 2, 3 with <IT>x</IT> + <IT>y</IT> ≤ 3 and <XREF TYPE="COMPOUND" ID="chemL1">L1</XREF><SP>3−</SP> corresponds to the deprotonated ligand.</text></s> <s sid="218"><CoreSc1 atype="GSC" type="Obs" conceptID="Obs8" novelty="None" advantage="None"/><text>The measured equilibrium constants<REF TYPE="P" ID="cit11">11</REF> are reported in Table 1.</text></s> <s sid="219"><CoreSc1 atype="GSC" type="Mod" conceptID="Mod12" novelty="None" advantage="None"/><text>In order to apply the site binding model, which treats the binding of metal ions to one receptor, we consider the conditional equilibrium 2<XREF TYPE="COMPOUND" ID="chemL1">L1</XREF><SB>tot</SB> + <IT>x</IT>Nd<SP>3+</SP> + <IT>y</IT>Sm<SP>3+</SP> + (3 − <IT>x</IT> − <IT>y</IT>)Eu<SP>3+</SP> ⇌ [Nd<SB><IT>x</IT></SB>Sm<SB><IT>y</IT></SB>Eu<SB>3−<IT>x</IT>−<IT>y</IT></SB>(<XREF TYPE="COMPOUND" ID="chemL1">L1</XREF>)<SB>2</SB>]<SP>3+</SP>where <XREF TYPE="COMPOUND" ID="chemL1">L1</XREF><SB>tot</SB> refers to all solution species of the ligand.</text></s> <s sid="220"><CoreSc1 atype="GSC" type="Met" conceptID="Met5" novelty="New" advantage="None"/><text>We choose pH 8 as reference.</text></s> <s sid="221"><CoreSc1 atype="GSC" type="Met" conceptID="Met5" novelty="New" advantage="None"/><text>From the known ionization constants of <XREF TYPE="COMPOUND" ID="chemL1">L1</XREF>H<SB>3</SB>,<REF TYPE="P" ID="cit28">28</REF> one can evaluate the conditional constants of these equilibria.</text></s> <s sid="222"><CoreSc1 atype="GSC" type="Obs" conceptID="Obs9" novelty="None" advantage="None"/><text>These conditional constants are given in Table 1, and only those will be considered further.</text></s></P><P><s sid="223"><CoreSc1 atype="GSC" type="Mod" conceptID="Mod13" novelty="None" advantage="None"/><text>The site binding model introduces three microscopic binding constants <IT>K</IT><SP>(Nd)</SP>, <IT>K</IT><SP>(Sm)</SP> and <IT>K</IT><SP>(Eu)</SP> and six pair interaction energies <IT>E</IT><SP>(<IT>ωη</IT>)</SP>.</text></s> <s sid="224"><CoreSc1 atype="GSC" type="Mod" conceptID="Mod13" novelty="None" advantage="None"/><text>We simplify the interaction energy matrix further by assuming that the diagonal elements <IT>E</IT><SP>(<IT>ωω</IT>)</SP> and off-diagonal elements <IT>E</IT><SP>(<IT>ωη</IT>)</SP> (<IT>ω</IT> ≠ <IT>η</IT>) are the same, respectively, leaving us with two pair interaction energies to be determined.</text></s></P><P><s sid="225"><CoreSc1 atype="GSC" type="Mod" conceptID="Mod13" novelty="None" advantage="None"/><text>Since only the complexes with three lanthanide ions exist, one cannot estimate both interaction energies independently.</text></s> <s sid="226"><CoreSc1 atype="GSC" type="Mod" conceptID="Mod13" novelty="None" advantage="None"/><text>For this reason, we set the diagonal term <IT>E</IT><SP>(<IT>ωω</IT>)</SP> = 18.7 kJ mol<SP>−1</SP>.</text></s> <s sid="227"><CoreSc1 atype="GSC" type="Mod" conceptID="Mod13" novelty="None" advantage="None"/><text>This value can be estimated from interaction of an effective charge near +2, which are obtained from <IT>ab-initio</IT> calculations,<REF TYPE="P" ID="cit29">29</REF> and calculated for the distance of 3.61 Å invoking the Coulomb law in water.</text></s> <s sid="228"><CoreSc1 atype="GSC" type="Mod" conceptID="Mod13" novelty="None" advantage="None"/><text>With this value, the model contains four adjustable parameters, which we extract by non-linear least squares fit from the constants of the nine complexes containing one or two different metal ions (see Table 1).</text></s> <s sid="229"><CoreSc1 atype="GSC" type="Obs" conceptID="Obs10" novelty="None" advantage="None"/><text>We obtain three microscopic constants log <IT>K</IT><SP>(Nd)</SP> = 10.56, log <IT>K</IT><SP>(Sm)</SP> = 12.20, and log <IT>K</IT><SP>(Eu)</SP> = 12.64.</text></s> <s sid="230"><CoreSc1 atype="GSC" type="Res" conceptID="Res10" novelty="None" advantage="None"/><text>The off-diagonal pair interaction turns out to be <IT>E</IT><SP>(<IT>ωη</IT>)</SP> = 19.4 kJ mol<SP>−1</SP> (<IT>ω</IT> ≠ <IT>η</IT>) and recall that we set <IT>E</IT><SP>(<IT>ωω</IT>)</SP> = 18.7 kJ mol<SP>−1</SP>.</text></s> <s sid="231"><CoreSc1 atype="GSC" type="Res" conceptID="Res10" novelty="None" advantage="None"/><text>The fit cannot be substantially improved by allowing for further variation in the interaction parameters.</text></s></P><P><s sid="232"><CoreSc1 atype="GSC" type="Goa" conceptID="Goa2" novelty="None" advantage="None"/><text>To test the predictive capabilities of the model, we have calculated the constant of the ternary complex [NdSmEu(<XREF TYPE="COMPOUND" ID="chemL1">L1</XREF>)<SB>2</SB>]<SP>3+</SP> (see Table 1).</text></s> <s sid="233"><CoreSc1 atype="GSC" type="Res" conceptID="Res11" novelty="None" advantage="None"/><text>The experimental value of its common logarithm is 25.90 and the model predicts 25.98.</text></s> <s sid="234"><CoreSc1 atype="GSC" type="Con" conceptID="Con1" novelty="None" advantage="None"/><text>This result can be considered as very satisfactory, since the model was calibrated on binary systems only.</text></s> <s sid="235"><CoreSc1 atype="GSC" type="Con" conceptID="Con1" novelty="None" advantage="None"/><text>The model therefore captures the interactions between the different lanthanide ions properly.</text></s></P><P><s sid="236"><CoreSc1 atype="GSC" type="Bac" conceptID="Bac12" novelty="None" advantage="None"/><text>From this model description, we can extract various properties of interest.</text></s> <s sid="237"><CoreSc1 atype="GSC" type="Con" conceptID="Con2" novelty="None" advantage="None"/><text>Naturally, once the macroscopic constants are known, the macrostate probabilities can be computed (see Fig. 11).</text></s> <s sid="238"><CoreSc1 atype="GSC" type="Obs" conceptID="Obs11" novelty="None" advantage="None"/><text>The macrostate probabilities are displayed as a function of the free concentration ratio [Sm<SP>3+</SP>]/[Nd<SP>3+</SP>], where the free concentrations have been set equal to the activities for simplicity.</text></s> <s sid="239"><CoreSc1 atype="GSC" type="Mod" conceptID="Mod14" novelty="None" advantage="None"/><text>The total concentration of the three metals was set to 0.1 M and the overall mole fraction <IT>x</IT><SB>Eu</SB> of the Eu<SP>3+</SP>-ion was fixed.</text></s> <s sid="240"><CoreSc1 atype="GSC" type="Obs" conceptID="Obs12" novelty="None" advantage="None"/><text>In the absence of Eu<SP>3+</SP>, one observes the classical evolution from the [Nd<SB>3</SB>(<XREF TYPE="COMPOUND" ID="chemL1">L1</XREF>)<SB>2</SB>]<SP>3+</SP> complex, through the mixed binary complexes [Nd<SB>2</SB>Sm(<XREF TYPE="COMPOUND" ID="chemL1">L1</XREF>)<SB>2</SB>]<SP>3+</SP> and [NdSm<SB>2</SB>(<XREF TYPE="COMPOUND" ID="chemL1">L1</XREF>)<SB>2</SB>]<SP>3+</SP>, to the [Sm<SB>3</SB>(<XREF TYPE="COMPOUND" ID="chemL1">L1</XREF>)<SB>2</SB>]<SP>3+</SP> complex (see Fig. 11(a)).</text></s> <s sid="241"><CoreSc1 atype="GSC" type="Obs" conceptID="Obs13" novelty="None" advantage="None"/><text>At <IT>x</IT><SB>Eu</SB> = 0.01, various mixed complexes appear, in particular the mixed ternary complex [NdSmEu(<XREF TYPE="COMPOUND" ID="chemL1">L1</XREF>)<SB>2</SB>]<SP>3+</SP> (see Fig. 11(b)).</text></s> <s sid="242"><CoreSc1 atype="GSC" type="Obs" conceptID="Obs14" novelty="None" advantage="None"/><text>At <IT>x</IT><SB>Eu</SB> = 0.1, binary complexes not containing Eu<SP>3+</SP> disappear, and the evolution is dominated by the complexes [Eu<SB>3</SB>(<XREF TYPE="COMPOUND" ID="chemL1">L1</XREF>)<SB>2</SB>]<SP>3+</SP>, [Eu<SB>2</SB>Sm(<XREF TYPE="COMPOUND" ID="chemL1">L1</XREF>)<SB>2</SB>]<SP>3+</SP>, [EuSm<SB>2</SB>(<XREF TYPE="COMPOUND" ID="chemL1">L1</XREF>)<SB>2</SB>]<SP>3+</SP> and [Sm<SB>3</SB>(<XREF TYPE="COMPOUND" ID="chemL1">L1</XREF>)<SB>2</SB>]<SP>3+</SP> (see Fig. 11(c)).</text></s></P><P><s sid="243"><CoreSc1 atype="GSC" type="Res" conceptID="Res12" novelty="None" advantage="None"/><text>The microscopic picture is very simple in this case, as each macrostate consists of a single microstate (see Fig. 12).</text></s> <s sid="244"><CoreSc1 atype="GSC" type="Res" conceptID="Res13" novelty="None" advantage="None"/><text>However, as the pair interaction energies between different metal ions are somewhat larger than between the same metal ions, the microscopic constants increase with increasing number of different neighboring metal ions.</text></s> <s sid="245"><CoreSc1 atype="GSC" type="Res" conceptID="Res14" novelty="None" advantage="None"/><text>This effect leads to a destabilization of the metal ions in the mixed complexes (see Fig. 12).</text></s> <s sid="246"><CoreSc1 atype="GSC" type="Con" conceptID="Con3" novelty="None" advantage="None"/><text>Moreover, one observes that Nd<SP>3+</SP> is bound the weakest in the complex, Sm<SP>3+</SP> is intermediate, and Eu<SP>3+</SP> is bound the strongest.</text></s></P></DIV><DIV DEPTH="2"><HEADER>Linear bimetallic and trimetallic helicates</HEADER><P><s sid="247"><CoreSc1 atype="GSC" type="Obj" conceptID="Obj9" novelty="New" advantage="None"/><text>As a second example, consider the monometallic and bimetallic helicates of the general formula [La<SB><IT>x</IT></SB>Eu<SB><IT>y</IT></SB>(<XREF TYPE="COMPOUND" ID="chemL2">L2</XREF>)<SB>3</SB>]<SP>3(<IT>x</IT>+<IT>y</IT>)+</SP> (<IT>x</IT>, <IT>y</IT> = 0, 1, 2) and trimetallic helicates of the formula [La<SB><IT>x</IT></SB>Eu<SB>3−<IT>x</IT></SB>(<XREF TYPE="COMPOUND" ID="chemL3">L3</XREF>)<SB>3</SB>]<SP>9+</SP> (<IT>x</IT> = 0, 1, 2, 3, see Fig. 1 and 2).<REF TYPE="P" ID="cit7 cit8">7,8</REF></text></s> <s sid="248"><CoreSc1 atype="GSC" type="Mod" conceptID="Mod15" novelty="None" advantage="None"/><text>To analyze the formation constants, we assume that the bimetallic and trimetallic complexes have equal interactions, and thus we use the whole series to extract the microscopic parameters.</text></s> <s sid="249"><CoreSc1 atype="GSC" type="Mod" conceptID="Mod15" novelty="None" advantage="None"/><text>The formation constants to be analyzed are summarized in Table 2.</text></s> <s sid="250"><CoreSc1 atype="GSC" type="Bac" conceptID="Bac13" novelty="None" advantage="None"/><text>We note that the complexes [La<SB>2</SB>(<XREF TYPE="COMPOUND" ID="chemL3">L3</XREF>)<SB>3</SB>]<SP>6+</SP> and [Eu<SB>2</SB>(<XREF TYPE="COMPOUND" ID="chemL3">L3</XREF>)<SB>3</SB>]<SP>6+</SP> have been also described, but their structure is probably rather different, and they are not considered here.<REF TYPE="P" ID="cit7">7</REF> </text></s></P><P><s sid="251"><CoreSc1 atype="GSC" type="Mod" conceptID="Mod16" novelty="None" advantage="None"/><text>In order to simplify the structure of the model, let us consider the equilibrium constant of the exchange reaction [LaLa(<XREF TYPE="COMPOUND" ID="chemL2">L2</XREF>)<SB>3</SB>]<SP>6+</SP> + [EuEu(<XREF TYPE="COMPOUND" ID="chemL2">L2</XREF>)<SB>3</SB>]<SP>6+</SP> ⇌ 2[LaEu(<XREF TYPE="COMPOUND" ID="chemL2">L2</XREF>)<SB>3</SB>]<SP>6+</SP>.</text></s> <s sid="252"><CoreSc1 atype="GSC" type="Mod" conceptID="Mod16" novelty="None" advantage="None"/><text>This exchange constant has been shown to be 4 within experimental error,<REF TYPE="P" ID="cit7">7</REF> meaning that the fraction in eqn. (41) can be well approximated by unity.</text></s> <s sid="253"><CoreSc1 atype="GSC" type="Mod" conceptID="Mod16" novelty="None" advantage="None"/><text>In other words, the pair interaction energies obey the mixing rule.</text></s> <s sid="254"><CoreSc1 atype="GSC" type="Mod" conceptID="Mod16" novelty="None" advantage="None"/><text>The off-diagonal terms are now simply approximated by an arithmetic average of the corresponding diagonal terms.</text></s> <s sid="255"><CoreSc1 atype="GSC" type="Mod" conceptID="Mod16" novelty="None" advantage="None"/><text>Note that this mixing rule imposes no effective interactions in the saturated state (<IT>cf</IT>. eqn. (36)).</text></s></P><P><s sid="256"><CoreSc1 atype="GSC" type="Mod" conceptID="Mod17" novelty="None" advantage="None"/><text>The site binding model now contains the following parameters.</text></s> <s sid="257"><CoreSc1 atype="GSC" type="Mod" conceptID="Mod17" novelty="None" advantage="None"/><text>These include microscopic binding constants for both metal ions to the terminal site <IT>K</IT>(La)t and <IT>K</IT>(Eu)t and to the central site <IT>K</IT>(La)c and <IT>K</IT>(Eu)c.</text></s> <s sid="258"><CoreSc1 atype="GSC" type="Mod" conceptID="Mod17" novelty="None" advantage="None"/><text>When we consider nearest neighbor interactions only, we now have two pair interaction energies, namely <IT>E</IT><SP>(LaLa)</SP>, <IT>E</IT><SP>(EuEu)</SP>.</text></s> <s sid="259"><CoreSc1 atype="GSC" type="Mod" conceptID="Mod17" novelty="None" advantage="None"/><text>The cross term <IT>E</IT><SP>(LaEu)</SP> is obtained from eqn. (42).</text></s> <s sid="260"><CoreSc1 atype="GSC" type="Mod" conceptID="Mod17" novelty="None" advantage="None"/><text>These six parameters can be extracted from the nine constants given in Table 2.</text></s></P><P><s sid="261"><CoreSc1 atype="GSC" type="Res" conceptID="Res15" novelty="None" advantage="None"/><text>The experimental equilibrium constants can be described with the site binding model extremely well (see Table 2).</text></s> <s sid="262"><CoreSc1 atype="GSC" type="Res" conceptID="Res16" novelty="None" advantage="None"/><text>The resulting parameters are the microscopic constants for the terminal sites log <IT>K</IT>(La)t = 16.70 and log <IT>K</IT>(Eu)t = 19.10.</text></s> <s sid="263"><CoreSc1 atype="GSC" type="Obs" conceptID="Obs15" novelty="None" advantage="None"/><text>For the central site we have log <IT>K</IT>(La)c = 17.91 and log <IT>K</IT>(EuEu)c = 21.08.</text></s> <s sid="264"><CoreSc1 atype="GSC" type="Obs" conceptID="Obs16" novelty="None" advantage="None"/><text>The nearest neighbor pair interaction energies are <IT>E</IT><SP>(LaLa)</SP> = 47.5 kJ mol<SP>−1</SP> and <IT>E</IT><SP>(EuEu)</SP> = 69.5 kJ mol<SP>−1</SP>.</text></s> <s sid="265"><CoreSc1 atype="GSC" type="Res" conceptID="Res17" novelty="None" advantage="None"/><text>Independent fit of the off-diagonal terms gives a value of the off-diagonal terms, which is very close to the value predicted by the mixing rule eqn. (42), and leads to no improvement to the fit.</text></s> <s sid="266"><CoreSc1 atype="GSC" type="Res" conceptID="Res18" novelty="None" advantage="None"/><text>Consideration of a next nearest neighbor interaction energy gives equally no effect.</text></s></P><P><s sid="267"><CoreSc1 atype="GSC" type="Obs" conceptID="Obs17" novelty="None" advantage="None"/><text>Based on these model parameters, various macroscopic and microscopic properties of these helicates can be predicted.</text></s> <s sid="268"><CoreSc1 atype="GSC" type="Obs" conceptID="Obs17" novelty="None" advantage="None"/><text>Fig. 13 shows the macroscopic properties of the trimetallic helicates with the formula [La<SB><IT>x</IT></SB>Eu<SB>3−<IT>x</IT></SB>(<XREF TYPE="COMPOUND" ID="chemL3">L3</XREF>)<SB>3</SB>]<SP>9+</SP> (<IT>x</IT> = 0, 1, 2, 3).</text></s> <s sid="269"><CoreSc1 atype="GSC" type="Obs" conceptID="Obs17" novelty="None" advantage="None"/><text>The macrostate probabilities, which are normalized to the total concentration of the saturated complexes, are shown in Fig. 13a.</text></s> <s sid="270"><CoreSc1 atype="GSC" type="Res" conceptID="Res19" novelty="None" advantage="None"/><text>As the concentration ratio [Eu<SP>3+</SP>]/[La<SP>3+</SP>] is increased, one goes through the characteristic sequence of the macrospecies [La<SB>3</SB>(<XREF TYPE="COMPOUND" ID="chemL3">L3</XREF>)<SB>3</SB>]<SP>9+</SP>, [La<SB>2</SB>Eu(<XREF TYPE="COMPOUND" ID="chemL3">L3</XREF>)<SB>3</SB>]<SP>9+</SP>, [LaEu<SB>2</SB>(<XREF TYPE="COMPOUND" ID="chemL3">L3</XREF>)<SB>3</SB>]<SP>9+</SP> and [Eu<SB>3</SB>(<XREF TYPE="COMPOUND" ID="chemL3">L3</XREF>)<SB>3</SB>]<SP>9+</SP>.</text></s> <s sid="271"><CoreSc1 atype="GSC" type="Obs" conceptID="Obs18" novelty="None" advantage="None"/><text>Fig. 13(b) shows the relative fraction of metal bound in the trimetallic helicates.</text></s> <s sid="272"><CoreSc1 atype="GSC" type="Res" conceptID="Res20" novelty="None" advantage="None"/><text>One observes that the exchange between Eu<SP>3+</SP> and La<SP>3+</SP> occurs in a relatively narrow concentration range.</text></s></P><P><s sid="273"><CoreSc1 atype="GSC" type="Res" conceptID="Res21" novelty="None" advantage="None"/><text>For each mixed complex (macrospecies), there are two possible structures (microspecies), each of which has always a fixed relative fraction within the macrostate.</text></s> <s sid="274"><CoreSc1 atype="GSC" type="Res" conceptID="Res21" novelty="None" advantage="None"/><text>Fig. 14 summarizes their microscopic properties.</text></s> <s sid="275"><CoreSc1 atype="GSC" type="Res" conceptID="Res22" novelty="None" advantage="None"/><text>The macrospecies [La<SB>2</SB>Eu(<XREF TYPE="COMPOUND" ID="chemL3">L3</XREF>)<SB>3</SB>]<SP>6+</SP> consists of the two microspecies, the dominant asymmetric complex [EuLaLa(<XREF TYPE="COMPOUND" ID="chemL3">L3</XREF>)<SB>3</SB>]<SP>9+</SP> and the symmetric minority complex [LaEuLa(<XREF TYPE="COMPOUND" ID="chemL3">L3</XREF>)<SB>3</SB>]<SP>9+</SP>.</text></s> <s sid="276"><CoreSc1 atype="GSC" type="Res" conceptID="Res23" novelty="None" advantage="None"/><text>On the other hand, in the macrospecies [LaEu<SB>2</SB>(<XREF TYPE="COMPOUND" ID="chemL3">L3</XREF>)<SB>3</SB>]<SP>9+</SP> the symmetric complex [EuLaEu(<XREF TYPE="COMPOUND" ID="chemL3">L3</XREF>)<SB>3</SB>]<SP>9+</SP> is dominant, while the asymmetric complex [LaEuEu(<XREF TYPE="COMPOUND" ID="chemL3">L3</XREF>)<SB>3</SB>]<SP>9+</SP> is in minority.</text></s> <s sid="277"><CoreSc1 atype="GSC" type="Con" conceptID="Con4" novelty="None" advantage="None"/><text>This observation is consistent with NMR results, since the two minority complexes could not be detected.<REF TYPE="P" ID="cit8">8</REF> </text></s></P><P><s sid="278"><CoreSc1 atype="GSC" type="Res" conceptID="Res24" novelty="None" advantage="None"/><text>The microconstants to remove the respective metal ions from each site are summarized in Fig. 14.</text></s> <s sid="279"><CoreSc1 atype="GSC" type="Res" conceptID="Res24" novelty="None" advantage="None"/><text>One observes that the terminal metal ions are much more tightly bound that the central ones.</text></s> <s sid="280"><CoreSc1 atype="GSC" type="Con" conceptID="Con5" novelty="None" advantage="None"/><text>This effect is mainly caused by the additional electrostatic repulsion between the sites.</text></s> <s sid="281"><CoreSc1 atype="GSC" type="Res" conceptID="Res25" novelty="None" advantage="None"/><text>One further observes that the binding of La<SP>3+</SP> is weakened through the presence of neighboring Eu<SP>3+</SP> ions.</text></s> <s sid="282"><CoreSc1 atype="GSC" type="Res" conceptID="Res26" novelty="None" advantage="None"/><text>The same trend can be also observed for Eu<SP>3+</SP>, as its binding is also weakened by the presence of neighboring La<SP>3+</SP> ions.</text></s></P></DIV></DIV><DIV DEPTH="1"><HEADER>Conclusion</HEADER><P><s sid="283"><CoreSc1 atype="GSC" type="Con" conceptID="Con6" novelty="None" advantage="None"/><text>In this paper, we have presented a microscopic site binding model treating binding of several metal ions to preassembled multi-center receptors with well-defined binding sites within a statistical mechanical framework.</text></s> <s sid="284"><CoreSc1 atype="GSC" type="Res" conceptID="Res27" novelty="None" advantage="None"/><text>We introduce the appropriate parameterization in terms of microscopic complexation constants and metal–metal pair interaction energies.</text></s> <s sid="285"><CoreSc1 atype="GSC" type="Res" conceptID="Res28" novelty="None" advantage="None"/><text>From this model, the distinction between microscopic and macroscopic equilibria in these systems enters in a natural way.</text></s> <s sid="286"><CoreSc1 atype="GSC" type="Con" conceptID="Con7" novelty="None" advantage="None"/><text>With the present approach one can not only treat receptors with a small number of binding sites, but also macromolecular receptors capable of binding a large number of metal ions.</text></s> <s sid="287"><CoreSc1 atype="GSC" type="Res" conceptID="Res29" novelty="None" advantage="None"/><text>This situation is illustrated with linear chains.</text></s></P><P><s sid="288"><CoreSc1 atype="GSC" type="Res" conceptID="Res30" novelty="None" advantage="None"/><text>The applicability of the model has been illustrated with examples of lanthanide complexes, namely mixed trimetallic <IT>cis</IT>-inositol complexes and multi-metallic helicates.</text></s> <s sid="289"><CoreSc1 atype="GSC" type="Con" conceptID="Con8" novelty="None" advantage="None"/><text>In both situations, we find that consideration of pair interactions is important to obtain an acceptable description of the data.</text></s> <s sid="290"><CoreSc1 atype="GSC" type="Con" conceptID="Con8" novelty="None" advantage="None"/><text>However, the general structure of the pair interaction matrix is not obvious at this point.</text></s> <s sid="291"><CoreSc1 atype="GSC" type="Con" conceptID="Con9" novelty="None" advantage="None"/><text>While for multi-metallic helicates a simple mixing rule appears to represent a reasonable approximation of the off-diagonal elements of the matrix, for the inositol complexes deviations from this rule are observed.</text></s> <s sid="292"><CoreSc1 atype="GSC" type="Con" conceptID="Con10" novelty="None" advantage="None"/><text>Further experimental data sets are necessary to settle such questions in detail.</text></s></P><P><s sid="293"><CoreSc1 atype="GSC" type="Res" conceptID="Res31" novelty="None" advantage="None"/><text>Predictive capabilities of the site binding model were illustrated with the inositol complexes.</text></s> <s sid="294"><CoreSc1 atype="GSC" type="Con" conceptID="Con11" novelty="None" advantage="None"/><text>Thus, one can predict binding constants of metal complexes from a limited set of experimental data.</text></s> <s sid="295"><CoreSc1 atype="GSC" type="Res" conceptID="Res32" novelty="None" advantage="None"/><text>The example of the multi-metallic helicates did show that from a homologous series one can obtain a sufficient number of experimental quantities in order to fix the model parameters.</text></s> <s sid="296"><CoreSc1 atype="GSC" type="Con" conceptID="Con12" novelty="None" advantage="None"/><text>In both cases, the model is able to predict all details of the microscopic equilibria, including microstate probabilities and microscopic equilibrium constants.</text></s></P><P><s sid="297"><CoreSc1 atype="GSC" type="Con" conceptID="Con13" novelty="None" advantage="None"/><text>An analogous formulation can be applicable when the receptor undergoes conformational transitions.</text></s> <s sid="298"><CoreSc1 atype="GSC" type="Con" conceptID="Con14" novelty="None" advantage="None"/><text>However, the parameters considered must be interpreted as thermal averages over the different conformational states.</text></s> <s sid="299"><CoreSc1 atype="GSC" type="Con" conceptID="Con15" novelty="None" advantage="None"/><text>Moreover, more long-range interactions and eventually higher order interactions (<IT>e.g.</IT>, triplets) must be considered.</text></s></P><P><s sid="300"><CoreSc1 atype="GSC" type="Con" conceptID="Con16" novelty="None" advantage="None"/><text>The present formulation certainly represents an appropriate way to treat binding of several metal ions to one type of multi-center receptor.</text></s> <s sid="301"><CoreSc1 atype="GSC" type="Con" conceptID="Con17" novelty="None" advantage="None"/><text>In most situations, however, the receptor is composed of different ligands, which have to assemble in order to form the complex.</text></s> <s sid="302"><CoreSc1 atype="GSC" type="Con" conceptID="Con18" novelty="None" advantage="None"/><text>As long as all complexes are composed of the same number of ligands (<IT>e.g.</IT>, helicates) the present approach applies.</text></s> <s sid="303"><CoreSc1 atype="GSC" type="Con" conceptID="Con19" novelty="None" advantage="None"/><text>On the other hand, when the complexes contain different numbers of sub-units, the present approach must be generalized in order to incorporate this situation.</text></s> <s sid="304"><CoreSc1 atype="GSC" type="Con" conceptID="Con19" novelty="None" advantage="None"/><text>In the protein literature,<REF TYPE="P" ID="cit30">30</REF> this problem is referred to as aggregation of ligands, but a useful parameterization of this problem is not known.</text></s> <s sid="305"><CoreSc1 atype="GSC" type="Bac" conceptID="Bac14" novelty="None" advantage="None"/><text>These aspects will be the subject of future studies.</text></s></P></DIV></BODY></PAPER>