<?xml version="1.0" encoding="UTF-8"?>
<!DOCTYPE PAPER
  SYSTEM "paper-structure-annotation.dtd">
<PAPER><mode2 name="b413539c" hasDoc="yes" version="1168"/><TITLE><s sid="1"><CoreSc1 atype="GSC" type="Obj" conceptID="Obj1" novelty="New" advantage="None"/><text>Efficient evaluation of three-center two-electron integrals over Gaussian functions</text></s></TITLE><ABSTRACT><s sid="2"><CoreSc1 atype="GSC" type="Met" conceptID="Met1" novelty="Old" advantage="None"/><text>The RI (resolution of the identity) technique achieves significant increases in efficiency for various molecular electronic structure methods.</text></s> <s sid="3"><CoreSc1 atype="GSC" type="Met" conceptID="Met1" novelty="Old" advantage="Yes"/><text>This results from the approximation of four-center two-electron integrals by corresponding three-center integrals.</text></s> <s sid="4"><CoreSc1 atype="GSC" type="Met" conceptID="Met1" novelty="Old" advantage="Yes"/><text>It is shown that the three-center integrals required can be evaluated with a much simpler algorithm than for the general case.</text></s> <s sid="5"><CoreSc1 atype="GSC" type="Bac" conceptID="Bac1" novelty="None" advantage="None"/><text>This further increases the advantage of RI procedures.</text></s></ABSTRACT><BODY><DIV DEPTH="1"><HEADER HEADER_MARKER="1.">Introduction</HEADER><P><s sid="6"><CoreSc1 atype="GSC" type="Met" conceptID="Met2" novelty="Old" advantage="None"/><text>The evaluation of electron repulsion integrals (ERI) over basis functions <IT>a</IT>,<IT>b</IT>,<IT>c</IT>,<IT>d</IT>(<IT>ab</IT>|<IT>cd</IT>) = ∫ <IT>a</IT>(<B><IT>r</IT></B><SB>1</SB>)<IT>b</IT>(<B><IT>r</IT></B><SB>1</SB>)<IT>r</IT><SB>12</SB><SP>−1</SP><IT>c</IT>(<B><IT>r</IT></B><SB>2</SB>)d(<B><IT>r</IT></B><SB>2</SB>)d<IT>τ</IT>is a basic task in molecular electronic structure methods.</text></s> <s sid="7"><CoreSc1 atype="GSC" type="Met" conceptID="Met3" novelty="Old" advantage="None"/><text>The computation of ERIs is typically the dominant step in HF (Hartree–Fock) and DFT (density functional theory) treatments of molecules if the electronic energy is computed exactly within a basis set expansion of molecular orbitals.</text></s> <s sid="8"><CoreSc1 atype="GSC" type="Mot" conceptID="Mot1" novelty="None" advantage="None"/><text>It is thus desirable to develop approximations for eqn. (1) which combine efficiency and accuracy.</text></s> <s sid="9"><CoreSc1 atype="GSC" type="Met" conceptID="Met1" novelty="Old" advantage="None"/><text>The RI (resolution of the identity) technique is a proven procedure for this purpose.</text></s> <s sid="10"><CoreSc1 atype="GSC" type="Obj" conceptID="Obj2" novelty="New" advantage="None"/><text>The present paper gives a brief summary of the RI method at first, then treats the evaluation of three-center integrals within the Obara–Saika<REF TYPE="P" ID="cit1">1</REF> (OS) procedure, and finally presents new vertical recursion relations for spherical harmonics as auxiliary functions.</text></s></P><P><s sid="11"><CoreSc1 atype="GSC" type="Mod" conceptID="Mod1" novelty="None" advantage="None"/><text>An introduction of the RI technique<REF TYPE="P" ID="cit2 cit3 cit4 cit5 cit6 cit7">2–7</REF> conveniently starts from the definition〈<IT>f</IT>|<IT>g</IT>〉 = ∫ <IT>f</IT>(<B><IT>r</IT></B><SB>1</SB>)<IT>r</IT><SB>12</SB><SP>−1</SP><IT>g</IT>(<B><IT>r</IT></B><SB>2</SB>)d<IT>τ</IT>which fulfils all requirements of a scalar product: it is linear and positive definite, since 〈<IT>f</IT>|<IT>f</IT>〉 = 0 if and only if <IT>f</IT> = 0.</text></s> <s sid="12"><CoreSc1 atype="GSC" type="Mod" conceptID="Mod1" novelty="None" advantage="None"/><text>ERIs are then simply written as (<IT>ab</IT>|<IT>cd</IT>) = 〈<IT>ab</IT>|<IT>cd</IT>〉.</text></s> <s sid="13"><CoreSc1 atype="GSC" type="Mod" conceptID="Mod1" novelty="None" advantage="None"/><text>Let us now introduce a set of functions labelled <IT>P</IT>, <IT>Q</IT> and the projection operator onto this space where <IT>M</IT><SB><IT>PQ</IT></SB> denotes matrix elements of the inverse of 〈<IT>P</IT>|<IT>Q</IT>〉. is optimal in the sense is usually called ‘resolution of the identity’; its insertion into eqn. (1) yields the RI approximation for ERIs (using parentheses for two-electron integrals since this is common usage for the charge density notation) We similarly get a concise expression for the Coulomb energy <IT>J</IT> of a charge distribution <IT>ρ</IT>(<B><IT>r</IT></B>)which has an error (<IT>O</IT>||δ<IT>ρ</IT>||<SP>2</SP>) in the sense of eqn. (4).</text></s> <s sid="14"><CoreSc1 atype="GSC" type="Mod" conceptID="Mod1" novelty="None" advantage="None"/><text>The functions <IT>P</IT>, <IT>Q</IT> are usually termed auxiliary or fitting functions, since eqn. (6) implies that <IT>ρ</IT> is approximated as <IT>ρ</IT> ≈ <IT></IT> = <IT>ρ</IT>.</text></s></P><P><s sid="15"><CoreSc1 atype="GSC" type="Mod" conceptID="Mod1" novelty="None" advantage="None"/><text>The approximation in eqn. (5) decomposes four-index ERIs into two- and three-index-terms which is its most important feature.</text></s> <s sid="16"><CoreSc1 atype="GSC" type="Mod" conceptID="Mod1" novelty="None" advantage="None"/><text>The formal <IT>O</IT>(<IT>N</IT><SP>4</SP>) effort to evaluate (<IT>ab</IT>|<IT>cd</IT>), <IT>N</IT> = number of basis functions, is thus reduced to <IT>O</IT>(<IT>N</IT><SP>3</SP>).</text></s> <s sid="17"><CoreSc1 atype="GSC" type="Mod" conceptID="Mod1" novelty="None" advantage="None"/><text>If the auxiliaries <IT>P</IT>, <IT>Q</IT> are chosen as atom-centered functions one further has to deal with three-centre integrals only, which leads to additional simplifications as will be demonstrated below.</text></s> <s sid="18"><CoreSc1 atype="GSC" type="Mod" conceptID="Mod1" novelty="None" advantage="None"/><text>The errors introduced by the approximation in eqn. (5) are of no concern if optimized auxiliary functions are employed.</text></s> <s sid="19"><CoreSc1 atype="GSC" type="Bac" conceptID="Bac2" novelty="None" advantage="None"/><text>This has been demonstrated in a series of investigations considering <IT>J</IT>, the HF exchange <IT>K</IT>, and correlated treatments based on second order perturbation theory.<REF TYPE="P" ID="cit7 cit8 cit9 cit10 cit11">7–11</REF></text></s> <s sid="20"><CoreSc1 atype="GSC" type="Bac" conceptID="Bac3" novelty="None" advantage="None"/><text>Gains in efficiency resulting from the RI technique are most pronounced for the treatment of <IT>J</IT>.</text></s> <s sid="21"><CoreSc1 atype="GSC" type="Met" conceptID="Met4" novelty="Old" advantage="None"/><text>Other procedures have been developed for the very same purpose, such as CFMM (continuous fast multipole moment)<REF TYPE="P" ID="cit12">12</REF> in combination with the <IT>J</IT> engine method<REF TYPE="P" ID="cit13">13</REF> and Fourier techniques.<REF TYPE="P" ID="cit14">14</REF></text></s> <s sid="22"><CoreSc1 atype="GSC" type="Met" conceptID="Met5" novelty="Old" advantage="None"/><text>Multipole moment methodology can also be exploited within RI, thus combining the advantages of both procedures.<REF TYPE="P" ID="cit15">15</REF></text></s></P><DIV DEPTH="2"><HEADER HEADER_MARKER="2.">Three-center integrals</HEADER><P><s sid="23"><CoreSc1 atype="GSC" type="Mod" conceptID="Mod2" novelty="None" advantage="None"/><text>We consider the evaluation of (<IT>ab</IT>|<IT>P</IT>) for the usual choice of atom-centered GTOs (Gaussian type orbitals)|<B><IT>l</IT></B><SB><IT>a</IT></SB>〉 = <IT>a</IT>(<B><IT>r</IT></B>) = (<IT>x</IT> − <IT>A</IT><SB><IT>x</IT></SB>)<SP><IT>l</IT><SB><IT>x</IT></SB></SP>(<IT>y</IT> − <IT>A</IT><SB><IT>y</IT></SB>)<SP><IT>l</IT><SB><IT>y</IT></SB></SP>(<IT>z</IT> − <IT>A</IT><SB><IT>z</IT></SB>)<SP><IT>l</IT><SB><IT>z</IT></SB></SP>e<SP>−<IT>α</IT>|<B><IT>r</IT></B> − <B><IT>A</IT></B>|<SP>2</SP></SP><B><IT>l</IT></B> = (<IT>l</IT><SB><IT>x</IT></SB>,<IT>l</IT><SB><IT>y</IT></SB>,<IT>l</IT><SB><IT>z</IT></SB>), <IT>l</IT> = <IT>l</IT><SB><IT>x</IT></SB> + <IT>l</IT><SB><IT>y</IT></SB> + <IT>l</IT><SB><IT>z</IT></SB>.With the shorthand notation <IT>a</IT>(<B><IT>r</IT></B>) = |<B><IT>l</IT></B><SB><IT>a</IT></SB>〉 we drop the parameters <B><IT>A</IT></B> and <IT>α</IT>. <IT>b</IT>(<B><IT>r</IT></B>) = |<B><IT>l</IT></B><SB><IT>b</IT></SB>〉 will be similarly specified by <B><IT>l</IT></B><SB><IT>b</IT></SB>, <IT>β</IT>, <B><IT>B</IT></B>, and the auxiliary function <IT>P</IT>(<B><IT>r</IT></B>) = |<B><IT>L</IT></B>〉 by <B><IT>L</IT></B>, <IT>γ</IT>, <B><IT>C</IT></B>, and we write (<IT>ab</IT>|<IT>P</IT>) = (<B><IT>l</IT></B><SB><IT>a</IT></SB><B><IT>l</IT></B><SB><IT>b</IT></SB>|<B><IT>L</IT></B>).It is sufficient to consider (<B><IT>l</IT></B><SB><IT>a</IT></SB><B>0</B>|<B><IT>L</IT></B>) since the general case is recovered by the horizontal recursion relation, <IT>e.g</IT>.</text></s> <s sid="24"><CoreSc1 atype="GSC" type="Mod" conceptID="Mod2" novelty="None" advantage="None"/><text>(<B><IT>l</IT></B><SB><IT>a</IT></SB>(<B><IT>l</IT></B><SB><IT>b</IT></SB> + <B>1</B><SB><IT>i</IT></SB>|<B><IT>L</IT></B>) = ((<B><IT>l</IT></B><SB><IT>a</IT></SB> + <B>1</B><SB><IT>i</IT></SB>)<B><IT>l</IT></B><SB><IT>b</IT></SB>|<B><IT>L</IT></B>) + (<IT>A</IT><SB><IT>i</IT></SB> − <IT>B</IT><SB><IT>i</IT></SB>)(<B><IT>l</IT></B><SB><IT>a</IT></SB><B><IT>l</IT></B><SB><IT>b</IT></SB>|<B><IT>L</IT></B>), with <B>1</B><SB><IT>i</IT></SB> = (δ<SB><IT>ix</IT></SB>, δ<SB><IT>iy</IT></SB>, δ<SB><IT>iz</IT></SB>,) for <IT>i</IT> = <IT>x</IT>,<IT>y</IT>,<IT>z</IT>.</text></s></P><P><s sid="25"><CoreSc1 atype="GSC" type="Mod" conceptID="Mod2" novelty="None" advantage="None"/><text>Although we consider Cartesian Gaussians, eqn. (7), we will assume that |<B><IT>L</IT></B>〉 is always transformed later on to reduced (real) spherical harmonics comprising 5, 7, 9 components for d, f, g sets.</text></s> <s sid="26"><CoreSc1 atype="GSC" type="Mod" conceptID="Mod2" novelty="None" advantage="None"/><text>This can be done explicitly by a transformation step, which is advantageous if integrals have to be transformed into an MO representation as in correlated treatments.</text></s> <s sid="27"><CoreSc1 atype="GSC" type="Mod" conceptID="Mod2" novelty="None" advantage="None"/><text>For HF or DFT it is easier to ensure simply that contraction coefficients <IT>c</IT><SB><B><IT>L</IT></B></SB> of (<B><IT>l</IT></B><SB><IT>a</IT></SB><B><IT>l</IT></B><SB><IT>b</IT></SB>|<B><IT>L</IT></B>) do not contain components of s type for a d set, or of p type for an f set, <IT>etc</IT>.</text></s> <s sid="28"><CoreSc1 atype="GSC" type="Bac" conceptID="Bac4" novelty="None" advantage="None"/><text>The choice of reduced auxiliary functions is not only more aesthetic; it also improves numerical stability.</text></s></P><P><s sid="29"><CoreSc1 atype="GSC" type="Obj" conceptID="Obj3" novelty="New" advantage="None"/><text>We demonstrate simplifications of integral evaluations for the OS scheme since this has been considered and implemented.</text></s> <s sid="30"><CoreSc1 atype="GSC" type="Mod" conceptID="Mod3" novelty="None" advantage="None"/><text>The relevant equations and definitions are, if we stay close to the nomenclature of OS (keeping their <B><IT>P</IT></B>, since this can hardly be confused with the auxiliary functions):(<B>00</B>|<B>0</B>)<SP>(<IT>m</IT>)</SP> = 2π<SP>5/2</SP>(<IT>ζ</IT> + <IT>γ</IT>)<SP>1/2</SP>(<IT>ζγ</IT>)<SP>−1</SP>e<SP>−(<IT>αβ</IT>/<IT>ζ</IT>)|<B><IT>A</IT></B>−<B><IT>B</IT></B>|<SP>2</SP></SP><IT>F</IT><SB><IT>m</IT></SB>(<IT>x</IT>)<IT>x</IT> = <IT>ρ</IT>|<B><IT>P</IT></B> − <B><IT>Q</IT></B>|<SP>2</SP>The true ERI has index <IT>m</IT> = 0, the recursion then requires <IT>m</IT> &gt; 0 for intermediate quantities, <IT>i.e.</IT><IT>m</IT> = 0 to (<IT>l</IT><SB><IT>a</IT></SB> + <IT>l</IT><SB><IT>b</IT></SB> + <IT>L</IT>) for the start, eqn. (10).</text></s> <s sid="31"><CoreSc1 atype="GSC" type="Mod" conceptID="Mod3" novelty="None" advantage="None"/><text>In general the easiest way is to first get the necessary (<B><IT>l</IT></B><B>0</B>|<B>0</B>)<SP>(<IT>m</IT>)</SP>, eqn. (11), and then to increase <IT>L</IT> by means of eqn. (12).</text></s> <s sid="32"><CoreSc1 atype="GSC" type="Obs" conceptID="Obs1" novelty="None" advantage="None"/><text>The last step typically dominates by far the evaluation of a complete integral batch.</text></s></P><P><s sid="33"><CoreSc1 atype="GSC" type="Mod" conceptID="Mod4" novelty="None" advantage="None"/><text>The recursive increase of <IT>L</IT> can be simplified.</text></s> <s sid="34"><CoreSc1 atype="GSC" type="Mod" conceptID="Mod4" novelty="None" advantage="None"/><text>The first term on the rhs of eqn. (12) clearly vanishes since <B><IT>Q</IT></B> = <B><IT>C</IT></B>.</text></s> <s sid="35"><CoreSc1 atype="GSC" type="Bac" conceptID="Bac5" novelty="None" advantage="None"/><text>This is trivial and the corresponding term has only been included to show differences to the general case (<IT>ab</IT>|<IT>cd</IT>).</text></s> <s sid="36"><CoreSc1 atype="GSC" type="Mod" conceptID="Mod5" novelty="None" advantage="None"/><text>Next we exploit that components of |<B><IT>L</IT></B>〉 are (transformed to) spherical harmonics.</text></s> <s sid="37"><CoreSc1 atype="GSC" type="Mod" conceptID="Mod5" novelty="None" advantage="None"/><text>This implies the following asymptotic decay of integrals:(<B><IT>l</IT></B><B>0</B>|<B><IT>L</IT></B>) ∝ |<B><IT>P</IT></B> − <B><IT>C</IT></B>|<SP>−<IT>L</IT>−1</SP> for |<B><IT>P</IT></B> − <B><IT>C</IT></B>| → ∞.(<B><IT>l</IT></B><B>0</B>|<B><IT>L</IT></B>) may vanish even faster if <B><IT>l</IT></B><B>0</B> does not include a partial wave of s character but this is of no concern for the present considerations.</text></s> <s sid="38"><CoreSc1 atype="GSC" type="Mod" conceptID="Mod5" novelty="None" advantage="None"/><text>Withone can identify all contributions to the final integral that vanish too slowly, and these terms can be neglected since they cancel in the transformation to spherical harmonics.</text></s> <s sid="39"><CoreSc1 atype="GSC" type="Mod" conceptID="Mod5" novelty="None" advantage="None"/><text>From eqns. (10) and (11) one has (<B><IT>l</IT></B><B>0</B>|<B>0</B>)<SP>(0)</SP> ∝ |<B><IT>P</IT></B> − <B><IT>C</IT></B>|<SP>−1</SP>The third term on the rhs of eqn. (12) maintains this asymptotic behavior, which in the final integral, <IT>m</IT> = 0, would lead to (<B><IT>l</IT></B><B>0</B>|<B><IT>L</IT></B>) ∝ |<B><IT>P</IT></B> − <B><IT>C</IT></B>|<SP>−1</SP> in contradiction to eqn. (17).</text></s> <s sid="40"><CoreSc1 atype="GSC" type="Obs" conceptID="Obs2" novelty="None" advantage="None"/><text>This implies that the third term on the rhs of eqn. (12) can be neglected since it cancels after transformation.</text></s> <s sid="41"><CoreSc1 atype="GSC" type="Obs" conceptID="Obs3" novelty="None" advantage="None"/><text>The fourth term on the rhs of eqn. (12) has the same structure as the third and cancellation applies here as well.</text></s> <s sid="42"><CoreSc1 atype="GSC" type="Obs" conceptID="Obs4" novelty="None" advantage="None"/><text>That the third and fourth term cannot matter can also be seen directly.</text></s> <s sid="43"><CoreSc1 atype="GSC" type="Mod" conceptID="Mod6" novelty="None" advantage="None"/><text>For <IT>L</IT> = 2, <IT>i.e.</IT> a set of d functions, these terms give identical contributions ((1/2<IT>η</IT>)(<B><IT>l</IT></B><B>0</B>|<B>0</B>)<SP>(<IT>m</IT>)</SP> − (<IT>ρ</IT>/2<IT>η</IT><SP>2</SP>)(<B><IT>l</IT></B><B>0</B>|<B>0</B>)<SP>(<IT>m</IT>+1)</SP>) to the integrals involving Cartesian functions d<SB><IT>x</IT><SP>2</SP></SB>, d<SB><IT>y</IT><SP>2</SP></SB>, d<SB><IT>z</IT><SP>2</SP></SB>, and this cancels if one goes over to d<SB><IT>x</IT><SP>2</SP>−<IT>y</IT><SP>2</SP></SB> and d<SB>3<IT>z</IT><SP>2</SP>−<IT>r</IT><SP>2</SP></SB>.</text></s> <s sid="44"><CoreSc1 atype="GSC" type="Res" conceptID="Res1" novelty="None" advantage="None"/><text>The same reasoning applies for sets of f, g, <IT>etc</IT>., functions.</text></s></P><P><s sid="45"><CoreSc1 atype="GSC" type="Mod" conceptID="Mod7" novelty="None" advantage="None"/><text>We thus can replace the five-term recursion in eqn. (12) by a two-term recursion Since the index <IT>m</IT> on the lhs is connected only with (<IT>m</IT> + 1) on the rhs, one starts the recursion with (<B><IT>l</IT></B><B>0</B>|<B>0</B>)<SP>(<IT>L</IT>)</SP>, then gets (<B><IT>l</IT></B><B>0</B>|<B>1</B>)<SP>(<IT>L</IT>−1)</SP>, <IT>etc</IT>., until the final integral (<B><IT>l</IT></B><B>0</B>|<B><IT>L</IT></B>)<SP>(0)</SP> is reached.</text></s> <s sid="46"><CoreSc1 atype="GSC" type="Mod" conceptID="Mod7" novelty="None" advantage="None"/><text>For each <IT>L</IT> one has only a single <IT>m</IT> value and this index can simply be implied with corresponding savings in memory and overhead necessary to implement eqn. (20).</text></s> <s sid="47"><CoreSc1 atype="GSC" type="Res" conceptID="Res2" novelty="None" advantage="None"/><text>The reduction in the index range of <IT>m</IT> following from eqn. (20) also leads to a reduced index range in the recursion eqn. (11), and eqn. (10) is required only for <IT>L</IT> ≤ <IT>m</IT> ≤ (<IT>L</IT> + <IT>l</IT><SB><IT>a</IT></SB> + <IT>l</IT><SB><IT>b</IT></SB>).</text></s> <s sid="48"><CoreSc1 atype="GSC" type="Res" conceptID="Res3" novelty="None" advantage="None"/><text>It should be mentioned that there is an alternative to eqn. (12),<REF TYPE="P" ID="cit16">16</REF> which is more efficient for four-center integrals, especially for large angular momentum functions.</text></s> <s sid="49"><CoreSc1 atype="GSC" type="Res" conceptID="Res3" novelty="None" advantage="None"/><text>This advantage is lost for the present case of three-center integrals.</text></s></P><P><s sid="50"><CoreSc1 atype="GSC" type="Bac" conceptID="Bac6" novelty="None" advantage="None"/><text>Two features are relevant for an implementation of eqn. (20).</text></s> <s sid="51"><CoreSc1 atype="GSC" type="Obs" conceptID="Obs5" novelty="None" advantage="None"/><text>For the intermediate integrals, <IT>m</IT> &gt; 0, one does not need all components of a shell: d<SB><IT>x</IT><SP>2</SP></SB>, d<SB><IT>y</IT><SP>2</SP></SB>, d<SB><IT>z</IT><SP>2</SP></SB>, and d<SB><IT>xy</IT></SB> suffice to get a complete f shell, and six f components for a g set, <IT>etc</IT>.</text></s> <s sid="52"><CoreSc1 atype="GSC" type="Mod" conceptID="Mod8" novelty="None" advantage="None"/><text>For the final batch, (<B><IT>l</IT></B><B>0</B>|(<B><IT>L</IT></B> + <B>1</B><SB><IT>i</IT></SB>))<SP>(0)</SP> , one will not use eqn. (20) directly if integrals over contracted GTOs are computed.</text></s> <s sid="53"><CoreSc1 atype="GSC" type="Mod" conceptID="Mod8" novelty="None" advantage="None"/><text>It is more efficient to accumulate (<B><IT>l</IT></B> − <B>1</B><SB><IT>i</IT></SB>)<B>0</B>|<B><IT>L</IT></B>)<SP>(1)</SP> separately and to add the sum later on.</text></s> <s sid="54"><CoreSc1 atype="GSC" type="Mod" conceptID="Mod8" novelty="None" advantage="None"/><text>This offers the advantage that ((<B><IT>l</IT></B> − <B>1</B><SB><IT>i</IT></SB>)<B>0</B>|<B><IT>L</IT></B>)<SP>(1)</SP> has fewer components than (<B><IT>l</IT></B><B>0</B>|(<B><IT>L</IT></B> + <B>1</B><SB><IT>i</IT></SB>)).</text></s></P></DIV></DIV><DIV DEPTH="1"><HEADER HEADER_MARKER="3.">Summary</HEADER><P><s sid="55"><CoreSc1 atype="GSC" type="Obj" conceptID="Obj4" novelty="New" advantage="None"/><text>We summarize the simplification resulting from the RI technique in comparison to conventional treatments based on (<IT>ab</IT>|<IT>cd</IT>).</text></s> <s sid="56"><CoreSc1 atype="GSC" type="Res" conceptID="Res4" novelty="None" advantage="None"/><text>(i) The original five term recursion eqn. (12) is replaced by a two-term recursion eqn. (20).</text></s> <s sid="57"><CoreSc1 atype="GSC" type="Res" conceptID="Res5" novelty="None" advantage="None"/><text>(ii) Different from the general case in eqn. (12) each intermediate batch (<B><IT>l</IT></B><B>0</B>|<B><IT>L</IT></B>) occurs only with a single <IT>m</IT> value; this reduces storage and computational requirements.</text></s> <s sid="58"><CoreSc1 atype="GSC" type="Res" conceptID="Res6" novelty="None" advantage="None"/><text>(iii) The simple form of eqn. (20) greatly facilitates the development of optimized hand-coded routines.</text></s> <s sid="59"><CoreSc1 atype="GSC" type="Con" conceptID="Con1" novelty="None" advantage="None"/><text>We note in passing that even larger simplifications can be achieved if only two-center integrals have to be computed<REF TYPE="P" ID="cit17">17</REF> and the present case lies in between the two-center and four-center cases.</text></s></P><P><s sid="60"><CoreSc1 atype="GSC" type="Bac" conceptID="Bac7" novelty="None" advantage="None"/><text>The above described algorithm, including optimized hand-coded routines for <IT>l</IT><SB><IT>a</IT></SB> + <IT>l</IT><SB><IT>b</IT></SB> + <IT>L</IT> ≤ 4, has been implemented in TURBOMOLE<REF TYPE="P" ID="cit18">18</REF> and will be included in the next release.</text></s> <s sid="61"><CoreSc1 atype="GSC" type="Res" conceptID="Res7" novelty="None" advantage="None"/><text>The efficiency of the procedure can be seen from timings of an example at hand, a treatment of Cu<SB>40</SB>Sb<SB>21</SB>(PH<SB>3</SB>)<SB>28</SB>, symmetry <IT>T</IT>, with 173 atoms, 1905 contracted GTOs in an SV(P) basis,<REF TYPE="P" ID="cit19">19</REF> and 5184 (contracted) auxiliary functions.<REF TYPE="P" ID="cit7">7</REF></text></s> <s sid="62"><CoreSc1 atype="GSC" type="Res" conceptID="Res8" novelty="None" advantage="None"/><text>The evaluation of the interelectronic Coulomb interaction <IT>J</IT> required (per iteration): 64 s in direct mode (all integrals computed on the fly); 46 s if 660 MB was used to store three-center integrals in memory; and 20 s if the far-field integrals were obtained by multipole moment techniques,<REF TYPE="P" ID="cit15">15</REF> all timings for a 2.4 GHz Xeon.</text></s></P></DIV></BODY></PAPER>