<?xml version="1.0" encoding="UTF-8"?>
<!DOCTYPE PAPER
  SYSTEM "paper-structure-annotation.dtd">
<PAPER><mode2 name="b419201j" hasDoc="yes" version="1153"/><TITLE><s sid="1"><CoreSc1 atype="GSC" type="Obj" conceptID="Obj1" novelty="New" advantage="None"/><text>Free volume anomalies in mixed-cation glasses revealed by positron annihilation lifetime spectroscopy (PALS)<XREF TYPE="FOOTNOTE_MARKER" ID="fn1"/></text></s></TITLE><ABSTRACT><s sid="2"><CoreSc1 atype="GSC" type="Res" conceptID="Res1" novelty="None" advantage="None"/><text>PALS experiments reveal a minimum in <IT>ortho</IT>-positronium (<IT>o</IT>-Ps) lifetimes and a maximum in the corresponding intensities that emerge when mixed-cation (Li/Na) borate glasses are heated from ambient temperatures up to 473 K. These free volume ‘anomalies’ appear to be a true manifestation of the mixed alkali effect (MAE).</text></s> <s sid="3"><CoreSc1 atype="GSC" type="Con" conceptID="Con1" novelty="None" advantage="None"/><text>They are consistent with a mechanism of ion transport involving cooperation between hops of unlike cations, resulting in increased disturbance of the glass network.</text></s> <s sid="4"><CoreSc1 atype="GSC" type="Con" conceptID="Con2" novelty="None" advantage="None"/><text>The result lends support to the dynamic structure model.</text></s></ABSTRACT><BODY><DIV DEPTH="1"><HEADER/><P><s sid="5"><CoreSc1 atype="GSC" type="Bac" conceptID="Bac1" novelty="None" advantage="None"/><text>The mixed alkali effect (MAE) remains one of the unsolved mysteries of glass science.</text></s> <s sid="6"><CoreSc1 atype="GSC" type="Bac" conceptID="Bac1" novelty="None" advantage="None"/><text>It involves a wide range of phenomena, including deep minima in ionic conductivities, crossovers in diffusion coefficient, additional (and large) internal friction peaks, and minima in glass transition temperatures, <IT>T</IT><SB>g</SB>.<REF TYPE="P" ID="cit1 cit2 cit3">1–3</REF></text></s> <s sid="7"><CoreSc1 atype="GSC" type="Bac" conceptID="Bac1" novelty="None" advantage="None"/><text>Although significant progress has been made in recent years towards understanding some of the underlying chemical and physical principles, there is still disagreement concerning how far ion-hopping processes in either single or mixed cation glasses involve the cooperation of the glassy network.</text></s></P><P><s sid="8"><CoreSc1 atype="GSC" type="Bac" conceptID="Bac2" novelty="None" advantage="None"/><text>Bunde <IT>et al</IT><REF TYPE="P" ID="cit4 cit5">4,5</REF>. have described a ‘dynamic structure model’ that draws attention to the role played by cations in building their own sites, or ‘digging their own holes’, in the glass structure.</text></s> <s sid="9"><CoreSc1 atype="GSC" type="Bac" conceptID="Bac2" novelty="None" advantage="None"/><text>A mismatch arises when one type of cation, <IT>e.g.</IT> Li<SP>+</SP>, tries to enter a site created earlier by another, <IT>e.g.</IT> Na<SP>+</SP>, and this is identified as the prime cause of the mixed alkali effect.</text></s> <s sid="10"><CoreSc1 atype="GSC" type="Bac" conceptID="Bac2" novelty="None" advantage="None"/><text>The mismatch-opposed hops would be slower than the hopping of Li<SP>+</SP> ions into Li sites, which is the dominant process in single-cation Li<SP>+</SP> ion conducting glasses.</text></s></P><P><s sid="11"><CoreSc1 atype="GSC" type="Bac" conceptID="Bac3" novelty="None" advantage="None"/><text>However, there are divergent views<REF TYPE="P" ID="cit5">5</REF> as to whether ‘mismatch-opposed’ processes ever actually occur in glass, and whether such ion hops can trigger inter-site conversion processes below <IT>T</IT><SB>g</SB>.</text></s> <s sid="12"><CoreSc1 atype="GSC" type="Bac" conceptID="Bac3" novelty="None" advantage="None"/><text>While there is indirect evidence that site conversions do occur below <IT>T</IT><SB>g</SB>,<REF TYPE="P" ID="cit6 cit7">6,7</REF> other authors have argued <REF TYPE="P" ID="cit8 cit9 cit10">8–10</REF> that cations in mixed glasses simply avoid the ‘inappropriate’ sites and that the distribution of cation sites remains as it was frozen in at <IT>T</IT><SB>g</SB>.</text></s> <s sid="13"><CoreSc1 atype="GSC" type="Bac" conceptID="Bac3" novelty="None" advantage="None"/><text>This divergence of opinion highlights the limitations to our current understanding of processes occurring in glass.</text></s></P><P><s sid="14"><CoreSc1 atype="GSC" type="Bac" conceptID="Bac4" novelty="None" advantage="None"/><text>It is especially unclear how far the network participates in the ion transport mechanism.</text></s> <s sid="15"><CoreSc1 atype="GSC" type="Bac" conceptID="Bac4" novelty="None" advantage="None"/><text>Thus, Angell<REF TYPE="P" ID="cit11 cit12">11,12</REF> pointed out many years ago that for common inorganic glasses (phosphates, borates, silicates, <IT>etc</IT>.), the ratio, <IT>R</IT><SB><IT>τ</IT></SB> of the times required for structural relaxation to occur at <IT>T</IT><SB>g</SB> (as indicated by the step function in heat capacity in a DSC experiment) to the average residence time of the ions (as indicated by the electric field relaxation time from impedance spectroscopy) is very large, with values of <IT>R</IT><SB><IT>τ</IT></SB> falling in the range 10<SP>11</SP> to 10<SP>14</SP>.</text></s> <s sid="16"><CoreSc1 atype="GSC" type="Bac" conceptID="Bac4" novelty="None" advantage="None"/><text>This result suggests that network relaxation can have only little influence on ion transport.</text></s></P><P><s sid="17"><CoreSc1 atype="GSC" type="Bac" conceptID="Bac5" novelty="None" advantage="None"/><text>On the other hand, Ingram <IT>et al</IT><REF TYPE="P" ID="cit13 cit14 cit15">13–15</REF>. have argued from the evidence of variable-pressure variable-temperature (VPVT) measurements that activation volumes, <IT>V</IT><SB>A</SB>, for ion transport are conveniently interpreted in terms of the ‘opening up’ of empty cation sites, a process which obviously does involve the glassy network to some extent (see Fig. 1).</text></s> <s sid="18"><CoreSc1 atype="GSC" type="Bac" conceptID="Bac5" novelty="None" advantage="None"/><text>This figure shows schematically how a mobile cation hops from a site close to its compensating negative charge (shown here as a non-bridging oxygen (nBO)) into an empty site provided by the network.</text></s> <s sid="19"><CoreSc1 atype="GSC" type="Bac" conceptID="Bac5" novelty="None" advantage="None"/><text><IT>V</IT><SB>A</SB> is identified<REF TYPE="P" ID="cit13 cit14 cit15">13–15</REF> with the volume required to open up this second site.</text></s></P><P><s sid="20"><CoreSc1 atype="GSC" type="Mot" conceptID="Mot1" novelty="None" advantage="None"/><text>What would clearly be helpful is independent evidence concerning the available volume and how it is distributed in both single and mixed-cation glasses.</text></s> <s sid="21"><CoreSc1 atype="GSC" type="Met" conceptID="Met1" novelty="Old" advantage="None"/><text>An obvious technique to use is positron annihilation lifetime spectroscopy (PALS), which is widely used, for example, to explore cavity sizes in zeolites<REF TYPE="P" ID="cit16">16</REF> and ‘free volume’ in glassy polymers,<REF TYPE="P" ID="cit17">17</REF> and to understand ion transport in polymer electrolytes.<REF TYPE="P" ID="cit18 cit19">18,19</REF></text></s> <s sid="22"><CoreSc1 atype="GSC" type="Met" conceptID="Met1" novelty="None" advantage="None"/><text>The PALS experiment measures the lifetimes of positron species by detecting ‘start quanta’ of 1.28 MeV associated with their birth (from the decay of <SP>22</SP>Na to <SP>22</SP>Ne) and ‘stop quanta’ of 511 keV associated with their death (annihilation).</text></s></P><P><s sid="23"><CoreSc1 atype="GSC" type="Met" conceptID="Met1" novelty="None" advantage="None"/><text>When a positron enters a material three separate processes may occur, each with a different lifetime.<REF TYPE="P" ID="cit20 cit21">20,21</REF></text></s> <s sid="24"><CoreSc1 atype="GSC" type="Met" conceptID="Met1" novelty="None" advantage="None"/><text>The shortest lifetime (100 to 200 ps) is attributed to the self-annihilation of a positron bound to an electron of opposite spin, <IT>i.e. para</IT>-positronium (<IT>p</IT>-Ps).</text></s> <s sid="25"><CoreSc1 atype="GSC" type="Met" conceptID="Met1" novelty="None" advantage="None"/><text>The second lifetime (200 to 600 ps) is usually attributed to the annihilation of ‘free’ positrons or to those trapped in the material.</text></s> <s sid="26"><CoreSc1 atype="GSC" type="Met" conceptID="Met1" novelty="None" advantage="None"/><text>The third lifetime (600 ps upwards) arises from the annihilation of the semi-stable species <IT>ortho</IT>-positronium (<IT>o</IT>-Ps), which is a positron paired with an electron with spins in parallel.</text></s></P><P><s sid="27"><CoreSc1 atype="GSC" type="Mod" conceptID="Mod1" novelty="None" advantage="None"/><text>PALS spectra are composed of contributions from each annihilation event: these can be extracted by a non-linear least-squares fit of a weighted sum of exponentials:Here, <IT>τ</IT><SB><IT>i</IT></SB> denotes the mean lifetime of the positron state <IT>i</IT>, and <IT>I</IT><SB><IT>i</IT></SB> is the relative intensity of the lifetime component and <IT>n</IT> is the number of positron states.</text></s> <s sid="28"><CoreSc1 atype="GSC" type="Mod" conceptID="Mod1" novelty="None" advantage="None"/><text>Self-annihilation (<IT>p</IT>-Ps) gives little information on cavity characteristics.</text></s> <s sid="29"><CoreSc1 atype="GSC" type="Mod" conceptID="Mod1" novelty="None" advantage="None"/><text>However, the metastable <IT>ortho</IT>-positronium atoms, localised in cavities, have average lifetimes that depend on the cavity size.</text></s> <s sid="30"><CoreSc1 atype="GSC" type="Mod" conceptID="Mod1" novelty="None" advantage="None"/><text>The lifetime of <IT>o</IT>-Ps in a vacuum is 142 ns.</text></s> <s sid="31"><CoreSc1 atype="GSC" type="Mod" conceptID="Mod1" novelty="None" advantage="None"/><text>In condensed matter, lifetimes are shortened to a few ns since the annihilation rate depends on the probability of the overlap of the <IT>o</IT>-Ps wavefunction with the wavefunctions of the surrounding electrons, which is dependent on the cavity size.</text></s> <s sid="32"><CoreSc1 atype="GSC" type="Mod" conceptID="Mod1" novelty="None" advantage="None"/><text>The intensity of the <IT>o</IT>-Ps component is related to the <IT>o</IT>-Ps formation probability and reflects the concentration of cavities accessible to <IT>o</IT>-Ps.</text></s></P><P><s sid="33"><CoreSc1 atype="GSC" type="Mod" conceptID="Mod1" novelty="None" advantage="None"/><text>When <IT>o</IT>-Ps annihilates, it is assumed to do so in a potential well where the <IT>o</IT>-Ps wavefunction has a given penetration depth, Δ<IT>R</IT>, into the material surrounding the potential well.</text></s> <s sid="34"><CoreSc1 atype="GSC" type="Mod" conceptID="Mod1" novelty="None" advantage="None"/><text>If the radius of the well is <IT>R</IT> (assuming a sphere<SUP TYPE="FOOTNOTE_MARKER" ID="fn2"/>), the <IT>o</IT>-Ps pickoff lifetime is usually related to the radius of the cavity by:<REF TYPE="P" ID="cit23 cit24">23,24</REF>where <IT>τ</IT><SB><IT>o</IT>-Ps</SB> denotes the <IT>o</IT>-Ps pickoff lifetime.</text></s> <s sid="35"><CoreSc1 atype="GSC" type="Mod" conceptID="Mod1" novelty="None" advantage="None"/><text>The 1/2 pre-factor is the inverse of the spin averaged Ps annihilation lifetime and Δ<IT>R</IT> has been found empirically to equal 0.166 nm.<REF TYPE="P" ID="cit24">24</REF></text></s> <s sid="36"><CoreSc1 atype="GSC" type="Mod" conceptID="Mod1" novelty="None" advantage="None"/><text>The volume of the sphere may then be calculated from <IT>R</IT>.</text></s></P><P><s sid="37"><CoreSc1 atype="GSC" type="Goa" conceptID="Goa1" novelty="None" advantage="None"/><text>With this methodology, we are able now to compare the free-volume properties of single and mixed-cation glasses.</text></s> <s sid="38"><CoreSc1 atype="GSC" type="Mod" conceptID="Mod2" novelty="None" advantage="None"/><text>For our investigations we have chosen a mixed Li/Na borate glass system, which shows a conventional mixed alkali effect, which intensifies with decreasing temperature and moreover has been thoroughly characterized with respect to its structure and dynamics using broadband conductivity spectroscopy<REF TYPE="P" ID="cit25 cit26 cit27">25–27</REF> and NMR spectroscopy.<REF TYPE="P" ID="cit28 cit29 cit30">28–30</REF></text></s> <s sid="39"><CoreSc1 atype="GSC" type="Exp" conceptID="Exp1" novelty="None" advantage="None"/><text>Alkali borate glasses of composition 0.3[<IT>x</IT> Li<SB>2</SB>O·(1−<IT>x</IT>) Na<SB>2</SB>O]·0.7 B<SB>2</SB>O<SB>3</SB> (with <IT>x</IT> = 0.0,0.2,0.4,0.6,0.8,1.0) were prepared from dry mixtures of stoichiometric amounts of reagent grade powder chemicals Na<SB>2</SB>CO<SB>3</SB>, Li<SB>2</SB>CO<SB>3</SB> and B<SB>2</SB>O<SB>3</SB> which were heated in a platinum crucible at 1273 K for about 3 h.</text></s> <s sid="40"><CoreSc1 atype="GSC" type="Exp" conceptID="Exp1" novelty="None" advantage="None"/><text>The melt was poured into a rectangular graphite mould and held inside the furnace for another 10 min.</text></s> <s sid="41"><CoreSc1 atype="GSC" type="Exp" conceptID="Exp1" novelty="None" advantage="None"/><text>Then the samples were removed from the mould, immediately annealed at 20 K below their respective glass transition temperatures for 3 h and then cooled to ambient temperature at a rate of 0.5 K min<SP>−1</SP>.</text></s> <s sid="42"><CoreSc1 atype="GSC" type="Exp" conceptID="Exp1" novelty="None" advantage="None"/><text>Two slices of more than 1 mm thickness were cut from the raw glasses.</text></s></P><P><s sid="43"><CoreSc1 atype="GSC" type="Obs" conceptID="Obs1" novelty="None" advantage="None"/><text>Fig. 2 shows the dc conductivity of glassy 0.3[<IT>x</IT> Li<SB>2</SB>O·(1 − <IT>x</IT>) Na<SB>2</SB>O]·0.7 B<SB>2</SB>O<SB>3</SB> at 373 K and features a pronounced minimum at <IT>x</IT> = 0.4.</text></s> <s sid="44"><CoreSc1 atype="GSC" type="Obs" conceptID="Obs2" novelty="None" advantage="None"/><text>The minimum in the DC conductivity coincides with the minimum of the glass transition temperature (see Fig. 2).</text></s> <s sid="45"><CoreSc1 atype="GSC" type="Bac" conceptID="Bac6" novelty="None" advantage="None"/><text>As the recent NMR results by Ratai <IT>et al</IT><REF TYPE="P" ID="cit28 cit29 cit30">28–30</REF>. show, these mixed alkali effects cannot be explained by ‘normal’ structural peculiarities.</text></s> <s sid="46"><CoreSc1 atype="GSC" type="Obs" conceptID="Obs3" novelty="None" advantage="None"/><text>Apparently, in all mixed-cation glasses of type 0.3[<IT>x</IT> Li<SB>2</SB>O·(1 − <IT>x</IT>) Na<SB>2</SB>O]·0.7 B<SB>2</SB>O<SB>3</SB>, the ratio N<SB>4</SB> = [BO<SB>4</SB>]<SP>−</SP>/([BO<SB>3</SB>] + [BO<SB>4</SB>]<SP>−</SP>) remains the same.</text></s> <s sid="47"><CoreSc1 atype="GSC" type="Obs" conceptID="Obs4" novelty="None" advantage="None"/><text>Furthermore, the tetrahedrally coordinated [BO<SB>4</SB>]<SP>−</SP>-groups and the trigonal planar coordinated [BO<SB>3</SB>]-groups as well as the cations are randomly distributed throughout the glass structure.</text></s></P><P><s sid="48"><CoreSc1 atype="GSC" type="Exp" conceptID="Exp2" novelty="None" advantage="None"/><text>PALS measurements have been performed using an automated EG&amp;G Ortec fast–fast coincidence system.</text></s> <s sid="49"><CoreSc1 atype="GSC" type="Exp" conceptID="Exp2" novelty="None" advantage="None"/><text>Two identical samples (&gt;1 mm thick) of glass were placed on either side of a source consisting of a 2 mm diameter 25 μCi spot sandwiched between two 2.54 μm titanium foils.</text></s> <s sid="50"><CoreSc1 atype="GSC" type="Exp" conceptID="Exp2" novelty="None" advantage="None"/><text>The sample-source sandwich was placed between two mica-insulated heaters with a thermocouple placed close to the sample.</text></s> <s sid="51"><CoreSc1 atype="GSC" type="Exp" conceptID="Exp2" novelty="None" advantage="None"/><text>Temperature was controlled by a single variable voltage power supply attached to both heaters.</text></s> <s sid="52"><CoreSc1 atype="GSC" type="Met" conceptID="Met2" novelty="Old" advantage="None"/><text>Data were collected at several temperatures and analysed using the PFPOSFIT program.</text></s> <s sid="53"><CoreSc1 atype="GSC" type="Obs" conceptID="Obs5" novelty="None" advantage="None"/><text>At least two spectra of 30 000 peak counts were collected, with each spectrum taking approximately 3 h to collect.</text></s> <s sid="54"><CoreSc1 atype="GSC" type="Obs" conceptID="Obs5" novelty="None" advantage="None"/><text>No source correction was used.</text></s> <s sid="55"><CoreSc1 atype="GSC" type="Obs" conceptID="Obs6" novelty="None" advantage="None"/><text>Statistical analysis resulted in spectra best fitted with two exponentials.</text></s> <s sid="56"><CoreSc1 atype="GSC" type="Res" conceptID="Res2" novelty="None" advantage="None"/><text>The first component is attributed to self-annihilation (<IT>p</IT>-Ps) and free positrons, and is not considered further.</text></s> <s sid="57"><CoreSc1 atype="GSC" type="Res" conceptID="Res3" novelty="None" advantage="None"/><text>The second component, with a lifetime <IT>ca.</IT> 800 ps is attributed to the lifetime of <IT>o</IT>-Ps localised in cavities, and is referred to as <IT>τ</IT><SB><IT>o</IT>-Ps</SB>.</text></s> <s sid="58"><CoreSc1 atype="GSC" type="Met" conceptID="Met2" novelty="None" advantage="None"/><text>Error bars in the experimental data were determined from repeated experiments on the same sample.</text></s> <s sid="59"><CoreSc1 atype="GSC" type="Obs" conceptID="Obs7" novelty="None" advantage="None"/><text>These error bars are much larger than those determined from the fitting procedure.</text></s></P><P><s sid="60"><CoreSc1 atype="GSC" type="Obs" conceptID="Obs8" novelty="None" advantage="None"/><text>Figs. 3–5 show how the <IT>o</IT>-Ps lifetimes and corresponding intensities for the Li–Na borate glasses vary with composition at three temperatures: 298 K, 373 K, and 473 K, respectively.</text></s> <s sid="61"><CoreSc1 atype="GSC" type="Obs" conceptID="Obs9" novelty="None" advantage="None"/><text>The sizes of the cavities for 473 K (see Fig. 4) are somewhat larger (<IT>ca.</IT> 6 cm<SP>3</SP> mol<SP>−1</SP>) than those of the mobile cations (<IT>ca.</IT> 1.5 cm<SP>3</SP> mol<SP>−1</SP> for Li<SP>+</SP>, and 3.5 cm<SP>3</SP> mol<SP>−1</SP> for Na<SP>+</SP>, based on recent activation volume data<REF TYPE="P" ID="cit13 cit14 cit15">13–15</REF>).</text></s> <s sid="62"><CoreSc1 atype="GSC" type="Obs" conceptID="Obs9" novelty="None" advantage="None"/><text>However, they are clearly smaller than the [BO<SB>3</SB>] and [BO<SB>4</SB>]<SP>−</SP> units that constitute the network (between 15 and 20 cm<SP>3</SP> mol<SP>−1</SP>, respectively, based on the numbers of O<SP>2−</SP> ions present).</text></s> <s sid="63"><CoreSc1 atype="GSC" type="Res" conceptID="Res4" novelty="None" advantage="None"/><text>The size of the cavities points to a glass system that is fairly dense, but not as close-packed as the ‘more ionic’ fluoride glasses studied earlier by Hill <IT>et al.</IT><REF TYPE="P" ID="cit21">21</REF></text></s></P><P><s sid="64"><CoreSc1 atype="GSC" type="Res" conceptID="Res5" novelty="None" advantage="None"/><text>At ambient temperature (298 K), there is no consistent dependence on composition in either the intensity, <IT>I</IT><SB><IT>o</IT>-Ps</SB>, or of the lifetime, <IT>τ</IT><SB><IT>o</IT>-Ps</SB>, although there is some suggestion of a small ‘ripple’ in both quantities, see also .<REF TYPE="P" ID="cit31">ref. 31</REF></text></s> <s sid="65"><CoreSc1 atype="GSC" type="Obs" conceptID="Obs10" novelty="None" advantage="None"/><text>The ripple, moreover, is clearly evident at 373 K. It takes the form of a maximum in <IT>I</IT><SB><IT>o</IT>-Ps</SB> on the Li-rich side and a corresponding minimum in <IT>τ</IT><SB><IT>o</IT>-Ps</SB>, and a maximum in <IT>τ</IT><SB><IT>o</IT>-Ps</SB> and a corresponding minimum in <IT>I</IT><SB><IT>o</IT>-Ps</SB> on the Na-rich side.</text></s> <s sid="66"><CoreSc1 atype="GSC" type="Obs" conceptID="Obs11" novelty="None" advantage="None"/><text>Further heating of the sample to 473 K leads to a new and much simpler pattern of behaviour with a single maximum in positronium intensity and a corresponding minimum in positronium lifetimes.</text></s></P><P><s sid="67"><CoreSc1 atype="GSC" type="Bac" conceptID="Bac7" novelty="None" advantage="None"/><text>Analysis of this temperature dependence requires careful consideration.</text></s> <s sid="68"><CoreSc1 atype="GSC" type="Bac" conceptID="Bac7" novelty="None" advantage="None"/><text>One must take into account, for example, the well-known ‘thermometer’ effect,<REF TYPE="P" ID="cit1 cit2 cit3">1–3</REF> which involves volume inelasticities in mixed alkali glasses that are observed far below <IT>T</IT><SB>g</SB>.</text></s> <s sid="69"><CoreSc1 atype="GSC" type="Bac" conceptID="Bac7" novelty="None" advantage="None"/><text>These delayed volume changes relate to different sites being occupied by mobile cations, and to the slowness (measured in days or weeks) of volume relaxations occurring in mixed cation glasses close to ambient temperature.</text></s> <s sid="70"><CoreSc1 atype="GSC" type="Bac" conceptID="Bac7" novelty="None" advantage="None"/><text>These glasses thus depart even further from internal thermal equilibrium than do single-cation glasses.</text></s> <s sid="71"><CoreSc1 atype="GSC" type="Bac" conceptID="Bac7" novelty="None" advantage="None"/><text>In other words, there are additional thermal history effects.</text></s> <s sid="72"><CoreSc1 atype="GSC" type="Bac" conceptID="Bac7" novelty="None" advantage="None"/><text>These relaxations might be expected to influence the distribution of free volume in mixed cation glasses, and so may well influence the PALS data collected at these (lower) temperatures.</text></s> <s sid="73"><CoreSc1 atype="GSC" type="Bac" conceptID="Bac7" novelty="None" advantage="None"/><text>Accordingly, we do not discuss further the low-temperature data, but focus instead on the pattern of behaviour observed at 473 K, which is some 200 K below <IT>T</IT><SB>g</SB> but high enough for the ‘thermometer effects’ to be avoided.</text></s></P><P><s sid="74"><CoreSc1 atype="GSC" type="Bac" conceptID="Bac8" novelty="None" advantage="None"/><text>We base our interpretation of this ‘high temperature’ data on the recent discussions of trends in activation volume.<REF TYPE="P" ID="cit13 cit14 cit15">13–15</REF></text></s> <s sid="75"><CoreSc1 atype="GSC" type="Res" conceptID="Res6" novelty="None" advantage="None"/><text>Thus, in single cation glasses (Li or Na), we suggest that each ion migrates along clearly defined pathways where Li<SP>+</SP> ions hop into empty Li-sites, and Na<SP>+</SP> ions hop into empty Na-sites.</text></s> <s sid="76"><CoreSc1 atype="GSC" type="Res" conceptID="Res6" novelty="None" advantage="None"/><text>Thus, if a Na<SP>+</SP> ion moves forward into a new site, it will leave behind an open Na-site, which will then immediately be reoccupied by a second Na<SP>+</SP> ion.</text></s> <s sid="77"><CoreSc1 atype="GSC" type="Res" conceptID="Res6" novelty="None" advantage="None"/><text>This process may be represented schematically as:Na<SP>+</SP>(2) + Na<SP>+</SP>(1) + ‘new site’ ⇒ Na<SP>+</SP>(2) + ‘open site’ + Na<SP>+</SP>(1)Na<SP>+</SP>(2) + ‘open site’ ⇒ ‘open site’ + Na<SP>+</SP>(2)The essential idea is that the ‘success’ of the hop made by Na<SP>+</SP> ion (1) will be facilitated by its original site being occupied by Na<SP>+</SP> ion (2).</text></s></P><P><s sid="78"><CoreSc1 atype="GSC" type="Res" conceptID="Res7" novelty="None" advantage="None"/><text>In mixed cation glasses, the ‘wrong’ cation—in this case it could be a Li<SP>+</SP> ion—would fail to complete the second step in time, since it is forestalled by Na<SP>+</SP> ion (1) moving more readily back into its starting site.</text></s> <s sid="79"><CoreSc1 atype="GSC" type="Res" conceptID="Res7" novelty="None" advantage="None"/><text>The original hop will then prove ‘unsuccessful’ in the sense used by Funke and coworkers.<REF TYPE="P" ID="cit32 cit33">32,33</REF></text></s></P><P><s sid="80"><CoreSc1 atype="GSC" type="Res" conceptID="Res8" novelty="None" advantage="None"/><text>However, a second mechanism may come into play in mixed cation glasses, especially at higher temperatures (like 473 K).</text></s> <s sid="81"><CoreSc1 atype="GSC" type="Res" conceptID="Res8" novelty="None" advantage="None"/><text>This is represented schematically as:Li<SP>+</SP> + Na<SP>+</SP>(1) + ‘new site’ ⇒ Li<SP>+</SP> + ‘open site’ + Na<SP>+</SP>(1)Li<SP>+</SP> + ‘second new site’ ⇒ ‘open site’ + Li<SP>+</SP>The additional feature is that the second ion, in this case it is the Li<SP>+</SP> ion, has taken the opportunity to open up a new site of its own close to the site originally occupied by the Na<SP>+</SP> ion.</text></s> <s sid="82"><CoreSc1 atype="GSC" type="Res" conceptID="Res8" novelty="None" advantage="None"/><text>This also has the effect of ‘pushing the Na<SP>+</SP> ion forward’, and hence of securing the success of the first ion’s hop.</text></s> <s sid="83"><CoreSc1 atype="GSC" type="Res" conceptID="Res8" novelty="None" advantage="None"/><text>However, the interaction between cations and network is now much stronger than in single cation glasses, since <IT>two</IT> new sites are being opened up in the cooperative process that facilitates ion transport.</text></s></P><P><s sid="84"><CoreSc1 atype="GSC" type="Res" conceptID="Res9" novelty="None" advantage="None"/><text>The resulting increased disturbance in the network results in an increased number of cavities, as is indeed indicated by the observed maximum in the <IT>I</IT><SB><IT>o</IT>-Ps</SB> data (see Fig. 5).</text></s> <s sid="85"><CoreSc1 atype="GSC" type="Res" conceptID="Res9" novelty="None" advantage="None"/><text>Although we cannot quantify the absolute number of voids existing in single and mixed cation glasses, we will argue that the increased network disturbance also leads to the observed decreases in <IT>T</IT><SB>g</SB> displayed in Fig. 2.</text></s> <s sid="86"><CoreSc1 atype="GSC" type="Con" conceptID="Con3" novelty="None" advantage="None"/><text>Thus we are able to establish for the first time a link between activation volume anomalies in mixed cation glasses,<REF TYPE="P" ID="cit13 cit14 cit15">13–15</REF> the changes in cavity distribution reported here, and the ‘thermodynamic’ anomalies in mixed cation glasses (see Fig. 2).</text></s> <s sid="87"><CoreSc1 atype="GSC" type="Con" conceptID="Con2" novelty="None" advantage="None"/><text>To this extent at least, the present results lend positive support to the general approach described in the dynamic structure model of glass.<REF TYPE="P" ID="cit4 cit5">4,5</REF></text></s> <s sid="88"><CoreSc1 atype="GSC" type="Con" conceptID="Con2" novelty="None" advantage="None"/><text>It appears that the structural dynamics become increasingly important with increasing temperature.</text></s></P><P><s sid="89"><CoreSc1 atype="GSC" type="Met" conceptID="Met1" novelty="Old" advantage="Yes"/><text>A particular feature of the approach being advanced here is the proposal for localised relaxations involved in the ‘opening up’ of closed sites.<REF TYPE="P" ID="cit5 cit13 cit14 cit15">5,13–15</REF></text></s> <s sid="90"><CoreSc1 atype="GSC" type="Hyp" conceptID="Hyp1" novelty="None" advantage="None"/><text>But how does such a process of site opening occur?</text></s> <s sid="91"><CoreSc1 atype="GSC" type="Hyp" conceptID="Hyp1" novelty="None" advantage="None"/><text>One might envisage in these borate glasses, for example, the participation of a bond-switching mechanism where there are negatively charged [BO<SB>4</SB>]<SP>−</SP> groups embedded in a framework of [BO<SB>3</SB>] triangles, to generate neigbouring [BO<SB>3</SB>]<SP>−</SP> triangles containing one nonbridging oxygen (nBO):</text></s></P><P><s sid="92"><CoreSc1 atype="GSC" type="Res" conceptID="Res10" novelty="None" advantage="None"/><text>For this reaction to proceed, all that is needed is for an electron pair from one of the four B–O bonds in the [BO<SB>4</SB>]<SP>−</SP> group to be transferred entirely to the O atom it shares with the neighbouring [BO<SB>3</SB>] group, and for the structure to relax slightly.</text></s> <s sid="93"><CoreSc1 atype="GSC" type="Res" conceptID="Res10" novelty="None" advantage="None"/><text>This process of chemical isomerisation clearly leads to a localised weakening of the network, and could occur simultaneously (and synergetically) with the arrival of a new cation.</text></s> <s sid="94"><CoreSc1 atype="GSC" type="Res" conceptID="Res10" novelty="None" advantage="None"/><text>The reaction above shows how ion hopping might be related to localised relaxation of the network.</text></s> <s sid="95"><CoreSc1 atype="GSC" type="Res" conceptID="Res10" novelty="None" advantage="None"/><text>Ion hopping depends on the space being available locally, so cavities of the right size are needed for this reaction to occur.</text></s></P><P><s sid="96"><CoreSc1 atype="GSC" type="Bac" conceptID="Bac9" novelty="None" advantage="None"/><text>It is noteworthy that a recent molecular dynamics (MD) simulation of lithium borate glasses<REF TYPE="P" ID="cit34">34</REF> points to the importance of nonbridging oxygens (nBOs) in creating sites in glass favourable to Li<SP>+</SP> ion transport.</text></s> <s sid="97"><CoreSc1 atype="GSC" type="Bac" conceptID="Bac9" novelty="None" advantage="None"/><text>However, the concentrations of such nBOs arising from the computer simulations is somewhat higher than that found by NMR.<REF TYPE="P" ID="cit23 cit24 cit25">23–25</REF></text></s> <s sid="98"><CoreSc1 atype="GSC" type="Con" conceptID="Con4" novelty="None" advantage="None"/><text>However, we might now postulate that even if these nBOs are produced only transiently in ‘real’ alkali borate glasses, they may still play a vital role in the opening up of sites – either to allow cations to escape from their existing sites or to enter new ones.</text></s> <s sid="99"><CoreSc1 atype="GSC" type="Con" conceptID="Con2" novelty="None" advantage="None"/><text>If this is indeed the process which makes use of free volume cavities in glass, then it provides a logical link between the presence of the cavities detected by PALS and the ion transport mechanism.</text></s> <s sid="100"><CoreSc1 atype="GSC" type="Con" conceptID="Con5" novelty="None" advantage="None"/><text>It may also provide the means of reconciling differing viewpoints concerning the numbers of nBOs in borate glasses (compare <REF TYPE="P" ID="cit28 cit29 cit30">refs. 28–30</REF> with <REF TYPE="P" ID="cit35">ref. 35</REF>).</text></s> <s sid="101"><CoreSc1 atype="GSC" type="Con" conceptID="Con6" novelty="None" advantage="None"/><text>Clearly, more extended studies are required to establish links between ion transport processes and PALS data, especially if all the additional information can be extracted from the complex temperature dependences reported above.</text></s></P><P><s sid="102"><CoreSc1 atype="GSC" type="Bac" conceptID="Bac10" novelty="None" advantage="None"/><text>The authors would like to thank Prof. T. J. Bastow (CSIRO) for experimental assistance, and Dr Kate Nairn and Prof. H. Eckert for helpful discussions.</text></s> <s sid="103"><CoreSc1 atype="GSC" type="Bac" conceptID="Bac10" novelty="None" advantage="None"/><text>The PALS experiments were carried out with funding from the Australian Research Council within the framework of the ARC Centres of Excellence program through the Centre for Nanostructured Electromaterials.</text></s> <s sid="104"><CoreSc1 atype="GSC" type="Bac" conceptID="Bac10" novelty="None" advantage="None"/><text>MDI thanks the Alexander von Humboldt Foundation for a Research Award.</text></s></P></DIV></BODY></PAPER>