<?xml version="1.0" encoding="UTF-8"?>
<!DOCTYPE PAPER
  SYSTEM "paper-structure-annotation.dtd">
<PAPER><mode2 name="b501029b" hasDoc="yes" version="1184"/><TITLE><s sid="1"><CoreSc1 atype="GSC" type="Obj" conceptID="Obj1" novelty="New" advantage="None"/><text>Ground state and electronic spectrum of Cu(ii) and Cu(iii) complexes of <IT>N</IT>,<IT>N</IT>′-1,2-phenylenebis-2-mercaptoacetamide</text></s></TITLE><ABSTRACT><s sid="2"><CoreSc1 atype="GSC" type="Obj" conceptID="Obj2" novelty="New" advantage="None"/><text>The electronic structure and the UV-vis spectrum of reduced and oxidized model systems of the <IT>N</IT>,<IT>N</IT>′-1,2-phenylenebis(2-mercapto-2-methylpropionamide) copper complex have been studied using a multiconfigurational quantum chemical method (CASSCF/CASPT2).</text></s> <s sid="3"><CoreSc1 atype="GSC" type="Res" conceptID="Res1" novelty="None" advantage="None"/><text>The bonds between Cu and the two sulfur ligand atoms have a large covalent character in the oxidized Cu(iii) form.</text></s> <s sid="4"><CoreSc1 atype="GSC" type="Res" conceptID="Res2" novelty="None" advantage="None"/><text>As a result of the increased covalency, the effective charge on the Cu atom is actually smaller in the oxidized form.</text></s> <s sid="5"><CoreSc1 atype="GSC" type="Con" conceptID="Con1" novelty="None" advantage="None"/><text>The electronic spectrum for both oxidation states of the complex is in agreement with the experiment for excitation energies and intensities showing that the theoretical description of the electronic structure is essentially correct.</text></s> <s sid="6"><CoreSc1 atype="GSC" type="Res" conceptID="Res3" novelty="None" advantage="None"/><text>All bands that involve excitations from either Cu or S localized orbitals to the empty or half empty CuS antibonding orbital have been characterized.</text></s></ABSTRACT><BODY><DIV DEPTH="1"><HEADER HEADER_MARKER="1.">Introduction</HEADER><P><s sid="7"><CoreSc1 atype="GSC" type="Bac" conceptID="Bac1" novelty="None" advantage="None"/><text>The <IT>N</IT>,<IT>N</IT>′-1,2-phenylenebis(2-mercapto-2-methylpropionamide) complexes of Cu(ii) and Cu(iii) (Cuphmi), containing the N<SB>2</SB>S<SB>2</SB> chelating group in a square-planar coordination environment, are interesting models of copper proteins.<REF TYPE="P" ID="cit1 cit2">1,2</REF></text></s> <s sid="8"><CoreSc1 atype="GSC" type="Bac" conceptID="Bac1" novelty="None" advantage="None"/><text>For example, the high affinity for copper and the N<SB>2</SB>S<SB>2</SB> coordination environment are peculiar properties of the active site of methanobactin,<REF TYPE="P" ID="cit3">3</REF> a copper acquisition protein.</text></s> <s sid="9"><CoreSc1 atype="GSC" type="Bac" conceptID="Bac1" novelty="None" advantage="None"/><text>Hanss and Krüger obtained the X-ray crystal structure of both the oxidized and reduced forms of Cuphmi and also measured the electronic spectrum in acetonitrile solution.<REF TYPE="P" ID="cit2">2</REF></text></s> <s sid="10"><CoreSc1 atype="GSC" type="Bac" conceptID="Bac1" novelty="None" advantage="None"/><text>The X-ray absorption (XAS) spectra of Cu(iii)phmi and Cu(ii)phmi in solid phase have recently been recorded and analyzed.<REF TYPE="P" ID="cit4">4</REF></text></s> <s sid="11"><CoreSc1 atype="GSC" type="Bac" conceptID="Bac1" novelty="None" advantage="None"/><text>The structures of the Cu(ii) and Cu(iii) ionic complexes were obtained using the B3LYP density functional method, with a 6-31G(d,p) basis set, considering different possible spin multiplicities.<REF TYPE="P" ID="cit4">4</REF></text></s> <s sid="12"><CoreSc1 atype="GSC" type="Bac" conceptID="Bac1" novelty="None" advantage="None"/><text>The shape of the experimental XAS K-edge region was rationalized in the frame of an orbital approximation, employing HF molecular orbital eigenvalues and eigenvectors of the optimized DFT structures.</text></s> <s sid="13"><CoreSc1 atype="GSC" type="Bac" conceptID="Bac1" novelty="None" advantage="None"/><text>The singlet state of the Cu(iii) complex was shown to be more stable than the triplet state in agreement with the absence of an experimental ESR signal for the oxidized complex.<REF TYPE="P" ID="cit2">2</REF></text></s></P><P><s sid="14"><CoreSc1 atype="GSC" type="Bac" conceptID="Bac1" novelty="None" advantage="None"/><text>A XAS study on similar Cu(ii) and Cu(iii) complexes<REF TYPE="P" ID="cit5">5</REF> showed that the shape of the corresponding K-edge region depends on the electronic properties and the coordination geometry of the chelating ligand.</text></s> <s sid="15"><CoreSc1 atype="GSC" type="Bac" conceptID="Bac1" novelty="None" advantage="None"/><text>Moreover, a shift of about 2 eV was observed in the assigned resonances when going from Cu(ii) to Cu(iii) ions.</text></s> <s sid="16"><CoreSc1 atype="GSC" type="Bac" conceptID="Bac1" novelty="None" advantage="None"/><text>A Cu(iii) complex with six coordinated sulfur atoms in an octahedral geometry has been characterized, confirming a d<SP>8</SP> electron configuration of Cu(iii) with a triplet spin state,<REF TYPE="P" ID="cit6">6</REF> in contrast to the situation in Cu(iii)phmi.</text></s></P><P><s sid="17"><CoreSc1 atype="GSC" type="Goa" conceptID="Goa1" novelty="None" advantage="None"/><text>In order to gain a better understanding of the electronic properties of these interesting molecules, we present here results from a theoretical study of the electronic structure of Cu(iii)phmi and Cu(ii)phmi models in the ground and lower excited states originating from excitations within the 3d shell or from the sulfur lone pair orbitals to the empty (or half empty) 3d orbital.</text></s> <s sid="18"><CoreSc1 atype="GSC" type="Bac" conceptID="Bac2" novelty="None" advantage="None"/><text>The information obtained can be used to obtain a better understanding of the nature of the XAS K-edge resonances and the present study will be extended to an explicit calculation of the XAS resonances in a forthcoming publication.</text></s></P><P><s sid="19"><CoreSc1 atype="GSC" type="Met" conceptID="Met1" novelty="Old" advantage="None"/><text>Wave functions and energies have been generated using the complete active space (CAS) SCF method<REF TYPE="P" ID="cit7">7</REF> with dynamic correlation added using second order perturbation theory (CASPT2).<REF TYPE="P" ID="cit8 cit9">8,9</REF></text></s> <s sid="20"><CoreSc1 atype="GSC" type="Met" conceptID="Met1" novelty="Old" advantage="Yes"/><text>It has been shown recently in a series of papers that this approach, which includes scalar relativistic effects, is to date among the most accurate methodologies that can be used to obtain detailed information on the electronic structure of the ground and low-lying excited states of transition metal complexes.</text></s> <s sid="21"><CoreSc1 atype="GSC" type="Bac" conceptID="Bac3" novelty="None" advantage="None"/><text>The same approach has been used previously to study the electronic spectrum of a number of blue copper proteins where one of the ligands is cysteine.<REF TYPE="P" ID="cit10 cit11 cit12 cit13">10–13</REF></text></s> <s sid="22"><CoreSc1 atype="GSC" type="Bac" conceptID="Bac3" novelty="None" advantage="None"/><text>That comprehensive investigation resulted in a paradigm shift for the explanation of the origin of the specific structural characteristics of the blue copper proteins.</text></s> <s sid="23"><CoreSc1 atype="GSC" type="Bac" conceptID="Bac3" novelty="None" advantage="None"/><text>The earlier ideas were based on the assumption of a strained protein structure that forced the specific (tetrahedral) structure of the active Cu(ii) site.</text></s> <s sid="24"><CoreSc1 atype="GSC" type="Bac" conceptID="Bac3" novelty="None" advantage="None"/><text>It was shown in the theoretical work that it is the special nature of the copper sulfur bond that favors a tetrahedral structure instead of the normal tetragonal arrangement of the ligand.</text></s></P><P><s sid="25"><CoreSc1 atype="GSC" type="Bac" conceptID="Bac4" novelty="None" advantage="None"/><text>It is known that the copper sulfur bond is strong and has a dominating covalent character with the bonding and antibonding orbitals delocalized over both centers.</text></s> <s sid="26"><CoreSc1 atype="GSC" type="Bac" conceptID="Bac4" novelty="None" advantage="None"/><text>As a result, the metal–ligand bonding in blue copper proteins can occur either through the sulphur σ lone pair orbital, yielding a tetragonal coordination site, or through the sulphur π lone pair orbital, in this case stabilizing a tetrahedral active center.</text></s></P><P><s sid="27"><CoreSc1 atype="GSC" type="Bac" conceptID="Bac4" novelty="None" advantage="None"/><text>The most prominent spectral features arise from excitations to the half-filled (Cu(ii)) or empty (Cu(iii)) antibonding Cu–S orbital from either the 3d-orbitals, from the sulfur lone pair orbitals, or from the bonding Cu–S orbital.</text></s> <s sid="28"><CoreSc1 atype="GSC" type="Bac" conceptID="Bac4" novelty="None" advantage="None"/><text>The latter transition is supposed to give rise to the strongest band in the low energy part of the electronic spectrum.</text></s> <s sid="29"><CoreSc1 atype="GSC" type="Bac" conceptID="Bac4" novelty="None" advantage="None"/><text>It is traditional to classify these transitions as either d–d or ligand to metal charge transfer (LMCT).</text></s> <s sid="30"><CoreSc1 atype="GSC" type="Bac" conceptID="Bac4" novelty="None" advantage="None"/><text>However, considering the delocalized nature of the antibonding Cu–S orbital, this picture is not accurate.</text></s> <s sid="31"><CoreSc1 atype="GSC" type="Bac" conceptID="Bac4" novelty="None" advantage="None"/><text>All these transitions contain some charge transfer character, which is special for the thiolate ligand.</text></s> <s sid="32"><CoreSc1 atype="GSC" type="Bac" conceptID="Bac4" novelty="None" advantage="None"/><text>We shall return to this point in the analysis of the excited states.</text></s></P></DIV><DIV DEPTH="1"><HEADER HEADER_MARKER="2.">Computational details</HEADER><P><s sid="33"><CoreSc1 atype="GSC" type="Mod" conceptID="Mod1" novelty="None" advantage="None"/><text>Two sets of calculations were performed at CASPT2 level<REF TYPE="P" ID="cit8 cit9">8,9</REF> on the structure of the copper model complexes with the ligand <IT>N</IT>,<IT>N</IT>′-1,2-phenylenebis-2-mercaptoacetamide, which we call Cuphma: one using the averaged <IT>C</IT><SB>2v</SB> geometry obtained from the X-ray structure of the Cuphmi complexes<REF TYPE="P" ID="cit2">2</REF> and one using the fully optimized geometry of Cuphmi calculated at unrestricted B3LYP/6-31G(d,p) DFT level.</text></s> <s sid="34"><CoreSc1 atype="GSC" type="Mod" conceptID="Mod1" novelty="None" advantage="None"/><text>The singlet and the triplet states of Cu(iii)phmi and the doublet state of Cu(ii)phmi were considered, by imposing the <IT>C</IT><SB>2v</SB> symmetry (see Table 1).</text></s></P><P><s sid="35"><CoreSc1 atype="GSC" type="Mod" conceptID="Mod1" novelty="None" advantage="None"/><text>The reason of this choice is that the important Cu–S bond distance is quite different in the two cases, as can be seen in Table 1, while the transition energies strongly depend on this distance, because the energy separation between the bonding and antibonding Cu–S orbitals is strongly linked to it.</text></s> <s sid="36"><CoreSc1 atype="GSC" type="Bac" conceptID="Bac5" novelty="None" advantage="None"/><text>We have shown<REF TYPE="P" ID="cit10">10</REF> that DFT gives a Cu–S bond which is too long by about 0.08 Å in the active site of plastocyanin.</text></s> <s sid="37"><CoreSc1 atype="GSC" type="Met" conceptID="Met2" novelty="New" advantage="None"/><text>In the present case, it becomes more difficult to optimize this bond distance using the CASPT2 method,<REF TYPE="P" ID="cit10">10</REF> due to the strong coupling to other bonds in the chelating ligand system.</text></s> <s sid="38"><CoreSc1 atype="GSC" type="Hyp" conceptID="Hyp1" novelty="None" advantage="None"/><text>On the other hand, the experimental geometry of the small title complexes can be expected to be accurate in contrast to the case of a protein.</text></s> <s sid="39"><CoreSc1 atype="GSC" type="Met" conceptID="Met3" novelty="New" advantage="None"/><text>For the same reason, the DFT optimized geometry of Cuphma (see Table 1) was not used in the CASPT2 calculations.</text></s></P><P><s sid="40"><CoreSc1 atype="GSC" type="Met" conceptID="Met3" novelty="New" advantage="None"/><text>In Cuphma the methyl groups on the atom C<SB>1</SB> are replaced by hydrogen atoms (<IT>cf</IT>. Fig. 1).</text></s> <s sid="41"><CoreSc1 atype="GSC" type="Met" conceptID="Met3" novelty="New" advantage="None"/><text>Such a simplification only influences excited states to a small extent originating from excitations in the active site region.</text></s></P><P><s sid="42"><CoreSc1 atype="GSC" type="Bac" conceptID="Bac6" novelty="None" advantage="None"/><text>While the calculations have been performed on the isolated Cu(iii)phma<SP>1−</SP> and Cu(ii)phma<SP>2−</SP> ions, the experimental spectrum of Cuphmi was measured in acetonitrile solution.<REF TYPE="P" ID="cit2">2</REF></text></s> <s sid="43"><CoreSc1 atype="GSC" type="Bac" conceptID="Bac6" novelty="None" advantage="None"/><text>Clearly, the transition energies are shifted by the solvent.</text></s> <s sid="44"><CoreSc1 atype="GSC" type="Bac" conceptID="Bac6" novelty="None" advantage="None"/><text>A rough estimate could be obtained from the relative dipole moments in the ground and excited states, but it is also known that acetonitrile molecules are very weakly coordinated to the axial sites of the square planar copper environment.<REF TYPE="P" ID="cit1">1</REF></text></s></P><P><s sid="45"><CoreSc1 atype="GSC" type="Mod" conceptID="Mod2" novelty="None" advantage="None"/><text>One of the crucial steps in the calculation is the choice of the active orbitals.</text></s> <s sid="46"><CoreSc1 atype="GSC" type="Mod" conceptID="Mod3" novelty="None" advantage="None"/><text>We are interested in transitions occurring in the active site, that is, within the metal 3d-orbitals and from the sulfur 3p-orbitals to the metal.</text></s> <s sid="47"><CoreSc1 atype="GSC" type="Mod" conceptID="Mod2" novelty="None" advantage="None"/><text>So we need to consider the five 3d- and four S3p-orbitals with 17 (16 for Cu(iii)) active electrons.</text></s> <s sid="48"><CoreSc1 atype="GSC" type="Mod" conceptID="Mod2" novelty="None" advantage="None"/><text>We also need to account for the strong radial correlation effects in the localized 3d-orbitals by adding a second set of orbitals, 3d′ (the so called <IT>double shell</IT> effect.<REF TYPE="P" ID="cit14">14</REF>)</text></s> <s sid="49"><CoreSc1 atype="GSC" type="Mod" conceptID="Mod2" novelty="None" advantage="None"/><text>These extra active orbitals are particularly important for excitations where the number of d electrons change.</text></s> <s sid="50"><CoreSc1 atype="GSC" type="Mod" conceptID="Mod2" novelty="None" advantage="None"/><text>Here we need four such orbitals, which yields a total active space of 13 orbitals divided in 5, 2, 3, 3, respectively in the four representations of the <IT>C</IT><SB>2v</SB> point group, a<SB>1</SB>, b<SB>2</SB>, b<SB>1</SB>, a<SB>2</SB>.</text></s></P><P><s sid="51"><CoreSc1 atype="GSC" type="Mod" conceptID="Mod3" novelty="None" advantage="None"/><text>Basis sets of the Atomic Natural Orbital (ANO) type were used for all atoms.</text></s> <s sid="52"><CoreSc1 atype="GSC" type="Mod" conceptID="Mod3" novelty="None" advantage="None"/><text>Such basis sets have newly been developed that include scalar relativistic effects and correlation of the semi-core electrons,<REF TYPE="P" ID="cit15">15</REF> for example the 3p electrons on the Cu atom.</text></s> <s sid="53"><CoreSc1 atype="GSC" type="Mod" conceptID="Mod3" novelty="None" advantage="None"/><text>The size of the basis sets were: Cu: 6s5p3d2f, S: 5s4p2d, C,N,O: 4s3p1d, and H: 2s1p.</text></s> <s sid="54"><CoreSc1 atype="GSC" type="Mod" conceptID="Mod3" novelty="None" advantage="None"/><text>The selected basis sets contain enough diffuse functions to ensure a good quality in the calculation of the oscillator strengths.</text></s> <s sid="55"><CoreSc1 atype="GSC" type="Mod" conceptID="Mod3" novelty="None" advantage="None"/><text>These have been computed at CASSCF level of theory.</text></s> <s sid="56"><CoreSc1 atype="GSC" type="Exp" conceptID="Exp1" novelty="None" advantage="None"/><text>All calculations have been performed with the MOLCAS-6.0 quantum chemistry software<REF TYPE="P" ID="cit16">16</REF>.</text></s></P></DIV><DIV DEPTH="1"><HEADER HEADER_MARKER="3.">Results and discussion</HEADER><DIV DEPTH="2"><HEADER HEADER_MARKER="3.1.">The ground states of Cu(iii)phmi<SP>1−</SP> and Cu(ii)phmi<SP>2−</SP></HEADER><P><s sid="57"><CoreSc1 atype="GSC" type="Obj" conceptID="Obj3" novelty="New" advantage="None"/><text>We first give an overall description of the electronic structure of the region around the metal atom.</text></s> <s sid="58"><CoreSc1 atype="GSC" type="Obs" conceptID="Obs1" novelty="None" advantage="None"/><text>In Table 1 it is seen that the Cu–S distance in the optimized geometry of Cuphmi is larger than the one observed experimentally, of about 0.03 and 0.05 Å for oxidized and reduced forms, respectively.</text></s> <s sid="59"><CoreSc1 atype="GSC" type="Obs" conceptID="Obs2" novelty="None" advantage="None"/><text>This distance further increases by 0.04 and 0.08 Å in the optimized geometry of Cuphma.</text></s> <s sid="60"><CoreSc1 atype="GSC" type="Con" conceptID="Con2" novelty="None" advantage="None"/><text>While the first structural distortion could be associated both to solid state packing effects and to the tendency of DFT methods in predicting larger bond lengths,<REF TYPE="P" ID="cit10">10</REF> the one observed in Cuphma is to be attributable also to the simplification of the ligand model.</text></s> <s sid="61"><CoreSc1 atype="GSC" type="Exp" conceptID="Exp2" novelty="None" advantage="None"/><text>For this reason we have performed our calculations using the coordinates of Cuphmi.</text></s> <s sid="62"><CoreSc1 atype="GSC" type="Obs" conceptID="Obs3" novelty="None" advantage="None"/><text>The characteristic features of the Cu–S bonding and antibonding (CuS*) orbitals are presented in Fig. 2.</text></s> <s sid="63"><CoreSc1 atype="GSC" type="Obs" conceptID="Obs3" novelty="None" advantage="None"/><text>This figure shows the orbital pair for both Cu(ii)phma and Cu(iii)phma.</text></s> <s sid="64"><CoreSc1 atype="GSC" type="Hyp" conceptID="Hyp2" novelty="None" advantage="None"/><text>In the oxidized form we would expect to find a stronger covalent character of the bond and this is also what the figure illustrates.</text></s> <s sid="65"><CoreSc1 atype="GSC" type="Obs" conceptID="Obs4" novelty="None" advantage="None"/><text>Actually, we have an almost equal distribution of the electron pair over all three centers in the bonding orbital.</text></s> <s sid="66"><CoreSc1 atype="GSC" type="Res" conceptID="Res4" novelty="None" advantage="None"/><text>The orbital has b<SB>2</SB> symmetry and thus combines the antisymmetric in plane sulfur lone-pair orbital with the metal 3d<SB><IT>xy</IT></SB> orbital to form the three center bond.</text></s> <s sid="67"><CoreSc1 atype="GSC" type="Res" conceptID="Res5" novelty="None" advantage="None"/><text>The symmetric lone-pair combination (of a<SB>1</SB> symmetry) does not interact strongly with the metal center and remains localized on the sulfur atoms.</text></s> <s sid="68"><CoreSc1 atype="GSC" type="Obs" conceptID="Obs5" novelty="None" advantage="None"/><text>The b<SB>2</SB> orbital is doubly occupied in both complex ions.</text></s> <s sid="69"><CoreSc1 atype="GSC" type="Obs" conceptID="Obs6" novelty="None" advantage="None"/><text>The antibonding orbital is singly occupied in the reduced form.</text></s> <s sid="70"><CoreSc1 atype="GSC" type="Con" conceptID="Con3" novelty="None" advantage="None"/><text>In the oxidized form we find 0.14 electrons in this orbital, showing that there is a strong static correlation effect in the Cu–S bond, which is typical for weak covalent bonds.</text></s></P><P><s sid="71"><CoreSc1 atype="GSC" type="Res" conceptID="Res6" novelty="None" advantage="None"/><text>It is obvious from the electronic structure that the ground state of the oxidized form of the complex should be a singlet state.</text></s> <s sid="72"><CoreSc1 atype="GSC" type="Res" conceptID="Res6" novelty="None" advantage="None"/><text>In fact, the reduced form has the odd electron in the CuS* orbital and can be easily removed.</text></s> <s sid="73"><CoreSc1 atype="GSC" type="Res" conceptID="Res6" novelty="None" advantage="None"/><text>The presence of an electron in an antibonding orbital explains the longer CuS bond distance in Cu(ii)phmi compared to that observed in Cu(iii)phmi (see Table 1).</text></s> <s sid="74"><CoreSc1 atype="GSC" type="Res" conceptID="Res7" novelty="None" advantage="None"/><text>We have computed the energy difference between the lowest singlet, <SP>1</SP>A<SB>1</SB>, and triplet, <SP>3</SP>A<SB>2</SB>, states of Cu(iii)phma and found it to be close to 25 000 cm<SP>−1</SP> (3.09 eV), thus showing that the ground state is a singlet.</text></s></P><P><s sid="75"><CoreSc1 atype="GSC" type="Obs" conceptID="Obs7" novelty="None" advantage="None"/><text>The spin–density in Cu(ii)phma is almost entirely localized on the copper ion (92%) with most of the remaining density actually located on the nitrogen atoms of the ligand.</text></s> <s sid="76"><CoreSc1 atype="GSC" type="Res" conceptID="Res8" novelty="None" advantage="None"/><text>The localization of the spin is achieved by mixing two configurations, one dominating (weight 83%) with the spin in the antibonding orbital and one (weight 13%) with the spin in the bonding orbital.</text></s></P><P><s sid="77"><CoreSc1 atype="GSC" type="Obs" conceptID="Obs8" novelty="None" advantage="None"/><text>The wave function in the ground state of Cu(iii)phma is dominated by two single closed shell configurations, one with the bonding Cu–S orbital occupied (weight 91%) and one doubly excited configuration where the corresponding antibonding orbital is doubly occupied (weight 6%).</text></s> <s sid="78"><CoreSc1 atype="GSC" type="Con" conceptID="Con4" novelty="None" advantage="None"/><text>This is typical for the formation of a comparably weak covalent bond, in this case between the 3d<SB><IT>xy</IT></SB> Cu orbital and the antisymmetric combination of the in-plane sulfur lone pair orbitals (see Fig. 2).</text></s></P></DIV><DIV DEPTH="2"><HEADER HEADER_MARKER="3.2.">The excited states of Cu(ii)phma<SP>2−</SP></HEADER><P><s sid="79"><CoreSc1 atype="GSC" type="Obs" conceptID="Obs9" novelty="None" advantage="None"/><text>The electronic spectrum of Cu(ii)phma is characterized in the low energy region by excitations into the half empty CuS* orbital (lower right orbital in Fig. 2) from the filled 3d shells and from the sulfur 3p lone pair orbitals.</text></s> <s sid="80"><CoreSc1 atype="GSC" type="Obs" conceptID="Obs10" novelty="None" advantage="None"/><text>Computed energies are shown in Table 2.</text></s> <s sid="81"><CoreSc1 atype="GSC" type="Res" conceptID="Res9" novelty="None" advantage="None"/><text>The four first excited states correspond to the ligand field transitions resulting in a hole in one of the four localized 3d orbitals.</text></s> <s sid="82"><CoreSc1 atype="GSC" type="Res" conceptID="Res10" novelty="None" advantage="None"/><text>The two transitions with the largest oscillator strengths can be assigned to the first two bands found in the experimental spectrum.</text></s> <s sid="83"><CoreSc1 atype="GSC" type="Res" conceptID="Res11" novelty="None" advantage="None"/><text>Then three transitions follow that are characterized as LMCT from the sulfur lone pair orbitals to the CuS* orbital.</text></s> <s sid="84"><CoreSc1 atype="GSC" type="Res" conceptID="Res11" novelty="None" advantage="None"/><text>Two of them have appreciable intensity.</text></s> <s sid="85"><CoreSc1 atype="GSC" type="Res" conceptID="Res12" novelty="None" advantage="None"/><text>The most intense band (with a peak at 32 258 cm<SP>−1</SP>) corresponds to excitation from the symmetric in-plane sulfur 3p orbital.</text></s> <s sid="86"><CoreSc1 atype="GSC" type="Res" conceptID="Res13" novelty="None" advantage="None"/><text>As expected, we find this transition at a lower energy than the one coming from the antisymmetric 3p combination, which is stabilized by the interaction with the Cu 3d<SB><IT>xy</IT></SB> orbital.</text></s></P><P><s sid="87"><CoreSc1 atype="GSC" type="Con" conceptID="Con5" novelty="None" advantage="None"/><text>The agreement with the four bands found in the experimental spectrum is satisfactory, but we would like to point out that the transition energies depend strongly on the geometry used.</text></s> <s sid="88"><CoreSc1 atype="GSC" type="Res" conceptID="Res14" novelty="None" advantage="None"/><text>The total energy for the ground state (CASSCF and CASPT2) is 1.4 eV lower for the DFT optimized structure than for the structure obtained from the X-ray measurements.</text></s> <s sid="89"><CoreSc1 atype="GSC" type="Con" conceptID="Con6" novelty="None" advantage="None"/><text>This might indicate that the crystal structure is perturbed by the packing in the crystal.</text></s> <s sid="90"><CoreSc1 atype="GSC" type="Con" conceptID="Con6" novelty="None" advantage="None"/><text>The experimental spectrum was measured in acetonitrile, so one can also expect some solvent shifts, in particular for charge transfer excitations.</text></s> <s sid="91"><CoreSc1 atype="GSC" type="Con" conceptID="Con7" novelty="None" advantage="None"/><text>The changes in dipole moments are small for the ligand field excitations<SUP TYPE="FOOTNOTE_MARKER" ID="fn1"/>.The ground state dipole moment is −7.41 D, the four first excited states have dipole moments between −6.52 and −7.41 D, and the following three (LMCT) states have dipole moments in the range −11.93 to −12.13 D. Thus, we can see a clear difference between the ligand field states and the charge transfer states and we can expect a bathochromic shift of the transition energies for the latter transition energies.</text></s> <s sid="92"><CoreSc1 atype="GSC" type="Res" conceptID="Res15" novelty="None" advantage="None"/><text>The clear distinction between ligand field and LMCT states is also illustrated by the Mulliken charges on the copper ion (<IT>cf</IT>. Table 2), which is around 0.8 for the ligand field states and close to zero for the LMCT states, while the ground state charge is +0.7.</text></s></P></DIV><DIV DEPTH="2"><HEADER HEADER_MARKER="3.3.">The excited states of Cu(iii)phma<SP>1−</SP></HEADER><P><s sid="93"><CoreSc1 atype="GSC" type="Mod" conceptID="Mod4" novelty="None" advantage="None"/><text>The odd electron is removed from the CuS* orbital in the oxidized form.</text></s> <s sid="94"><CoreSc1 atype="GSC" type="Mod" conceptID="Mod4" novelty="None" advantage="None"/><text>Thus, this orbital is now empty.</text></s> <s sid="95"><CoreSc1 atype="GSC" type="Mod" conceptID="Mod4" novelty="None" advantage="None"/><text>All low lying excited states correspond to transitions of an electron into this orbital.</text></s> <s sid="96"><CoreSc1 atype="GSC" type="Obs" conceptID="Obs11" novelty="None" advantage="None"/><text>The computed excitation energies and oscillator strengths are presented in Table 3.</text></s></P><P><s sid="97"><CoreSc1 atype="GSC" type="Obs" conceptID="Obs12" novelty="None" advantage="None"/><text>The agreement with the three experimental bands in the low energy region is fair.</text></s> <s sid="98"><CoreSc1 atype="GSC" type="Obs" conceptID="Obs13" novelty="None" advantage="None"/><text>Again we see that computed excitation energies depend on the geometry used, but, analogously to the reduced complex, it is not possible to draw any definitive conclusion about the preferred geometry.</text></s> <s sid="99"><CoreSc1 atype="GSC" type="Obs" conceptID="Obs13" novelty="None" advantage="None"/><text>In fact, the total energy of the DFT optimized geometry is 1.1 eV lower than the one calculated for the experimental structure.</text></s> <s sid="100"><CoreSc1 atype="GSC" type="Obs" conceptID="Obs14" novelty="None" advantage="None"/><text>The transition at 24 000 cm<SP>−1</SP> is intense with an oscillator strength of 0.28.</text></s> <s sid="101"><CoreSc1 atype="GSC" type="Res" conceptID="Res16" novelty="None" advantage="None"/><text>Although it is a transition from a 3d orbital to CuS*, there is a reorganization effect in the excited state that diminishes the amount of charge transfer.</text></s> <s sid="102"><CoreSc1 atype="GSC" type="Res" conceptID="Res16" novelty="None" advantage="None"/><text>The created open shell interacts with the sulfur lone pair orbitals such that the orbital is delocalized.</text></s> <s sid="103"><CoreSc1 atype="GSC" type="Res" conceptID="Res16" novelty="None" advantage="None"/><text>Thus charge is back donated into the 3d shell from the sulfur orbitals.</text></s> <s sid="104"><CoreSc1 atype="GSC" type="Res" conceptID="Res17" novelty="None" advantage="None"/><text>Such interaction was not present in the reduced complex.</text></s> <s sid="105"><CoreSc1 atype="GSC" type="Con" conceptID="Con8" novelty="None" advantage="None"/><text>It can occur easier here because of the shorter Cu–S bond distance, that decreases up to 0.13 Å for the optimized geometry of the oxidized form of Cuphma.</text></s> <s sid="106"><CoreSc1 atype="GSC" type="Con" conceptID="Con9" novelty="None" advantage="None"/><text>The stronger back donation effect also results in larger and more irregular variations of the dipole moments for the different states.</text></s> <s sid="107"><CoreSc1 atype="GSC" type="Res" conceptID="Res18" novelty="None" advantage="None"/><text>The ground state moment is −2.28 D, while the moments for the excited states vary between −5.21 and +9.30 D. The back donation effect is nicely illustrated by the Mulliken charges on copper, as shown in Table 3.</text></s> <s sid="108"><CoreSc1 atype="GSC" type="Res" conceptID="Res19" novelty="None" advantage="None"/><text>The ground state charge is +0.39, which is smaller than the copper charge observed in the reduced form!</text></s> <s sid="109"><CoreSc1 atype="GSC" type="Obs" conceptID="Obs15" novelty="None" advantage="None"/><text>Moreover, it does not deviate much from this value in the excited states.</text></s> <s sid="110"><CoreSc1 atype="GSC" type="Con" conceptID="Con10" novelty="None" advantage="None"/><text>The charge neutralization effect is a result of the strong covalency in the Cu–S bond and it is much more effective here than it is in Cu(ii)phma, where the interaction of copper with the sulfur atoms is weaker.</text></s></P></DIV></DIV><DIV DEPTH="1"><HEADER HEADER_MARKER="4.">Conclusions</HEADER><P><s sid="111"><CoreSc1 atype="GSC" type="Con" conceptID="Con11" novelty="None" advantage="None"/><text>We have in this report described the electronic structure and spectrum of the reduced and oxidized forms of a copper model complex of <IT>N</IT>,<IT>N</IT>′-1,2-phenylenebis(2-mercapto-2-methylpropionamide), with the four methyl groups on the atom C<SB>1</SB> replaced by hydrogens.</text></s> <s sid="112"><CoreSc1 atype="GSC" type="Res" conceptID="Res20" novelty="None" advantage="None"/><text>The system is interesting because of the two Cu–S bonds, which do not behave as normal dative bonds, but more like covalent bonds.</text></s> <s sid="113"><CoreSc1 atype="GSC" type="Obs" conceptID="Obs16" novelty="None" advantage="None"/><text>This is most pronounced in the oxidized form.</text></s> <s sid="114"><CoreSc1 atype="GSC" type="Res" conceptID="Res21" novelty="None" advantage="None"/><text>As a result of the increased covalency, the effective charge on the Cu atom is actually smaller in the oxidized form.</text></s></P><P><s sid="115"><CoreSc1 atype="GSC" type="Con" conceptID="Con12" novelty="None" advantage="None"/><text>The correctness of the calculated electronic structure is validated through the calculation of the electronic spectrum for both oxidation states of the complex.</text></s> <s sid="116"><CoreSc1 atype="GSC" type="Con" conceptID="Con13" novelty="None" advantage="None"/><text>All bands that involve excitations from either Cu or S localized orbitals to the empty or half empty Cu–S* orbital have been characterized in terms of ligand field transitions and LMCT states involving sulfur orbitals.</text></s> <s sid="117"><CoreSc1 atype="GSC" type="Con" conceptID="Con14" novelty="None" advantage="None"/><text>These results provide support for the Cu–S* orbital also being involved in the core excitations observed by XAS.</text></s> <s sid="118"><CoreSc1 atype="GSC" type="Con" conceptID="Con15" novelty="None" advantage="None"/><text>The agreement with the experimental excitation energies and intensities shows that the theoretical description of the electronic structure is essentially correct.</text></s></P></DIV></BODY></PAPER>