<?xml version="1.0" encoding="UTF-8"?>
<!DOCTYPE PAPER
  SYSTEM "paper-structure-annotation.dtd">
<PAPER><mode2 name="b504407c" hasDoc="yes" version="1184"/><TITLE><s sid="1"><CoreSc1 atype="GSC" type="Obj" conceptID="Obj1" novelty="New" advantage="None"/><text>Bubble guidance of tubular growth in reaction–precipitation systems</text></s></TITLE><ABSTRACT><s sid="2"><CoreSc1 atype="GSC" type="Bac" conceptID="Bac1" novelty="None" advantage="None"/><text>Numerous types of reaction–precipitation systems involve the growth of tubular structures similar to those formed in “silica gardens”.</text></s> <s sid="3"><CoreSc1 atype="GSC" type="Obj" conceptID="Obj2" novelty="New" advantage="None"/><text>As a model case for this phenomenon, we investigate the rapid growth of hollow tubes in the reaction between sodium silicate and cupric sulfate.</text></s> <s sid="4"><CoreSc1 atype="GSC" type="Met" conceptID="Met1" novelty="New" advantage="None"/><text>The latter solution is injected hydrodynamically at constant flow rates of 1–20 mL h<SP>−1</SP> into a large reservoir of waterglass.</text></s> <s sid="5"><CoreSc1 atype="GSC" type="Res" conceptID="Res1" novelty="None" advantage="None"/><text>In this study, the growth is templated and guided by single, buoyant gas bubbles.</text></s> <s sid="6"><CoreSc1 atype="GSC" type="Obs" conceptID="Obs1" novelty="None" advantage="None"/><text>The resulting tubes can be several decimetres long and have constant radii in the range of 100–600 μm.</text></s> <s sid="7"><CoreSc1 atype="GSC" type="Res" conceptID="Res2" novelty="None" advantage="None"/><text>Systematic measurements show that bubble size governs the tube radius.</text></s> <s sid="8"><CoreSc1 atype="GSC" type="Res" conceptID="Res3" novelty="None" advantage="None"/><text>According to this radius, the system selects its growth velocity following volume conservation of the injected solution.</text></s> <s sid="9"><CoreSc1 atype="GSC" type="Obs" conceptID="Obs2" novelty="None" advantage="None"/><text>Moreover, scanning electron microscopy reveals intricate ring patterns on the tube walls.</text></s> <s sid="10"><CoreSc1 atype="GSC" type="Res" conceptID="Res4" novelty="None" advantage="None"/><text>We also show evidence for the existence of a minimal and a maximal tube radius.</text></s> <s sid="11"><CoreSc1 atype="GSC" type="Obs" conceptID="Obs3" novelty="None" advantage="None"/><text>Finally, we report an intriguing collapse of tubes created at high silicate concentrations, which yields twisted ribbon-like structures.</text></s> <s sid="12"><CoreSc1 atype="GSC" type="Obj" conceptID="Obj3" novelty="New" advantage="None"/><text>Critical radii and tube collapse are discussed in terms of simple competing forces.</text></s></ABSTRACT><BODY><DIV DEPTH="1"><HEADER>Introduction</HEADER><P><s sid="13"><CoreSc1 atype="GSC" type="Bac" conceptID="Bac2" novelty="None" advantage="None"/><text>Self-organization in reaction–precipitation systems often leads to the formation of permanent tubular structures.</text></s> <s sid="14"><CoreSc1 atype="GSC" type="Bac" conceptID="Bac2" novelty="None" advantage="None"/><text>Some of the most striking ones are 30 m high, black “smokers” growing at hydrothermal vents on the ocean’s floor.<REF TYPE="P" ID="cit1">1</REF></text></s> <s sid="15"><CoreSc1 atype="GSC" type="Bac" conceptID="Bac2" novelty="None" advantage="None"/><text>As hot acidic, mineral-rich water from below the earth’s crust surges into the cool, alkaline ocean the dissolved minerals precipitate and aggregate in a ring-shape area at the jet’s boundary.</text></s> <s sid="16"><CoreSc1 atype="GSC" type="Bac" conceptID="Bac2" novelty="None" advantage="None"/><text>Another geological example, soda-straw stalactites result from the periodic detachment of calcium carbonate-saturated water droplets in caves.<REF TYPE="P" ID="cit2 cit3">2,3</REF></text></s> <s sid="17"><CoreSc1 atype="GSC" type="Bac" conceptID="Bac2" novelty="None" advantage="None"/><text>The pH increases during the drops’ hang-time and precipitation of CaCO<SB>3</SB> occurs at the rim.</text></s> <s sid="18"><CoreSc1 atype="GSC" type="Bac" conceptID="Bac2" novelty="None" advantage="None"/><text>This rhythmic deposition of material creates meter-long tubes of small but constant diameter.</text></s> <s sid="19"><CoreSc1 atype="GSC" type="Bac" conceptID="Bac2" novelty="None" advantage="None"/><text>Similarly, capillary forces can create helictites, gravity defying structures, which grow along curved, spiral-like paths.<REF TYPE="P" ID="cit4">4</REF></text></s> <s sid="20"><CoreSc1 atype="GSC" type="Bac" conceptID="Bac2" novelty="None" advantage="None"/><text>On a microscopic scale, hollow fibers form in setting Portland cement<REF TYPE="P" ID="cit5 cit6">5,6</REF> as well as in certain corrosion systems.<REF TYPE="P" ID="cit7 cit8 cit9">7–9</REF></text></s> <s sid="21"><CoreSc1 atype="GSC" type="Bac" conceptID="Bac2" novelty="None" advantage="None"/><text>More recently, Goldstein <IT>et al</IT>. studied “ferrotubes” in an electrochemical system.</text></s> <s sid="22"><CoreSc1 atype="GSC" type="Bac" conceptID="Bac2" novelty="None" advantage="None"/><text>In their experiment, small tubes are templated by successive detachment of gas bubbles formed at a steel cathode.<REF TYPE="P" ID="cit10">10</REF></text></s></P><P><s sid="23"><CoreSc1 atype="GSC" type="Bac" conceptID="Bac3" novelty="None" advantage="None"/><text>All of these phenomena share similarities with precipitation tubes in chemical (or silica) gardens which can be considered a prototypic case of gradient-induced tube formation in reaction–precipitation systems.</text></s> <s sid="24"><CoreSc1 atype="GSC" type="Bac" conceptID="Bac3" novelty="None" advantage="None"/><text>Descriptions of the latter system are found as early as the 17th century.<REF TYPE="P" ID="cit11 cit12">11,12</REF></text></s> <s sid="25"><CoreSc1 atype="GSC" type="Bac" conceptID="Bac3" novelty="None" advantage="None"/><text>Today, chemical gardens are known to many as a demonstration experiment that readily creates colorful, plant-like precipitation structures.</text></s> <s sid="26"><CoreSc1 atype="GSC" type="Bac" conceptID="Bac3" novelty="None" advantage="None"/><text>Their formation is observed for many inorganic salts (<IT>e.g</IT>., CuSO<SB>4</SB>, MnCl<SB>2</SB>, FeCl<SB>3</SB>), crystals of which are placed into concentrated solutions containing anions such as silicate, phosphate or borate.</text></s> <s sid="27"><CoreSc1 atype="GSC" type="Bac" conceptID="Bac3" novelty="None" advantage="None"/><text>Moreover, recent investigations of the properties of the material synthesized have contributed to a renewed scientific interest in chemical gardens.</text></s> <s sid="28"><CoreSc1 atype="GSC" type="Bac" conceptID="Bac3" novelty="None" advantage="None"/><text>For example, Collins <IT>et al</IT>. reported evidence of surprisingly strong catalytic activity and discovered hierarchical nano- to micrometre structures in overall amorphous aluminosilicate precipitates.<REF TYPE="P" ID="cit13 cit14">13,14</REF></text></s></P><P><s sid="29"><CoreSc1 atype="GSC" type="Obs" conceptID="Obs4" novelty="None" advantage="None"/><text>Fig. 1 shows a typical landscape generated from cupric nitrate crystals seeded into 1 M silicate solution (waterglass).</text></s> <s sid="30"><CoreSc1 atype="GSC" type="Bac" conceptID="Bac4" novelty="None" advantage="None"/><text>The surface of the seeds dissolves and reacts to form an insoluble metal hydroxide membrane.</text></s> <s sid="31"><CoreSc1 atype="GSC" type="Bac" conceptID="Bac4" novelty="None" advantage="None"/><text>As the concentration of metal ion increases, osmotic pressure builds up and inflow of water across the membrane causes it to yield and rupture.</text></s> <s sid="32"><CoreSc1 atype="GSC" type="Bac" conceptID="Bac4" novelty="None" advantage="None"/><text>The resulting release of buoyant solution into the surrounding waterglass creates hollow, vertical structures (see left-hand side of Fig. 1).</text></s> <s sid="33"><CoreSc1 atype="GSC" type="Bac" conceptID="Bac4" novelty="None" advantage="None"/><text>Their initiation and growth occurs in a matter of seconds to days depending on the salts employed.</text></s></P><P><s sid="34"><CoreSc1 atype="GSC" type="Bac" conceptID="Bac4" novelty="None" advantage="None"/><text>In some instances, small air bubbles are attached to the surface of the colloidal membrane.<REF TYPE="P" ID="cit15 cit16">15,16</REF></text></s> <s sid="35"><CoreSc1 atype="GSC" type="Bac" conceptID="Bac4" novelty="None" advantage="None"/><text>The detachment and rise of a bubble entrains the inner solution in its wake, thus, directing the rapid growth of a thin, hollow needle.</text></s> <s sid="36"><CoreSc1 atype="GSC" type="Obs" conceptID="Obs4" novelty="None" advantage="None"/><text>Several examples of tubes formed in this fashion are seen in Fig. 1.</text></s> <s sid="37"><CoreSc1 atype="GSC" type="Obs" conceptID="Obs4" novelty="None" advantage="None"/><text>A magnified view of a bubble still attached to the stalk is shown in the inset.</text></s> <s sid="38"><CoreSc1 atype="GSC" type="Bac" conceptID="Bac5" novelty="None" advantage="None"/><text>The variation in the diameter and length of the needle-like structures is related to the size of the bubble drawing the inner solution along.</text></s> <s sid="39"><CoreSc1 atype="GSC" type="Bac" conceptID="Bac5" novelty="None" advantage="None"/><text>Large bubbles moving along straight trajectories create wide precipitation tubes that taper as the supply of solution is depleted.</text></s> <s sid="40"><CoreSc1 atype="GSC" type="Bac" conceptID="Bac5" novelty="None" advantage="None"/><text>More erratic paths are sometimes observed for thin tubes created by smaller bubbles.</text></s></P><P><s sid="41"><CoreSc1 atype="GSC" type="Obj" conceptID="Obj4" novelty="New" advantage="None"/><text>Here, we present a systematic investigation of bubble-guided tube growth.</text></s> <s sid="42"><CoreSc1 atype="GSC" type="Met" conceptID="Met2" novelty="New" advantage="None"/><text>To allow quantitative variations of relevant control parameters, we have modified a recent method developed by Thouvenel-Romans <IT>et al.</IT><REF TYPE="P" ID="cit17 cit18">17,18</REF></text></s> <s sid="43"><CoreSc1 atype="GSC" type="Met" conceptID="Met2" novelty="New" advantage="None"/><text>In both cases, the seed crystals are replaced by a seed solution which is injected hydrodynamically at well-defined flow rates and concentrations.</text></s></P></DIV><DIV DEPTH="1"><HEADER>Experimental</HEADER><DIV DEPTH="2"><HEADER>Synthesis</HEADER><P><s sid="44"><CoreSc1 atype="GSC" type="Exp" conceptID="Exp1" novelty="None" advantage="None"/><text>A solution of 0.5 M cupric sulfate (CuSO<SB>4</SB>·5H<SB>2</SB>O; Fisher) is injected into sodium silicate solutions (Na<SB>2</SB>SiO<SB>3</SB>·5H<SB>2</SB>O; Fisher) of various concentrations at 25 ± 1 °C.</text></s> <s sid="45"><CoreSc1 atype="GSC" type="Exp" conceptID="Exp1" novelty="None" advantage="None"/><text>All solutions are prepared using nano-pure water (18 MΩ cm; EASYpure® UV, Barnstead).</text></s> <s sid="46"><CoreSc1 atype="GSC" type="Exp" conceptID="Exp1" novelty="None" advantage="None"/><text>The injection rate of the aqueous cupric sulfate solution is controlled by a syringe pump (KD Scientific 200) and varied between 1–20 mL h<SP>−1</SP>.</text></s> <s sid="47"><CoreSc1 atype="GSC" type="Exp" conceptID="Exp1" novelty="None" advantage="None"/><text>A glass capillary (length = 15 mm; inner diameter ≈ 1.1 mm) is used as a nozzle and delivers the cupric sulfate solution into a large, waterglass-filled cylinder (height ≈ 28 cm, inner diameter = 2.2 cm).</text></s> <s sid="48"><CoreSc1 atype="GSC" type="Exp" conceptID="Exp1" novelty="None" advantage="None"/><text>A stainless steel needle (23G, Bevel B-D Yale) is introduced into the capillary with its tip slightly protruding out.</text></s> <s sid="49"><CoreSc1 atype="GSC" type="Exp" conceptID="Exp1" novelty="None" advantage="None"/><text>The needle is connected to an air-filled syringe used to manually inject single air bubbles into the flow of cupric sulfate solution.</text></s> <s sid="50"><CoreSc1 atype="GSC" type="Exp" conceptID="Exp1" novelty="None" advantage="None"/><text>Each bubble entrains the buoyant solution upward, forming a single tube of precipitate in its wake.</text></s> <s sid="51"><CoreSc1 atype="GSC" type="Exp" conceptID="Exp2" novelty="None" advantage="None"/><text>Optical micrographs of the growth are acquired with a monochrome charged-coupled device camera (COHU 2122) connected to a PC <IT>via</IT> a frame grabber board (Data Translation, 640 × 480 pixels at 8 bit pixel<SP>−1</SP>).</text></s> <s sid="52"><CoreSc1 atype="GSC" type="Exp" conceptID="Exp2" novelty="None" advantage="None"/><text>During the experiment, image sequences are captured using HLImage++97 software at a rate of typically 10 frame s<SP>−1</SP>.</text></s> <s sid="53"><CoreSc1 atype="GSC" type="Exp" conceptID="Exp2" novelty="None" advantage="None"/><text>The images are then analyzed using in-house software.</text></s> <s sid="54"><CoreSc1 atype="GSC" type="Exp" conceptID="Exp2" novelty="None" advantage="None"/><text>All measurements are corrected for optical deformations caused by the cylindrical geometry of the main reaction vessel.</text></s></P></DIV><DIV DEPTH="2"><HEADER>Microscopy</HEADER><P><s sid="55"><CoreSc1 atype="GSC" type="Exp" conceptID="Exp3" novelty="None" advantage="None"/><text>Samples are synthesized at a pump rate of <IT>Q</IT> = 7 mL h<SP>−1</SP> using [CuSO<SB>4</SB>] = 0.5 M and [Na<SB>2</SB>SiO<SB>3</SB>] = 1.0 M. Collapsed tubes are produced at <IT>Q</IT> = 10–15 mL h<SP>−1</SP> using [CuSO<SB>4</SB>] = 0.5 M and [Na<SB>2</SB>SiO<SB>3</SB>] = 2.5 M. The tubes generated are collected in a Petri dish filled with nano-pure water.</text></s> <s sid="56"><CoreSc1 atype="GSC" type="Exp" conceptID="Exp3" novelty="None" advantage="None"/><text>The pieces of the tube are then rinsed three times and excess water is removed.</text></s> <s sid="57"><CoreSc1 atype="GSC" type="Exp" conceptID="Exp3" novelty="None" advantage="None"/><text>The samples are dried at 45 °C overnight.</text></s> <s sid="58"><CoreSc1 atype="GSC" type="Obs" conceptID="Obs5" novelty="None" advantage="None"/><text>Higher temperatures induce the degradation of the copper hydroxide precipitate to black copper oxide.</text></s> <s sid="59"><CoreSc1 atype="GSC" type="Exp" conceptID="Exp3" novelty="None" advantage="None"/><text>The specimens are placed in a vacuum desiccator to remove remaining moisture.</text></s> <s sid="60"><CoreSc1 atype="GSC" type="Exp" conceptID="Exp3" novelty="None" advantage="None"/><text>Then, they are either carbon coated or gold sputtered prior to acquiring micrographs using a JEOL JSM-5900 scanning electron microscope (SEM).</text></s></P></DIV></DIV><DIV DEPTH="1"><HEADER>Results and discussion</HEADER><P><s sid="61"><CoreSc1 atype="GSC" type="Bac" conceptID="Bac6" novelty="None" advantage="None"/><text>In a recent publication, two of us have reported that the injection of cupric sulfate solution into sodium silicate solution leads to the formation of tubular structures.</text></s> <s sid="62"><CoreSc1 atype="GSC" type="Mod" conceptID="Mod1" novelty="None" advantage="None"/><text>Three different growth regimes are distinguished.<REF TYPE="P" ID="cit17">17</REF></text></s></P><P><s sid="63"><CoreSc1 atype="GSC" type="Mod" conceptID="Mod1" novelty="None" advantage="None"/><text>(1) Jetting growth: At low concentrations of cupric sulfate solution, hydrodynamics dominates the formation of precipitation tubes by templating the membrane at the interface between the jetting fluid and the outer, denser liquid.</text></s> <s sid="64"><CoreSc1 atype="GSC" type="Mod" conceptID="Mod1" novelty="None" advantage="None"/><text>The tube radii are described quantitatively by the Poiseuille-flow characteristics of the buoyant jet of injected solution.<REF TYPE="P" ID="cit18">18</REF></text></s></P><P><s sid="65"><CoreSc1 atype="GSC" type="Mod" conceptID="Mod2" novelty="None" advantage="None"/><text>(2) Popping growth: At intermediate concentrations, tubes grow in an oscillatory fashion.</text></s> <s sid="66"><CoreSc1 atype="GSC" type="Mod" conceptID="Mod2" novelty="None" advantage="None"/><text>The tip of the tube is sealed by a colloidal membrane which stretches into a buoyant, membrane-bound droplet as solution delivery continues.</text></s> <s sid="67"><CoreSc1 atype="GSC" type="Mod" conceptID="Mod2" novelty="None" advantage="None"/><text>When the material ruptures, this small solution-filled envelop is released and rises to the surface.</text></s> <s sid="68"><CoreSc1 atype="GSC" type="Mod" conceptID="Mod2" novelty="None" advantage="None"/><text>This sequence repeats continuously with oscillation periods of approximately 1–12 s causing tube growth at speeds of 0.05–0.35 mm s<SP>−1</SP>.</text></s></P><P><s sid="69"><CoreSc1 atype="GSC" type="Mod" conceptID="Mod3" novelty="None" advantage="None"/><text>(3) Budding growth: For high concentrations of cupric sulfate, buoyancy forces are not large enough to remove the membrane-bound droplet from its hollow stalk.</text></s> <s sid="70"><CoreSc1 atype="GSC" type="Mod" conceptID="Mod3" novelty="None" advantage="None"/><text>New growth appears through random breaches on the freshly formed membrane without ejection of material.</text></s> <s sid="71"><CoreSc1 atype="GSC" type="Mod" conceptID="Mod3" novelty="None" advantage="None"/><text>Nonetheless, budding growth tends to be periodic yielding bulging but unbranched, hollow structures.</text></s></P><P><s sid="72"><CoreSc1 atype="GSC" type="Mod" conceptID="Mod3" novelty="None" advantage="None"/><text>Under budding conditions, the introduction of an air bubble at the interface between the two reactants emulates the bubble-guided growth shown in Fig. 1.</text></s> <s sid="73"><CoreSc1 atype="GSC" type="Mod" conceptID="Mod3" novelty="None" advantage="None"/><text>As the bubble detaches from the syringe tip, it is released into the reaction zone between the two fluids and the air is trapped by a very thin colloidal copper hydroxide membrane.</text></s> <s sid="74"><CoreSc1 atype="GSC" type="Mod" conceptID="Mod3" novelty="None" advantage="None"/><text>The buoyancy of the gas directs the growth upward.</text></s> <s sid="75"><CoreSc1 atype="GSC" type="Obs" conceptID="Obs6" novelty="None" advantage="None"/><text>Fig. 2 shows an image sequence of a bubble rising in 1.0 M sodium silicate solution.</text></s> <s sid="76"><CoreSc1 atype="GSC" type="Obs" conceptID="Obs6" novelty="None" advantage="None"/><text>In its wake, an initially translucent tube is rapidly forming.</text></s> <s sid="77"><CoreSc1 atype="GSC" type="Obs" conceptID="Obs6" novelty="None" advantage="None"/><text>The bubble travels upward but remains anchored to the mouth of the structure.</text></s> <s sid="78"><CoreSc1 atype="GSC" type="Obs" conceptID="Obs7" novelty="None" advantage="None"/><text>Sometimes, however, the bubble detaches and the system switches to its natural growth regime.</text></s> <s sid="79"><CoreSc1 atype="GSC" type="Res" conceptID="Res5" novelty="None" advantage="None"/><text>We note that the gradual change between the upper translucent zone and the non-transparent blue stalk corresponds to fast formation of colloidal copper hydroxide and slower silica precipitation, respectively.</text></s> <s sid="80"><CoreSc1 atype="GSC" type="Res" conceptID="Res5" novelty="None" advantage="None"/><text>This is in agreement with preliminary results from micro-Raman and EDS studies of the tube material, which detect predominantly copper hydroxide on the interior of the wall surface and amorphous silica on the outside.</text></s></P><P><s sid="81"><CoreSc1 atype="GSC" type="Obs" conceptID="Obs8" novelty="None" advantage="None"/><text>Our experiments show that the growth velocity of a tube is remarkably constant.</text></s> <s sid="82"><CoreSc1 atype="GSC" type="Obs" conceptID="Obs8" novelty="None" advantage="None"/><text>This observation is exemplified by the data shown in Fig. 3 where the vertical coordinate <IT>h</IT> of three bubbles is plotted as a function of time.</text></s> <s sid="83"><CoreSc1 atype="GSC" type="Obs" conceptID="Obs9" novelty="None" advantage="None"/><text>The bubbles’ velocities are obviously identical to the growth velocity of the tubes but smaller than the terminal velocity of free-rising bubbles.</text></s> <s sid="84"><CoreSc1 atype="GSC" type="Obs" conceptID="Obs10" novelty="None" advantage="None"/><text>Notice that the height increases linearly over 4 to 6 cm which is approximately 100 times larger than the bubble and tube diameters.</text></s> <s sid="85"><CoreSc1 atype="GSC" type="Obs" conceptID="Obs8" novelty="None" advantage="None"/><text>The origin <IT>h</IT> = 0 in the graph is situated 2 cm from the capillary outlet.</text></s> <s sid="86"><CoreSc1 atype="GSC" type="Res" conceptID="Res6" novelty="None" advantage="None"/><text>At closer distances, transient fluctuations occur that are caused by momentum imparted to the bubble during its release.</text></s> <s sid="87"><CoreSc1 atype="GSC" type="Obs" conceptID="Obs11" novelty="None" advantage="None"/><text>Moreover, as the bubble reaches the last few centimeters below the silicate solution/air interface, the growth velocity is no longer constant but increases rapidly and the radius of the tube decreases noticeably.</text></s> <s sid="88"><CoreSc1 atype="GSC" type="Con" conceptID="Con1" novelty="None" advantage="None"/><text>This acceleration is possibly caused by a gradient in fluid viscosity close to the meniscus of the silicate solution and/or the effects of the interface on the flow field.</text></s></P><P><s sid="89"><CoreSc1 atype="GSC" type="Goa" conceptID="Goa1" novelty="None" advantage="None"/><text>Systematic measurements are carried out to obtain insights into the dependencies of the growth velocity <IT>v</IT> and the tube radius <IT>r</IT><SB>tube</SB> on the injection rate <IT>Q</IT> and the bubble radius <IT>R</IT><SB>bubble</SB>.</text></s> <s sid="90"><CoreSc1 atype="GSC" type="Hyp" conceptID="Hyp1" novelty="None" advantage="None"/><text>A key question is whether the injected solution remains within the growing tube or leaks into the surrounding liquid without contributing to the volume increase of the structure.</text></s> <s sid="91"><CoreSc1 atype="GSC" type="Mod" conceptID="Mod4" novelty="None" advantage="None"/><text>In the absence of such leaks, the flow rate <IT>Q</IT> should equal the tube’s rate of volume change.</text></s> <s sid="92"><CoreSc1 atype="GSC" type="Mod" conceptID="Mod4" novelty="None" advantage="None"/><text>This yields the simple equation <IT>v</IT> = <IT>Q</IT>/π<IT>r</IT><SB>tube</SB><SP>2</SP>.</text></s> <s sid="93"><CoreSc1 atype="GSC" type="Obs" conceptID="Obs12" novelty="None" advantage="None"/><text>Fig. 4 compares this relation with experimental data obtained for flow rates between 2 mL h<SP>−1</SP> (solid triangles) and 10.0 mL h<SP>−1</SP> (solid squares), and various bubble sizes.</text></s> <s sid="94"><CoreSc1 atype="GSC" type="Res" conceptID="Res7" novelty="None" advantage="None"/><text>We find an overall good agreement between the experimental data and the latter equation (see solid lines in Fig. 5A,B).</text></s> <s sid="95"><CoreSc1 atype="GSC" type="Res" conceptID="Res7" novelty="None" advantage="None"/><text>Least-square fitting of the data (see dashed lines in Fig. 4B) yields observed flow rates that are about 8% smaller than the pump rates employed (−7.0%, −8.0%, −4.4%, −12.5% and −8.3% for <IT>Q</IT> = 2.0, 3.0, 5.0, 7.0, and 10.0 mL h<SP>−1</SP>, respectively).</text></s> <s sid="96"><CoreSc1 atype="GSC" type="Con" conceptID="Con2" novelty="None" advantage="None"/><text>These relatively small deviations indicate that most of the injected solution stays within the growing tube.</text></s> <s sid="97"><CoreSc1 atype="GSC" type="Con" conceptID="Con2" novelty="None" advantage="None"/><text>Consequently, the formation of new membrane material is sufficiently fast to avoid significant leakage.</text></s> <s sid="98"><CoreSc1 atype="GSC" type="Con" conceptID="Con2" novelty="None" advantage="None"/><text>Under our experimental conditions, the rate-determining factor of tube growth is therefore the inflow of seed solution and not the kinetics of membrane formation.</text></s></P><P><s sid="99"><CoreSc1 atype="GSC" type="Res" conceptID="Res8" novelty="None" advantage="None"/><text>Visual inspection readily shows that tube growth occurs in close vicinity to the bubble rather than at the tube’s base.</text></s> <s sid="100"><CoreSc1 atype="GSC" type="Obj" conceptID="Obj5" novelty="New" advantage="None"/><text>We characterize this crucial reaction zone by measuring the radii of both the bubble and the tube that forms in its trail.</text></s> <s sid="101"><CoreSc1 atype="GSC" type="Obs" conceptID="Obs13" novelty="None" advantage="None"/><text>In this context, it is important to note that, within the resolution of our experiments, all bubbles had a simple spherical shape.</text></s> <s sid="102"><CoreSc1 atype="GSC" type="Obs" conceptID="Obs14" novelty="None" advantage="None"/><text>Fig. 5A–D show the tube radii as a function of bubble size for four different silicate concentrations.</text></s> <s sid="103"><CoreSc1 atype="GSC" type="Obs" conceptID="Obs14" novelty="None" advantage="None"/><text>Each plot presents data from experiments at flow rates of <IT>Q</IT> = 3, 5, 10 mL h<SP>−1</SP> as solid circles, open squares and solid squares, respectively.</text></s> <s sid="104"><CoreSc1 atype="GSC" type="Res" conceptID="Res9" novelty="None" advantage="None"/><text>For each data set, we find a nearly proportional dependence of <IT>r</IT><SB>tube</SB> on <IT>R</IT><SB>bubble</SB>.</text></s> <s sid="105"><CoreSc1 atype="GSC" type="Res" conceptID="Res9" novelty="None" advantage="None"/><text>We will therefore continue our discussion in terms of the corresponding radii ratio.</text></s></P><P><s sid="106"><CoreSc1 atype="GSC" type="Obs" conceptID="Obs15" novelty="None" advantage="None"/><text>Fig. 6 shows this ratio for four different silicate concentrations and three different flow rates.</text></s> <s sid="107"><CoreSc1 atype="GSC" type="Mod" conceptID="Mod5" novelty="None" advantage="None"/><text>The concentration of cupric sulfate is kept constant at 0.5 M. We note that the radii ratio has a simple geometrical interpretation as it corresponds to the angle <IT>α</IT> between the boundary of the tube and the bubble surface (cos <IT>α</IT> = <IT>r</IT><SB>tube</SB>/<IT>R</IT><SB>bubble</SB>); hence, the smaller the angle, the deeper the bubble sits in the mouth of the tube.</text></s> <s sid="108"><CoreSc1 atype="GSC" type="Mod" conceptID="Mod5" novelty="None" advantage="None"/><text>Examples of small and large angles are shown in the left and right inset of Fig. 6, respectively.</text></s> <s sid="109"><CoreSc1 atype="GSC" type="Obs" conceptID="Obs16" novelty="None" advantage="None"/><text>The data span the entire range of silicate concentrations (1.0–2.5 M) for which the bubbles are consistently creating simple tubes.</text></s> <s sid="110"><CoreSc1 atype="GSC" type="Res" conceptID="Res10" novelty="None" advantage="None"/><text>Below 1.0 M, the membrane is tenuous and it is difficult to generate a bubble that drags the copper solution upward.</text></s> <s sid="111"><CoreSc1 atype="GSC" type="Res" conceptID="Res11" novelty="None" advantage="None"/><text>Silicate concentrations above 2.5 M yield collapsing tubes.</text></s></P><P><s sid="112"><CoreSc1 atype="GSC" type="Obs" conceptID="Obs17" novelty="None" advantage="None"/><text>Fig. 6 shows that tube radii are only 5–20% smaller than the radii of their guiding bubbles.</text></s> <s sid="113"><CoreSc1 atype="GSC" type="Obs" conceptID="Obs17" novelty="None" advantage="None"/><text>Within this range, the smallest ratios are found for the lowest flow rate of <IT>Q</IT> = 3 mL h<SP>−1</SP>.</text></s> <s sid="114"><CoreSc1 atype="GSC" type="Res" conceptID="Res12" novelty="None" advantage="None"/><text>At this value, no significant dependence on silicate concentration is found.</text></s> <s sid="115"><CoreSc1 atype="GSC" type="Res" conceptID="Res13" novelty="None" advantage="None"/><text>For <IT>Q</IT> = 10 mL h<SP>−1</SP>, however, the ratio increases with increasing silicate concentration and the contact angle decreases accordingly from about 30° to 20°.</text></s> <s sid="116"><CoreSc1 atype="GSC" type="Res" conceptID="Res14" novelty="None" advantage="None"/><text>Moreover, we find that for a given silicate concentration, the radii ratio increases with increasing flow rate.</text></s> <s sid="117"><CoreSc1 atype="GSC" type="Res" conceptID="Res14" novelty="None" advantage="None"/><text>This dependence is most pronounced for the highest silicate concentration (2.5 M).</text></s></P><P><s sid="118"><CoreSc1 atype="GSC" type="Res" conceptID="Res15" novelty="None" advantage="None"/><text>Our experiments also show that only bubbles of certain sizes are capable of guiding tubular growth.</text></s> <s sid="119"><CoreSc1 atype="GSC" type="Res" conceptID="Res15" novelty="None" advantage="None"/><text>We only succeeded in creating tubes for bubbles with radii in the range of 150–600 μm.</text></s> <s sid="120"><CoreSc1 atype="GSC" type="Con" conceptID="Con3" novelty="None" advantage="None"/><text>Moreover, our experiments suggest that, with increasing flow rate, the minimal and maximal radii shift to larger values.</text></s> <s sid="121"><CoreSc1 atype="GSC" type="Res" conceptID="Res16" novelty="None" advantage="None"/><text>Since the tube and the bubble radii are closely related, as we discussed in the earlier paragraphs, this trend is also reflected by the range of the data in Fig. 4.</text></s></P><P><s sid="122"><CoreSc1 atype="GSC" type="Con" conceptID="Con4" novelty="None" advantage="None"/><text>The existence of a minimal and a maximal radius can be qualitatively argued in the context of competing forces.</text></s> <s sid="123"><CoreSc1 atype="GSC" type="Con" conceptID="Con4" novelty="None" advantage="None"/><text>The buoyancy acting on the air bubble scales as <IT>R</IT><SB>bubble</SB><SP>3</SP>.</text></s> <s sid="124"><CoreSc1 atype="GSC" type="Con" conceptID="Con4" novelty="None" advantage="None"/><text>Two forces are counteracting buoyancy, namely a “sticking” force due to the contact between the membrane and the gas bubble and the Stokes force due to the viscosity of the silicate solution around the growing, bubble-guided tube.</text></s> <s sid="125"><CoreSc1 atype="GSC" type="Mod" conceptID="Mod6" novelty="None" advantage="None"/><text>The Stokes force is proportional to <IT>η</IT><SB>o</SB><IT>R</IT><SB>bubble</SB><IT>v</IT> = <IT>η</IT><SB>o</SB><IT>R</IT><SB>bubble</SB><IT>Q</IT>/(<IT>πr</IT><SB>tube</SB><SP>2</SP>) where <IT>η</IT><SB>o</SB> denotes the viscosity of the silicate solution.</text></s> <s sid="126"><CoreSc1 atype="GSC" type="Con" conceptID="Con4" novelty="None" advantage="None"/><text>Therefore, this force roughly scales as 1/<IT>R</IT><SB>bubble</SB> while the sticking force is likely to scale as <IT>R</IT><SB>bubble</SB>.</text></s> <s sid="127"><CoreSc1 atype="GSC" type="Con" conceptID="Con4" novelty="None" advantage="None"/><text>Accordingly, the buoyancy of very large bubbles is greater than the combined contributions from “sticking” and Stokes forces and the bubble detaches.</text></s> <s sid="128"><CoreSc1 atype="GSC" type="Con" conceptID="Con4" novelty="None" advantage="None"/><text>For very small bubbles, the Stokes force is dominant and the bubble cannot act as a sufficiently strong guide for the growing tube.</text></s> <s sid="129"><CoreSc1 atype="GSC" type="Con" conceptID="Con4" novelty="None" advantage="None"/><text>While this discussion motivates the existence of a finite range of radii in bubble-guided tube growth, more insights into the nature of the sticking force are needed.</text></s> <s sid="130"><CoreSc1 atype="GSC" type="Con" conceptID="Con5" novelty="None" advantage="None"/><text>We also note that the size, the shape and the position of the injection needle might affect measurements of minimal and maximal radii.</text></s></P><P><s sid="131"><CoreSc1 atype="GSC" type="Res" conceptID="Res17" novelty="None" advantage="None"/><text>The delicate force balance needed for bubble-guided tube growth can be easily upset.</text></s> <s sid="132"><CoreSc1 atype="GSC" type="Exp" conceptID="Exp4" novelty="None" advantage="None"/><text>In Fig. 7A, a second smaller air bubble is injected deliberately into the growing tube.</text></s> <s sid="133"><CoreSc1 atype="GSC" type="Obs" conceptID="Obs18" novelty="None" advantage="None"/><text>This bubble rises up the hollow tube and eventually collides with the leading bubble.</text></s> <s sid="134"><CoreSc1 atype="GSC" type="Res" conceptID="Res18" novelty="None" advantage="None"/><text>When the two coalesce, the force balance is disturbed and the bubble is engulfed by the colloidal membrane.</text></s> <s sid="135"><CoreSc1 atype="GSC" type="Res" conceptID="Res18" novelty="None" advantage="None"/><text>As more copper solution is delivered by the pump, the system transitions to its natural growth regime (budding) and the tube widens into the expected bulging structure.</text></s> <s sid="136"><CoreSc1 atype="GSC" type="Con" conceptID="Con6" novelty="None" advantage="None"/><text>The bubble has lost its ability to guide the tube’s growth.</text></s></P><P><s sid="137"><CoreSc1 atype="GSC" type="Obs" conceptID="Obs19" novelty="None" advantage="None"/><text>An example of a different outcome is shown in Fig. 7B.</text></s> <s sid="138"><CoreSc1 atype="GSC" type="Res" conceptID="Res19" novelty="None" advantage="None"/><text>Here, the zone underneath the bubble begins to inflate, thus, stretching the sides of the tube.</text></s> <s sid="139"><CoreSc1 atype="GSC" type="Obs" conceptID="Obs20" novelty="None" advantage="None"/><text>Nonetheless, the bubble is still attached to the top of the tube while the inflow of solution moves it from side to side.</text></s> <s sid="140"><CoreSc1 atype="GSC" type="Res" conceptID="Res20" novelty="None" advantage="None"/><text>The lighter shades of gray at the thickest part of the bulge indicate thinning of the membrane or some newly produced material.</text></s> <s sid="141"><CoreSc1 atype="GSC" type="Con" conceptID="Con7" novelty="None" advantage="None"/><text>It appears that in this case the growth zone moved away from the bubble, thus, rendering the guide ineffective.</text></s> <s sid="142"><CoreSc1 atype="GSC" type="Con" conceptID="Con7" novelty="None" advantage="None"/><text>For the conditions of this particular experiment, the resulting structure is growing in the popping regime and, consequently, the top portion of the stalk and the attached bubble are released shortly after the time of the last snapshot.</text></s></P><P><s sid="143"><CoreSc1 atype="GSC" type="Obj" conceptID="Obj6" novelty="New" advantage="None"/><text>Additional features of bubble-guided tube growth are unveiled by examining the tubes’ micrometre-scale features.</text></s> <s sid="144"><CoreSc1 atype="GSC" type="Obj" conceptID="Obj6" novelty="New" advantage="None"/><text>We investigate the morphology of the tube walls using scanning electron microscopy.</text></s> <s sid="145"><CoreSc1 atype="GSC" type="Met" conceptID="Met3" novelty="New" advantage="None"/><text>Samples are prepared according to the procedures described in the experimental section.</text></s> <s sid="146"><CoreSc1 atype="GSC" type="Obs" conceptID="Obs21" novelty="None" advantage="None"/><text>Fig. 8A shows a typical tubular structure attached to the dark background of a carbon tape.</text></s> <s sid="147"><CoreSc1 atype="GSC" type="Obs" conceptID="Obs21" novelty="None" advantage="None"/><text>In this example, the tube radius is approximately 250 μm.</text></s> <s sid="148"><CoreSc1 atype="GSC" type="Obs" conceptID="Obs21" novelty="None" advantage="None"/><text>The micrograph reveals stripes of different texture along the tube.</text></s> <s sid="149"><CoreSc1 atype="GSC" type="Obs" conceptID="Obs21" novelty="None" advantage="None"/><text>For the given experimental parameters, the wavelength of the stripe pattern varies between 200 μm and 250 μm.</text></s> <s sid="150"><CoreSc1 atype="GSC" type="Obs" conceptID="Obs21" novelty="None" advantage="None"/><text>We emphasize that these stripe patterns are also discernible on the inside surface as we observed numerous times during SEM studies of broken tube segments.</text></s></P><P><s sid="151"><CoreSc1 atype="GSC" type="Res" conceptID="Res21" novelty="None" advantage="None"/><text>At higher magnification (Fig. 8B), we can clearly discern two distinct surface textures that alternate within this stripe pattern.</text></s> <s sid="152"><CoreSc1 atype="GSC" type="Res" conceptID="Res21" novelty="None" advantage="None"/><text>One appears dark and smooth (see upper left-hand corner of Fig. 8B) while the other one is lighter with a coarse, grainy appearance (lower right-hand corner).</text></s> <s sid="153"><CoreSc1 atype="GSC" type="Obs" conceptID="Obs22" novelty="None" advantage="None"/><text>Additional features include blister-like structures (typical diameter 50 μm), most of which flank the transition regions within the stripe pattern.</text></s></P><P><s sid="154"><CoreSc1 atype="GSC" type="Con" conceptID="Con8" novelty="None" advantage="None"/><text>One can envision a variety of different mechanisms that may cause the observed stripe patterns on bubble-guided tubes.</text></s> <s sid="155"><CoreSc1 atype="GSC" type="Con" conceptID="Con8" novelty="None" advantage="None"/><text>These include oscillatory phenomena within or around the primary reaction zone (<IT>e.g</IT>., periodic rupturing of the freshly formed membrane material), Liesegang-like processes that influence the relevant precipitation reactions, and shape oscillations of the guiding gas bubble.</text></s> <s sid="156"><CoreSc1 atype="GSC" type="Con" conceptID="Con8" novelty="None" advantage="None"/><text>Any oscillatory mechanism acting during the growth process corresponds to a characteristic frequency that can be calculated from the growth velocity of the tube and the wavelength of the stripe pattern.</text></s> <s sid="157"><CoreSc1 atype="GSC" type="Res" conceptID="Res22" novelty="None" advantage="None"/><text>For the example shown in Fig. 8, the growth speed of 1.0 cm s<SP>−1</SP> and the stripe distance of about 250 μm correspond to a frequency of approximately 40 Hz.</text></s> <s sid="158"><CoreSc1 atype="GSC" type="Res" conceptID="Res23" novelty="None" advantage="None"/><text>Inspection of several other samples yields frequencies in the range of 30–90 Hz.</text></s> <s sid="159"><CoreSc1 atype="GSC" type="Con" conceptID="Con9" novelty="None" advantage="None"/><text>However, further interpretations require more systematic measurements and a thorough characterization of compositional variations throughout the striped wall material.</text></s></P><P><s sid="160"><CoreSc1 atype="GSC" type="Obs" conceptID="Obs23" novelty="None" advantage="None"/><text>Another intriguing phenomenon is observed for high silicate concentrations (≥2.5 M), which correspond to large density differences between the dense silicate and the lighter cupric sulfate solution.</text></s> <s sid="161"><CoreSc1 atype="GSC" type="Obs" conceptID="Obs23" novelty="None" advantage="None"/><text>Under these experimental conditions, we observe that the bubble-guided tubes collapse.</text></s> <s sid="162"><CoreSc1 atype="GSC" type="Obs" conceptID="Obs23" novelty="None" advantage="None"/><text>This process yields twisted ribbon-like structures.</text></s> <s sid="163"><CoreSc1 atype="GSC" type="Obs" conceptID="Obs23" novelty="None" advantage="None"/><text>A typical example for these collapsed tubes is shown in Fig. 9A.</text></s> <s sid="164"><CoreSc1 atype="GSC" type="Obs" conceptID="Obs23" novelty="None" advantage="None"/><text>The ribbon is approximately 1.5 mm wide and has five well-defined twists within the field of view.</text></s> <s sid="165"><CoreSc1 atype="GSC" type="Obs" conceptID="Obs23" novelty="None" advantage="None"/><text>Accordingly, the structure has a pitch of about 6 mm.</text></s></P><P><s sid="166"><CoreSc1 atype="GSC" type="Obs" conceptID="Obs24" novelty="None" advantage="None"/><text>Fig. 9B and 9C show scanning electron micrographs of a collapsed tube.</text></s> <s sid="167"><CoreSc1 atype="GSC" type="Obs" conceptID="Obs24" novelty="None" advantage="None"/><text>The overall morphology of the sample is more rugged than in the case of the uncollapsed structures (<IT>cf</IT>., Fig. 8).</text></s> <s sid="168"><CoreSc1 atype="GSC" type="Obs" conceptID="Obs24" novelty="None" advantage="None"/><text>Also the characteristic stripe pattern appears to be absent although very coarse ring-like ridges are found.</text></s> <s sid="169"><CoreSc1 atype="GSC" type="Obs" conceptID="Obs24" novelty="None" advantage="None"/><text>The outer wall surfaces of the collapsed tube also reveals numerous blisters and the twist is easily discernible as a large fold.</text></s> <s sid="170"><CoreSc1 atype="GSC" type="Obs" conceptID="Obs25" novelty="None" advantage="None"/><text>Some of the barnacle-like blisters feature little spirals such as the very left one in Fig. 9C.</text></s></P><P><s sid="171"><CoreSc1 atype="GSC" type="Obs" conceptID="Obs26" novelty="None" advantage="None"/><text>Tube collapse occurs after several centimetres of ordinary, cylindrical growth, but our experiments did not reveal a well-defined critical length.</text></s> <s sid="172"><CoreSc1 atype="GSC" type="Obs" conceptID="Obs27" novelty="None" advantage="None"/><text>Typically the structure flattens and twists nearly simultaneously with the entire collapse requiring only a few seconds.</text></s> <s sid="173"><CoreSc1 atype="GSC" type="Obs" conceptID="Obs28" novelty="None" advantage="None"/><text>In the following, the bubble-guided growth process continues but the resulting precipitation structure forms as a twisted ribbon.</text></s> <s sid="174"><CoreSc1 atype="GSC" type="Res" conceptID="Res24" novelty="None" advantage="None"/><text>This observation reveals that the collapsed state still allows internal flow of solution.</text></s> <s sid="175"><CoreSc1 atype="GSC" type="Obs" conceptID="Obs29" novelty="None" advantage="None"/><text>We also observed that stopping and restarting of the pump can induce a transition back to the cylindrical or a near cylindrical state.</text></s> <s sid="176"><CoreSc1 atype="GSC" type="Con" conceptID="Con10" novelty="None" advantage="None"/><text>This phenomenon of “re-inflation” indicates that the growth of the collapsed structure is actually cylindrical in close vicinity of the bubble.</text></s></P><P><s sid="177"><CoreSc1 atype="GSC" type="Con" conceptID="Con10" novelty="None" advantage="None"/><text>The collapse of precipitation tubes is obviously related to an increased density difference Δ<IT>ρ</IT> = <IT>ρ</IT><SB>o</SB> − <IT>ρ</IT><SB>i</SB> between the outer silicate (‘o’) and the inner cupric sulfate solution (‘i’).</text></s> <s sid="178"><CoreSc1 atype="GSC" type="Con" conceptID="Con10" novelty="None" advantage="None"/><text>Assuming mechanical equilibrium at the top of the growing tube, one obtains the hydrostatic pressure difference Δ<IT>p</IT> = Δ<IT>ρgh</IT> across the membrane, where <IT>g</IT> and <IT>h</IT> denote earth’s acceleration and the vertical distance from the growth zone, respectively.</text></s> <s sid="179"><CoreSc1 atype="GSC" type="Con" conceptID="Con10" novelty="None" advantage="None"/><text>This transmural pressure difference exerts a compressive force on the cylindrical tube.</text></s> <s sid="180"><CoreSc1 atype="GSC" type="Con" conceptID="Con10" novelty="None" advantage="None"/><text>In the actual growth experiment, flow within the structure contributes an opposing pressure that follows the Hagen-Poiseuille equation Δ<IT>p</IT> = (8<IT>η</IT><SB><IT>i</IT></SB><IT>hQ</IT>)/(π<IT>r</IT><SB>tube</SB><SP>4</SP>) where <IT>η</IT><SB><IT>i</IT></SB> is the viscosity of the cupric sulfate solution.</text></s> <s sid="181"><CoreSc1 atype="GSC" type="Con" conceptID="Con10" novelty="None" advantage="None"/><text>If one further assumes that the freshly formed wall does not resist a possible collapse, one obtains the simple stability criterion (8<IT>η</IT><SB><IT>i</IT></SB><IT>Q</IT>)/(πΔ<IT>ρgr</IT><SB>tube</SB><SP>4</SP>) &gt; 1.</text></s> <s sid="182"><CoreSc1 atype="GSC" type="Con" conceptID="Con10" novelty="None" advantage="None"/><text>We therefore expect that collapse occurs for low flow rates, large density differences and large radii.</text></s> <s sid="183"><CoreSc1 atype="GSC" type="Con" conceptID="Con10" novelty="None" advantage="None"/><text>This conclusion is in qualitative agreement with the observation that structures grown at <IT>Q</IT> = 10 mL h<SP>−1</SP> are stable if the tube radii are less than approximately 450 μm whereas wider tubes collapse.</text></s> <s sid="184"><CoreSc1 atype="GSC" type="Con" conceptID="Con10" novelty="None" advantage="None"/><text>However, the predicted critical radius for <IT>Q</IT> = 10 mL h<SP>−1</SP>, <IT>η</IT><SB><IT>i</IT></SB> = 1.21 cP, and Δ<IT>ρ</IT> = 0.2 g cm<SP>−3</SP> is 250 μm and, hence, smaller than the observed value.</text></s> <s sid="185"><CoreSc1 atype="GSC" type="Con" conceptID="Con10" novelty="None" advantage="None"/><text>This difference could be the result of a certain rigidity of the tube material and/or indicate a small but non-zero pressure difference between the inner and outer solutions at the reaction zone.</text></s></P><P><s sid="186"><CoreSc1 atype="GSC" type="Con" conceptID="Con11" novelty="None" advantage="None"/><text>While our qualitative discussion motivates some of the dependencies relating to tube collapse, it does not explain the occurrence of the striking helical twist that accompanies the flattening of the structure.</text></s> <s sid="187"><CoreSc1 atype="GSC" type="Con" conceptID="Con11" novelty="None" advantage="None"/><text>However, this feature is observed for nearly all collapsing tubes.</text></s> <s sid="188"><CoreSc1 atype="GSC" type="Con" conceptID="Con11" novelty="None" advantage="None"/><text>We suggest that the twisting motion is a secondary aspect of the collapse that reflects the mechanical characteristics of the tube material; in particular, its gradient-like vertical and radial composition as well as the specific boundary conditions that immobilize the lower end while allowing unconstrained motion of the upper extremity.</text></s></P></DIV><DIV DEPTH="1"><HEADER>Conclusions</HEADER><P><s sid="189"><CoreSc1 atype="GSC" type="Con" conceptID="Con12" novelty="None" advantage="None"/><text>In summary, this study provides the first quantitative insights into the rapid growth dynamics of tubular precipitation structures guided by buoyant gas bubbles.</text></s> <s sid="190"><CoreSc1 atype="GSC" type="Con" conceptID="Con13" novelty="None" advantage="None"/><text>The tube radii are controlled primarily by the radius of the rising bubble.</text></s> <s sid="191"><CoreSc1 atype="GSC" type="Con" conceptID="Con13" novelty="None" advantage="None"/><text>Based on this simple radius selection, the system determines its growth velocity following volume conservation of the injected reactant solution.</text></s> <s sid="192"><CoreSc1 atype="GSC" type="Con" conceptID="Con14" novelty="None" advantage="None"/><text>Moreover, cylindrical tubes collapse to helical ribbons if the density difference across the tube wall is large enough to cause compressive pressure that outbalances flow-induced and other stabilizing forces.</text></s></P><P><s sid="193"><CoreSc1 atype="GSC" type="Con" conceptID="Con15" novelty="None" advantage="None"/><text>A key question that remains unanswered concerns the nature of the adhesive contact between the gas bubble and the forming copper hydroxide membrane at the tip of the tube.</text></s> <s sid="194"><CoreSc1 atype="GSC" type="Con" conceptID="Con15" novelty="None" advantage="None"/><text>Failure to establish or maintain a proper contact results in slow tubular growth that is not templated by the bubble.</text></s> <s sid="195"><CoreSc1 atype="GSC" type="Con" conceptID="Con15" novelty="None" advantage="None"/><text>Our experiments suggest that such a situation occurs outside of a finite range of bubble radii.</text></s> <s sid="196"><CoreSc1 atype="GSC" type="Con" conceptID="Con15" novelty="None" advantage="None"/><text>In particular, large bubbles are lifted out of the reaction zone due to their pronounced buoyancy.</text></s> <s sid="197"><CoreSc1 atype="GSC" type="Con" conceptID="Con15" novelty="None" advantage="None"/><text>This process appears to be related to the pinning of bubbles to solid walls or interfaces between immiscible liquids.</text></s> <s sid="198"><CoreSc1 atype="GSC" type="Con" conceptID="Con15" novelty="None" advantage="None"/><text>In our experiments, however, this situation is complicated by the unknown flow and concentration fields around the upper portion of the growing structure.</text></s> <s sid="199"><CoreSc1 atype="GSC" type="Con" conceptID="Con15" novelty="None" advantage="None"/><text>Nonetheless, it appears likely that bubbles stick to the reaction zone due to surface tension.</text></s> <s sid="200"><CoreSc1 atype="GSC" type="Con" conceptID="Con16" novelty="None" advantage="None"/><text>Consequently, more detailed measurements of the upper, critical radius might allow the characterization of transient surface tensions.</text></s> <s sid="201"><CoreSc1 atype="GSC" type="Con" conceptID="Con16" novelty="None" advantage="None"/><text>Such measurements could provide useful data concerning the early stages of the formation of colloidal membranes.</text></s></P><P><s sid="202"><CoreSc1 atype="GSC" type="Con" conceptID="Con16" novelty="None" advantage="None"/><text>Our findings are of additional importance as they relate to a wide class of precipitation systems in which radial gradient fields orchestrate the formation of permanent, tubular structures.</text></s> <s sid="203"><CoreSc1 atype="GSC" type="Con" conceptID="Con16" novelty="None" advantage="None"/><text>As described in the Introduction, these systems span through a diverse range of fields including electrochemistry, materials science, geology and also biomineralization.<REF TYPE="P" ID="cit19 cit20">19,20</REF></text></s> <s sid="204"><CoreSc1 atype="GSC" type="Con" conceptID="Con16" novelty="None" advantage="None"/><text>Our investigation is the first step towards the development of methodologies that will allow us to template, guide, and control the formation of precipitation structures in diverse systems.</text></s> <s sid="205"><CoreSc1 atype="GSC" type="Con" conceptID="Con16" novelty="None" advantage="None"/><text>Such approaches not only will reveal underlying universalities but could potentially lead to novel materials and devices.</text></s></P></DIV></BODY></PAPER>