<?xml version="1.0" encoding="UTF-8"?>
<!DOCTYPE PAPER
  SYSTEM "paper-structure-annotation.dtd">
<PAPER><mode2 name="b506280b" hasDoc="yes" version="1184"/><TITLE><s sid="1"><CoreSc1 atype="GSC" type="Obj" conceptID="Obj1" novelty="New" advantage="None"/><text>Hyperpolarized <SP>129</SP>Xe NMR investigation of multifunctional organic/inorganic hybrid mesoporous silica materials</text></s></TITLE><ABSTRACT><s sid="2"><CoreSc1 atype="GSC" type="Obj" conceptID="Obj2" novelty="New" advantage="None"/><text>An extensive study has been made on a series of multifunctional mesoporous silica materials, prepared by introducing two different organoalkoxysilanes, namely 3-[2-(2-aminoethylamino)ethylamino]propyltrimethoxysilane (AEPTMS) and 3-cyanopropyltriethoxysilane (CPTES) during the base-catalyzed condensation of tetraethoxysilane (TEOS), using the variable-temperature (VT) hyperpolarized (HP) <SP>129</SP>Xe NMR technique.</text></s> <s sid="3"><CoreSc1 atype="GSC" type="Res" conceptID="Res1" novelty="None" advantage="None"/><text>VT HP-<SP>129</SP>Xe NMR chemical shift measurements of adsorbed xenon revealed that surface properties as well as functionality of these AEP/CP-functionalized microparticles (MP) could be controlled by varying the AEPTMS/CPTES ratio in the starting solution during synthesis.</text></s> <s sid="4"><CoreSc1 atype="GSC" type="Res" conceptID="Res2" novelty="None" advantage="None"/><text>Additional chemical shift contribution due to Xe-moiety interactions was observed for monofunctional AEP-MP and CP-MP as well as for bifunctional AEP/CP-MP samples.</text></s> <s sid="5"><CoreSc1 atype="GSC" type="Con" conceptID="Con1" novelty="None" advantage="None"/><text>In particular, unlike CP-MP that has a shorter organic backbone on the silica surface, the amino groups in the AEP chain tends to interact with the silanol groups on the silica surface causing backbone bending and hence formation of secondary pores in AEP-MP, as indicated by additional shoulder peak at lower field in the room-temperature <SP>129</SP>Xe NMR spectrum.</text></s> <s sid="6"><CoreSc1 atype="GSC" type="Res" conceptID="Res3" novelty="None" advantage="None"/><text>The exchange processes of xenon in different adsorption regions were also verified by 2D EXSY HP-<SP>129</SP>Xe NMR spectroscopy.</text></s> <s sid="7"><CoreSc1 atype="GSC" type="Con" conceptID="Con2" novelty="None" advantage="None"/><text>It is also found that subsequent removal of functional moieties by calcination treatment tends to result in a more severe surface roughness on the pore walls in bifunctional samples compared to monofunctional ones.</text></s> <s sid="8"><CoreSc1 atype="GSC" type="Obj" conceptID="Obj3" novelty="New" advantage="None"/><text>The effect of hydrophobicity/hydrophilicity of the organoalkoxysilanes on the formation, pore structure and surface property of these functionalized mesoporous silica materials are also discussed.</text></s></ABSTRACT><BODY><DIV DEPTH="1"><HEADER>Introduction</HEADER><P><s sid="9"><CoreSc1 atype="GSC" type="Bac" conceptID="Bac1" novelty="None" advantage="None"/><text>Organically modified mesoporous silicas prepared by either direct synthesis or post-synthesis modification/functionalization have attracted much attention<REF TYPE="P" ID="cit1">1</REF> due to their potential applications as selective catalysts,<REF TYPE="P" ID="cit1 cit2">1,2</REF> adsorbents,<REF TYPE="P" ID="cit3">3</REF> and sensors.<REF TYPE="P" ID="cit4">4</REF></text></s> <s sid="10"><CoreSc1 atype="GSC" type="Bac" conceptID="Bac1" novelty="None" advantage="None"/><text>To realize these applications, it is essential to obtain capabilities in custom-tailoring the surface properties and in controlling the particle and pore morphologies of these materials.</text></s> <s sid="11"><CoreSc1 atype="GSC" type="Met" conceptID="Met1" novelty="Old" advantage="None"/><text>Recently, we have reported an approach that allows a synergistic control over the pore structure, particle morphology, and surface functionalization by introducing different molar ratios of organoalkoxysilane precursors that could provide different non-covalent interactions with the cationic surfactant template, cetyltrimethylammonium bromide (CTAB), in a base-catalyzed condensation of silicate.<REF TYPE="P" ID="cit5">5</REF></text></s> <s sid="12"><CoreSc1 atype="GSC" type="Met" conceptID="Met1" novelty="Old" advantage="None"/><text>For example, a series of bifunctional mesoporous silica materials were prepared by introducing different molar ratios of two organoalkoxysilanes, namely 3-[2-(2-aminoethylamino)ethylamino]propyltrimethoxysilane (AEPTMS) and 3-cyanopropyltriethoxysilane (CPTES) to a base-catalyzed condensation of tetraethoxysilane (TEOS) in the presence of CTAB.</text></s> <s sid="13"><CoreSc1 atype="GSC" type="Met" conceptID="Met1" novelty="Old" advantage="Yes"/><text>These bifunctional mesoporous organic–inorganic hybrid materials exhibited fine-tuned chemical accessibility in terms of Cu<SP>2+</SP> adsorption capability.<REF TYPE="P" ID="cit5a">5<IT>a</IT></REF></text></s> <s sid="14"><CoreSc1 atype="GSC" type="Bac" conceptID="Bac2" novelty="None" advantage="None"/><text>However, an unexpected nonlinear correlation between the Cu<SP>2+</SP> adsorption capability with the amount of AEP groups in such AEP/CP bifunctional silicas were evident, indicating that the CP functionality, which is relatively more hydrophobic in nature, should also play an active role in the observed decrease in chemical accessibility per AEP group.<REF TYPE="P" ID="cit5a">5<IT>a</IT></REF></text></s> <s sid="15"><CoreSc1 atype="GSC" type="Mot" conceptID="Mot1" novelty="None" advantage="None"/><text>Thus, a more detailed understanding of the conformation of organic moieties and related guest-host interactions in the confined space demands further investigation.</text></s></P><P><s sid="16"><CoreSc1 atype="GSC" type="Met" conceptID="Met2" novelty="Old" advantage="None"/><text><SP>129</SP>Xe NMR spectroscopy<REF TYPE="P" ID="cit6">6</REF> is an unique and powerful tool for probing local environments of xenon adsorbed in various systems, such as porous materials,<REF TYPE="P" ID="cit6 cit7">6,7</REF> polymers,<REF TYPE="P" ID="cit8">8</REF> biomolecules<REF TYPE="P" ID="cit9">9</REF> and liquid crystals.<REF TYPE="P" ID="cit10">10</REF></text></s> <s sid="17"><CoreSc1 atype="GSC" type="Met" conceptID="Met2" novelty="Old" advantage="Yes"/><text>Unlike conventional <SP>129</SP>Xe NMR in which the nuclear spin polarization is governed by Boltzmann equilibrium, laser-polarized <SP>129</SP>Xe NMR facilitates a metastable polarization transfer from the alkali-metal electronic spin to the <SP>129</SP>Xe nucleus by the spin exchange optical pumping method,<REF TYPE="P" ID="cit11">11</REF> thus capable of enhancing signal sensitivity by 10<SP>3</SP>–10<SP>5</SP> folds even at dilute Xe loading.<REF TYPE="P" ID="cit12">12</REF></text></s> <s sid="18"><CoreSc1 atype="GSC" type="Met" conceptID="Met2" novelty="Old" advantage="None"/><text>Thus, the hyperpolarized (HP) <SP>129</SP>Xe NMR technique is particularly useful for systems with low surface areas and/or long spin–lattice relaxation times (<IT>T</IT><SB>1</SB>), and has found widespread applications, for examples, in surfaces, nanocrystals or thin films,<REF TYPE="P" ID="cit13">13</REF> porous materials,<REF TYPE="P" ID="cit12 cit14">12,14</REF> magnetic resonance imaging and medical imaging,<REF TYPE="P" ID="cit15">15</REF> and sensors,<REF TYPE="P" ID="cit16">16</REF><IT>etc</IT>.</text></s> <s sid="19"><CoreSc1 atype="GSC" type="Bac" conceptID="Bac3" novelty="None" advantage="None"/><text>In the case of conventional <SP>129</SP>Xe NMR, the observed <SP>129</SP>Xe chemical shift of Xe adsorbed on porous substrates can be expressed as:<REF TYPE="P" ID="cit7">7</REF><IT>δ</IT> = <IT>δ</IT><SB>0</SB> + <IT>δ</IT><SB>s</SB> + <IT>σ</IT><SB>Xe–Xe</SB><IT>ρ</IT><SB>Xe</SB> where <IT>δ</IT><SB>0</SB> = 0 ppm is the reference chemical shift, <IT>δ</IT><SB>s</SB> represents the characteristic chemical shift due to Xe–wall interactions, corresponding to the shift at zero Xe loading and hence should reflect not only the chemical composition but also the geometry of Xe environment of the surface adsorption site.</text></s> <s sid="20"><CoreSc1 atype="GSC" type="Bac" conceptID="Bac3" novelty="None" advantage="None"/><text>The last term, <IT>σ</IT><SB>Xe−Xe</SB><IT>ρ</IT><SB>Xe</SB>, is the contribution due to Xe–Xe interactions, which normally increases linearly with Xe loading, <IT>ρ</IT><SB>Xe</SB>.</text></s> <s sid="21"><CoreSc1 atype="GSC" type="Bac" conceptID="Bac3" novelty="None" advantage="None"/><text>Whereas for HP-<SP>129</SP>Xe NMR, since the experiments are normally carried out at dilute Xe loading, the chemical shift contribution arising from Xe–Xe interactions can be greatly depressed.</text></s> <s sid="22"><CoreSc1 atype="GSC" type="Bac" conceptID="Bac3" novelty="None" advantage="None"/><text>More recently, similar technique has been applied to probe the geometry and interconnectivity of pores in organic aerogels<REF TYPE="P" ID="cit17">17</REF> and the pore structure<REF TYPE="P" ID="cit18">18</REF> and alkyl ligands<REF TYPE="P" ID="cit19">19</REF> of mesoporous silicas modified with alkylsilanes.</text></s></P><P><s sid="23"><CoreSc1 atype="GSC" type="Goa" conceptID="Goa1" novelty="None" advantage="None"/><text>The objective of this work is to investigate the structural and surface properties of the aforementioned organic–inorganic hybrid mesoporous materials using variable-temperature (VT) HP-<SP>129</SP>Xe NMR and two-dimensional exchange spectroscopy (2D EXSY) NMR techniques.<REF TYPE="P" ID="cit20">20</REF></text></s> <s sid="24"><CoreSc1 atype="GSC" type="Obj" conceptID="Obj4" novelty="New" advantage="None"/><text>A series of bifunctional mesoporous silicas synthesized by introducing different molar ratios of AEPTMS and CPTES precursors to a base-catalyzed co-condensation of silicate have been examined along with AEP- and CP-monofunctional silicas.</text></s> <s sid="25"><CoreSc1 atype="GSC" type="Obj" conceptID="Obj4" novelty="New" advantage="None"/><text>Various information regarding to the conformation, hydrophilicity/hydrophobicity, and functionalities of the AEP/CP groups and their correlations with the structural porosity, surface roughness and related Xe-moiety interactions, which can be inferred from the temperature dependence of <SP>129</SP>Xe characteristic chemical shift (<IT>δ</IT><SB>s</SB>), has been investigated and compared with the <SP>13</SP>C CP-MAS NMR results reported earlier<REF TYPE="P" ID="cit5">5</REF>.</text></s></P></DIV><DIV DEPTH="1"><HEADER>Experimental section</HEADER><DIV DEPTH="2"><HEADER>Materials</HEADER><P><s sid="26"><CoreSc1 atype="GSC" type="Met" conceptID="Met3" novelty="New" advantage="None"/><text>Various mono- and bifunctional mesoporous silicas were prepared following the procedures described in an earlier report.<REF TYPE="P" ID="cit5">5</REF></text></s> <s sid="27"><CoreSc1 atype="GSC" type="Exp" conceptID="Exp1" novelty="None" advantage="None"/><text>Accordingly, a series of micrometre-sized particles (MP) of organic–inorganic hybrid materials with varying molar concentrations of organoalkoxysilane precursors ranging from 100% AEPTMS to 100% CPTES, with the total amount of AEPTMS + CPTES relative to TESO fixed at 12.8 mol% were obtained.</text></s> <s sid="28"><CoreSc1 atype="GSC" type="Exp" conceptID="Exp1" novelty="None" advantage="None"/><text>Herein, we denote the monofunctionalized microparticles as AEP-MP or CP-MP and the bifunctionalized materials as AEP/CP(<IT>x</IT>/<IT>y</IT>)-MP, where <IT>x</IT>/<IT>y</IT> denotes the relative ratio of AEPTMS/CPTES in the initial reaction mixture.</text></s> <s sid="29"><CoreSc1 atype="GSC" type="Exp" conceptID="Exp1" novelty="None" advantage="None"/><text>All samples were template extracted either by acid extraction or by calcination treatments.</text></s> <s sid="30"><CoreSc1 atype="GSC" type="Res" conceptID="Res4" novelty="None" advantage="None"/><text>Further experiments by <SP>13</SP>C CP-MAS NMR confirmed that no extra organic groups other than the designated functional groups are present in the AEP/CP(<IT>x</IT>/<IT>y</IT>)-MP samples, indicating a complete removal of template by the aforementioned treatments.<REF TYPE="P" ID="cit5a">5<IT>a</IT></REF></text></s> <s sid="31"><CoreSc1 atype="GSC" type="Res" conceptID="Res5" novelty="None" advantage="None"/><text>Separate experiments by field-emission scanning electron microscopy (FE-SEM) revealed that, in contrast to the pure MCM-41 mesoporous silica synthesized under the same conditions, the AEP/CP-MP samples exhibit spherical shapes, whereas AEP-MP and CP-MP resulted in sphere and rod shapes and sizes, <IT>i.e.</IT>, from spheres with an average diameter of 3 μm to rods with an average size of 1.0 × 0.2 μm.<REF TYPE="P" ID="cit5b">5<IT>b</IT></REF></text></s> <s sid="32"><CoreSc1 atype="GSC" type="Obs" conceptID="Obs1" novelty="None" advantage="None"/><text>The average diameters of AEP/CP-MP spheres decreased as the relative ratio (<IT>x</IT>/<IT>y</IT>) changed from 5/5 to 1/9.</text></s> <s sid="33"><CoreSc1 atype="GSC" type="Exp" conceptID="Exp2" novelty="None" advantage="None"/><text>Calcination treatments of the samples were carried out at 823 K under flowing air for 4 h, they are denoted as AEP-, CP- and AEP/CP(<IT>x</IT>/<IT>y</IT>)-MPC, respectively.</text></s></P></DIV><DIV DEPTH="2"><HEADER>HP-<SP>129</SP>Xe NMR studies</HEADER><P><s sid="34"><CoreSc1 atype="GSC" type="Exp" conceptID="Exp3" novelty="None" advantage="None"/><text>All samples were compressed by pressure of 100 MPa for 10 min, crashed into small pellets, and then dehydrated under vacuum at 423 K for 12 h prior to the HP <SP>129</SP>Xe NMR experiments.</text></s> <s sid="35"><CoreSc1 atype="GSC" type="Exp" conceptID="Exp3" novelty="None" advantage="None"/><text>The above post-synthesis treatment procedure effectively eliminate the effect arising from fast exchange between Xe adsorbed in the intra- and inter-particle voids while avoid jeopardizing the textural structures of the samples.<REF TYPE="P" ID="cit21">21</REF></text></s> <s sid="36"><CoreSc1 atype="GSC" type="Exp" conceptID="Exp3" novelty="None" advantage="None"/><text>Detailed descriptions of the continuous-flow optical pumping apparatus for fabricating the HP-<SP>129</SP>Xe gas can be found elsewhere.<REF TYPE="P" ID="cit19">19</REF></text></s> <s sid="37"><CoreSc1 atype="GSC" type="Exp" conceptID="Exp3" novelty="None" advantage="None"/><text>Briefly, the spin-exchange optical pumping process was facilitated by introducing a gas mixture of 97% He, 1% N<SB>2</SB>, and 2% Xe (natural abundance) into the pumping cell (containing 1 g Rb metal and placed under a magnetic field of <IT>ca</IT>. 200 G) maintained at 4 atm and 423 K, while subjecting to irradiation of left-circularly polarized light (wavelength 794.8 nm) generated by a diode laser (Coherent; FAP-30).</text></s> <s sid="38"><CoreSc1 atype="GSC" type="Exp" conceptID="Exp3" novelty="None" advantage="None"/><text>The resulted gas mixture containing HP-<SP>129</SP>Xe (polarization <IT>ca</IT>. 2.4%) was introduced into a home-designed NMR tube <IT>via</IT> 1/16 inch Teflon tubing and continuously flew through the sample at <IT>ca</IT>. 100 scc min<SP>−1</SP> at 1 atm, the gas mixture was eventually vent to the atmosphere.</text></s> <s sid="39"><CoreSc1 atype="GSC" type="Exp" conceptID="Exp3" novelty="None" advantage="None"/><text>As such, this corresponds to an equilibrium Xe partial pressure of <IT>ca</IT>. 15.2 Torr.</text></s> <s sid="40"><CoreSc1 atype="GSC" type="Bac" conceptID="Bac4" novelty="None" advantage="None"/><text>It has been found that the presence of He and N<SB>2</SB> buffer gases has no significant effect on the resultant HP-<SP>129</SP>Xe NMR spectrum.<REF TYPE="P" ID="cit12">12</REF></text></s> <s sid="41"><CoreSc1 atype="GSC" type="Res" conceptID="Res6" novelty="None" advantage="None"/><text>Separate experimental tests using the batch setup confirmed that the achievable signal enhancement factor was <IT>ca</IT>. 3500.</text></s></P><P><s sid="42"><CoreSc1 atype="GSC" type="Exp" conceptID="Exp4" novelty="None" advantage="None"/><text>All HP-<SP>129</SP>Xe NMR spectra were acquired on a Bruker Avance 300 NMR spectrometer at Larmor frequency of 83.012 MHz using a single-pulse sequence with a π/2 pulse (15 μs) and a recycle delay of 5 s.</text></s> <s sid="43"><CoreSc1 atype="GSC" type="Exp" conceptID="Exp4" novelty="None" advantage="None"/><text>Typically, 64–256 free induction decay (FID) signals were accumulated for each spectrum.</text></s> <s sid="44"><CoreSc1 atype="GSC" type="Exp" conceptID="Exp4" novelty="None" advantage="None"/><text>VT experiments were carried out in the temperature range 160–298 K. The actual sample temperature was calibrated using the <SP>207</SP>Pb NMR signal of solid Pb(NO<SB>3</SB>)<SB>2</SB>.<REF TYPE="P" ID="cit22">22</REF></text></s> <s sid="45"><CoreSc1 atype="GSC" type="Exp" conceptID="Exp4" novelty="None" advantage="None"/><text>The <SP>129</SP>Xe NMR chemical shift was referenced to extremely diluted xenon gas (as 0 ppm).</text></s> <s sid="46"><CoreSc1 atype="GSC" type="Exp" conceptID="Exp5" novelty="None" advantage="None"/><text>To verify the origins of the observed <SP>129</SP>Xe resonances, additional experiments were also carried out by 2D EXSY <SP>129</SP>Xe NMR technique<REF TYPE="P" ID="cit20">20</REF> at room temperature (298 K) using a 90°–<IT>t</IT><SB>1</SB>–90°–<IT>t</IT><SB>m</SB>–90°–<IT>t</IT><SB>2</SB> pulse sequence.</text></s> <s sid="47"><CoreSc1 atype="GSC" type="Exp" conceptID="Exp5" novelty="None" advantage="None"/><text>The 2D NMR spectrum was acquired with a spectral width of 12.5 kHz and 512 and 2048 points were acquired for the <IT>t</IT><SB>1</SB> and <IT>t</IT><SB>2</SB> dimensions, respectively, while changing the mixing time (<IT>t</IT><SB>m</SB>) from 1 to 25 ms.</text></s></P></DIV></DIV><DIV DEPTH="1"><HEADER>Results and discussion</HEADER><DIV DEPTH="2"><HEADER>VT HP-<SP>129</SP>Xe NMR</HEADER><P><s sid="48"><CoreSc1 atype="GSC" type="Obs" conceptID="Obs2" novelty="None" advantage="None"/><text>Figs. 1 and 2 display the VT HP-<SP>129</SP>Xe NMR spectra of various functionalized materials before and after the calcination, respectively.</text></s> <s sid="49"><CoreSc1 atype="GSC" type="Res" conceptID="Res7" novelty="None" advantage="None"/><text>In general, most spectra exhibit two main resonances, the sharp peak at <IT>ca</IT>. 0 ppm can be unambiguously assigned to free gaseous Xe whereas the peak with higher chemical shift (or lower field) is attributed to Xe adsorbed in the mesopores.</text></s> <s sid="50"><CoreSc1 atype="GSC" type="Mod" conceptID="Mod1" novelty="None" advantage="None"/><text>The observed chemical shift should be a weighted average of the fast exchange between Xe residing in different adsorption regions in the mesopores (see below).</text></s> <s sid="51"><CoreSc1 atype="GSC" type="Obs" conceptID="Obs3" novelty="None" advantage="None"/><text>An expected increase in <SP>129</SP>Xe chemical shift of the adsorbed Xe with decreasing temperature was observed for each sample, as depicted in Fig. 3.</text></s> <s sid="52"><CoreSc1 atype="GSC" type="Mod" conceptID="Mod2" novelty="None" advantage="None"/><text>In view of the very low Xe loading (15.2 Torr) in the continuous-flow HP-<SP>129</SP>Xe NMR experiments, it is anticipated that only a dilute adsorption layer with a very weak contribution of Xe–Xe interactions to the observed chemical shift.</text></s> <s sid="53"><CoreSc1 atype="GSC" type="Mod" conceptID="Mod2" novelty="None" advantage="None"/><text>As the temperature decreases, the adsorbed Xe should spend a longer time residing on the pore surface and thus causing the <SP>129</SP>Xe NMR resonance to shift downfield.</text></s> <s sid="54"><CoreSc1 atype="GSC" type="Res" conceptID="Res8" novelty="None" advantage="None"/><text>For <IT>T</IT> &lt; 200 K, a sharp increase in chemical shift is evident, which may be attributed to the condensation of xenon.</text></s> <s sid="55"><CoreSc1 atype="GSC" type="Res" conceptID="Res9" novelty="None" advantage="None"/><text>Only below such low temperature does the chemical shift contribution due to Xe–Xe interactions become significant.</text></s> <s sid="56"><CoreSc1 atype="GSC" type="Con" conceptID="Con3" novelty="None" advantage="None"/><text>Eventually, the <SP>129</SP>Xe chemical shift is expected to approach that of bulk liquid Xe (<IT>ca</IT>. 255 ppm) and solid Xe (<IT>ca</IT>. 305 ppm).</text></s></P><P><s sid="57"><CoreSc1 atype="GSC" type="Obs" conceptID="Obs4" novelty="None" advantage="None"/><text>Unlike calcined samples whose <SP>129</SP>Xe NMR spectra of the adsorbed Xe all exhibited a symmetrical narrow peak throughout the temperature examined (Fig. 2), broader and somewhat asymmetric lines were observed for most of the functionalized AEP/CP-MP samples.</text></s> <s sid="58"><CoreSc1 atype="GSC" type="Obs" conceptID="Obs5" novelty="None" advantage="None"/><text>For example, two overlapped peaks at 87 and 98 ppm were observed for AEP-MP (Fig. 1a) at room temperature (298 K).</text></s> <s sid="59"><CoreSc1 atype="GSC" type="Obs" conceptID="Obs6" novelty="None" advantage="None"/><text>These two peaks gradually merged to form a broad line at lower temperature (<IT>T</IT> &lt; 260 K).</text></s> <s sid="60"><CoreSc1 atype="GSC" type="Obs" conceptID="Obs7" novelty="None" advantage="None"/><text>Similar phenomenon was also observed for a dodecylsilane-grafted MCM-41 mesoporous silica at high surface coverage (1.31 nm<SP>−2</SP>).<REF TYPE="P" ID="cit19">19</REF></text></s> <s sid="61"><CoreSc1 atype="GSC" type="Con" conceptID="Con4" novelty="None" advantage="None"/><text>In this context, the AEP groups existing on the mesoporous silica surfaces might form an ‘organic phase’ in which the diffusional motion of Xe would be hindered provided that the surface coverage of the organic groups was high enough.</text></s> <s sid="62"><CoreSc1 atype="GSC" type="Con" conceptID="Con4" novelty="None" advantage="None"/><text>The effect of such ‘organic phase’ would be two-fold.</text></s> <s sid="63"><CoreSc1 atype="GSC" type="Con" conceptID="Con4" novelty="None" advantage="None"/><text>First, it might block Xe from accessing to the bare silica surface.</text></s> <s sid="64"><CoreSc1 atype="GSC" type="Con" conceptID="Con4" novelty="None" advantage="None"/><text>Second, it might interact with Xe to result in an additional contribution to the <SP>129</SP>Xe chemical shift.</text></s> <s sid="65"><CoreSc1 atype="GSC" type="Res" conceptID="Res10" novelty="None" advantage="None"/><text>Thus, we attribute <IT>a priori</IT> the shoulder peak at 98 ppm to Xe residing in the surface ‘organic phase’ and the main peak at <IT>ca</IT>. 87 ppm to ‘mobile’ Xe in mesopores.</text></s> <s sid="66"><CoreSc1 atype="GSC" type="Res" conceptID="Res11" novelty="None" advantage="None"/><text>Upon decreasing temperature, the latter Xe tends to spend longer time on the pore surfaces grafted with AEP groups, hence, resulting the resonance to move toward down-filed (higher chemical shift) and eventually the two lines merge to reveal a singlet at low temperature.</text></s> <s sid="67"><CoreSc1 atype="GSC" type="Con" conceptID="Con5" novelty="None" advantage="None"/><text>Similarly, the increase in <SP>129</SP>Xe chemical shift (Fig. 3) and slight linewidth broadening observed for bifunctional samples (Fig. 1) compared to the calcined samples (Fig. 2) may also be attributed to the presence of organic groups on the surface of mesoporous silicas, which tends to slow down the exchange of Xe between different local environments.</text></s></P><P><s sid="68"><CoreSc1 atype="GSC" type="Obj" conceptID="Obj5" novelty="New" advantage="None"/><text>The interconnectivity between different Xe adsorption regions in the mesopores of AEP-MP was further examined by 2D EXSY NMR spectroscopy (Fig. 4a–c).</text></s> <s sid="69"><CoreSc1 atype="GSC" type="Obs" conceptID="Obs8" novelty="None" advantage="None"/><text>Accordingly, the exchange between regions with different chemical shifts was revealed by the cross-peaks between the signals of the exchanging sites.</text></s> <s sid="70"><CoreSc1 atype="GSC" type="Obs" conceptID="Obs9" novelty="None" advantage="None"/><text>Fig. 4a–c showed the 2D spectra of an AEP-MP sample using an exchange time (<IT>t</IT><SB>m</SB>) of 1, 5 and 25 ms, respectively.</text></s> <s sid="71"><CoreSc1 atype="GSC" type="Res" conceptID="Res12" novelty="None" advantage="None"/><text>The observed three diagonal peaks at <IT>ca</IT>. 0, 87, and 98 ppm in the vertical (F2) axis were assigned (<IT>vide supra</IT>) to gaseous Xe, ‘mobile’ Xe adsorbed in the mesopores, and Xe residing in the ‘organic phase’, respectively.</text></s> <s sid="72"><CoreSc1 atype="GSC" type="Obs" conceptID="Obs10" novelty="None" advantage="None"/><text>In addition, the off-diagonal peaks intensified with increasing exchange times set in the experimental pulse sequence.</text></s> <s sid="73"><CoreSc1 atype="GSC" type="Res" conceptID="Res13" novelty="None" advantage="None"/><text>For example, traces of cross peaks appeared at <IT>t</IT><SB>m</SB> = 1 ms (Fig. 4a) indicating that the exchange between the ‘mobile’ (87 ppm) and gaseous (0 ppm) Xe occurred even on a time scale less than a fraction of 1 ms.</text></s> <s sid="74"><CoreSc1 atype="GSC" type="Res" conceptID="Res14" novelty="None" advantage="None"/><text>As <IT>t</IT><SB>m</SB> is increased to 5 ms, wherein such exchange became more pronounced, the exchange between ‘mobile’ Xe adsorbed in the mesopores and Xe in the ‘organic phase’ (98 ppm) began to take place (Fig. 4b).</text></s> <s sid="75"><CoreSc1 atype="GSC" type="Res" conceptID="Res15" novelty="None" advantage="None"/><text>Eventually, the exchange between the ‘organic phase’ and the gaseous Xe’s was also evident with <IT>t</IT><SB>m</SB> = 25 ms (Fig. 4c), indicating that the exchange between Xe species in different adsorption regions and the gas phase appeared to be completed.</text></s> <s sid="76"><CoreSc1 atype="GSC" type="Con" conceptID="Con6" novelty="None" advantage="None"/><text>Consequently, it can be concluded that the exchange rates between different environments follow the following trend: <IT>k</IT><SB>gm</SB> &gt; <IT>k</IT><SB>mo</SB> &gt; <IT>k</IT><SB>go</SB>, where <IT>k</IT><SB>mo</SB> denotes the exchange rate between ‘mobile’ Xe in the mesopores and Xe residing in the ‘organic phase’ and <IT>k</IT><SB>gm</SB> and <IT>k</IT><SB>go</SB> denote exchange rates between gaseous-‘mobile’ Xe and gaseous-‘organic phase’ Xe, respectively, as illustrated in Fig. 5.</text></s> <s sid="77"><CoreSc1 atype="GSC" type="Con" conceptID="Con7" novelty="None" advantage="None"/><text>It is envisaged that the slower rate observed for <IT>k</IT><SB>go</SB> may manifest itself <IT>via</IT> the other two exchange processes.</text></s> <s sid="78"><CoreSc1 atype="GSC" type="Con" conceptID="Con8" novelty="None" advantage="None"/><text>Accordingly, the dynamic phenomena obtained from the <SP>129</SP>Xe 2D EXSY experiments provide strong supports to the aforementioned peak assignments for the room-temperature <SP>129</SP>Xe NMR spectrum observed for AEP–MP.</text></s></P><P><s sid="79"><CoreSc1 atype="GSC" type="Mod" conceptID="Mod3" novelty="None" advantage="None"/><text>In the VT HP-<SP>129</SP>Xe NMR experiments, the concentration of Xe in the gas mixture flowing through the sample placed in the detection (NMR coil) region was extremely low (<IT>ca</IT>. 2%, equivalent to a Xe partial pressure of 15.2 Torr) and thus could be fitted adequately to the dilute adsorption (Henry’s Law) regime.</text></s> <s sid="80"><CoreSc1 atype="GSC" type="Mod" conceptID="Mod3" novelty="None" advantage="None"/><text>Therefore, the temperature dependence of the observed <SP>129</SP>Xe chemical shift, particularly for <IT>T</IT> &gt; 200 K, could be approximated by the following equation derived based on the fast-exchange model:<REF TYPE="P" ID="cit23">23</REF>where <IT>δ</IT><SB>s</SB> is the characteristic chemical shift, representing the shift arising from Xe–surface interactions, <IT>V</IT> and <IT>S</IT> represent the free volume and specific surface area of the mesoporous materials, respectively, <IT>R</IT> is the universal gas constant, <IT>K</IT><SB>0</SB> is the pre-exponent of Henry’s constant, and Δ<IT>H</IT><SB>a</SB> is the adsorption enthalpy.</text></s> <s sid="81"><CoreSc1 atype="GSC" type="Mod" conceptID="Mod3" novelty="None" advantage="None"/><text>Values of <IT>V</IT> and <IT>S</IT> can be derived from N<SB>2</SB> adsorption/desorption data measured at 77 K and the other parameters <IT>δ</IT><SB>s</SB>, <IT>K</IT><SB>0</SB> and Δ<IT>H</IT><SB>a</SB> can be determined by least-square fittings of the observed VT HP-<SP>129</SP>Xe NMR chemical shift results to eqn. (2), as summarized in Table 1.</text></s> <s sid="82"><CoreSc1 atype="GSC" type="Met" conceptID="Met4" novelty="New" advantage="None"/><text>Since the chemical shift contribution arising from Xe–Xe interactions becomes more significant at low temperature, only those experimental results obtained at <IT>T</IT> &gt; 200 K were used during data fittings.<REF TYPE="P" ID="cit19 cit21 cit24">19,21,24</REF></text></s> <s sid="83"><CoreSc1 atype="GSC" type="Res" conceptID="Res16" novelty="None" advantage="None"/><text>All observed Δ<IT>H</IT><SB>a</SB> values fall in the range of 9–17 kJ mol<SP>−1</SP>, as expected for physical adsorption of Xe.</text></s></P></DIV><DIV DEPTH="2"><HEADER>Analysis of characteristic chemical shifts (<IT>δ</IT><SB>s</SB>)</HEADER><P><s sid="84"><CoreSc1 atype="GSC" type="Bac" conceptID="Bac5" novelty="None" advantage="None"/><text>Since the characteristic chemical shift, <IT>δ</IT><SB>s</SB>, reflects interactions between Xe and the surface of the substrate.</text></s> <s sid="85"><CoreSc1 atype="GSC" type="Hyp" conceptID="Hyp1" novelty="None" advantage="None"/><text>In this context, for the functionalized porous materials, the values of <IT>δ</IT><SB>s</SB> should arise from Xe interacting with the bare surface of the mesoporous silica as well as that with the soft organic moieties.</text></s> <s sid="86"><CoreSc1 atype="GSC" type="Goa" conceptID="Goa2" novelty="None" advantage="None"/><text>Therefore, it would be helpful to compare the <IT>δ</IT><SB>s</SB> contribution due to Xe-moieties interactions observed for various bifunctional mesoporous MCM-41 samples investigated herein.</text></s> <s sid="87"><CoreSc1 atype="GSC" type="Res" conceptID="Res17" novelty="None" advantage="None"/><text>Since the <IT>δ</IT><SB>s</SB> values observed for CP-MPC and AEP-MPC samples after removal of organic ligands by calcination were 104.9 and 106.0 ppm, respectively (Table 1), which are nearly identical (within experimental error; <IT>ca</IT>. ±1 ppm) to that of 105.4 ppm found previously for a bulk siliceous MCM-41 material (pore diameter <IT>ca</IT>. 2.54 nm)<REF TYPE="P" ID="cit19 cit21">19,21</REF> synthesized using the conventional procedure.<REF TYPE="P" ID="cit25">25</REF></text></s> <s sid="88"><CoreSc1 atype="GSC" type="Hyp" conceptID="Hyp2" novelty="None" advantage="None"/><text>Foreseeably, the surface properties of these materials, as detected by the adsorbed Xe, should be practically the same.</text></s> <s sid="89"><CoreSc1 atype="GSC" type="Res" conceptID="Res18" novelty="None" advantage="None"/><text>On the other hand, an averaged <IT>δ</IT><SB>s</SB> an increase of <IT>ca</IT>. 7–9 ppm, was observed (Fig. 6) for the calcined samples originally prepared with various AEPTMS/CPTES (or <IT>x</IT>/<IT>y</IT>) ratios compared to the calcined AEP-MPC or CP-MPC samples, indicating a more severe surface roughness<REF TYPE="P" ID="cit26">26</REF> in the bifunctional than monofunctional mesoporous silica materials after calcinations.</text></s></P><P><s sid="90"><CoreSc1 atype="GSC" type="Obs" conceptID="Obs11" novelty="None" advantage="None"/><text>It is also evident that the <IT>δ</IT><SB>s</SB> values observed for bifunctionalized AEP/CP-MP materials, which seem to scatter in the 118–122 ppm range, are significantly higher than the calcined samples (Fig. 6 and Table 1).</text></s> <s sid="91"><CoreSc1 atype="GSC" type="Res" conceptID="Res19" novelty="None" advantage="None"/><text>Xenon–organic-moiety interactions should be responsible for the observed differences.</text></s> <s sid="92"><CoreSc1 atype="GSC" type="Mod" conceptID="Mod4" novelty="None" advantage="None"/><text>Accordingly, characteristic chemical shift contribution due to Xe–moiety interactions, <IT>δ</IT><SB>s,moiety</SB>, can be derived by the simple relation:<IT>δ</IT><SB>s,moiety</SB> = <IT>δ</IT><SB>s,fun</SB> − <IT>δ</IT><SB>s,cal</SB>where <IT>δ</IT><SB>s,fun</SB> and <IT>δ</IT><SB>s,cal</SB> represent the <IT>δ</IT><SB>s</SB> values obtained from the functionalized AEP/CP-MP and calcined AEP/CP-MPC samples, respectively.</text></s> <s sid="93"><CoreSc1 atype="GSC" type="Res" conceptID="Res20" novelty="None" advantage="None"/><text>However, since Xe–moiety interactions and hence <IT>δ</IT><SB>s,moiety</SB> should be strongly related to the arrangements, functionality, chain length and coverage (<IT>ρ</IT>) of the organic moieties, it is preferable to infer the Xe–moiety interactions in terms of deshielding medium contribution (−<IT>σ</IT><SB>moiety</SB>), which can be derived by:<REF TYPE="P" ID="cit19">19</REF>Accordingly, the values of −<IT>σ</IT><SB>moiety</SB> derived from eqn. (4) are also depicted in Table 1.</text></s> <s sid="94"><CoreSc1 atype="GSC" type="Res" conceptID="Res21" novelty="None" advantage="None"/><text>It is intriguing that the −<IT>σ</IT><SB>moiety</SB> values obtained from the monofunctional and bifunctional materials fall into two distinct regions, the former observed for CP-MP and AEP-MP samples are higher than 17.7 ppm nm<SP>2</SP> whereas the latter from series of AEP/CP-MP samples are lower than 11.2 ppm nm<SP>2</SP> (Table 1).</text></s> <s sid="95"><CoreSc1 atype="GSC" type="Con" conceptID="Con9" novelty="None" advantage="None"/><text>This could be attributed to the more inhomogeneous distribution of organic moieties in the bifunctional materials compared to the monofunctional ones, as could also be inferred from the discrepancies in the observed values of <IT>δ</IT><SB>s,cal</SB> and consequently the values of <IT>δ</IT><SB>s,moiety</SB> listed in Table 1.</text></s> <s sid="96"><CoreSc1 atype="GSC" type="Con" conceptID="Con9" novelty="None" advantage="None"/><text>Unfortunately, further justification of the variation of −<IT>σ</IT><SB>moiety</SB> with AEPTMS/CPTES ratios could not be made directly based on the results obtained from the present study.</text></s></P><P><s sid="97"><CoreSc1 atype="GSC" type="Bac" conceptID="Bac6" novelty="None" advantage="None"/><text>Alternatively, complementary information may be inferred from a similar system.</text></s> <s sid="98"><CoreSc1 atype="GSC" type="Bac" conceptID="Bac6" novelty="None" advantage="None"/><text>In a previous study,<REF TYPE="P" ID="cit19">19</REF> we employed the similar VT HP-<SP>129</SP>Xe NMR technique to probe the surface properties of mesoporous MCM-41 silica grafted with various alkylsilanes by post-synthesis silylation treatment.</text></s> <s sid="99"><CoreSc1 atype="GSC" type="Bac" conceptID="Bac6" novelty="None" advantage="None"/><text>It was found that the characteristic chemical shifts responsible for Xe-surface interactions exhibited strong correlations with both the surface coverage and carbon chain length (<IT>n</IT><SB>C</SB>) of the grafted alkylsilanes.</text></s> <s sid="100"><CoreSc1 atype="GSC" type="Bac" conceptID="Bac6" novelty="None" advantage="None"/><text>Consequently, the deshielding medium contribution due to the individual alkyl ligand could be deduced based on the group contribution analysis by the following empirical relationship:<REF TYPE="P" ID="cit19">19</REF>–<IT>σ</IT><SB>moiety</SB> = 2.96<IT>n</IT><SB>C</SB> + 2.35</text></s></P><P><s sid="101"><CoreSc1 atype="GSC" type="Res" conceptID="Res22" novelty="None" advantage="None"/><text>Regardless of the differences in the chemical nature of organic ligands on the pore surface of the mesoporous silica between the two sample systems, if one take <IT>n</IT><SB>C</SB> = 5 for CPTES, an estimated −<IT>σ</IT><SB>moiety</SB> value of <IT>ca</IT>. 17.2 ppm nm<SP>2</SP> is derived for CP-MP using eqn. (5), comparable to the value 17.7 ppm nm<SP>2</SP> obtained from this study.</text></s> <s sid="102"><CoreSc1 atype="GSC" type="Con" conceptID="Con10" novelty="None" advantage="None"/><text>This is, of course, based on an oversimplified assumption that similar Xe-moieties were adsorbed in the two different mesoporous materials, namely alkylsilane-grafted MCM-41 and CP-MP that have CH<SB>3</SB> and CN as end groups, respectively, <IT>i.e.</IT>, the intrinsic chemical shift of the Xe–C and Xe–N moieties are practically the same because of the same atomic number of the organic backbones.</text></s> <s sid="103"><CoreSc1 atype="GSC" type="Res" conceptID="Res23" novelty="None" advantage="None"/><text>By the same token, if one takes <IT>n</IT><SB>C</SB> = 10 for AEPTMS, an estimated −<IT>σ</IT><SB>moiety</SB> value of <IT>ca</IT>. 32.0 ppm nm<SP>2</SP> for the AEP moiety in AEP-MP could be obtained.</text></s> <s sid="104"><CoreSc1 atype="GSC" type="Res" conceptID="Res23" novelty="None" advantage="None"/><text>However, a significantly smaller value of 23.6 ppm nm<SP>2</SP> was observed, which could be fitted to a value of <IT>n</IT><SB>C</SB> = 7 by using eqn. (5).</text></s> <s sid="105"><CoreSc1 atype="GSC" type="Res" conceptID="Res24" novelty="None" advantage="None"/><text>Furthermore, it is noteworthy that the presence of two broad, overlapping <SP>129</SP>Xe resonances in the spectra of AEP-MP around room temperature (Fig. 1a) clearly suggested the existence of a strong Xe-AEP interaction considering its medium coverage (0.56 nm<SP>−2</SP>) and backbone length.</text></s> <s sid="106"><CoreSc1 atype="GSC" type="Con" conceptID="Con11" novelty="None" advantage="None"/><text>In this context, the observation mentioned above could be explained by a “prone” or “bent” conformation of the AEP moiety on the mesopore surfaces as depicted in Fig. 7.</text></s> <s sid="107"><CoreSc1 atype="GSC" type="Con" conceptID="Con12" novelty="None" advantage="None"/><text>As we reported in a previous study,<REF TYPE="P" ID="cit5a">5<IT>a</IT></REF> the basic amino groups of the AEP functionality indeed could strongly interacted (hydrogen-bonded) with the silanol groups on the surface of the mesoporous silica.</text></s> <s sid="108"><CoreSc1 atype="GSC" type="Con" conceptID="Con12" novelty="None" advantage="None"/><text>Consequently, the AEP group will be less flexible and hence result in a decrease in interactions between Xe and each constitutional atom due to such geometric constraints.</text></s> <s sid="109"><CoreSc1 atype="GSC" type="Con" conceptID="Con13" novelty="None" advantage="None"/><text>Conversely, such a bent backbone arrangement was likely to increase the atomic density of the organic phase causing Xe to be ‘entangled’ in the organic phase and thus gave rise to a shoulder peak at 98 ppm.</text></s> <s sid="110"><CoreSc1 atype="GSC" type="Con" conceptID="Con14" novelty="None" advantage="None"/><text>In contrast, the CP and the alkyl moieties existing in the CP-MP and the aforementioned alkyl-grafted MCM-41 samples do not have any basic amino groups that can interact with the surface silanols.</text></s> <s sid="111"><CoreSc1 atype="GSC" type="Con" conceptID="Con14" novelty="None" advantage="None"/><text>In fact, conformations with flexible organic chains experienced by the adsorbed Xe were attributed to the obtained −<IT>σ</IT><SB>moiety</SB>.</text></s> <s sid="112"><CoreSc1 atype="GSC" type="Con" conceptID="Con15" novelty="None" advantage="None"/><text>Although this hypothesis is based on a simplified model, it is in good agreement with our previous findings using <SP>13</SP>C CP-MAS NMR, which revealed that the CP backbone in CP-MP is more mobile than that of AEP in AEP-MP.<REF TYPE="P" ID="cit5a">5<IT>a</IT></REF></text></s> <s sid="113"><CoreSc1 atype="GSC" type="Con" conceptID="Con15" novelty="None" advantage="None"/><text>Furthermore, should the bending of AEP backbones on the silica surface indeed occur, it will give rise to a shorter dendritic surface together with the co-existing shorter and hydrophobic CP moieties causing an effective reduction in chelating effect of the AEP group to Cu<SP>2+</SP>.</text></s> <s sid="114"><CoreSc1 atype="GSC" type="Bac" conceptID="Bac7" novelty="None" advantage="None"/><text>Consequently, lower Cu<SP>2+</SP> adsorption capacities were found for bifunctional AEP/CP-MP samples than AEP-MP<REF TYPE="P" ID="cit5">5</REF>.</text></s></P></DIV><DIV DEPTH="2"><HEADER>Formation mechanism and surface properties</HEADER><P><s sid="115"><CoreSc1 atype="GSC" type="Hyp" conceptID="Hyp3" novelty="None" advantage="None"/><text>Assuming that the calcination treatment was sufficient in removing all organic moieties without jeopardizing the structure of the mesoporous silica, the aforementioned surface roughness observed for the calcined AEP/CP-MP samples (Fig. 6) should be strongly related to the synthesis conditions.</text></s> <s sid="116"><CoreSc1 atype="GSC" type="Met" conceptID="Met5" novelty="New" advantage="None"/><text>These functionalized mesoporous silicas were prepared <IT>via</IT> a co-condensation reaction of TEOS with organoalkoxysilanes in a diluted aqueous solution of cetyltrimethylammonium bromide (CTAB).</text></s> <s sid="117"><CoreSc1 atype="GSC" type="Con" conceptID="Con16" novelty="None" advantage="None"/><text>Based on the conventional surfactant-templated mechanism<REF TYPE="P" ID="cit25">25</REF> proposed for the formation of mesoporous MCM-41 materials under similar conditions, the oligomeric silicate polyanions acting as multidentate ligands should interact with cationic surfactant head groups to form surfactant/silica bilayers of lamellar phase.</text></s> <s sid="118"><CoreSc1 atype="GSC" type="Con" conceptID="Con16" novelty="None" advantage="None"/><text>Subsequent condensation of these silicate clusters would lead to a reduction of negative charges at the interface.</text></s> <s sid="119"><CoreSc1 atype="GSC" type="Con" conceptID="Con16" novelty="None" advantage="None"/><text>As a result, the different charge-density matching between the surfactant and the silicate provoked the formation of a hexagonal surfactant–silicate composite which yielded the mesoporous structure after removal of surfactant template.</text></s> <s sid="120"><CoreSc1 atype="GSC" type="Con" conceptID="Con17" novelty="None" advantage="None"/><text>However, for the multifunctional materials studied herein, the presence of additional organic groups (AEP and/or CP) that are covalently bonded to the silicate surface would foreseeably alter the interfacial property of the surfactant-silicate assemblies.</text></s> <s sid="121"><CoreSc1 atype="GSC" type="Con" conceptID="Con17" novelty="None" advantage="None"/><text>More specifically, the presence of the hydrophobic CP groups are likely to penetrate into the surfactant phase during formation of the surfactant–silicate interface in a way analogous to MCM-41 formation thus leading to a similar silicate ordering and hence a more uniform (smoother) silica surface, as evidenced by the similar <IT>δ</IT><SB>s</SB> values observed for CP-MPC (104.9 ppm) and Si-MCM-41 (105.4 ppm).</text></s> <s sid="122"><CoreSc1 atype="GSC" type="Con" conceptID="Con17" novelty="None" advantage="None"/><text>On the other hand, the more hydrophilic AEP moieties tend to occupy the space between the surfactant and the silicate forming a surfactant/AEP-silicate interface.</text></s> <s sid="123"><CoreSc1 atype="GSC" type="Res" conceptID="Res25" novelty="None" advantage="None"/><text>Although only a slightly higher <IT>δ</IT><SB>s</SB> value was observed for AEP-MPC (106 ppm) compared to CP-MPC and Si-MCM-41, indicating a slightly rougher silica surface.</text></s> <s sid="124"><CoreSc1 atype="GSC" type="Bac" conceptID="Bac8" novelty="None" advantage="None"/><text>It is noteworthy that the interactions between the amino groups on the AEP chains and the neighboring silanol groups indeed play an important role in curling the surfactant micelles in the surfactant/silicate composites as mentioned in our previous reports.<REF TYPE="P" ID="cit5">5</REF></text></s> <s sid="125"><CoreSc1 atype="GSC" type="Bac" conceptID="Bac8" novelty="None" advantage="None"/><text>Thus, unlike MCM-41, the resultant template-free AEP-MP material possesses a disordered, wormhole-like porous structure.<REF TYPE="P" ID="cit5">5</REF></text></s></P><P><s sid="126"><CoreSc1 atype="GSC" type="Bac" conceptID="Bac8" novelty="None" advantage="None"/><text>Owing to the presence of AEP moieties, the bifunctional AEP/CP(<IT>x</IT>/<IT>y</IT>)-MP samples also possessed the wormhole-like mesoporous structures to various extents dictated by the designated <IT>x</IT>/<IT>y</IT> ratios.<REF TYPE="P" ID="cit5">5</REF></text></s> <s sid="127"><CoreSc1 atype="GSC" type="Con" conceptID="Con18" novelty="None" advantage="None"/><text>It was anticipated that a random distribution of AEP and CP moieties would lead to a non-uniform surfactant/silicate interfaces.</text></s> <s sid="128"><CoreSc1 atype="GSC" type="Con" conceptID="Con18" novelty="None" advantage="None"/><text>For example, the more hydrophobic CP moieties would tend to closely associate themselves with the surfactant micelles, whereas the hydrophilic and spatially demanding AEP-bonded silicas would like to be slightly further away from the micellar interface in order to accommodate a less favorable charge-density matching.</text></s> <s sid="129"><CoreSc1 atype="GSC" type="Con" conceptID="Con18" novelty="None" advantage="None"/><text>Such an effect could perhaps provide an explanation to the more sever surface roughness (<IT>i.e.</IT>, higher <IT>δ</IT><SB>s</SB> value; see Table 1) observed in the bifunctional AEP/CP-MPC materials in comparison with those of monofunctional AEP-MPC or CP-MPC samples.</text></s></P></DIV></DIV><DIV DEPTH="1"><HEADER>Conclusions</HEADER><P><s sid="130"><CoreSc1 atype="GSC" type="Obj" conceptID="Obj6" novelty="New" advantage="None"/><text>We have performed extensive VT HP-<SP>129</SP>Xe NMR chemical shift measurements of Xe adsorbed in a series of novel multifunctional organic/inorganic hybrid mesoporous silica materials.</text></s> <s sid="131"><CoreSc1 atype="GSC" type="Obj" conceptID="Obj6" novelty="New" advantage="Yes"/><text>Unlike conventional <SP>129</SP>Xe NMR method, HP-<SP>129</SP>Xe renders highly sensitive detection of Xe local environments even at very dilute loading and thus capable of measuring <SP>129</SP>Xe chemical shift primary associated with interactions between Xe and surface of the substrate.</text></s> <s sid="132"><CoreSc1 atype="GSC" type="Con" conceptID="Con19" novelty="None" advantage="None"/><text>As demonstrated in the present work, the use of VT HP-<SP>129</SP>Xe NMR technique allows us to probe the surface properties, pore structure, and local arrangement of the functional groups covalently anchored on the surfaces of the multifunctional AEP/CP-MP materials and hence should provoke further understanding and future developments of novel nanostructured materials.</text></s></P></DIV></BODY></PAPER>