<?xml version="1.0" encoding="UTF-8"?>
<!DOCTYPE PAPER
  SYSTEM "paper-structure-annotation.dtd">
<PAPER><mode2 name="b506790a" hasDoc="yes" version="1184"/><TITLE><s sid="1"><CoreSc1 atype="GSC" type="Obj" conceptID="Obj1" novelty="New" advantage="None"/><text>Accurate <IT>ab initio</IT> determination of spectroscopic and thermochemical properties of mono- and dichlorocarbenes<XREF TYPE="FOOTNOTE_MARKER" ID="fn1"/></text></s></TITLE><ABSTRACT><s sid="2"><CoreSc1 atype="GSC" type="Res" conceptID="Res1" novelty="None" advantage="None"/><text>The best technically feasible values for the triplet–singlet energy gap and the enthalpies of formation of the HCCl and CCl<SB>2</SB> radicals have been determined through the focal-point approach.</text></s> <s sid="3"><CoreSc1 atype="GSC" type="Met" conceptID="Met1" novelty="New" advantage="None"/><text>The electronic structure computations were based on high-level coupled cluster (CC) methods, up to quadruple excitations (CCSDTQ), and large-size correlation-consistent basis sets, ranging from aug-cc-pVDZ to aug-cc-pV6Z, followed by extrapolation to the complete basis set limit.</text></s> <s sid="4"><CoreSc1 atype="GSC" type="Met" conceptID="Met1" novelty="New" advantage="None"/><text>Small corrections due to core correlation, relativistic effects, diagonal Born–Oppenheimer correction, as well as harmonic and anharmonic zero-point vibrational energy corrections have been taken into account.</text></s> <s sid="5"><CoreSc1 atype="GSC" type="Res" conceptID="Res2" novelty="None" advantage="None"/><text>The final estimates for the triplet–singlet energy gap, <IT>T</IT><SB>0</SB>(ã), are 2170 ± 40 cm<SP>−1</SP> for HCCl and 7045 ± 60 cm<SP>−1</SP> for CCl<SB>2</SB>, favoring the singlet states in both cases.</text></s> <s sid="6"><CoreSc1 atype="GSC" type="Res" conceptID="Res3" novelty="None" advantage="None"/><text>Complete quartic force fields in internal coordinates have been computed for both the X̃ and ã states of both radicals at the frozen-core CCSD(T)/aug-cc-pVQZ level.</text></s> <s sid="7"><CoreSc1 atype="GSC" type="Res" conceptID="Res3" novelty="None" advantage="None"/><text>Using these force fields vibrational energy levels of {HCCl, DCCl, CCl<SB>2</SB>} up to {6000, 5000, 7000} cm<SP>−1</SP> were calculated both by second-order vibrational perturbation theory (VPT2) and variationally.</text></s> <s sid="8"><CoreSc1 atype="GSC" type="Con" conceptID="Con1" novelty="None" advantage="None"/><text>These results, especially the variational ones, show excellent agreement with the experimentally determined energy levels.</text></s> <s sid="9"><CoreSc1 atype="GSC" type="Res" conceptID="Res4" novelty="None" advantage="None"/><text>The enthalpies of formation of HCCl (X̃<SP>1</SP>A<SP>′</SP>) and CCl<SB>2</SB>(X̃<SP>1</SP>A<SB>1</SB>), at 0 K, are 76.28 ± 0.20 and 54.54 ± 0.20 kcal mol<SP>−1</SP>, respectively.</text></s></ABSTRACT><BODY><DIV DEPTH="1"><HEADER HEADER_MARKER="I.">Introduction</HEADER><P><s sid="10"><CoreSc1 atype="GSC" type="Bac" conceptID="Bac1" novelty="None" advantage="None"/><text>Carbenes are among the most important of reactive chemical intermediates.</text></s> <s sid="11"><CoreSc1 atype="GSC" type="Bac" conceptID="Bac1" novelty="None" advantage="None"/><text>Moreover their chemistry is particularly fascinating because their lowest singlet and triplet states are expected to be closely spaced in energy but have quite different chemistries.<REF TYPE="P" ID="cit1 cit2 cit3 cit4 cit5">1–5</REF></text></s> <s sid="12"><CoreSc1 atype="GSC" type="Mot" conceptID="Mot1" novelty="None" advantage="None"/><text>Therefore a precise determination of the singlet/triplet gap, Δ<IT>E</IT><SB>TS</SB>, is important for understanding reaction mechanisms.</text></s> <s sid="13"><CoreSc1 atype="GSC" type="Bac" conceptID="Bac1" novelty="None" advantage="None"/><text>For this reason, the determination of these energy gaps has attracted intense interest from quantum chemists and experimentalists alike.</text></s></P><P><s sid="14"><CoreSc1 atype="GSC" type="Obj" conceptID="Obj2" novelty="New" advantage="None"/><text>This paper will focus upon the study of the singlet/triplet gap of mono- and dichlorocarbene, HCCl and CCl<SB>2</SB>, respectively, by state-of-the-art quantum chemistry techniques.</text></s> <s sid="15"><CoreSc1 atype="GSC" type="Obj" conceptID="Obj3" novelty="New" advantage="None"/><text>It will also report related thermodynamic and spectroscopic properties of these molecules.</text></s></P><P><s sid="16"><CoreSc1 atype="GSC" type="Bac" conceptID="Bac2" novelty="None" advantage="None"/><text>There has been a history of both experimental<REF TYPE="P" ID="cit6 cit7 cit8 cit9 cit10 cit11 cit12 cit13 cit14 cit15 cit16 cit17 cit18 cit19 cit20 cit21 cit22 cit23 cit24 cit25 cit26 cit27 cit28 cit29 cit30 cit31 cit32 cit33 cit34 cit35 cit36 cit37 cit38 cit39 cit40 cit41 cit42 cit43 cit44 cit45 cit46 cit47 cit48 cit49 cit50 cit51 cit52 cit53 cit54 cit55">6–55</REF> and theoretical<REF TYPE="P" ID="cit56 cit57 cit58 cit59 cit60 cit61 cit62 cit63 cit64 cit65 cit66 cit67 cit68 cit69 cit70 cit71 cit72 cit73 cit74 cit75 cit76 cit77 cit78 cit79 cit80 cit81 cit82 cit83">56–83</REF> studies of chlorocarbenes.</text></s> <s sid="17"><CoreSc1 atype="GSC" type="Bac" conceptID="Bac2" novelty="None" advantage="None"/><text>Nonetheless as the brief discussion below shows, there are still major discrepancies and unanswered questions.</text></s> <s sid="18"><CoreSc1 atype="GSC" type="Goa" conceptID="Goa1" novelty="None" advantage="None"/><text>In this work, we strive to produce calculations of Δ<IT>E</IT><SB>TS</SB> for both HCCl and CCl<SB>2</SB> of “near-spectroscopic” accuracy.</text></s> <s sid="19"><CoreSc1 atype="GSC" type="Res" conceptID="Res5" novelty="None" advantage="None"/><text>Moreover, we give reasonable estimates of the expected errors in these calculations.</text></s> <s sid="20"><CoreSc1 atype="GSC" type="Con" conceptID="Con2" novelty="None" advantage="None"/><text>These calculations serve to increase the precision of previous calculations significantly.</text></s> <s sid="21"><CoreSc1 atype="GSC" type="Con" conceptID="Con2" novelty="None" advantage="None"/><text>They are also expected to complement experimental work, which ultimately should produce a gold standard of measurement for Δ<IT>E</IT><SB>TS</SB>.</text></s> <s sid="22"><CoreSc1 atype="GSC" type="Con" conceptID="Con3" novelty="None" advantage="None"/><text>We believe that our calculations are sufficiently precise to guide in a detailed fashion experimental planning and ultimately to aid the acceptance or rejection of various experimental interpretations of the measured spectra.</text></s></P><P><s sid="23"><CoreSc1 atype="GSC" type="Bac" conceptID="Bac3" novelty="None" advantage="None"/><text>The first direct spectroscopic observation of HCCl/DCCl in the gas phase was reported in 1966 by Merer and Travis,<REF TYPE="P" ID="cit6">6</REF> who have assigned the band system between 550 and 820 nm to the Ã<SP>1</SP>A″ ← X̃<SP>1</SP>A′ transition.</text></s> <s sid="24"><CoreSc1 atype="GSC" type="Bac" conceptID="Bac3" novelty="None" advantage="None"/><text>This pioneering work was followed by numerous spectroscopic studies on the Ã ← X̃ transition both in the gas phase<REF TYPE="P" ID="cit8 cit9 cit10 cit11 cit12 cit13 cit14 cit15 cit16 cit17">8–17</REF> and in Ar matrix.<REF TYPE="P" ID="cit7">7</REF></text></s> <s sid="25"><CoreSc1 atype="GSC" type="Bac" conceptID="Bac3" novelty="None" advantage="None"/><text>All of these studies revealed strong and complicated perturbations caused by the Renner–Teller effect and spin–orbit coupling with the low-lying ã<SP>3</SP>A<SP>″</SP> state.</text></s></P><P><s sid="26"><CoreSc1 atype="GSC" type="Bac" conceptID="Bac3" novelty="None" advantage="None"/><text>The first data on the X̃ state vibrational levels of HCCl, more specifically the <IT>ν</IT><SB>2</SB> (HCCl bend) and the <IT>ν</IT><SB>3</SB> (CCl stretch) fundamentals were provided by matrix isolation infrared (IR) studies.<REF TYPE="P" ID="cit7 cit18">7,18</REF></text></s> <s sid="27"><CoreSc1 atype="GSC" type="Bac" conceptID="Bac3" novelty="None" advantage="None"/><text>These data were notably complemented by Chang <IT>et al</IT>,<REF TYPE="P" ID="cit13 cit14">13,14</REF> who have identified six and 11 vibrational levels in the dispersed fluorescence spectra of HCCl and DCCl, respectively.</text></s> <s sid="28"><CoreSc1 atype="GSC" type="Bac" conceptID="Bac3" novelty="None" advantage="None"/><text>A few years later the same group has re-recorded these spectra and assigned 19/24 vibrational levels of HCCl/DCCl in the X̃ state.<REF TYPE="P" ID="cit17">17</REF></text></s> <s sid="29"><CoreSc1 atype="GSC" type="Bac" conceptID="Bac3" novelty="None" advantage="None"/><text>Besides the rotationally resolved X̃(0,0,1) ← (0,0,0) transition,<REF TYPE="P" ID="cit19">19</REF> pure rotational transitions of the X̃(0,0,0) vibrational level have also been observed recently for H<SP>35</SP>CCl and H<SP>37</SP>CCl.<REF TYPE="P" ID="cit20">20</REF></text></s> <s sid="30"><CoreSc1 atype="GSC" type="Bac" conceptID="Bac3" novelty="None" advantage="None"/><text>The analysis of these spectra resulted in effective rotational constants, centrifugal distortion constants, nuclear quadrupole interaction constants, and spin-rotation constants for these species.</text></s> <s sid="31"><CoreSc1 atype="GSC" type="Bac" conceptID="Bac3" novelty="None" advantage="None"/><text>One of the interesting observations of <REF TYPE="P" ID="cit20">ref. 20</REF> was that the spin-rotation constants make a significant contribution to the hyperfine structure due to the relatively low-lying Ã state.</text></s></P><P><s sid="32"><CoreSc1 atype="GSC" type="Bac" conceptID="Bac4" novelty="None" advantage="None"/><text>The ã<SP>3</SP>A″ − X̃<SP>1</SP>A<SP>′</SP> energy splitting, Δ<IT>E</IT><SB>TS</SB>, was estimated experimentally first by the analysis of the negative ion photoelectron spectrum of HCCl<SP>−</SP> by Lineberger <IT>et al</IT><REF TYPE="P" ID="cit21 cit22">21,22</REF> In their first report they obtained 11 ± 0.3 kcal mol<SP>−1</SP>.<REF TYPE="P" ID="cit21">21</REF></text></s> <s sid="33"><CoreSc1 atype="GSC" type="Bac" conceptID="Bac4" novelty="None" advantage="None"/><text>Later they revised this number to 4.2 ± 2.5 kcal mol<SP>−1</SP>.<REF TYPE="P" ID="cit22">22</REF></text></s> <s sid="34"><CoreSc1 atype="GSC" type="Bac" conceptID="Bac4" novelty="None" advantage="None"/><text>The analysis of the dispersed fluorescence spectra also resulted in triplet–singlet energy splitting values for HCCl and DCCl.</text></s> <s sid="35"><CoreSc1 atype="GSC" type="Bac" conceptID="Bac4" novelty="None" advantage="None"/><text>In their first dispersed fluorescence reports Chang <IT>et al</IT>,<REF TYPE="P" ID="cit13 cit14">13,14</REF> due to the lack of perturbations in the observed X̃ state vibrational levels, determined the low limits of the triplet–singlet energy splitting for HCCl/DCCl as ≈8/11 kcal mol<SP>−1</SP> with an error estimate of ±2 kcal mol<SP>−1</SP>.</text></s> <s sid="36"><CoreSc1 atype="GSC" type="Bac" conceptID="Bac4" novelty="None" advantage="None"/><text>In their recently published paper,<REF TYPE="P" ID="cit17">17</REF> which presented the analysis of new dispersed fluorescence spectra with much better signal-to-noise ratio, they have not only observed perturbations, but assigned some weak bands to the ã<SP>3</SP>A<SP>″</SP> state.</text></s> <s sid="37"><CoreSc1 atype="GSC" type="Bac" conceptID="Bac4" novelty="None" advantage="None"/><text>The new, revised Δ<IT>E</IT><SB>TS</SB> values were 6.20 ± 0.05 kcal mol<SP>−1</SP> for HCCl and 6.25 ± 0.05 kcal mol<SP>−1</SP> for DCCl.</text></s> <s sid="38"><CoreSc1 atype="GSC" type="Bac" conceptID="Bac4" novelty="None" advantage="None"/><text>At present these values seem to be the most dependable experimental estimates of Δ<IT>E</IT><SB>TS</SB> of HCCl.</text></s></P><P><s sid="39"><CoreSc1 atype="GSC" type="Bac" conceptID="Bac5" novelty="None" advantage="None"/><text>The first reliable <IT>ab initio</IT> study on Δ<IT>E</IT><SB>TS</SB> of HCCl was published by Bauschlicher <IT>et al</IT> in .1977<REF TYPE="P" ID="cit56">56</REF></text></s> <s sid="40"><CoreSc1 atype="GSC" type="Bac" conceptID="Bac5" novelty="None" advantage="None"/><text>Although these calculations were carried out at a relatively low level of electronic structure theory, the singlet and triplet states were treated in a balanced manner, <IT>i.e.</IT> Hartree–Fock theory was used for the triplet and the generalized valence bond (GVB 1/2) method for the singlet.</text></s> <s sid="41"><CoreSc1 atype="GSC" type="Bac" conceptID="Bac5" novelty="None" advantage="None"/><text>These calculations resulted in Δ<IT>E</IT><SB>TS</SB> = 1.6 kcal mol<SP>−1</SP>.</text></s> <s sid="42"><CoreSc1 atype="GSC" type="Bac" conceptID="Bac5" novelty="None" advantage="None"/><text>After this work the <IT>ab initio</IT> prediction of the triplet–singlet gap of HCCl has evolved in the following way: 5.4 kcal mol<SP>−1</SP> (1986),<REF TYPE="P" ID="cit57">57</REF> {5.8, 6.7, 5.6 ± 0.7, 9.3} kcal mol<SP>−1</SP> (1987),<REF TYPE="P" ID="cit58 cit59">58,59</REF> {6.0, 6.4 ± 0.7} kcal mol<SP>−1</SP> (1990),<REF TYPE="P" ID="cit60">60</REF> 6.39 kcal mol<SP>−1</SP> (1992),<REF TYPE="P" ID="cit61">61</REF> 4.8 kcal mol<SP>−1</SP> (1993),<REF TYPE="P" ID="cit62">62</REF> 5.8 kcal mol<SP>−1</SP> (1996),<REF TYPE="P" ID="cit63">63</REF> 6.2 kcal mol<SP>−1</SP> (1997),<REF TYPE="P" ID="cit64">64</REF> {9.0, 5.7} kcal mol<SP>−1</SP> (1999),<REF TYPE="P" ID="cit65">65</REF> {0.9–6.6} kcal mol<SP>−1</SP> (2000),<REF TYPE="P" ID="cit66">66</REF> {6.1, 6.6} kcal mol<SP>−1</SP> (2000),<REF TYPE="P" ID="cit67">67</REF> {6.1, 6.8, 5.9} kcal mol<SP>−1</SP> (2001).<REF TYPE="P" ID="cit68">68</REF></text></s> <s sid="43"><CoreSc1 atype="GSC" type="Bac" conceptID="Bac5" novelty="None" advantage="None"/><text>Considering the most dependable results<REF TYPE="P" ID="cit67 cit68">67,68</REF> among these calculations the computational estimate of Δ<IT>E</IT><SB>TS</SB> is 6.4 ± 0.8 kcal mol<SP>−1</SP>.</text></s></P><P><s sid="44"><CoreSc1 atype="GSC" type="Bac" conceptID="Bac6" novelty="None" advantage="None"/><text>The enthalpy of formation, Δ<SB>f</SB><IT>H</IT><SB>298</SB>°, of HCCl was obtained experimentally by ion cyclotron resonance (ICR)<REF TYPE="P" ID="cit45 cit46">45,46</REF> and collision induced dynamics (CID)<REF TYPE="P" ID="cit47">47</REF> techniques, which resulted in 71 ± 5 kcal mol<SP>−1</SP> (1985),<REF TYPE="P" ID="cit45">45</REF> 75.7 ± 4.8 kcal mol<SP>−1</SP> (1994),<REF TYPE="P" ID="cit46">46</REF> and 80.4 ± 2.8 kcal mol<SP>−1</SP> (1997).<REF TYPE="P" ID="cit47">47</REF></text></s> <s sid="45"><CoreSc1 atype="GSC" type="Bac" conceptID="Bac6" novelty="None" advantage="None"/><text>All the available quantum chemical calculations<REF TYPE="P" ID="cit47 cit65 cit77 cit82">47,65,77,82</REF> are consistent with these results, scattering between 75.3 and 77.4 kcal mol<SP>−1</SP>.</text></s> <s sid="46"><CoreSc1 atype="GSC" type="Bac" conceptID="Bac6" novelty="None" advantage="None"/><text>Among these predictions for Δ<SB>f</SB><IT>H</IT><SB>298</SB>° the most reliable, 76.5 ± 1 kcal mol<SP>−1</SP>, was obtained by basis set extrapolation of CCSD(T) energies and inclusion of scalar relativistic corrections.<REF TYPE="P" ID="cit77">77</REF></text></s></P><P><s sid="47"><CoreSc1 atype="GSC" type="Bac" conceptID="Bac7" novelty="None" advantage="None"/><text>The first spectroscopic study on CCl<SB>2</SB> was carried out in 1967 in an Ar matrix by Milligan and Jacox.<REF TYPE="P" ID="cit23">23</REF></text></s> <s sid="48"><CoreSc1 atype="GSC" type="Bac" conceptID="Bac7" novelty="None" advantage="None"/><text>In this matrix isolation IR study the symmetric and the antisymmetric stretching frequencies, 748 and 721 cm<SP>−1</SP> for C<SP>35</SP>Cl<SB>2</SB> and 726 and 700 cm<SP>−1</SP> for C<SP>35</SP>Cl<SP>37</SP>Cl, respectively, were obtained, but without an unambiguous assignment of which is which.</text></s> <s sid="49"><CoreSc1 atype="GSC" type="Bac" conceptID="Bac7" novelty="None" advantage="None"/><text>A year later Andrews<REF TYPE="P" ID="cit24">24</REF> performed a similar experiment and assigned the lower of these frequencies to the symmetric stretch (<IT>ν</IT><SB>1</SB>).</text></s> <s sid="50"><CoreSc1 atype="GSC" type="Bac" conceptID="Bac7" novelty="None" advantage="None"/><text>Some further Ne,<REF TYPE="P" ID="cit41">41</REF> Ar,<REF TYPE="P" ID="cit18 cit25">18,25</REF> and Kr<REF TYPE="P" ID="cit18">18</REF> matrix IR studies have confirmed this assignment, while fluorescence studies in cryogenic matrices<REF TYPE="P" ID="cit26 cit27 cit28">26–28</REF> resulted in a value for the bending fundamental (<IT>ν</IT><SB>2</SB>) of 333 cm<SP>−1</SP> in Ar, for the first time.</text></s> <s sid="51"><CoreSc1 atype="GSC" type="Bac" conceptID="Bac8" novelty="None" advantage="None"/><text>The Ã<SP>1</SP><IT>B</IT><SB>1</SB> ← X̃<SP>1</SP>A<SB>1</SB> excitation energies have also been obtained, <IT>T</IT><SB>0</SB>=17 092 cm<SP>−1</SP> in Ar, first from matrix isolation experiments.<REF TYPE="P" ID="cit23 cit25 cit26 cit27 cit28">23,25–28</REF></text></s></P><P><s sid="52"><CoreSc1 atype="GSC" type="Bac" conceptID="Bac8" novelty="None" advantage="None"/><text>In 1977 Huie <IT>et al</IT><REF TYPE="P" ID="cit29">29</REF> recorded the laser-induced fluorescence (LIF) excitation spectrum of the Ã<SP>1</SP>B<SB>1</SB> ← X̃<SP>1</SP>A<SB>1</SB> transition of CCl<SB>2</SB> in the gas phase.</text></s> <s sid="53"><CoreSc1 atype="GSC" type="Bac" conceptID="Bac8" novelty="None" advantage="None"/><text>This was followed by several other gas-phase laser<REF TYPE="P" ID="cit30 cit31 cit32 cit33 cit34 cit35 cit36 cit44">30–36,44</REF> and synchrotron<REF TYPE="P" ID="cit37 cit38">37,38</REF> fluorescence excitation studies.</text></s> <s sid="54"><CoreSc1 atype="GSC" type="Bac" conceptID="Bac8" novelty="None" advantage="None"/><text>Among these probably the most notable are the first rotationally resolved jet-cooled studies of Clouthier and Karolczak,<REF TYPE="P" ID="cit34 cit35">34,35</REF> which yielded structural and vibrational parameters of the two lowest-lying singlet states.</text></s> <s sid="55"><CoreSc1 atype="GSC" type="Bac" conceptID="Bac8" novelty="None" advantage="None"/><text>Since in these works the ground-state vibrational parameters were determined from the observed hot bands of the excitation spectra, these data were substantially refined by the analysis of the recently recorded<REF TYPE="P" ID="cit43 cit44">43,44</REF> dispersed fluorescence spectra.</text></s> <s sid="56"><CoreSc1 atype="GSC" type="Bac" conceptID="Bac8" novelty="None" advantage="None"/><text>These two papers together report 83 and 40 assigned X̃-state vibrational levels for C<SP>35</SP>Cl<SB>2</SB> and C<SP>35</SP>Cl<SP>37</SP>Cl, respectively.</text></s> <s sid="57"><CoreSc1 atype="GSC" type="Bac" conceptID="Bac8" novelty="None" advantage="None"/><text>Two microwave studies<REF TYPE="P" ID="cit39 cit40">39,40</REF> on C<SP>35</SP>Cl<SB>2</SB> provided not only accurate rotational constants but also centrifugal distortion constants, elements of the complete nuclear quadrupole coupling tensor, and nuclear spin-rotation constants.</text></s></P><P><s sid="58"><CoreSc1 atype="GSC" type="Bac" conceptID="Bac8" novelty="None" advantage="None"/><text>Similarly to HCCl, the triplet–singlet energy splitting of CCl<SB>2</SB> was first estimated reliably <IT>ab initio</IT> by Bauschlicher <IT>et al</IT><REF TYPE="P" ID="cit56">56</REF> Including this work the theoretical predictions between 1977 and 1999 started to converge to around 19–23 kcal mol<SP>−1</SP> as follows: 13.5 kcal mol<SP>−1</SP> (1977),<REF TYPE="P" ID="cit56">56</REF> 19.1 kcal mol<SP>−1</SP> (1979),<REF TYPE="P" ID="cit70">70</REF> 21.9 kcal mol<SP>−1</SP> (1985),<REF TYPE="P" ID="cit71">71</REF> {21.1, 23.2, 21.6 ± 1.4, 25.9} kcal mol<SP>−1</SP> (1987),<REF TYPE="P" ID="cit58 cit59">58,59</REF> 20.5 kcal mol<SP>−1</SP> (1990),<REF TYPE="P" ID="cit60">60</REF> 23.7 kcal mol<SP>−1</SP> (1991),<REF TYPE="P" ID="cit72">72</REF> 20.0 kcal mol<SP>−1</SP> (1992),<REF TYPE="P" ID="cit61">61</REF> 23.7 kcal mol<SP>−1</SP> (1992),<REF TYPE="P" ID="cit73">73</REF> 20.5 ± 1 kcal mol<SP>−1</SP> (1993),<REF TYPE="P" ID="cit62">62</REF> 19.7 kcal mol<SP>−1</SP> (1996),<REF TYPE="P" ID="cit63">63</REF> 21.0 kcal mol<SP>−1</SP> (1999),<REF TYPE="P" ID="cit74">74</REF> and {23.1, 19.6} kcal mol<SP>−1</SP> (1999).<REF TYPE="P" ID="cit65">65</REF></text></s> <s sid="59"><CoreSc1 atype="GSC" type="Bac" conceptID="Bac9" novelty="None" advantage="None"/><text>In 1999 Lineberger <IT>et al</IT> have published a report on the photoelectron spectrum of CCl<SB>2</SB><SP>−</SP>.<REF TYPE="P" ID="cit42">42</REF></text></s> <s sid="60"><CoreSc1 atype="GSC" type="Bac" conceptID="Bac9" novelty="None" advantage="None"/><text>In this work they have determined the triplet–singlet energy splitting of CCl<SB>2</SB> to be 3 ± 3 kcal mol<SP>−1</SP>.</text></s> <s sid="61"><CoreSc1 atype="GSC" type="Bac" conceptID="Bac9" novelty="None" advantage="None"/><text>This has ignited a huge trepidation in the community of theoretically oriented chemists and inspired several groups to perform more accurate theoretical predictions and publish papers on the “surprising difference”<REF TYPE="P" ID="cit75">75</REF> or on the “remarkable discrepancy between theory and experiment”<REF TYPE="P" ID="cit66">66</REF> including these new estimates for the triplet–singlet splitting: 19.5 ± 2 kcal mol<SP>−1</SP> (2000),<REF TYPE="P" ID="cit75">75</REF> 20.0 ± 1 kcal mol<SP>−1</SP> (2000),<REF TYPE="P" ID="cit76">76</REF> {19.2, 20.9} kcal mol<SP>−1</SP> (2000),<REF TYPE="P" ID="cit77">77</REF> {14.7–21.5} kcal mol<SP>−1</SP> (2000),<REF TYPE="P" ID="cit66">66</REF> {21.0, 21.5, 19.9} kcal mol<SP>−1</SP> (2001),<REF TYPE="P" ID="cit68">68</REF> 19.8 kcal mol<SP>−1</SP> (2003).<REF TYPE="P" ID="cit80">80</REF></text></s> <s sid="62"><CoreSc1 atype="GSC" type="Bac" conceptID="Bac9" novelty="None" advantage="None"/><text>Ideas have been put forward to reinterpret the “mystery state”<REF TYPE="P" ID="cit75">75</REF> of the photoelectron spectrum.</text></s> <s sid="63"><CoreSc1 atype="GSC" type="Bac" conceptID="Bac9" novelty="None" advantage="None"/><text>Lee <IT>et al</IT><REF TYPE="P" ID="cit76">76</REF> suggested that it could be an excited state of the anion or that the discrepancy could come from the errors fitting the Franck–Condon factors.</text></s> <s sid="64"><CoreSc1 atype="GSC" type="Bac" conceptID="Bac9" novelty="None" advantage="None"/><text>McKee and Michl assumed,<REF TYPE="P" ID="cit81">81</REF> and supported it with calculations, that the “mystery” band corresponds to the quartet state of CCl<SB>2</SB><SP>−</SP>.</text></s> <s sid="65"><CoreSc1 atype="GSC" type="Bac" conceptID="Bac9" novelty="None" advantage="None"/><text>Efforts to obtain a new experimental value for the triplet–singlet energy gap have also been made by analyzing the laser-induced dispersed fluorescence spectrum of CCl<SB>2</SB>.<REF TYPE="P" ID="cit43">43</REF></text></s> <s sid="66"><CoreSc1 atype="GSC" type="Bac" conceptID="Bac9" novelty="None" advantage="None"/><text>Although the spectrum of CCl<SB>2</SB> has been recorded up to 8500 cm<SP>−1</SP>, due to its complexity, <IT>e.g.</IT>, the occurrence of Fermi resonances and an unfavorable signal-to-noise ratio, in the high-energy region it could be fully and unambiguously assigned to X̃-state vibrational levels “only” up to 5000 cm<SP>−1</SP>.</text></s> <s sid="67"><CoreSc1 atype="GSC" type="Bac" conceptID="Bac9" novelty="None" advantage="None"/><text>Hence, only a lower limit of 14 kcal mol<SP>−1</SP> could be determined from this experiment.</text></s></P><P><s sid="68"><CoreSc1 atype="GSC" type="Bac" conceptID="Bac10" novelty="None" advantage="None"/><text>The enthalpy of formation, Δ<SB>f</SB><IT>H</IT><SB>298</SB>°, of CCl<SB>2</SB> has been obtained experimentally in numerous ways including kinetic studies,<REF TYPE="P" ID="cit48">48</REF> electron impact experiments,<REF TYPE="P" ID="cit49 cit53">49,53</REF> ion cyclotron resonance techniques,<REF TYPE="P" ID="cit45 cit50 cit51 cit51 cit52">45,50–52</REF> collision induced dynamics studies,<REF TYPE="P" ID="cit47 cit54">47,54</REF> and by determination of the ionization potential.<REF TYPE="P" ID="cit55">55</REF></text></s> <s sid="69"><CoreSc1 atype="GSC" type="Bac" conceptID="Bac10" novelty="None" advantage="None"/><text>Some of these studies, especially the earlier ones, resulted in values below 50 kcal mol<SP>−1</SP>: 47 ± 3 kcal mol<SP>−1</SP> (1967),<REF TYPE="P" ID="cit48">48</REF> 44 ± 2 kcal mol<SP>−1</SP> (1976),<REF TYPE="P" ID="cit50">50</REF> 47.8 ± 2 kcal mol<SP>−1</SP> (1978),<REF TYPE="P" ID="cit52">52</REF> 37 ± 7 kcal mol<SP>−1</SP> (1980),<REF TYPE="P" ID="cit53">53</REF> 39 ± 3 kcal mol<SP>−1</SP> (1985).<REF TYPE="P" ID="cit45">45</REF></text></s> <s sid="70"><CoreSc1 atype="GSC" type="Bac" conceptID="Bac10" novelty="None" advantage="None"/><text>In contrast to these, other measurements, including the most recent ones scatter between 51 and 57 kcal mol<SP>−1</SP>: 56.5 ± 5 kcal mol<SP>−1</SP> (1968),<REF TYPE="P" ID="cit49">49</REF> 53.8 ± 2 kcal mol<SP>−1</SP> (1977),<REF TYPE="P" ID="cit51">51</REF> 52.1 ± 3.4 kcal mol<SP>−1</SP> (1991),<REF TYPE="P" ID="cit54">54</REF> 51.0 ± 2.0 kcal mol<SP>−1</SP> (1993),<REF TYPE="P" ID="cit55">55</REF> 55.0 ± 2.0 kcal mol<SP>−1</SP> (1985).<REF TYPE="P" ID="cit47">47</REF></text></s> <s sid="71"><CoreSc1 atype="GSC" type="Bac" conceptID="Bac10" novelty="None" advantage="None"/><text>All the theoretical results<REF TYPE="P" ID="cit47 cit65 cit77 cit78 cit79 cit82 cit83">47,65,77–79,82,83</REF> favor the higher value and predict Δ<SB>f</SB><IT>H</IT><SB>298</SB>° between 51 and 56 kcal mol<SP>−1</SP>.</text></s> <s sid="72"><CoreSc1 atype="GSC" type="Bac" conceptID="Bac10" novelty="None" advantage="None"/><text>The highest-level calculation so far was performed by Demaison <IT>et al</IT><REF TYPE="P" ID="cit79">79</REF> using the Weizmann 2 (W2) model chemistry.<REF TYPE="P" ID="cit84 cit85">84,85</REF></text></s> <s sid="73"><CoreSc1 atype="GSC" type="Bac" conceptID="Bac10" novelty="None" advantage="None"/><text>In this study 54.48 ± 0.4 kcal mol<SP>−1</SP> was obtained for Δ<SB>f</SB><IT>H</IT><SB>0</SB>°, which, when combined with other reliable results,<REF TYPE="P" ID="cit77">77</REF> gives 54.8 ± 0.4 kcal mol<SP>−1</SP> for Δ<SB>f</SB><IT>H</IT><SB>298</SB>°.</text></s></P><P><s sid="74"><CoreSc1 atype="GSC" type="Bac" conceptID="Bac11" novelty="None" advantage="None"/><text>For an even more detailed summary of the experimental and theoretical evaluations of the triplet–singlet energy splittings and enthalpies of formation of HCCl and CCl<SB>2</SB> see Tables S1–S4 of the electronic supplementary information (ESI).<SUP TYPE="FOOTNOTE_MARKER" ID="fn1"/></text></s></P><P><s sid="75"><CoreSc1 atype="GSC" type="Goa" conceptID="Goa2" novelty="None" advantage="None"/><text>The purpose of this paper is to reduce the uncertainty of the theoretical predictions for the above-discussed spectroscopic and thermochemical properties of the HCCl and CCl<SB>2</SB> radicals by using sophisticated theoretical techniques.</text></s> <s sid="76"><CoreSc1 atype="GSC" type="Goa" conceptID="Goa3" novelty="None" advantage="None"/><text>Indeed we aim to approach “near-spectroscopic” accuracy, <IT>i.e.</IT>, ±∼50 cm<SP>−1</SP> for Δ<IT>E</IT><SB>TS</SB>.</text></s> <s sid="77"><CoreSc1 atype="GSC" type="Obj" conceptID="Obj4" novelty="New" advantage="None"/><text>After the detailed description of the methodologies applied (Section II), we report in Section III the theoretical determination of the triplet–singlet energy gap [<IT>T</IT><SB>0</SB> (ã)] of HCCl and CCl<SB>2</SB> by employing the focal-point approach (FPA).<REF TYPE="P" ID="cit86 cit87">86,87</REF></text></s> <s sid="78"><CoreSc1 atype="GSC" type="Met" conceptID="Met2" novelty="New" advantage="None"/><text>Beyond the apparent accuracy of the FPA method its other advantage is that the uncertainty of its final energy predictions can be estimated reliably due to the systematic build-up of its composite calculations.</text></s> <s sid="79"><CoreSc1 atype="GSC" type="Obj" conceptID="Obj5" novelty="New" advantage="None"/><text>In Section IV vibrational energy levels calculated both perturbationally and variationally from an accurate quartic force field representation of the potential energy surfaces (PESs) of HCCl and CCl<SB>2</SB> are presented.</text></s> <s sid="80"><CoreSc1 atype="GSC" type="Con" conceptID="Con4" novelty="None" advantage="None"/><text>It is shown that due to the accuracy of these vibrational calculations they can help the further analysis of the dispersed fluorescence spectra, including the possible identification of the triplet state of CCl<SB>2</SB>.</text></s> <s sid="81"><CoreSc1 atype="GSC" type="Obj" conceptID="Obj6" novelty="New" advantage="None"/><text>In Section V accurate <IT>ab initio</IT> determination of the enthalpies of formation, Δ<SB>f</SB><IT>H</IT><SB><IT>T</IT></SB>°, of HCCl and CCl<SB>2</SB> is described, utilizing FPA results of this study and related existing high-quality thermochemical data.<REF TYPE="P" ID="cit88 cit89 cit90 cit91 cit92">88–92</REF></text></s> <s sid="82"><CoreSc1 atype="GSC" type="Bac" conceptID="Bac12" novelty="None" advantage="None"/><text>The paper is concluded by a short summary detailing the possible impact of the new theoretical data on subsequent experiments.</text></s></P></DIV><DIV DEPTH="1"><HEADER HEADER_MARKER="II.">Computational details</HEADER><DIV DEPTH="2"><HEADER HEADER_MARKER="II.1.">Electronic structure calculations</HEADER><P><s sid="83"><CoreSc1 atype="GSC" type="Met" conceptID="Met3" novelty="New" advantage="None"/><text>As it is mentioned in the Introduction the electronic structure calculations have been carried out according to the recipe of the so-called focal-point approach documented well in recent publications.<REF TYPE="P" ID="cit86 cit87">86,87</REF></text></s> <s sid="84"><CoreSc1 atype="GSC" type="Bac" conceptID="Bac13" novelty="None" advantage="None"/><text>Therefore, it is not described here in detail.</text></s> <s sid="85"><CoreSc1 atype="GSC" type="Bac" conceptID="Bac13" novelty="None" advantage="None"/><text>However, the structure of the rest of this section is organized in a way to follow the major steps of FPA and give insight for a reader not familiar with this approach.</text></s> <s sid="86"><CoreSc1 atype="GSC" type="Exp" conceptID="Exp1" novelty="None" advantage="None"/><text>The electronic structure calculations reported in this paper have been performed with the help of the ACES II,<REF TYPE="P" ID="cit93 cit94">93,94</REF> PSI 2,<REF TYPE="P" ID="cit95">95</REF> Gaussian03,<REF TYPE="P" ID="cit96">96</REF> and MRCC<REF TYPE="P" ID="cit97 cit98">97,98</REF> program packages.</text></s></P><P><s sid="87"><CoreSc1 atype="GSC" type="Mod" conceptID="Mod1" novelty="None" advantage="None"/><text>Reference electronic wave functions have been determined by the single-configuration restricted-open-shell Hartree–Fock (ROHF) method.</text></s> <s sid="88"><CoreSc1 atype="GSC" type="Exp" conceptID="Exp2" novelty="None" advantage="None"/><text>In the case of CCl<SB>2</SB> the computations have been repeated using an unrestricted Hartree–Fock (UHF) reference, as well.</text></s> <s sid="89"><CoreSc1 atype="GSC" type="Mod" conceptID="Mod2" novelty="None" advantage="None"/><text>Electron correlation was accounted for by standard methods of electronic structure theory: second-order Møller–Plesset (MP2) perturbation theory,<REF TYPE="P" ID="cit99">99</REF> and the coupled cluster (CC) series, including single and double (CCSD),<REF TYPE="P" ID="cit100">100</REF> single, double and perturbatively estimated triple [CCSD(T)],<REF TYPE="P" ID="cit101">101</REF> single, double and triple (CCSDT),<REF TYPE="P" ID="cit102 cit103">102,103</REF> and single, double, triple and quadruple excitations (CCSDTQ).<REF TYPE="P" ID="cit104 cit105">104,105</REF></text></s> <s sid="90"><CoreSc1 atype="GSC" type="Mod" conceptID="Mod2" novelty="None" advantage="None"/><text>In the valence-only correlated-level calculations the 1s orbital of C and the 1s, 2s, and 2p orbitals of Cl were kept doubly occupied.</text></s> <s sid="91"><CoreSc1 atype="GSC" type="Mod" conceptID="Mod2" novelty="None" advantage="None"/><text>No virtual molecular orbitals were kept frozen in any of the calculations.</text></s></P><P><s sid="92"><CoreSc1 atype="GSC" type="Mod" conceptID="Mod2" novelty="None" advantage="None"/><text>Relativistic electronic energy corrections were determined by the 1-electron mass-velocity–Darwin (MVD1)<REF TYPE="P" ID="cit106 cit107">106,107</REF> and the second-order Douglas–Kroll–Hess [DKH(2)]<REF TYPE="P" ID="cit108 cit109 cit110 cit111 cit112">108–112</REF> methods.</text></s> <s sid="93"><CoreSc1 atype="GSC" type="Mod" conceptID="Mod2" novelty="None" advantage="None"/><text>Corrections beyond the Dirac–Coulomb theory<REF TYPE="P" ID="cit113">113</REF> (<IT>e.g.</IT>, the Breit term) and quantum electrodynamics (QED) contributions (Lamb-shift),<REF TYPE="P" ID="cit114">114</REF> which supposed to be much smaller than the remaining uncertainty of the non-relativistic calculations, were neglected in this study.</text></s></P><P><s sid="94"><CoreSc1 atype="GSC" type="Exp" conceptID="Exp3" novelty="None" advantage="None"/><text>Computation of the mass-dependent diagonal Born–Oppenheimer correction (DBOC) was performed by the BORN program operating within the PSI 2 program package at the Hartree–Fock level, using the formalism of Handy, Yamaguchi and Schaefer.<REF TYPE="P" ID="cit115">115</REF></text></s></P><P><s sid="95"><CoreSc1 atype="GSC" type="Mod" conceptID="Mod3" novelty="None" advantage="None"/><text>The one-particle basis sets chosen for the frozen-core correlation calculations include the correlation-consistent (aug)-cc-pV<IT>X</IT>Z, <IT>X</IT> = 2(D), 3(T), 4(Q), 5, and 6, basis sets developed by Dunning and co-workers.<REF TYPE="P" ID="cit116 cit117">116,117</REF></text></s> <s sid="96"><CoreSc1 atype="GSC" type="Exp" conceptID="Exp4" novelty="None" advantage="None"/><text>If not noted otherwise, the improved version<REF TYPE="P" ID="cit118">118</REF> of these basis sets have been employed for Cl, which include more d-functions than the original version.<REF TYPE="P" ID="cit119">119</REF></text></s> <s sid="97"><CoreSc1 atype="GSC" type="Mod" conceptID="Mod4" novelty="None" advantage="None"/><text>All-electron correlation calculations have been carried out using the (aug)-cc-pCV<IT>X</IT>Z sets,<REF TYPE="P" ID="cit120 cit121">120,121</REF> which are able to describe the core region adequately.</text></s> <s sid="98"><CoreSc1 atype="GSC" type="Mod" conceptID="Mod4" novelty="None" advantage="None"/><text>Estimation of the complete basis set (CBS) limits have been performed by well-established extrapolation formulas, namely by an exponential formula,<REF TYPE="P" ID="cit122">122</REF><IT>E</IT><SP><IT>X</IT></SP> = <IT>E</IT><SB>CBS</SB> + <IT>a</IT>exp(−<IT>bX</IT>)in the case of HF and an inverse power formula,<REF TYPE="P" ID="cit123">123</REF><IT>E</IT><SP><IT>X</IT></SP> = <IT>E</IT><SB>CBS</SB> + <IT>cX</IT><SP>−3</SP>for both the frozen-core and all-electron correlated energy increments.</text></s> <s sid="99"><CoreSc1 atype="GSC" type="Mod" conceptID="Mod4" novelty="None" advantage="None"/><text>For DBOC energy correction calculations the Dunning–Huzinaga-type DZP and TZ2P basis sets<REF TYPE="P" ID="cit124">124</REF> have been used.</text></s></P><P><s sid="100"><CoreSc1 atype="GSC" type="Mod" conceptID="Mod5" novelty="None" advantage="None"/><text>Reference geometries of CCl<SB>2</SB> and HCCl for the single-point energy calculations within the focal-point approach and for the force field calculations have been obtained by geometry optimization at the all-electron CCSD(T)/aug-cc-pCVTZ level of theory.</text></s> <s sid="101"><CoreSc1 atype="GSC" type="Mod" conceptID="Mod5" novelty="None" advantage="None"/><text>The related structural parameters are collected in Table 1.</text></s></P><P><s sid="102"><CoreSc1 atype="GSC" type="Mod" conceptID="Mod6" novelty="None" advantage="None"/><text>Quartic (and partial sextic) force fields in (stretch, stretch, bend) internal coordinates have been determined by finite differentiation of frozen-core CCSD(T)/aug-cc-pVQZ energy values.</text></s> <s sid="103"><CoreSc1 atype="GSC" type="Met" conceptID="Met4" novelty="New" advantage="None"/><text>This level of electronic structure theory was chosen because it represents a well-known Pauling-point in the computational armamentarium, and according to our experience it provides an almost as good local PES as the best state-of-the-art <IT>ab initio</IT> surfaces (<IT>i.e.</IT> CBS extrapolated and augmented by auxiliary corrections)<REF TYPE="P" ID="cit125">125</REF>.</text></s></P></DIV><DIV DEPTH="2"><HEADER HEADER_MARKER="II.2.">Vibrational energy level calculations</HEADER><P><s sid="104"><CoreSc1 atype="GSC" type="Mod" conceptID="Mod7" novelty="None" advantage="None"/><text>Vibrational energy levels were computed using formulas based on second-order vibrational perturbational theory (VPT2)<REF TYPE="P" ID="cit126 cit127 cit128 cit129">126–129</REF> and by an approximately variational discrete variable representation (DVR)<REF TYPE="P" ID="cit130 cit131 cit132">130–132</REF> technique.<REF TYPE="P" ID="cit133">133</REF></text></s></P><P><s sid="105"><CoreSc1 atype="GSC" type="Exp" conceptID="Exp5" novelty="None" advantage="None"/><text>The VPT2 calculations were performed using the ANHARM<REF TYPE="P" ID="cit128">128</REF> program package.</text></s> <s sid="106"><CoreSc1 atype="GSC" type="Mod" conceptID="Mod8" novelty="None" advantage="None"/><text>Since the geometry optimizations and the force field calculations have been performed at different levels of theory, the force fields included non-zero forces.</text></s> <s sid="107"><CoreSc1 atype="GSC" type="Mod" conceptID="Mod8" novelty="None" advantage="None"/><text>The (stretch, stretch, bend) quartic force fields were first transformed to (SPF, SPF, bend) coordinates, where SPF stands for Simons–Parr–Finlan<REF TYPE="P" ID="cit134">134</REF> coordinates, where the forces were neglected, then to Cartesian coordinates, the necessary inputs of ANHARM.</text></s></P><P><s sid="108"><CoreSc1 atype="GSC" type="Exp" conceptID="Exp6" novelty="None" advantage="None"/><text>The variational calculations were performed with the program DOPI3,<REF TYPE="P" ID="cit133">133</REF> where DOPI stands for DVR (D)—Hamiltonian in orthogonal (O) coordinates—direct product (P) basis—iterative (I) sparse Lanczos eigensolver.</text></s> <s sid="109"><CoreSc1 atype="GSC" type="Mod" conceptID="Mod9" novelty="None" advantage="None"/><text>The PES for the variational calculations was built using force constants in the quartic (SPF, SPF, bend) representation, where the non-zero forces were not neglected in the expansion of the potential.</text></s> <s sid="110"><CoreSc1 atype="GSC" type="Met" conceptID="Met5" novelty="New" advantage="None"/><text>The use of the quartic force field in SPF coordinates was chosen because according to previous results<REF TYPE="P" ID="cit133 cit134">133,134</REF> (i) employing an SPF representation instead of the simple stretch representation results in better agreement between the variationally computed and the experimental energy levels; and (ii) the quartic and sextic force fields in SPF coordinates result in highly similar energy levels.</text></s> <s sid="111"><CoreSc1 atype="GSC" type="Obs" conceptID="Obs1" novelty="None" advantage="None"/><text>All the vibrational energies presented were converged to better than 0.01 cm<SP>−1</SP>.</text></s> <s sid="112"><CoreSc1 atype="GSC" type="Exp" conceptID="Exp7" novelty="None" advantage="None"/><text>In some variational calculations the quintic and sextic diagonal bending internal coordinate force constants have also been included to improve the description of the bending motion.</text></s></P><P><s sid="113"><CoreSc1 atype="GSC" type="Exp" conceptID="Exp8" novelty="None" advantage="None"/><text>All the necessary force field transformations both for the VPT2 and the variational calculations have been carried out with the help of the INTDER<REF TYPE="P" ID="cit135 cit136 cit137">135–137</REF> program.</text></s></P></DIV></DIV><DIV DEPTH="1"><HEADER HEADER_MARKER="III.">Triplet–singlet energy gap</HEADER><DIV DEPTH="2"><HEADER HEADER_MARKER="III.1.">HCCl and DCCl</HEADER><P><s sid="114"><CoreSc1 atype="GSC" type="Obs" conceptID="Obs2" novelty="None" advantage="None"/><text>The valence-only FPA results for the triplet–singlet energy splitting of HCCl are summarized in Table 2.</text></s> <s sid="115"><CoreSc1 atype="GSC" type="Con" conceptID="Con5" novelty="None" advantage="None"/><text>From the data presented the following conclusions, similar to those found for CH<SB>2</SB>,<REF TYPE="P" ID="cit138">138</REF> can be drawn: (i) Both the extension of the one-particle basis set and the electron correlation treatment systematically lowers the energy of the singlet state with respect to the triplet state.</text></s> <s sid="116"><CoreSc1 atype="GSC" type="Con" conceptID="Con5" novelty="None" advantage="None"/><text>(ii) The HF triplet–singlet energy splitting is fairly independent of the size of the one-particle basis set, it changes only 276 cm<SP>−1</SP> between the aug-cc-pVDZ and the CBS limit.</text></s> <s sid="117"><CoreSc1 atype="GSC" type="Con" conceptID="Con5" novelty="None" advantage="None"/><text>Convergence of the higher-order electron correlation contributions, δCCSD(T)<REF TYPE="P" ID="cit139">139</REF> and above, with the one-particle basis set is even faster.</text></s> <s sid="118"><CoreSc1 atype="GSC" type="Con" conceptID="Con5" novelty="None" advantage="None"/><text>(iii) The δMP2 and δCCSD contributions converge rather slowly, the change of their absolute value from the aug-cc-pCVDZ basis set to the CBS limit is 977 and 522 cm<SP>−1</SP>, respectively.</text></s> <s sid="119"><CoreSc1 atype="GSC" type="Con" conceptID="Con5" novelty="None" advantage="None"/><text>(iv) The well-known imbalanced treatment of the two electronic states at the HF level of theory is slowly corrected as the single-reference electron correlation treatment is improved.</text></s> <s sid="120"><CoreSc1 atype="GSC" type="Con" conceptID="Con5" novelty="None" advantage="None"/><text>This is well demonstrated by the extremely large δCCSD(T) contribution, 691 cm<SP>−1</SP> at the CBS limit.</text></s> <s sid="121"><CoreSc1 atype="GSC" type="Res" conceptID="Res6" novelty="None" advantage="None"/><text>Nevertheless, the δCCSDTQ increment is comfortably small, +47 cm<SP>−1</SP>.</text></s> <s sid="122"><CoreSc1 atype="GSC" type="Res" conceptID="Res7" novelty="None" advantage="None"/><text>Our final estimate for the valence-only triplet–singlet energy gap is 2205 ± 35 cm<SP>−1</SP>.</text></s></P><P><s sid="123"><CoreSc1 atype="GSC" type="Res" conceptID="Res8" novelty="None" advantage="None"/><text>Furthermore, again similarly to observations for CH<SB>2</SB>,<REF TYPE="P" ID="cit138">138</REF> inclusion of core correlation is important, it considerably stabilizes the triplet state with respect to the singlet state (see Table 3).</text></s> <s sid="124"><CoreSc1 atype="GSC" type="Con" conceptID="Con6" novelty="None" advantage="None"/><text>It is also in good correspondence with the observations for CH<SB>2</SB> and other previous studies that, due to the opposite signs of the δCCSD and the δCCSD(T) contributions the MP2 level of theory, with a large enough (<IT>e.g.</IT>, cc-pCVQZ) basis set, estimates well the converged core correlation contribution, which is determined in this study to be −146 ± 20 cm<SP>−1</SP>.</text></s></P><P><s sid="125"><CoreSc1 atype="GSC" type="Met" conceptID="Met6" novelty="New" advantage="None"/><text>Since the contribution of the relativistic effects is expected to be more important in the case of HCCl than in CH<SB>2</SB> it was computed in a somewhat more careful manner.</text></s> <s sid="126"><CoreSc1 atype="GSC" type="Met" conceptID="Met6" novelty="New" advantage="None"/><text>First, the one-electron scalar contribution was obtained by the MVD1 perturbation method using the ROHF wave function.</text></s> <s sid="127"><CoreSc1 atype="GSC" type="Met" conceptID="Met6" novelty="New" advantage="None"/><text>This was then augmented by the difference of the DKH(2) and the MVD1 results calculated also at the ROHF level.</text></s> <s sid="128"><CoreSc1 atype="GSC" type="Bac" conceptID="Bac14" novelty="None" advantage="None"/><text>Although the two methods approximate the Dirac–Coulomb Hamiltonian by different partitioning schemes, due to the effective treatment of the first- and second-row elements by these relativistic perturbation techniques this difference basically covers the two-electron scalar and spin–orbit relativistic corrections within the Dirac–Coulomb Hamiltonian.</text></s> <s sid="129"><CoreSc1 atype="GSC" type="Met" conceptID="Met6" novelty="New" advantage="None"/><text>Finally, the electron correlation contribution to the one-electron scalar terms were obtained as the difference of the ROHF and CCSD(T) MVD1 results.</text></s> <s sid="130"><CoreSc1 atype="GSC" type="Res" conceptID="Res9" novelty="None" advantage="None"/><text>As can be seen from Table 4 the relativistic correction calculated by MVD1 perturbation theory and an ROHF wave function estimates the final result well, both the two-electron and the electron-correlation contributions to the total relativistic correction are small.</text></s> <s sid="131"><CoreSc1 atype="GSC" type="Con" conceptID="Con7" novelty="None" advantage="None"/><text>Our final estimate of the relativistic corrections to Δ<IT>E</IT><SB>TS</SB> is +54 ± 10 cm<SP>−1</SP>.</text></s></P><P><s sid="132"><CoreSc1 atype="GSC" type="Con" conceptID="Con8" novelty="None" advantage="None"/><text>As expected, the diagonal Born–Oppenheimer correction (DBOC) to the triplet–singlet energy gap of HCCl/DCCl is smaller (see Table 5) than it was found for CH<SB>2</SB>.<REF TYPE="P" ID="cit138">138</REF></text></s> <s sid="133"><CoreSc1 atype="GSC" type="Con" conceptID="Con8" novelty="None" advantage="None"/><text>Our best estimate is +10 ± 4 cm<SP>−1</SP> and +8 ± 4 cm<SP>−1</SP> for HCCl and DCCl, respectively.</text></s> <s sid="134"><CoreSc1 atype="GSC" type="Bac" conceptID="Bac15" novelty="None" advantage="None"/><text>(The isotopologs containing <SP>35</SP>Cl and <SP>37</SP>Cl have the same BODC energy corrections to within 1 cm<SP>−1</SP>).</text></s></P><P><s sid="135"><CoreSc1 atype="GSC" type="Met" conceptID="Met7" novelty="New" advantage="None"/><text>The zero-point vibrational energy (ZPE) corrections have been computed both by the VPT2 and the variational methods (see Table 6).</text></s> <s sid="136"><CoreSc1 atype="GSC" type="Mod" conceptID="Mod10" novelty="None" advantage="None"/><text>The total VPT2 ZPE value can be calculated by the following formula:where the three terms are the <IT>G</IT><SB>0</SB>, the harmonic, and the anharmonic contributions, respectively.</text></s> <s sid="137"><CoreSc1 atype="GSC" type="Mod" conceptID="Mod10" novelty="None" advantage="None"/><text>(A correct analytic formula for the computation of the <IT>G</IT><SB>0</SB> term from quartic force fields for asymmetric tops has been derived by Allen <IT>et al.</IT><REF TYPE="P" ID="cit140">140</REF>)</text></s> <s sid="138"><CoreSc1 atype="GSC" type="Obs" conceptID="Obs3" novelty="None" advantage="None"/><text>As can be seen from Table 6, the anharmonic and the <IT>G</IT><SB>0</SB> contributions to the triplet–singlet energy splitting are only on the order of 1–2 cm<SP>−1</SP>.</text></s> <s sid="139"><CoreSc1 atype="GSC" type="Res" conceptID="Res10" novelty="None" advantage="None"/><text>Furthermore, the total VPT2 ZPE correction agrees with the variational results to about 1 cm<SP>−1</SP>.</text></s> <s sid="140"><CoreSc1 atype="GSC" type="Res" conceptID="Res11" novelty="None" advantage="None"/><text>Similarly to findings for CH<SB>2</SB>,<REF TYPE="P" ID="cit138">138</REF> the ZPE correction is larger for the triplet state, the numerical results for the HCCl and DCCl radicals are 47 and 50 cm<SP>−1</SP>, respectively.</text></s> <s sid="141"><CoreSc1 atype="GSC" type="Res" conceptID="Res11" novelty="None" advantage="None"/><text>Our error estimate for the ZPE correction is ±5 cm<SP>−1</SP>.</text></s></P><P><s sid="142"><CoreSc1 atype="GSC" type="Met" conceptID="Met8" novelty="New" advantage="None"/><text>To obtain the best estimate for <IT>T</IT><SB>0</SB> (ã), one sums the lowest, rightmost numbers in Tables 2–4 and the corresponding bottommost numbers in Tables 5 and 6.</text></s> <s sid="143"><CoreSc1 atype="GSC" type="Res" conceptID="Res12" novelty="None" advantage="None"/><text>The resulting values of HCCl and DCCl are 2170 ± 40 cm<SP>−1</SP> (6.204 ± 0.114 kcal mol<SP>−1</SP>) and 2171 ± 40 cm<SP>−1</SP> (6.207 ± 0.114 kcal mol<SP>−1</SP>), respectively.</text></s> <s sid="144"><CoreSc1 atype="GSC" type="Con" conceptID="Con9" novelty="None" advantage="None"/><text>These estimates are in an excellent agreement with the recently revised experimental value, 2167/2187 ± 18 cm<SP>−1</SP> for HCCl/DCCl, of Chang <IT>et al</IT><REF TYPE="P" ID="cit17">17</REF> On the other hand, the experimentally obtained difference of <IT>T</IT><SB>0</SB>(ã) of HCCl and DCCl is considerably larger than the theoretically computed difference.</text></s> <s sid="145"><CoreSc1 atype="GSC" type="Con" conceptID="Con9" novelty="None" advantage="None"/><text>A possible source of this apparent discrepancy is the assigned error bar of the experimental observations, which is comparable to the difference of the two <IT>T</IT><SB>0</SB>(ã) values.</text></s> <s sid="146"><CoreSc1 atype="GSC" type="Con" conceptID="Con9" novelty="None" advantage="None"/><text>An alternative explanation is offered if a relatively large spin–vibronic perturbation existed between the singlet and triplet states, and it is different for the two species.</text></s> <s sid="147"><CoreSc1 atype="GSC" type="Con" conceptID="Con9" novelty="None" advantage="None"/><text>Although this perturbation is not included in our theoretical treatment, the estimation of the magnitude of this perturbation, based on the comparison of the computed and the experimentally observed vibrational levels, will be discussed in Section V.1.</text></s></P></DIV><DIV DEPTH="2"><HEADER HEADER_MARKER="III.2.">CCl<SB>2</SB></HEADER><P><s sid="148"><CoreSc1 atype="GSC" type="Obj" conceptID="Obj7" novelty="New" advantage="None"/><text>Since the technical details and the qualitative observations during determination of the triplet–singlet energy gap of CCl<SB>2</SB> by the FPA were similar to those for CH<SB>2</SB> and HCCl, here we mostly concentrate on the differences and the tendencies in the CH<SB>2</SB>/HCCl/CCl<SB>2</SB> substitution series.</text></s></P><P><s sid="149"><CoreSc1 atype="GSC" type="Res" conceptID="Res13" novelty="None" advantage="None"/><text>Convergence of the valence-only energy difference of the singlet and triplet states of CCl<SB>2</SB> with the correlation level is similarly slow (see Table 7) as observed for CH<SB>2</SB> and HCCl.</text></s> <s sid="150"><CoreSc1 atype="GSC" type="Met" conceptID="Met9" novelty="New" advantage="None"/><text>Consequently, to get accurate valence-only estimates higher-order electron correlation contributions have to be determined in this case, as well.</text></s> <s sid="151"><CoreSc1 atype="GSC" type="Met" conceptID="Met9" novelty="New" advantage="No"/><text>At the same time, it is much more demanding to perform higher-order correlation calculations for CCl<SB>2</SB> than for the smaller HCCl and CH<SB>2</SB> systems.</text></s> <s sid="152"><CoreSc1 atype="GSC" type="Obs" conceptID="Obs4" novelty="None" advantage="None"/><text>Practically we were able to carry out CCSDT calculations only with the aug-cc-pVDZ and the ‘old’ (<IT>i.e.</IT> one less d orbital on Cl) cc-pVTZ basis set, while CCSDTQ calculations were limited to the ‘old’ cc-pVDZ basis set of Dunning.</text></s> <s sid="153"><CoreSc1 atype="GSC" type="Res" conceptID="Res14" novelty="None" advantage="None"/><text>Although for CH<SB>2</SB> and HCCl we found that the post-CCSD(T) electron-correlation contributions are small, and their CBS values can be estimated relatively accurately using small basis sets, it is desirable to check in an independent way whether the same holds for CCl<SB>2</SB>.</text></s> <s sid="154"><CoreSc1 atype="GSC" type="Met" conceptID="Met10" novelty="New" advantage="None"/><text>A well-established way to do this is the comparison of the correlation series using ROHF and UHF references.<REF TYPE="P" ID="cit141">141</REF></text></s> <s sid="155"><CoreSc1 atype="GSC" type="Res" conceptID="Res15" novelty="None" advantage="None"/><text>It was found in many cases that the convergence with the correlation level is significantly different in the two cases.</text></s> <s sid="156"><CoreSc1 atype="GSC" type="Con" conceptID="Con10" novelty="None" advantage="None"/><text>In these situations, since both series converge ultimately to the same valence-only limit, the difference of the restricted and unrestricted methods at the same computational level indicates the uncertainty of the calculations due to the neglect of higher-order correlations.</text></s> <s sid="157"><CoreSc1 atype="GSC" type="Res" conceptID="Res16" novelty="None" advantage="None"/><text>In the case of CCl<SB>2</SB> the obtained CBS result for {Δ<IT>E</IT><SB>TS</SB>(HF), Δ<IT>E</IT><SB>TS</SB>(MP2), Δ<IT>E</IT><SB>TS</SB>(CCSD), Δ<IT>E</IT><SB>TS</SB>[CCSD(T)]} is {–22, 6660, 5896, 6997} cm<SP>−1</SP> using an ROHF reference (see Table 7), and {–1710, 6922, 5864, 7021} cm<SP>−1</SP> when an UHF reference is used.</text></s> <s sid="158"><CoreSc1 atype="GSC" type="Res" conceptID="Res16" novelty="None" advantage="None"/><text>This reveals that in spite of the large deviation, 1688 cm<SP>−1</SP>, observed at the HF level, the two CBS CCSD(T) values agree within 24 cm<SP>−1</SP>.</text></s> <s sid="159"><CoreSc1 atype="GSC" type="Con" conceptID="Con11" novelty="None" advantage="None"/><text>From this we expect that the contribution of the post-CCSD(T) electron correlation is on the order of a few tens of cm<SP>−1</SP>.</text></s> <s sid="160"><CoreSc1 atype="GSC" type="Con" conceptID="Con12" novelty="None" advantage="None"/><text>Since this contribution is relatively small and the δCCSD(T) contribution converges relatively fast with the basis set size to CBS limit, it is expected that post-CCSD(T) electron correlation contributions are well estimated by CCSDT and CCSDTQ calculations even using small basis sets.</text></s> <s sid="161"><CoreSc1 atype="GSC" type="Con" conceptID="Con12" novelty="None" advantage="None"/><text>Consequently, we allocate an 50 cm<SP>−1</SP> error bar to the 7050 cm<SP>−1</SP> valence-only result of the triplet–singlet energy splitting of CCl<SB>2</SB>.</text></s></P><P><s sid="162"><CoreSc1 atype="GSC" type="Res" conceptID="Res17" novelty="None" advantage="None"/><text>Inclusion of core correlation (Tables 3 and 8) and relativistic effects (Tables 4 and 9) are becoming more and more important as one goes from the lighter to the heavier species.</text></s> <s sid="163"><CoreSc1 atype="GSC" type="Res" conceptID="Res18" novelty="None" advantage="None"/><text>Together with this the contribution of their cross term, namely the difference between the correlated and non-correlated one-electron scalar relativistic effects, is also increasing.</text></s> <s sid="164"><CoreSc1 atype="GSC" type="Obs" conceptID="Obs5" novelty="None" advantage="None"/><text>This cross term is three times larger in CCl<SB>2</SB> than in HCCl.</text></s> <s sid="165"><CoreSc1 atype="GSC" type="Res" conceptID="Res19" novelty="None" advantage="None"/><text>Our best numerical estimates for the core correlation and the relativistic correction of the triplet–singlet energy gap of CCl<SB>2</SB> are −176 ± 25 cm<SP>−1</SP> and +91 ± 15 cm<SP>−1</SP>, respectively.</text></s></P><P><s sid="166"><CoreSc1 atype="GSC" type="Res" conceptID="Res20" novelty="None" advantage="None"/><text>As expected, the DBOC contribution (see Table 5) to the triplet–singlet energy gap is decreasing in the CH<SB>2</SB>, HCCl (DCCl), and CCl<SB>2</SB> series.</text></s> <s sid="167"><CoreSc1 atype="GSC" type="Res" conceptID="Res20" novelty="None" advantage="None"/><text>The DBOC contribution, in the case of CCl<SB>2</SB>, is only 5 ± 2 cm<SP>−1</SP>.</text></s> <s sid="168"><CoreSc1 atype="GSC" type="Res" conceptID="Res21" novelty="None" advantage="None"/><text>In contrast to this, the ZPE contribution of the total <IT>T</IT><SB>0</SB>(ã) value, +75 ± 5 cm<SP>−1</SP> (see Table 6), of CCl<SB>2</SB> is in between the corresponding values obtained for CH<SB>2</SB> and HCCl/DCCl.</text></s></P><P><s sid="169"><CoreSc1 atype="GSC" type="Met" conceptID="Met11" novelty="New" advantage="None"/><text>The final estimate of this study for <IT>T</IT><SB>0</SB>(ã) of CCl<SB>2</SB> is obtained by summing the lowest, rightmost numbers in Tables 5–9.</text></s> <s sid="170"><CoreSc1 atype="GSC" type="Res" conceptID="Res22" novelty="None" advantage="None"/><text>The resulting value is 7045 ± 60 cm<SP>−1</SP> (20.13 ± 0.17 kcal mol<SP>−1</SP>).</text></s> <s sid="171"><CoreSc1 atype="GSC" type="Con" conceptID="Con13" novelty="None" advantage="None"/><text>This estimate is in good agreement with other recent <IT>ab initio</IT> predictions, but the assigned error bar of the theoretical prediction is reduced by an order of magnitude.</text></s> <s sid="172"><CoreSc1 atype="GSC" type="Con" conceptID="Con13" novelty="None" advantage="None"/><text>This result further supports the alternative reassignments<REF TYPE="P" ID="cit76 cit81">76,81</REF> of the photodetachment spectrum of CCl<SB>2</SB><SP>−</SP> over the original assignment<REF TYPE="P" ID="cit42">42</REF>.</text></s></P></DIV></DIV><DIV DEPTH="1"><HEADER HEADER_MARKER="IV.">Vibrational energy levels</HEADER><P><s sid="173"><CoreSc1 atype="GSC" type="Obs" conceptID="Obs6" novelty="None" advantage="None"/><text>The VPT2 vibrational parameters of the X̃ and ã states of HC<SP>35</SP>Cl, DC<SP>35</SP>Cl, and C<SP>35</SP>Cl<SB>2</SB> are listed in Table 10.</text></s> <s sid="174"><CoreSc1 atype="GSC" type="Res" conceptID="Res23" novelty="None" advantage="None"/><text>The vibrational levels obtained by substituting these parameters into the anharmonic oscillator equation of a triatomic molecule,are given in Tables .11–16<REF TYPE="P" ID="cit142">142</REF></text></s> <s sid="175"><CoreSc1 atype="GSC" type="Res" conceptID="Res23" novelty="None" advantage="None"/><text>These tables also contain the vibrational levels obtained by variational calculations and from experiments.</text></s> <s sid="176"><CoreSc1 atype="GSC" type="Obs" conceptID="Obs7" novelty="None" advantage="None"/><text>Some further converged variational results as well as results for other isotopologs can be found in the ESI.<SUP TYPE="FOOTNOTE_MARKER" ID="fn1"/></text></s></P><DIV DEPTH="2"><HEADER HEADER_MARKER="IV.1.">HCCl and DCCl</HEADER><P><s sid="177"><CoreSc1 atype="GSC" type="Res" conceptID="Res24" novelty="None" advantage="None"/><text>The vibrational energy levels of singlet HCCl and DCCl computed variationally from the quartic force field (see the Var4 columns of Tables 11 and 13) show excellent agreement with the experimentally observed levels up to 3000 cm<SP>−1</SP>.</text></s> <s sid="178"><CoreSc1 atype="GSC" type="Res" conceptID="Res25" novelty="None" advantage="None"/><text>The root-mean-square (rms) errors calculated from the first eight and 12 vibrational levels of HCCl and DCCl are 3.6 and 4.5 cm<SP>−1</SP>, respectively.</text></s> <s sid="179"><CoreSc1 atype="GSC" type="Con" conceptID="Con14" novelty="None" advantage="None"/><text>Although the corresponding rms errors of the perturbationally obtained energy levels are somewhat larger, 5.4 and 5.9 cm<SP>−1</SP>, this still can be considered as a fine performance for a simple, purely theoretical treatment.</text></s></P><P><s sid="180"><CoreSc1 atype="GSC" type="Con" conceptID="Con15" novelty="None" advantage="None"/><text>Above 3000 cm<SP>−1</SP> the situation is, however, quite different.</text></s> <s sid="181"><CoreSc1 atype="GSC" type="Con" conceptID="Con15" novelty="None" advantage="None"/><text>The Var4 results for the vibrational energy levels involving small bending quantum numbers still agree very well with the experimental data, while highly excited bending modes show significant (&gt;15 cm<SP>−1</SP>) deviation from the experimental observations.</text></s> <s sid="182"><CoreSc1 atype="GSC" type="Goa" conceptID="Goa4" novelty="None" advantage="None"/><text>In order to understand the source of this error we have added the pure fifth- and sixth-order bending force constants to the quartic force field and reran the variational calculations using this augmented force field (see the Var4<SP>+</SP> columns of Tables 11 and 13).</text></s> <s sid="183"><CoreSc1 atype="GSC" type="Res" conceptID="Res26" novelty="None" advantage="None"/><text>As it is expected, the predicted Var4 and Var4<SP>+</SP> vibrational energy levels are the same within 1 cm<SP>−1</SP> for modes with small <IT>n</IT><SB>2</SB> vibrational quantum numbers.</text></s> <s sid="184"><CoreSc1 atype="GSC" type="Res" conceptID="Res27" novelty="None" advantage="None"/><text>On the other hand, the Var4 and Var4<SP>+</SP> results for highly excited bending modes are rather different, the Var4<SP>+</SP> energy levels are 15–40% closer to the experimental values than the corresponding Var4 ones.</text></s> <s sid="185"><CoreSc1 atype="GSC" type="Con" conceptID="Con16" novelty="None" advantage="None"/><text>The importance of the inclusion of the higher order bending force constants is connected to the fact that the barrier to linearity of HCCl in its X̃ state is relatively low, 17 766 cm<SP>−1</SP> at the all-electron CCSD(T)/aug-cc-pCVTZ level.</text></s> <s sid="186"><CoreSc1 atype="GSC" type="Con" conceptID="Con17" novelty="None" advantage="None"/><text>Somewhat surprisingly the perturbational predictions, which of course utilize the quartic force fields only, are better for the highly excited bending modes than the variational results.</text></s> <s sid="187"><CoreSc1 atype="GSC" type="Con" conceptID="Con17" novelty="None" advantage="None"/><text>Nevertheless, this seems to be a consequence of fortuitous cancellation of errors in this region, since the errors of the perturbationally obtained vibrational energy levels of modes with low bending excitation have opposite signs.</text></s></P><P><s sid="188"><CoreSc1 atype="GSC" type="Bac" conceptID="Bac16" novelty="None" advantage="None"/><text>In <REF TYPE="P" ID="cit17">ref. 17</REF> Chang <IT>et al</IT> discussed the spin–vibronic coupling and the perturbation between certain vibrational levels of the X̃ and ã states.</text></s> <s sid="189"><CoreSc1 atype="GSC" type="Bac" conceptID="Bac16" novelty="None" advantage="None"/><text>They have estimated the magnitude of these perturbations by the difference between the experimentally determined vibrational levels and the vibrational levels calculated from fitted effective spectroscopic parameters, when only the unperturbed levels were included in the preceding fit.</text></s> <s sid="190"><CoreSc1 atype="GSC" type="Met" conceptID="Met12" novelty="New" advantage="None"/><text>In this paper we estimate these spin–vibronic perturbations a similar way, but instead of the fitted expansion we use the Var4<SP>+</SP> results.</text></s> <s sid="191"><CoreSc1 atype="GSC" type="Met" conceptID="Met12" novelty="New" advantage="None"/><text>Although the variationally obtained vibrational levels have somewhat larger errors than the levels obtained by the use of the fitted expansion, determination of the perturbations from the variational results has certain advantages.</text></s> <s sid="192"><CoreSc1 atype="GSC" type="Met" conceptID="Met12" novelty="New" advantage="Yes"/><text>First, one does not need to consider prior to the fit which levels are perturbed and which are not and hence all appropriate levels can be considered.</text></s> <s sid="193"><CoreSc1 atype="GSC" type="Met" conceptID="Met12" novelty="New" advantage="Yes"/><text>Second, the variational method, unlike the second-order expansion of the anharmonic oscillator model, treats exactly the resonances between the vibrational levels belonging to the same electronic state.</text></s> <s sid="194"><CoreSc1 atype="GSC" type="Met" conceptID="Met12" novelty="New" advantage="Yes"/><text>Finally, it is noted that larger errors can be by-passed if they are systematic for a given series.</text></s></P><P><s sid="195"><CoreSc1 atype="GSC" type="Bac" conceptID="Bac17" novelty="None" advantage="None"/><text>Chang <IT>et al</IT><REF TYPE="P" ID="cit17">17</REF> pointed out large perturbations with given ã-state vibrational levels for the X̃(0,2,0), X̃(0,2,1), and X̃(0,2,2) vibrational levels of HCCl and for the X̃(0,4,0) and the X̃(0,4,1) levels of DCCl.</text></s> <s sid="196"><CoreSc1 atype="GSC" type="Res" conceptID="Res28" novelty="None" advantage="None"/><text>From our calculations the errors of the Var4<SP>+</SP> results for the X̃(0,<IT>n</IT><SB>2</SB>,0) energy levels of HCCl (Table 11) are {+5, −2, +8, +11} cm<SP>−1</SP> for <IT>n</IT><SB>2</SB>={1,2,3,4}.</text></s> <s sid="197"><CoreSc1 atype="GSC" type="Res" conceptID="Res28" novelty="None" advantage="None"/><text>If the trend in the errors is systematic, one would expect a +6 – +7 cm<SP>−1</SP> error for the X̃(0,2,0) mode.</text></s> <s sid="198"><CoreSc1 atype="GSC" type="Res" conceptID="Res29" novelty="None" advantage="None"/><text>From this we can deduce an 8–9 cm<SP>−1</SP> perturbation between the X̃(0,2,0) level at 2383 cm<SP>−1</SP> (experimental, Table 11) and the close-lying ã(0,0,0) level at 2167 cm<SP>−1</SP> (experimental).</text></s> <s sid="199"><CoreSc1 atype="GSC" type="Res" conceptID="Res29" novelty="None" advantage="None"/><text>This perturbation lowers the energy of ã(0,0,0), in other words the unperturbed <IT>T</IT><SB>0</SB>(ã) of HCCl is larger than the experimentally observed value.</text></s> <s sid="200"><CoreSc1 atype="GSC" type="Con" conceptID="Con18" novelty="None" advantage="None"/><text>Consequently the difference (see Section III.1) between the experimentally determined (20 cm<SP>−1</SP>) and the calculated (1 cm<SP>−1</SP>) difference of the <IT>T</IT><SB>0</SB>(ã) of HCCl and DCCl would be slightly smaller if the computed values included spin–vibronic interactions.</text></s></P><P><s sid="201"><CoreSc1 atype="GSC" type="Con" conceptID="Con18" novelty="None" advantage="None"/><text>In a similar way, considering the error series of the calculated X̃(0,<IT>n</IT><SB>2</SB>,1) vibrational levels ({0, +3, −4, +4} for <IT>n</IT><SB>2</SB> = 0,1,2,3), a smaller, roughly +4 cm<SP>−1</SP> energy increase would be obtained for the X̃(0,2,1) vibrational level at 3181 cm<SP>−1</SP> (experimental, Table 11) due to the interaction with the ã(0,1,0) and/or the ã(0,0,1) vibrational levels at 3050 cm<SP>−1</SP> and 3110 cm<SP>−1</SP> (experimental <IT>T</IT><SB>0</SB>(ã) + Var4<SP>+</SP> vibrational level), respectively.</text></s></P><P><s sid="202"><CoreSc1 atype="GSC" type="Con" conceptID="Con19" novelty="None" advantage="None"/><text>It is evident that the X̃(0,2,2) level of HCCl at 3976 cm<SP>−1</SP> can be perturbed by the close-lying ã(0,2,0) and the ã(0,1,1) vibrational levels at 3915 cm<SP>−1</SP> and 3983 cm<SP>−1</SP> (experimental <IT>T</IT><SB>0</SB>(ã) + Var4<SP>+</SP> vibrational level), respectively.</text></s> <s sid="203"><CoreSc1 atype="GSC" type="Con" conceptID="Con19" novelty="None" advantage="None"/><text>Unfortunately, the fourth member of the X̃(0,<IT>n</IT><SB>2</SB>,2) series already falls in the region where the accuracy of the variational calculations is not sufficient to be included in the error series.</text></s> <s sid="204"><CoreSc1 atype="GSC" type="Con" conceptID="Con19" novelty="None" advantage="None"/><text>From the fist three members, {−3, −6, −17}, of this error series only a very rough estimate of the perturbation effects can be determined, for X̃(0,2,2), 6–10 cm<SP>−1</SP>.</text></s> <s sid="205"><CoreSc1 atype="GSC" type="Con" conceptID="Con20" novelty="None" advantage="None"/><text>Similarly to this, both the X̃(0,4,0) and the X̃(0,4,1) levels of DCCl fall in the energy region where the accuracy of the present variational calculations starts to deteriorate, consequently no reliable estimate of the perturbation effects can be determined based on the present data.</text></s></P><P><s sid="206"><CoreSc1 atype="GSC" type="Bac" conceptID="Bac18" novelty="None" advantage="None"/><text>There are no experimental data available on the vibrational energy levels of triplet HCCl, and only two vibrationally excited energy levels in the ã state of DCCl were observed experimentally.<REF TYPE="P" ID="cit17">17</REF></text></s> <s sid="207"><CoreSc1 atype="GSC" type="Res" conceptID="Res30" novelty="None" advantage="None"/><text>For these two vibrational levels of DCCl the calculated data and the experimental values agree to within 6–15 cm<SP>−1</SP>.</text></s> <s sid="208"><CoreSc1 atype="GSC" type="Con" conceptID="Con21" novelty="None" advantage="None"/><text>Again, this discrepancy, at least partially, might be caused by spin–vibronic interaction between the singlet and triplet states.</text></s></P></DIV><DIV DEPTH="2"><HEADER HEADER_MARKER="IV.2.">CCl<SB>2</SB></HEADER><P><s sid="209"><CoreSc1 atype="GSC" type="Res" conceptID="Res31" novelty="None" advantage="None"/><text>As expected, the variationally calculated vibrational levels of singlet CCl<SB>2</SB> show an even better agreement with the experimental observations than it was found for HCCl and DCCl.</text></s> <s sid="210"><CoreSc1 atype="GSC" type="Res" conceptID="Res32" novelty="None" advantage="None"/><text>Comparing the Var4 energy levels up to 4000 cm<SP>−1</SP> to the experimental data of Liu <IT>et al</IT><REF TYPE="P" ID="cit43">43</REF> results in an rms error of 2.6 cm<SP>−1</SP>, which is even less than the assigned uncertainty, ±3 cm<SP>−1</SP>, of the experimental data.</text></s> <s sid="211"><CoreSc1 atype="GSC" type="Res" conceptID="Res33" novelty="None" advantage="None"/><text>The deviation of the Var4 results from the experimental data set of Kable <IT>et al</IT><REF TYPE="P" ID="cit44">44</REF> is somewhat worse, the rms error is 6.9 cm<SP>−1</SP> for the same region.</text></s> <s sid="212"><CoreSc1 atype="GSC" type="Res" conceptID="Res34" novelty="None" advantage="None"/><text>The rms error calculated from comparing the Liu <IT>et al</IT><REF TYPE="P" ID="cit43">43</REF> data set with the VPT2 results is even larger, it is 9.7 cm<SP>−1</SP>.</text></s> <s sid="213"><CoreSc1 atype="GSC" type="Con" conceptID="Con22" novelty="None" advantage="None"/><text>In the former case the larger rms error is probably due to the lower precision of the experimental data set, while in the latter case it is the consequence of the less accurate theoretical treatment, <IT>i.e.</IT>, perturbational <IT>vs</IT>. variational, of the nuclear motion problem.</text></s></P><P><s sid="214"><CoreSc1 atype="GSC" type="Res" conceptID="Res35" novelty="None" advantage="None"/><text>As it is expected, no perturbation due to spin–vibronic interaction with the triplet state can be found up to 4000 cm<SP>−1</SP>, since the calculated triplet–singlet energy gap is well above this energy region.</text></s> <s sid="215"><CoreSc1 atype="GSC" type="Con" conceptID="Con23" novelty="None" advantage="None"/><text>Although further converged Var4 results are available in the ESI,<SUP TYPE="FOOTNOTE_MARKER" ID="fn1"/> due to the high density of vibrational levels above 4000 cm<SP>−1</SP> the assignment of these energy states to given vibrational quantum numbers is ambiguous without detailed wave function analysis.</text></s> <s sid="216"><CoreSc1 atype="GSC" type="Bac" conceptID="Bac19" novelty="None" advantage="None"/><text>This was omitted in the present study.</text></s></P><P><s sid="217"><CoreSc1 atype="GSC" type="Res" conceptID="Res36" novelty="None" advantage="None"/><text>The calculated vibrational levels of triplet C<SP>35</SP>Cl<SB>2</SB> are summarized in Table 15.</text></s> <s sid="218"><CoreSc1 atype="GSC" type="Con" conceptID="Con24" novelty="None" advantage="None"/><text>Considering the excellent performance of the Var4 results for the singlet state, the predictions for the triplet state are expected to be similarly good, which could help the further analysis of the experimental data, including the determination of <IT>T</IT><SB>0</SB>(ã).</text></s> <s sid="219"><CoreSc1 atype="GSC" type="Bac" conceptID="Bac20" novelty="None" advantage="None"/><text>Some suggested directions for future experiments utilizing these computed data will be discussed briefly in Section VI.</text></s></P></DIV></DIV><DIV DEPTH="1"><HEADER HEADER_MARKER="V.">Enthalpies of formation</HEADER><P><s sid="220"><CoreSc1 atype="GSC" type="Mod" conceptID="Mod11" novelty="None" advantage="None"/><text>Utilizing the high-quality <IT>ab initio</IT> results described above, the enthalpies of formation of HCCl(X̃<SP>1</SP>A′) and CCl<SB>2</SB>(X̃<SP>1</SP>A<SB>1</SB>) at 0 K have been determined by calculating the enthalpy change of the reactionsCH<SB>2</SB>(ã<SP>1</SP>A<SB>1</SB>) + HCl(X̃<SP>1</SP>Σ<SP>+</SP>) → HCCl(X̃<SP>1</SP>A′) + H<SB>2</SB>(X̃<SP>1</SP>Σ<SB>g</SB>)andCH<SB>2</SB>(ã<SP>1</SP>A<SB>1</SB>) + 2HCl(X̃<SP>1</SP>Σ<SP>+</SP>) → CCl<SB>2</SB>(X̃<SP>1</SP>A<SB>1</SB>) + 2 H<SB>2</SB>(X̃<SP>1</SP>Σ<SB>g</SB>)</text></s></P><P><s sid="221"><CoreSc1 atype="GSC" type="Mod" conceptID="Mod11" novelty="None" advantage="None"/><text>For the enthalpies of formation of HCl(X̃<SP>1</SP>Σ<SP>+</SP>), H<SB>2</SB>(X̃<SP>1</SP>Σ<SB>g</SB>), and CH<SB>2</SB>(ã<SP>1</SP>A<SB>1</SB>), required to evaluate Δ<SB>f</SB><IT>H</IT><SB>0</SB>° (HCCl) and Δ<SB>f</SB><IT>H</IT><SB>0</SB>° (CCl<SB>2</SB>), see Table 17.</text></s> <s sid="222"><CoreSc1 atype="GSC" type="Met" conceptID="Met13" novelty="New" advantage="None"/><text>The advantages of this procedure over calculating the appropriate atomization energies lies in that (i) the contribution of the spin–orbit effect can be neglected since it is much smaller for a non-linear open-shell species than for an atom; and (ii) the errors due to neglecting higher-order correlation effects (<IT>e.g.</IT> δCCSDTQP) is expected to cancel out in a proper reaction scheme.</text></s></P><DIV DEPTH="2"><HEADER HEADER_MARKER="V.1.">HCCl</HEADER><P><s sid="223"><CoreSc1 atype="GSC" type="Res" conceptID="Res37" novelty="None" advantage="None"/><text>The enthalpy of formation of HCCl(X̃<SP>1</SP>A′) at 0 K, Δ<SB>f</SB><IT>H</IT><SB>0</SB><SP>o</SP> (HCCl), calculated from the enthalpy change of reaction (5) and Δ<SB>f</SB><IT>H</IT><SB>0</SB><SP>o</SP> of CH<SB>2</SB>(ã<SP>1</SP>A<SB>1</SB>),<REF TYPE="P" ID="cit138">138</REF> HCl(X̃<SP>1</SP>Σ<SP>+</SP>),<REF TYPE="P" ID="cit91">91</REF> and H<SB>2</SB>(X̃<SP>1</SP>Σ<SB>g</SB>)<REF TYPE="P" ID="cit90">90</REF> is 76.28 kcal mol<SP>−1</SP>.</text></s> <s sid="224"><CoreSc1 atype="GSC" type="Res" conceptID="Res37" novelty="None" advantage="None"/><text>Due to the abovementioned error compensation of the total energy of CH<SB>2</SB>(ã<SP>1</SP>A<SB>1</SB>) and HCCl(X̃<SP>1</SP>A′) the enthalpy change of reaction (5) is expected to be estimated to better than ±0.1 kcal mol<SP>−1</SP>.</text></s> <s sid="225"><CoreSc1 atype="GSC" type="Con" conceptID="Con25" novelty="None" advantage="None"/><text>A larger part of the uncertainty of the present calculation comes from the uncertainty of Δ<SB>f</SB><IT>H</IT><SB>0</SB>° of CH<SB>2</SB>(ã<SP>1</SP>A<SB>1</SB>) and a smaller portion from the uncertainty of Δ<SB>f</SB><IT>H</IT><SB>0</SB>° of HCl(X̃<SP>1</SP>Σ<SP>+</SP>).</text></s> <s sid="226"><CoreSc1 atype="GSC" type="Con" conceptID="Con25" novelty="None" advantage="None"/><text>Since these uncertainties are ±0.16 and ±0.024 kcal mol<SP>−1</SP>, respectively, we allocate a ±0.20 kcal mol<SP>−1</SP> uncertainty to our final value of Δ<SB>f</SB><IT>H</IT><SB>0</SB>° (HCCl).</text></s> <s sid="227"><CoreSc1 atype="GSC" type="Res" conceptID="Res38" novelty="None" advantage="None"/><text>Utilizing the calculated thermal correction, Δ<SB>f</SB><IT>H</IT><SB>298</SB>° − Δ<SB>f</SB><IT>H</IT><SB>0</SB>° = 0.07 kcal mol<SP>−1</SP>, of <REF TYPE="P" ID="cit77">ref. 77</REF>. results in 76.35 ± 0.20 kcal mol<SP>−1</SP> for Δ<SB>f</SB><IT>H</IT><SB>298</SB>° of HCCl(X̃<SP>1</SP>A′).</text></s></P><P><s sid="228"><CoreSc1 atype="GSC" type="Con" conceptID="Con26" novelty="None" advantage="None"/><text>The uncertainty of the present result is smaller by a factor of five than the uncertainty of the former highest-level calculation,<REF TYPE="P" ID="cit77">77</REF> and more than an order of magnitude smaller than the values obtained by experiments<REF TYPE="P" ID="cit45 cit46 cit47">45–47</REF> or reported in the available thermochemical databases<REF TYPE="P" ID="cit143 cit144 cit145 cit146">143–146</REF>.</text></s></P></DIV><DIV DEPTH="2"><HEADER HEADER_MARKER="V.2.">CCl<SB>2</SB></HEADER><P><s sid="229"><CoreSc1 atype="GSC" type="Res" conceptID="Res39" novelty="None" advantage="None"/><text>The enthalpy of formation of CCl<SB>2</SB>(X̃<SP>1</SP>A<SB>1</SB>) at 0 K, Δ<SB>f</SB><IT>H</IT><SB>0</SB>° (CCl<SB>2</SB>), calculated through Reaction (6), is 54.54 kcal mol<SP>−1</SP>.</text></s> <s sid="230"><CoreSc1 atype="GSC" type="Res" conceptID="Res39" novelty="None" advantage="None"/><text>From considerations analogues to those given in Section V.1. the uncertainty of this value is ±0.20 kcal mol<SP>−1</SP>.</text></s></P><P><s sid="231"><CoreSc1 atype="GSC" type="Mod" conceptID="Mod12" novelty="None" advantage="None"/><text>The thermal correction of the enthalpy of formation of CCl<SB>2</SB>(X̃<SP>1</SP>A<SB>1</SB>) can be obtained as follows: Δ<SB>f</SB><IT>H</IT><SB>298</SB>° − Δ<SB>f</SB><IT>H</IT><SB>0</SB>°[CCl<SB>2</SB>] (X̃<SP>1</SP>A<SB>1</SB>)] = {<IT>H</IT><SB>298</SB> − <IT>H</IT><SB>0</SB>[CCl<SB>2</SB>(X̃<SP>1</SP>A<SB>1</SB>)]} − {<IT>H</IT><SB>298</SB>−<IT>H</IT><SB>0</SB>[C<SB>graphite</SB>]} − {[Cl<SB>2</SB> (X̃<SP>1</SP>Σ<SB>g</SB>)]} = {2.737}<REF TYPE="P" ID="cit90">90</REF> − {2.194}<REF TYPE="P" ID="cit90">90</REF> − {0.251}<REF TYPE="P" ID="cit79">79</REF> kcal mol<SP>−1</SP> = 0.292 kcal mol<SP>−1</SP>.</text></s> <s sid="232"><CoreSc1 atype="GSC" type="Res" conceptID="Res40" novelty="None" advantage="None"/><text>This value is equal to the calculated value of <REF TYPE="P" ID="cit77">ref. 77</REF>, and it results in 54.83 ± 0.20 kcal mol<SP>−1</SP> for Δ<SB>f</SB><IT>H</IT><SB>298</SB>° of CCl<SB>2</SB>(X̃<SP>1</SP>A<SB>1</SB>).</text></s></P><P><s sid="233"><CoreSc1 atype="GSC" type="Con" conceptID="Con27" novelty="None" advantage="None"/><text>The present result is in excellent agreement with the recent W2 computation of Demaison <IT>et al</IT><REF TYPE="P" ID="cit79">79</REF> Furthermore, due to the inclusion of higher-order correlation effects in its computation in this study and utilization of a reaction scheme instead of atomization energies it was possible to reduce the uncertainty of the theoretical predictions by a factor of two.</text></s> <s sid="234"><CoreSc1 atype="GSC" type="Con" conceptID="Con28" novelty="None" advantage="None"/><text>Note that the present value, as well as recently published theoretical values,<REF TYPE="P" ID="cit78 cit79">78,79</REF> have at least an order of magnitude smaller uncertainty than the values given in the available thermochemical databases<REF TYPE="P" ID="cit143 cit144 cit145 cit146 cit147 cit148">143–148</REF>.</text></s></P></DIV></DIV><DIV DEPTH="1"><HEADER HEADER_MARKER="VI.">Summary and outlook</HEADER><P><s sid="235"><CoreSc1 atype="GSC" type="Res" conceptID="Res41" novelty="None" advantage="None"/><text>In this paper the best technically feasible values for the triplet–singlet energy gap of the HCCl/DCCl and CCl<SB>2</SB> radicals have been determined through the focal-point approach.</text></s> <s sid="236"><CoreSc1 atype="GSC" type="Res" conceptID="Res41" novelty="None" advantage="None"/><text>The final estimates for the triplet–singlet energy gap, <IT>T</IT><SB>0</SB>(ã), are 2170 ± 40/2171 ± 40 cm<SP>−1</SP> for HCCl/DCCl and 7045 ± 60 cm<SP>−1</SP> for CCl<SB>2</SB>.</text></s> <s sid="237"><CoreSc1 atype="GSC" type="Con" conceptID="Con29" novelty="None" advantage="None"/><text>The estimate for HCCl is in very good agreement with the recently revised experimental value, 2167/2187 ± 18 cm<SP>−1</SP> for HCCl/DCCl, of Chang <IT>et al</IT>,<REF TYPE="P" ID="cit17">17</REF> while the estimate for CCl<SB>2</SB> supports alternative reassessments<REF TYPE="P" ID="cit76 cit81">76,81</REF> of the photodetachment spectrum of CCl<SB>2</SB><SP>−</SP> over the original assignment,<REF TYPE="P" ID="cit42">42</REF> as well as the experimental lower limit value of <IT>T</IT><SB>0</SB>(ã) suggested by Liu <IT>et al</IT><REF TYPE="P" ID="cit43">43</REF></text></s></P><P><s sid="238"><CoreSc1 atype="GSC" type="Res" conceptID="Res42" novelty="None" advantage="None"/><text>Complete quartic force fields in internal coordinates have been computed for both the X̃ and ã states of both radicals at the frozen-core CCSD(T)/aug-cc-pVQZ level.</text></s> <s sid="239"><CoreSc1 atype="GSC" type="Res" conceptID="Res42" novelty="None" advantage="None"/><text>Using these force fields vibrational energy levels were computed both by second-order vibrational perturbation theory and variationally.</text></s> <s sid="240"><CoreSc1 atype="GSC" type="Con" conceptID="Con30" novelty="None" advantage="None"/><text>These results, especially the variational ones, show excellent agreement with the experimentally determined energy levels.</text></s> <s sid="241"><CoreSc1 atype="GSC" type="Con" conceptID="Con31" novelty="None" advantage="None"/><text>The accuracy of these calculations and the systematic behavior of errors of vibrational progressions allowed us to determine the extent of perturbations due to spin–vibronic coupling between singlet and triplet vibrational levels of HCCl.</text></s> <s sid="242"><CoreSc1 atype="GSC" type="Con" conceptID="Con31" novelty="None" advantage="None"/><text>In agreement with Chang <IT>et al</IT>,<REF TYPE="P" ID="cit17">17</REF> significant perturbations, as much as 4–12 cm<SP>−1</SP> are observed for the X̃(0,2,0), X̃(0,2,1), and X̃(0,2,2) vibrational levels.</text></s></P><P><s sid="243"><CoreSc1 atype="GSC" type="Res" conceptID="Res43" novelty="None" advantage="None"/><text>From the accurate theoretical values the enthalpies of formation of HCCl(X̃<SP>1</SP>A′) and CCl<SB>2</SB>(X̃<SP>1</SP>A<SB>1</SB>) were determined at 0 K, which are 76.28 ± 0.20 and 54.54 ± 0.20 kcal mol<SP>−1</SP>, respectively.</text></s> <s sid="244"><CoreSc1 atype="GSC" type="Con" conceptID="Con32" novelty="None" advantage="None"/><text>These results are in good agreement with other recent calculations.</text></s> <s sid="245"><CoreSc1 atype="GSC" type="Con" conceptID="Con32" novelty="None" advantage="None"/><text>Furthermore, the uncertainties of the present results are smaller by a factor of 2–5 than the uncertainties of even the best of the former theoretical values, and more than an order of magnitude smaller than Δ<SB>f</SB><IT>H</IT><SB>0</SB>° given in the available thermochemical databases.</text></s></P><P><s sid="246"><CoreSc1 atype="GSC" type="Con" conceptID="Con32" novelty="None" advantage="None"/><text>It is worthwhile checking if the available dispersed fluorescence spectrum above 7000 cm<SP>−1</SP> (see Fig. 1) is consistent or inconsistent with the computed <IT>T</IT><SB>0</SB>(ã) and the ã state vibrational levels of CCl<SB>2</SB>.</text></s> <s sid="247"><CoreSc1 atype="GSC" type="Res" conceptID="Res44" novelty="None" advantage="None"/><text>Within the error bar of the theoretically determined <IT>T</IT><SB>0</SB>(ã), three–four peaks can be assigned to the vibrational origin of the triplet state; namely, A: 6954 ± 5 cm<SP>−1</SP>, B: 7012 ± 5 cm<SP>−1</SP>, C: 7033 ± 5 cm<SP>−1</SP>, and D: 7071 ± 10 cm<SP>−1</SP>.</text></s> <s sid="248"><CoreSc1 atype="GSC" type="Res" conceptID="Res44" novelty="None" advantage="None"/><text>Marking the calculated triplet state <IT>n</IT><SB>2</SB> vibrational progressions (and the first <IT>n</IT><SB>3</SB> level) in the same figure (Fig. 1) it is apparent that progressions starting from peaks A and B match the other peaks of the spectrum best.</text></s> <s sid="249"><CoreSc1 atype="GSC" type="Con" conceptID="Con33" novelty="None" advantage="None"/><text>Since peak A is slightly out of the error bar of the computed <IT>T</IT><SB>0</SB>(ã), peak B becomes the most probable candidate for the ã(0,0,0) energy level.</text></s> <s sid="250"><CoreSc1 atype="GSC" type="Con" conceptID="Con33" novelty="None" advantage="None"/><text>Of course, this assignment should be considered only very preliminary and tentative.</text></s> <s sid="251"><CoreSc1 atype="GSC" type="Con" conceptID="Con33" novelty="None" advantage="None"/><text>It really just demonstrates that there are transitions in this spectral region consistent with the presence of the ã state.</text></s> <s sid="252"><CoreSc1 atype="GSC" type="Con" conceptID="Con33" novelty="None" advantage="None"/><text>It is unlikely that these transitions are attributable to highly excited X̃ vibrational levels due to the poor Franck–Condon factors involved.</text></s> <s sid="253"><CoreSc1 atype="GSC" type="Con" conceptID="Con34" novelty="None" advantage="None"/><text>Because of the high density of states in this region, spectra obtained at higher resolution and with better signal-to-noise ratio could notably facilitate arguments about the assignment.</text></s></P><P><s sid="254"><CoreSc1 atype="GSC" type="Con" conceptID="Con35" novelty="None" advantage="None"/><text>Another problem making the above assignment ambiguous is related to spin–vibronic coupling.</text></s> <s sid="255"><CoreSc1 atype="GSC" type="Con" conceptID="Con35" novelty="None" advantage="None"/><text>If the coupling is too small, the emissions to triplet state levels might not appear in the dispersed fluorescence spectrum at all.</text></s> <s sid="256"><CoreSc1 atype="GSC" type="Con" conceptID="Con35" novelty="None" advantage="None"/><text>On the other hand, if the coupling is large, the triplet state vibrational levels computed using the triplet-state PES only could be significantly different from their experimental counterparts.</text></s> <s sid="257"><CoreSc1 atype="GSC" type="Con" conceptID="Con35" novelty="None" advantage="None"/><text>Hence, it would be advisable to utilize other experiments to determine <IT>T</IT><SB>0</SB>(ã) of CCl<SB>2</SB>.</text></s> <s sid="258"><CoreSc1 atype="GSC" type="Con" conceptID="Con36" novelty="None" advantage="None"/><text>Since the bond angles, and consequently the rotational constants are remarkably different in the singlet and triplet states (see Table 1), one possibility would be to record the rotationally resolved stimulated emission pumping (SEP) spectrum of CCl<SB>2</SB>.</text></s> <s sid="259"><CoreSc1 atype="GSC" type="Con" conceptID="Con36" novelty="None" advantage="None"/><text>Another possibility would be to record the absorption spectrum, <IT>e.g.</IT>, by the cavity ring-down spectroscopy (CRDS) technique.</text></s> <s sid="260"><CoreSc1 atype="GSC" type="Con" conceptID="Con36" novelty="None" advantage="None"/><text>In this case the high-energy X̃ state vibrational overtones (<IT>n</IT><SB>2</SB> &gt; 20 or <IT>n</IT><SB>1</SB> &gt; 10) are not expected to appear in the spectrum, while the intensity of the triplet state levels is determined by the spin–vibronic coupling.</text></s></P></DIV><DIV DEPTH="1"><HEADER>Note added in proof</HEADER><P><s sid="261"><CoreSc1 atype="GSC" type="Bac" conceptID="Bac21" novelty="None" advantage="None"/><text>After submission of the paper we have received a manuscript from H.-G.</text></s> <s sid="262"><CoreSc1 atype="GSC" type="Bac" conceptID="Bac21" novelty="None" advantage="None"/><text>Xu, T. Sears and J. T. Muckerman entitled “Potential energy surfaces and vibrational energy levels of DCCl and HCCl in three low-lying states”.</text></s> <s sid="263"><CoreSc1 atype="GSC" type="Bac" conceptID="Bac21" novelty="None" advantage="None"/><text>The MRCI calculations reported in this paper are in good agreement with our results.</text></s> <s sid="264"><CoreSc1 atype="GSC" type="Bac" conceptID="Bac21" novelty="None" advantage="None"/><text>The only smaller difference between our and their results is in the numerical value (4 <IT>vs.</IT> 22 cm<SP>−1</SP>, respectively) of the perturbation between the ã(0,1,0) and X̃(0,2,1) levels of HCCl.</text></s></P></DIV></BODY></PAPER>