<?xml version="1.0" encoding="UTF-8"?>
<!DOCTYPE PAPER
  SYSTEM "paper-structure-annotation.dtd">
<PAPER><mode2 name="b506644a" hasDoc="yes" version="1085"/><TITLE><s sid="1"><CoreSc1 atype="GSC" type="Obj" conceptID="Obj1" novelty="New" advantage="None"/><text>A TEM and electron energy loss spectroscopy (EELS) investigation of active and inactive silver particles for surface enhanced resonance Raman spectroscopy (SERRS)</text></s></TITLE><ABSTRACT><s sid="2"><CoreSc1 atype="GSC" type="Obj" conceptID="Obj1" novelty="New" advantage="None"/><text>A number of silver particles and aggregates of particles were studied using surface enhanced resonance Raman spectroscopy (SERRS), high resolution transmission electron microscopy (HRTEM) and electron energy-loss spectroscopy (EELS).</text></s> <s sid="3"><CoreSc1 atype="GSC" type="Met" conceptID="Met1" novelty="Old" advantage="None"/><text>The SERRS mapping/TEM collage method developed previously in our group allows each SERRS active or inactive species to be reliably identified and analysed by each of the techniques in three different instruments.</text></s> <s sid="4"><CoreSc1 atype="GSC" type="Goa" conceptID="Goa1" novelty="None" advantage="None"/><text>Our aim is to correlate SERRS activity, particle microstructure, chemical composition and electronic properties of each species to gain an insight into the enhancement mechanism.</text></s> <s sid="5"><CoreSc1 atype="GSC" type="Res" conceptID="Res1" novelty="None" advantage="None"/><text>To date, our findings do not reveal any clear link between particle microstructure and SERRS activity.</text></s> <s sid="6"><CoreSc1 atype="GSC" type="Res" conceptID="Res2" novelty="None" advantage="None"/><text>Additionally, the direction of the polarisation of the incident excitation or the presence of interparticle junctions between aggregated particles was not correlated with SERRS activity.</text></s> <s sid="7"><CoreSc1 atype="GSC" type="Res" conceptID="Res3" novelty="None" advantage="None"/><text>However, spectral variations in the EELS data from structurally similar particles and SERRS active and inactive particles suggest that each species is chemically/electronically distinct.</text></s> <s sid="8"><CoreSc1 atype="GSC" type="Obs" conceptID="Obs1" novelty="None" advantage="None"/><text>Differences in the spectra of single particles, dimers and clusters were also observed.</text></s> <s sid="9"><CoreSc1 atype="GSC" type="Res" conceptID="Res4" novelty="None" advantage="None"/><text>Further analysis of the data, including extraction of the complex dielectric function from the EELS data, will provide an insight into the relationship between these observations and SERRS activity.</text></s></ABSTRACT><BODY><DIV DEPTH="1"><HEADER>Introduction</HEADER><P><s sid="10"><CoreSc1 atype="GSC" type="Bac" conceptID="Bac1" novelty="None" advantage="None"/><text>Surface enhanced resonance Raman spectroscopy (SERRS) is a powerful analytical technique capable of single molecule detection and characterisation.1,2<REF ID="R-0" REFID="cit1"/><REF ID="R-1" REFID="cit2"/> Although the general mechanisms of SERRS are broadly accepted,3,4<REF ID="R-2" REFID="cit3"/><REF ID="R-3" REFID="cit4"/> the processes occurring at SERRS active sites, where enormous enhancements of the Raman signal occur and single molecule detection is possible, are poorly understood.</text></s> <s sid="11"><CoreSc1 atype="GSC" type="Bac" conceptID="Bac2" novelty="None" advantage="None"/><text>The analysis of SERRS from analyte molecules adsorbed onto silver particles has been one of the most informative ways of studying the SERRS mechanism and the different systems studied include isolated single particles,1,5,6<REF ID="R-4" REFID="cit1"/><REF ID="R-5" REFID="cit5"/><REF ID="R-6" REFID="cit6"/> dimers6–8<REF ID="R-7" REFID="cit7"/><REF ID="R-8" REFID="cit8"/> and clusters5,6,9–11<REF ID="R-9" REFID="cit5"/><REF ID="R-10" REFID="cit6"/><REF ID="R-11" REFID="cit10"/><REF ID="R-12" REFID="cit11"/> as well as ensemble averaged measurements from thousands of aggregated particles.2,12<REF ID="R-13" REFID="cit2"/><REF ID="R-14" REFID="cit12"/> In previous studies we have developed an effective method for the analysis of a statistically significant number of immobilised nanoparticles by both SERRS and transmission electron microscopy (TEM).5,6<REF ID="R-15" REFID="cit5"/><REF ID="R-16" REFID="cit6"/> This method involves the correlation of a SERRS map, recorded using an optical microscope, with a collage of TEM images of the same area of the substrate.</text></s> <s sid="12"><CoreSc1 atype="GSC" type="Bac" conceptID="Bac2" novelty="None" advantage="None"/><text>Recently, we improved this method through the use of fluorescent beads that act as optical markers.13<REF ID="R-17" REFID="cit13"/> Using this method, SERRS active and inactive particles were reliably identified in three different instruments and studied by high resolution transmission electron microscopy (HRTEM) and electron energy-loss spectroscopy (EELS).</text></s></P><P><s sid="13"><CoreSc1 atype="GSC" type="Bac" conceptID="Bac3" novelty="None" advantage="None"/><text>EELS is the analysis of the energy distribution of primary electrons that are inelastically scattered upon interaction with the specimen in the TEM.</text></s> <s sid="14"><CoreSc1 atype="GSC" type="Bac" conceptID="Bac3" novelty="None" advantage="None"/><text>The technique yields a wealth of information concerning the electronic structure, chemical bonding and dielectric response of the specimen atoms.14<REF ID="R-18" REFID="cit14"/> The inelastic events that result in spectral features are primarily electron–electron interactions and include single electron excitations, such as intra- and inter-band transitions and inner-shell ionisations, as well as collective electron oscillations such as the bulk and surface plasmons.</text></s> <s sid="15"><CoreSc1 atype="GSC" type="Bac" conceptID="Bac3" novelty="None" advantage="None"/><text>The electron energy-loss spectrum can be divided into the valence loss region, which includes energy losses up to 50 eV, and the core loss region where higher energy losses are measured.</text></s> <s sid="16"><CoreSc1 atype="GSC" type="Obj" conceptID="Obj2" novelty="New" advantage="None"/><text>In this paper, we focus on the valence loss spectrum where intra- and inter-band transitions as well as plasmon excitations occur.</text></s> <s sid="17"><CoreSc1 atype="GSC" type="Obs" conceptID="Obs2" novelty="None" advantage="None"/><text>The largest feature in each spectrum is the elastic or zero-loss peak (ZLP).</text></s> <s sid="18"><CoreSc1 atype="GSC" type="Bac" conceptID="Bac4" novelty="None" advantage="None"/><text>The ZLP is associated with the electrons that do not interact inelastically with the sample and the full-width half maximum (FWHM) of the peak provides a measure of the energy resolution of the system.</text></s> <s sid="19"><CoreSc1 atype="GSC" type="Bac" conceptID="Bac4" novelty="None" advantage="None"/><text>In a modern field-emission gun (FEG) TEM the FWHM of the ZLP is typically ≥0.8 eV.</text></s> <s sid="20"><CoreSc1 atype="GSC" type="Bac" conceptID="Bac4" novelty="None" advantage="None"/><text>If one is interested in features close to the ZLP, i.e. ΔE &lt; 5 eV, then removal of the tail of the ZLP is problematic and often results in noise amplification that can mask the features of interest.</text></s> <s sid="21"><CoreSc1 atype="GSC" type="Met" conceptID="Met2" novelty="New" advantage="None"/><text>Key to the success of the EELS measurements in this study is the use of a FEG-TEM fitted with a monochromated source that enables a ZLP with FWHM = 0.1 eV to be formed.</text></s> <s sid="22"><CoreSc1 atype="GSC" type="Met" conceptID="Met2" novelty="New" advantage="Yes"/><text>This enhanced resolution maximises the chances of resolving and identifying the low energy excitations in the silver particles that could potentially provide insight into the origins of SERRS.</text></s> <s sid="23"><CoreSc1 atype="GSC" type="Met" conceptID="Met2" novelty="New" advantage="None"/><text>It should be noted that in this work a Raman excitation of 514.5 nm was used.</text></s> <s sid="24"><CoreSc1 atype="GSC" type="Met" conceptID="Met2" novelty="New" advantage="No"/><text>It is possible that use of a different excitation wavelength would result in different particles and aggregates being active.</text></s></P></DIV><DIV DEPTH="1"><HEADER>Experimental</HEADER><P><s sid="25"><CoreSc1 atype="GSC" type="Exp" conceptID="Exp1" novelty="None" advantage="None"/><text>Raman spectra were obtained using a Renishaw Raman InVia system in confocal set-up equipped with a Spectra Physics 514.5 Ar+ laser and Renishaw XYZ mapping stage.</text></s> <s sid="26"><CoreSc1 atype="GSC" type="Exp" conceptID="Exp1" novelty="None" advantage="None"/><text>With a ×100 objective, the lateral resolution of the Raman system was measured to be approximately 1 µm.</text></s> <s sid="27"><CoreSc1 atype="GSC" type="Exp" conceptID="Exp1" novelty="None" advantage="None"/><text>The laser power at the sample was measured to be 15 µW.</text></s> <s sid="28"><CoreSc1 atype="GSC" type="Exp" conceptID="Exp1" novelty="None" advantage="None"/><text>Raman mapping times of approximately 1 hour were employed and under these conditions no photodegradation of the particle–dye complex occurs.5<REF ID="R-19" REFID="cit5"/></text></s></P><P><s sid="29"><CoreSc1 atype="GSC" type="Exp" conceptID="Exp2" novelty="None" advantage="None"/><text>Electron microscopy was performed using a JEOL 2010 TEM, operating at 200 kV, and fitted with a LaB6 filament.</text></s> <s sid="30"><CoreSc1 atype="GSC" type="Exp" conceptID="Exp2" novelty="None" advantage="None"/><text>A Gatan Multiscan digital camera was used for image capture.</text></s> <s sid="31"><CoreSc1 atype="GSC" type="Exp" conceptID="Exp3" novelty="None" advantage="None"/><text>EELS measurements were performed on a FEI Tecnai F20, operating at 200 kV, fitted with a monochromator and a high resolution Gatan Imaging Filter spectrometer.15<REF ID="R-20" REFID="cit15"/> The energy resolution of the system was 0.1 eV.</text></s> <s sid="32"><CoreSc1 atype="GSC" type="Exp" conceptID="Exp3" novelty="None" advantage="None"/><text>The EELS experiments were performed in image mode such that an image of the specimen was visible on the viewing screen.</text></s> <s sid="33"><CoreSc1 atype="GSC" type="Exp" conceptID="Exp3" novelty="None" advantage="None"/><text>The spectra were corrected for gain variations on the CCD and the dark current was removed.</text></s> <s sid="34"><CoreSc1 atype="GSC" type="Exp" conceptID="Exp3" novelty="None" advantage="None"/><text>For each EELS spectrum shown, a series of 25 spectra were collected, aligned and summed.</text></s></P><P><s sid="35"><CoreSc1 atype="GSC" type="Exp" conceptID="Exp4" novelty="None" advantage="None"/><text>Silver colloid and the analyte dye 3,5-dimethoxy-4-(5′-azobenzotriazoyl)phenylamine, ABT-DMOPA, were prepared as described previously.5<REF ID="R-21" REFID="cit5"/> Silver colloid was immobilised on labelled SiOx TEM grids (SPI, Pennsylvania, USA) in a manner similar to that described previously.5<REF ID="R-22" REFID="cit5"/> However, for all experiments detailed here, the grids were not coated with formvar and were not silanised.</text></s> <s sid="36"><CoreSc1 atype="GSC" type="Exp" conceptID="Exp4" novelty="None" advantage="None"/><text>In brief, each grid was rinsed in methanol, allowed to dry and 1 drop of a dilute colloid was placed on one side of the grid and allowed to evaporate completely.</text></s> <s sid="37"><CoreSc1 atype="GSC" type="Exp" conceptID="Exp4" novelty="None" advantage="None"/><text>The grid was rinsed in water and then methanol before 1 drop of analyte dye (ABT-DMOPA, 1 × 106 M) was applied to the same side of the grid.</text></s> <s sid="38"><CoreSc1 atype="GSC" type="Exp" conceptID="Exp4" novelty="None" advantage="None"/><text>After 5 min, the excess dye was washed from the grid by immersion in methanol.</text></s> <s sid="39"><CoreSc1 atype="GSC" type="Exp" conceptID="Exp4" novelty="None" advantage="None"/><text>A suspension of fluorescent beads in methanol (P.A.R.I.S., Paris, France) was diluted to a suitable concentration, then 1 drop was applied to the same side of the grid.</text></s> <s sid="40"><CoreSc1 atype="GSC" type="Exp" conceptID="Exp4" novelty="None" advantage="None"/><text>After 5 min, the grid was rinsed in methanol.</text></s></P></DIV><DIV DEPTH="1"><HEADER>Results and discussion</HEADER><P><s sid="41"><CoreSc1 atype="GSC" type="Obs" conceptID="Obs3" novelty="None" advantage="None"/><text>Presented in Fig. 1 are HRTEM images of four SERRS active (a–d) and two SERRS inactive dimers (e,f) each set to the same scale.</text></s> <s sid="42"><CoreSc1 atype="GSC" type="Met" conceptID="Met3" novelty="New" advantage="None"/><text>Each dimer was spatially isolated such that SERRS was collected from the dimer alone without a contribution from any other particle or aggregate of particles.</text></s> <s sid="43"><CoreSc1 atype="GSC" type="Met" conceptID="Met3" novelty="New" advantage="Yes"/><text>Therefore the SERRS activity can be unambiguously assigned to each of the dimers shown in Fig. 1.</text></s> <s sid="44"><CoreSc1 atype="GSC" type="Obs" conceptID="Obs3" novelty="None" advantage="None"/><text>A section from each of the dimers is enlarged and shown either above (a–c) or below (d–e) the image of the dimer.</text></s> <s sid="45"><CoreSc1 atype="GSC" type="Obs" conceptID="Obs4" novelty="None" advantage="None"/><text>In each image silver lattice fringes are visible although the particles were not tilted to orientate a specific zone axis before imaging.</text></s> <s sid="46"><CoreSc1 atype="GSC" type="Obs" conceptID="Obs4" novelty="None" advantage="None"/><text>Instead, the images show the particles orientated as they were for SERRS analysis.</text></s> <s sid="47"><CoreSc1 atype="GSC" type="Res" conceptID="Res5" novelty="None" advantage="None"/><text>As discussed previously, SERRS activity in dimers may be related to the dimensions of the interparticle junction, orientation relative to the polarisation of the incident light and crystal defects present within the particle.6<REF ID="R-23" REFID="cit6"/> In dimer (b), a gap of approximately 0.5 nm exists between the particles and the dimer is SERRS active.</text></s> <s sid="48"><CoreSc1 atype="GSC" type="Obs" conceptID="Obs5" novelty="None" advantage="None"/><text>Dimers (e) and (f) are SERRS inactive and the particles in both these dimers are overlapped.</text></s> <s sid="49"><CoreSc1 atype="GSC" type="Con" conceptID="Con1" novelty="None" advantage="None"/><text>These observations support the theory that it is the junction between the particles that is crucial for effective SERRS.</text></s> <s sid="50"><CoreSc1 atype="GSC" type="Obs" conceptID="Obs6" novelty="None" advantage="None"/><text>However, dimer (a) is also active, yet here the two particles overlap such that the edge of one particle can be seen positioned on top of the other.</text></s> <s sid="51"><CoreSc1 atype="GSC" type="Obs" conceptID="Obs6" novelty="None" advantage="None"/><text>For each of these dimers, the dimer axis is parallel, or close to parallel, to the polarisation of the incident light.</text></s> <s sid="52"><CoreSc1 atype="GSC" type="Obs" conceptID="Obs7" novelty="None" advantage="None"/><text>However, in the case of dimers (c) and (d), each of which are SERRS active, the dimer axis lies perpendicular to the direction of the incident polarisation.</text></s> <s sid="53"><CoreSc1 atype="GSC" type="Con" conceptID="Con2" novelty="None" advantage="None"/><text>It would therefore appear that SERRS activity is not dependent on the direction of the incident polarisation relative to the dimer axis.</text></s> <s sid="54"><CoreSc1 atype="GSC" type="Obs" conceptID="Obs8" novelty="None" advantage="None"/><text>The particles in dimers (c) and (d) appear to be joined together and this will be discussed below.</text></s> <s sid="55"><CoreSc1 atype="GSC" type="Res" conceptID="Res6" novelty="None" advantage="None"/><text>Diffraction contrast features, indicative of crystal defects, are visible in all of the images.</text></s> <s sid="56"><CoreSc1 atype="GSC" type="Obs" conceptID="Obs9" novelty="None" advantage="None"/><text>The most distinct features occur in dimer (e).</text></s> <s sid="57"><CoreSc1 atype="GSC" type="Res" conceptID="Res7" novelty="None" advantage="None"/><text>The lower particle exhibits a series of dark lines, possibly as a result of twin boundaries, that split the particle into three subcrystals.</text></s> <s sid="58"><CoreSc1 atype="GSC" type="Res" conceptID="Res8" novelty="None" advantage="None"/><text>In the upper subcrystal, the single dark line is indicative of a line defect.</text></s> <s sid="59"><CoreSc1 atype="GSC" type="Res" conceptID="Res9" novelty="None" advantage="None"/><text>The diffraction contrast observed in the enlarged image of dimer (c) may also be indicative of the presence of multiply twin boundaries.</text></s> <s sid="60"><CoreSc1 atype="GSC" type="Res" conceptID="Res9" novelty="None" advantage="None"/><text>It should be noted that the visibility of such contrast is highly sensitive to the orientation of the particles with respect to the electron beam.</text></s> <s sid="61"><CoreSc1 atype="GSC" type="Bac" conceptID="Bac5" novelty="None" advantage="None"/><text>A detailed electron diffraction study to fully characterise these defects and boundaries is ongoing.</text></s> <s sid="62"><CoreSc1 atype="GSC" type="Con" conceptID="Con3" novelty="None" advantage="None"/><text>As discussed previously, crystal defects present within silver particles could result in high energy sites at the particle surface that may act as SERRS active sites.6<REF ID="R-24" REFID="cit6"/> However, dimer (c) is SERRS active and dimer (e) is SERRS inactive suggesting that these crystal defects do not contribute to effective surface enhancement and do not play a significant role in rendering a particle SERRS active.</text></s> <s sid="63"><CoreSc1 atype="GSC" type="Con" conceptID="Con3" novelty="None" advantage="None"/><text>In addition to our previous findings,6<REF ID="R-25" REFID="cit6"/> these results suggest that there is little evidence for a correlation between high SERRS activity and the presence of a narrow junction or junctions between the particles, crystal defects or the orientation of aggregated particles relative to the incident excitation.</text></s></P><P><s sid="64"><CoreSc1 atype="GSC" type="Bac" conceptID="Bac6" novelty="None" advantage="None"/><text>An important consideration when analysing silver nanoparticles by TEM is sample degradation from exposure to the electron beam.</text></s> <s sid="65"><CoreSc1 atype="GSC" type="Hyp" conceptID="Hyp1" novelty="None" advantage="None"/><text>The particles in dimers (c) and (d) appear to be joined together in a manner not usually observed and it is believed that this is the result of beam damage.</text></s> <s sid="66"><CoreSc1 atype="GSC" type="Res" conceptID="Res10" novelty="None" advantage="None"/><text>This process is illustrated in a separate study, shown in Fig. 2, where the junction between the two particles in a dimer is shown before and after electron beam damage.</text></s> <s sid="67"><CoreSc1 atype="GSC" type="Obs" conceptID="Obs10" novelty="None" advantage="None"/><text>In Fig. 2(a) the HRTEM image shows that the edge of each particle is clearly visible.</text></s> <s sid="68"><CoreSc1 atype="GSC" type="Obs" conceptID="Obs11" novelty="None" advantage="None"/><text>In Fig. 2(b) the particles have melted together and no interparticle junction remains.</text></s> <s sid="69"><CoreSc1 atype="GSC" type="Met" conceptID="Met4" novelty="New" advantage="None"/><text>In this case, particle degradation occurred after approximately 20 min of imaging with the electron beam illuminating the dimer.</text></s> <s sid="70"><CoreSc1 atype="GSC" type="Bac" conceptID="Bac7" novelty="None" advantage="None"/><text>Particle damage is more prevalent the stronger the electron beam intensity and the older the sample is, i.e. the number of days after particle immobilisation.</text></s></P><P><s sid="71"><CoreSc1 atype="GSC" type="Obj" conceptID="Obj3" novelty="New" advantage="None"/><text>The lack of a correlation between particle microstructure and SERRS activity motivated our analysis of the electronic properties of SERRS active and inactive silver particles using EELS.</text></s> <s sid="72"><CoreSc1 atype="GSC" type="Exp" conceptID="Exp5" novelty="None" advantage="None"/><text>The microscope setup utilised a small entrance aperture (0.65 mm) to the spectrometer in order to achieve an energy resolution of approximately 0.1 eV.</text></s> <s sid="73"><CoreSc1 atype="GSC" type="Exp" conceptID="Exp5" novelty="None" advantage="None"/><text>In this setup however, only a portion of one particle (approximately 10 nm2) could be sampled.</text></s> <s sid="74"><CoreSc1 atype="GSC" type="Exp" conceptID="Exp6" novelty="None" advantage="None"/><text>The use of a larger aperture (2 mm) allowed a larger area to be sampled (30 nm2), but the resolution in this setup was degraded to approximately 0.3 eV.</text></s> <s sid="75"><CoreSc1 atype="GSC" type="Exp" conceptID="Exp6" novelty="None" advantage="None"/><text>At this resolution much of the detail in the EELS spectra was unresolved.</text></s> <s sid="76"><CoreSc1 atype="GSC" type="Obj" conceptID="Obj3" novelty="New" advantage="None"/><text>Therefore, the EELS spectra were recorded from an area of each of the particles studied and for aggregated particles the area of the interparticle junction could also be analysed.</text></s></P><P><s sid="77"><CoreSc1 atype="GSC" type="Obs" conceptID="Obs12" novelty="None" advantage="None"/><text>Fig. 3(a) shows a typical energy-loss spectrum obtained from a silver particle in this study.</text></s> <s sid="78"><CoreSc1 atype="GSC" type="Res" conceptID="Res11" novelty="None" advantage="None"/><text>As discussed earlier the most intense peak in the spectrum corresponds to the zero-loss peak (ZLP).</text></s> <s sid="79"><CoreSc1 atype="GSC" type="Obs" conceptID="Obs12" novelty="None" advantage="None"/><text>The spectrum is expanded in Fig. 3(b) to show the detail of the valence loss region.</text></s> <s sid="80"><CoreSc1 atype="GSC" type="Met" conceptID="Met5" novelty="New" advantage="None"/><text>In all subsequent spectra we will omit the zero loss peak.</text></s> <s sid="81"><CoreSc1 atype="GSC" type="Obs" conceptID="Obs13" novelty="None" advantage="None"/><text>The published data on energy losses from silver systems include the presence of inter-band transitions at 3.3 and 5 eV, a surface plasmon excitation at 3.5 eV and a bulk plasmon excitation at 3.8 eV.16–18<REF ID="R-26" REFID="cit17"/><REF ID="R-27" REFID="cit18"/> In Fig. 3 there are two peaks at 3.3 and 3.8 eV and a broad peak at approximately 8.0 eV.</text></s> <s sid="82"><CoreSc1 atype="GSC" type="Obs" conceptID="Obs14" novelty="None" advantage="None"/><text>There is also a shoulder on the ZLP at 1.2 eV.</text></s> <s sid="83"><CoreSc1 atype="GSC" type="Res" conceptID="Res12" novelty="None" advantage="None"/><text>These features probably correspond with some of the excitations reported in the literature but further analysis of our data is required before assignments can be definitively made.</text></s> <s sid="84"><CoreSc1 atype="GSC" type="Obs" conceptID="Obs15" novelty="None" advantage="None"/><text>In this energy range there are no features in the spectrum recorded from the SiOx substrate (Fig. 3c).</text></s></P><P><s sid="85"><CoreSc1 atype="GSC" type="Obs" conceptID="Obs16" novelty="None" advantage="None"/><text>In Fig. 4, a comparison of the energy loss spectra recorded from single particles and aggregates of particles are presented.</text></s> <s sid="86"><CoreSc1 atype="GSC" type="Obs" conceptID="Obs16" novelty="None" advantage="None"/><text>The spectra have been expanded and shifted vertically on the y-axis for clarity.</text></s> <s sid="87"><CoreSc1 atype="GSC" type="Met" conceptID="Met6" novelty="New" advantage="None"/><text>For the aggregates, spectra were recorded from the centre of the particles as well as from the interfaces between the particles.</text></s> <s sid="88"><CoreSc1 atype="GSC" type="Res" conceptID="Res13" novelty="None" advantage="None"/><text>The EELS measurements reveal spectral variations between single and aggregated particles proving that each of the species is chemically and/or electronically distinct.</text></s> <s sid="89"><CoreSc1 atype="GSC" type="Con" conceptID="Con4" novelty="None" advantage="None"/><text>This result is consistent with electromagnetic theory3,8<REF ID="R-28" REFID="cit3"/><REF ID="R-29" REFID="cit8"/> where coupling and shifting of surface plasmons occur in aggregated particles relative to the case of an isolated particle.</text></s> <s sid="90"><CoreSc1 atype="GSC" type="Obs" conceptID="Obs17" novelty="None" advantage="None"/><text>In Fig. 4 there are peaks observed at approximately 2.0, 3.4, 3.8, 8.1 and 10.5 eV and each of these peaks is indicated by dashed lines.</text></s> <s sid="91"><CoreSc1 atype="GSC" type="Obs" conceptID="Obs17" novelty="None" advantage="None"/><text>The exact position of each of these peaks varies by up to 0.2 eV in the case of some of the spectra.</text></s> <s sid="92"><CoreSc1 atype="GSC" type="Obs" conceptID="Obs17" novelty="None" advantage="None"/><text>Sharp features are present in the majority of spectra at 3.3 and 3.8 eV although the relative intensities of the peaks vary and the broad bands at approximately 8.1 and 10.5 are less well defined in energy and not present in all spectra.</text></s> <s sid="93"><CoreSc1 atype="GSC" type="Res" conceptID="Res14" novelty="None" advantage="None"/><text>A notable difference between the spectra is the presence of a low energy excitation from aggregated particles.</text></s> <s sid="94"><CoreSc1 atype="GSC" type="Obs" conceptID="Obs18" novelty="None" advantage="None"/><text>This peak is present at 1.8 eV in the dimer particle and at 2.1 eV in the trimer particle.</text></s> <s sid="95"><CoreSc1 atype="GSC" type="Obs" conceptID="Obs19" novelty="None" advantage="None"/><text>This trend is not continued for the quartet particle, from which no low energy peak is observed.</text></s> <s sid="96"><CoreSc1 atype="GSC" type="Obs" conceptID="Obs20" novelty="None" advantage="None"/><text>From studies of a number of dimers, this low energy peak has been observed between 1.8–2.0 eV, although, in some cases the peak is absent.</text></s> <s sid="97"><CoreSc1 atype="GSC" type="Obs" conceptID="Obs21" novelty="None" advantage="None"/><text>Interestingly, in all cases where the low energy peak is present, it is detected from the particle and not from the junction between particles.</text></s> <s sid="98"><CoreSc1 atype="GSC" type="Res" conceptID="Res15" novelty="None" advantage="None"/><text>If the low energy peak is associated with particle aggregation, its presence would have been expected between particles, where coupling effects are likely to occur.</text></s> <s sid="99"><CoreSc1 atype="GSC" type="Obs" conceptID="Obs22" novelty="None" advantage="None"/><text>However, a number of single particles were analysed and in no case was the low energy peak observed.</text></s> <s sid="100"><CoreSc1 atype="GSC" type="Bac" conceptID="Bac8" novelty="None" advantage="None"/><text>A peak in this spectral region has been observed previously, although the authors attributed its presence to imperfections in the silver film.16<REF ID="R-30" REFID="cit16"/></text></s></P><P><s sid="101"><CoreSc1 atype="GSC" type="Res" conceptID="Res16" novelty="None" advantage="None"/><text>Comparisons between a number of single particles and dimers reveal that there are also electronic differences between structurally similar particles and aggregates.</text></s> <s sid="102"><CoreSc1 atype="GSC" type="Obs" conceptID="Obs23" novelty="None" advantage="None"/><text>In Fig. 5, spectra from a SERRS active and an inactive dimer are compared.</text></s> <s sid="103"><CoreSc1 atype="GSC" type="Obs" conceptID="Obs23" novelty="None" advantage="None"/><text>The relative intensity fluctuations of the 3.3 and 3.8 eV peaks are apparent, as are the slight changes in the position in the broad excitation at approximately 8 eV.</text></s> <s sid="104"><CoreSc1 atype="GSC" type="Obs" conceptID="Obs24" novelty="None" advantage="None"/><text>The one major difference is the presence of the low energy peak in three out of the four particles, but its absence in one of the inactive particles.</text></s> <s sid="105"><CoreSc1 atype="GSC" type="Con" conceptID="Con5" novelty="None" advantage="None"/><text>One or more of these features may be linked to SERRS activity but it is clear that many more cases must be studied in order to pinpoint spectral features that are unique to SERRS active particles.</text></s></P><P><s sid="106"><CoreSc1 atype="GSC" type="Obs" conceptID="Obs25" novelty="None" advantage="None"/><text>Fig. 6 shows a TEM image of a SERRS active quartet of particles.</text></s> <s sid="107"><CoreSc1 atype="GSC" type="Obs" conceptID="Obs26" novelty="None" advantage="None"/><text>HRTEM images from two of the particles and two of the junctions are also shown together with the associated energy-loss spectra which are recorded from the same area.</text></s> <s sid="108"><CoreSc1 atype="GSC" type="Obs" conceptID="Obs27" novelty="None" advantage="None"/><text>The SERRS spectrum detected from the quartet is also presented.</text></s> <s sid="109"><CoreSc1 atype="GSC" type="Con" conceptID="Con6" novelty="None" advantage="None"/><text>This figure demonstrates the wealth of information that may be recorded from a silver particle or aggregate of particles through the techniques described in this and other publications.5,6,13<REF ID="R-31" REFID="cit5"/><REF ID="R-32" REFID="cit6"/><REF ID="R-33" REFID="cit13"/> Particle degradation prevented the analysis of more active/inactive particles by HRTEM with EELS.</text></s> <s sid="110"><CoreSc1 atype="GSC" type="Con" conceptID="Con6" novelty="None" advantage="None"/><text>Ideally, low magnification imaging and assembly of the TEM collage, HRTEM and EELS would be performed in one day, in one TEM, without removal of the specimen from the microscope.</text></s></P><P><s sid="111"><CoreSc1 atype="GSC" type="Con" conceptID="Con6" novelty="None" advantage="None"/><text>A drawback to these experiments is that only a part of a particle may be probed and EELS is not collected from, for example, the dimer as a whole.</text></s> <s sid="112"><CoreSc1 atype="GSC" type="Bac" conceptID="Bac9" novelty="None" advantage="None"/><text>In future studies it will hopefully be possible to achieve this.</text></s> <s sid="113"><CoreSc1 atype="GSC" type="Con" conceptID="Con7" novelty="None" advantage="None"/><text>In addition, it will be necessary to collate the SERRS spectrum, HRTEM image and EELS spectrum for a number of SERRS active and inactive single particles, dimers and clusters in order to better study and understand the underlying mechanisms of SERRS activity.</text></s></P></DIV><DIV DEPTH="1"><HEADER>Conclusions</HEADER><P><s sid="114"><CoreSc1 atype="GSC" type="Res" conceptID="Res17" novelty="None" advantage="None"/><text>The SERRS mapping/TEM collage method allows a significant number of SERRS active and inactive particles to be identified.</text></s> <s sid="115"><CoreSc1 atype="GSC" type="Res" conceptID="Res18" novelty="None" advantage="None"/><text>From these active and inactive particles, both HRTEM images, allowing analysis of particle microstructure, and EELS spectra, allowing plasmon energies and single electron transitions to be measured, may be collected from individual silver particles in the TEM.</text></s> <s sid="116"><CoreSc1 atype="GSC" type="Con" conceptID="Con8" novelty="None" advantage="None"/><text>So far, from all particles assessed, no clear correlation has been observed between particle microstructure and SERRS activity.</text></s> <s sid="117"><CoreSc1 atype="GSC" type="Con" conceptID="Con9" novelty="None" advantage="None"/><text>However, EELS measurements have demonstrated that structurally similar particles exhibit unique chemical properties.</text></s> <s sid="118"><CoreSc1 atype="GSC" type="Con" conceptID="Con10" novelty="None" advantage="None"/><text>Further analysis and derivation of the dielectric constant for these systems may allow these chemical properties to be related to the pronounced differences in SERRS activity exhibited by structurally similar silver particles, dimers and clusters.</text></s></P><P><s sid="119"><CoreSc1 atype="GSC" type="Con" conceptID="Con10" novelty="None" advantage="None"/><text>The combination of the SERRS spectrum, HRTEM imaging and EELS measurements from identifiable SERRS active and inactive particles should aid a fuller understanding of the underlying SERRS enhancement mechanisms.</text></s> <s sid="120"><CoreSc1 atype="GSC" type="Con" conceptID="Con10" novelty="None" advantage="None"/><text>However, it will be necessary to increase the statistical number of particles studied by the combination of all three techniques before definitive conclusions can be reached.</text></s></P></DIV></BODY></PAPER>