<?xml version="1.0" encoding="UTF-8"?>
<!DOCTYPE PAPER
  SYSTEM "paper-structure-annotation.dtd">
<PAPER><mode2 name="b509263a" hasDoc="yes" version="1153"/><TITLE><s sid="1"><CoreSc1 atype="GSC" type="Goa" conceptID="Goa1" novelty="None" advantage="None"/><text>Investigation of the surface structure of zeolite A<XREF TYPE="FOOTNOTE_MARKER" ID="fn1"/></text></s></TITLE><ABSTRACT><s sid="2"><CoreSc1 atype="GSC" type="Obj" conceptID="Obj1" novelty="New" advantage="None"/><text>The surface structure of zeolite A was investigated by FE-SEM, AFM, and HRTEM.</text></s> <s sid="3"><CoreSc1 atype="GSC" type="Con" conceptID="Con1" novelty="None" advantage="None"/><text>First, it was shown by FE-SEM and AFM that the surface of zeolite A terminated with the same structure.</text></s> <s sid="4"><CoreSc1 atype="GSC" type="Con" conceptID="Con2" novelty="None" advantage="None"/><text>Then, by combining the results with those of HRTEM, the terminal structure of zeolite A was identified as incomplete sodalite cages.</text></s></ABSTRACT><BODY><DIV DEPTH="1"><HEADER/><P><s sid="5"><CoreSc1 atype="GSC" type="Bac" conceptID="Bac1" novelty="None" advantage="None"/><text>Because of their well-defined structures and large ion-exchange capabilities, zeolites are widely used as ion-exchangers, adsorbents and catalysts.<REF TYPE="P" ID="cit1 cit2">1,2</REF></text></s> <s sid="6"><CoreSc1 atype="GSC" type="Bac" conceptID="Bac1" novelty="None" advantage="None"/><text>In contrast to the formations of typical metal oxides, zeolite crystallization is affected by various factors (<IT>e.g.</IT> starting composition, pH, temperature, mixing procedures, agitation and synthesis time).</text></s> <s sid="7"><CoreSc1 atype="GSC" type="Bac" conceptID="Bac1" novelty="None" advantage="None"/><text>Thus, the crystallization mechanisms of zeolites are not well understood, and their elucidation remains a major topic in zeolite science.<REF TYPE="P" ID="cit3">3</REF></text></s></P><P><s sid="8"><CoreSc1 atype="GSC" type="Met" conceptID="Met1" novelty="Old" advantage="None"/><text>High-resolution transmission electron microscopy (HRTEM) can provide detailed information on the structures of zeolites and related materials;<REF TYPE="P" ID="cit4 cit5 cit6 cit7 cit8 cit9 cit10 cit11 cit12 cit13 cit14">4–14</REF> HRTEM images and selected area electron diffraction data have advantages over X-ray diffraction data since small specimens can be analyzed.<REF TYPE="P" ID="cit6 cit7">6,7</REF></text></s> <s sid="9"><CoreSc1 atype="GSC" type="Met" conceptID="Met1" novelty="Old" advantage="Yes"/><text>It is also possible to reveal the terminal structure of zeolites directly from HRTEM images,<REF TYPE="P" ID="cit8 cit9 cit10 cit11 cit12 cit13 cit14">8–14</REF> which enables information on the crystal growth mechanisms of zeolite to be obtained.</text></s> <s sid="10"><CoreSc1 atype="GSC" type="Met" conceptID="Met1" novelty="Old" advantage="No"/><text>However, there is a drawback as it is difficult to get a whole image of a sample by HRTEM, because to be observed by HRTEM the observation area must be very thin, and therefore, is usually limited.</text></s> <s sid="11"><CoreSc1 atype="GSC" type="Met" conceptID="Met1" novelty="Old" advantage="No"/><text>Further, it is well known that zeolites with a low Si/Al ratio are very fragile under the irradiation of an electron beam; therefore, most of the terminal structures of zeolites remain unelucidated.</text></s></P><P><s sid="12"><CoreSc1 atype="GSC" type="Bac" conceptID="Bac2" novelty="None" advantage="None"/><text>Zeolite A is one of the aluminosilicate zeolites, which contain three-dimensional pores within the structure, and is widely utilized in industrial fields as adsorbents, ion-exchangers (builders), and so on.</text></s> <s sid="13"><CoreSc1 atype="GSC" type="Bac" conceptID="Bac2" novelty="None" advantage="None"/><text>The crystal growth mechanism of zeolite A was recently investigated using AFM<REF TYPE="P" ID="cit15 cit16 cit17 cit18 cit19 cit20 cit21">15–21</REF> and a terminal structure was proposed from detailed analysis of the step height of the surface; however, direct determination of the terminal structure by HRTEM has not yet been reported.</text></s> <s sid="14"><CoreSc1 atype="GSC" type="Mot" conceptID="Mot1" novelty="None" advantage="None"/><text>Observation of zeolite A is quite difficult because it contains a maximum amount of Al in the structure (Si/Al = 1) and is easily damaged by electron irradiation.</text></s></P><P><s sid="15"><CoreSc1 atype="GSC" type="Met" conceptID="Met2" novelty="New" advantage="None"/><text>To overcome the above noted drawbacks of HRTEM, we combined observations by three types of microscopes; a field emission scanning electron microscope (FE-SEM; Hitachi, S-900, horizontal resolution is 0.8 nm at 6 kV), an atomic force microscope<REF TYPE="P" ID="cit22">22</REF> (AFM; Nanoscope IIIa: Veeco Metrology Group, Digital Instruments) and an HRTEM (JEM 2010, JEOL).</text></s> <s sid="16"><CoreSc1 atype="GSC" type="Goa" conceptID="Goa1" novelty="None" advantage="None"/><text>In this study, it is first shown by FE-SEM and AFM that the surface of zeolite A characterized here is terminated with the same structure.</text></s> <s sid="17"><CoreSc1 atype="GSC" type="Goa" conceptID="Goa1" novelty="None" advantage="None"/><text>Then, the terminal structure of zeolite A is identified by HRTEM.</text></s> <s sid="18"><CoreSc1 atype="GSC" type="Goa" conceptID="Goa2" novelty="None" advantage="None"/><text>Finally, a key precursor for crystal growth is discussed.</text></s></P><P><s sid="19"><CoreSc1 atype="GSC" type="Exp" conceptID="Exp1" novelty="None" advantage="None"/><text>A large single crystal of zeolite A was prepared using triethanolamine (TEA; Wako Pure Chemical Industries Ltd.; purity 98%).<REF TYPE="P" ID="cit23 cit24">23,24</REF></text></s> <s sid="20"><CoreSc1 atype="GSC" type="Exp" conceptID="Exp1" novelty="None" advantage="None"/><text>The aluminosilicate solution was prepared by dissolving sodium metasilicate nonahydrate (Na<SB>2</SB>SiO<SB>3</SB>9H<SB>2</SB>O, Wako Pure Chemical Industries Ltd.), sodium aluminate (NaAlO<SB>2</SB>; Wako Pure Chemical Industries Ltd.; Al/NaOH is about 0.75), and TEA in distilled water.</text></s> <s sid="21"><CoreSc1 atype="GSC" type="Exp" conceptID="Exp1" novelty="None" advantage="None"/><text>2.86 g of Na<SB>2</SB>SiO<SB>3</SB>9H<SB>2</SB>O and 3.72 g of TEA were added to 20.0 g of distilled water in a polyethylene bottle.</text></s> <s sid="22"><CoreSc1 atype="GSC" type="Exp" conceptID="Exp1" novelty="None" advantage="None"/><text>In another polyethylene bottle, 2.29 g of NaAlO<SB>2</SB> and 3.72 g of TEA were added to 20.0 g of distilled water, and stirred for 10 min.</text></s> <s sid="23"><CoreSc1 atype="GSC" type="Exp" conceptID="Exp1" novelty="None" advantage="None"/><text>Both of the solutions were filtered through a 0.2 μm filter membrane, and the latter was then poured into the former, which had been stirred for 5 min.</text></s> <s sid="24"><CoreSc1 atype="GSC" type="Exp" conceptID="Exp1" novelty="None" advantage="None"/><text>All procedures were performed at room temperature.</text></s> <s sid="25"><CoreSc1 atype="GSC" type="Exp" conceptID="Exp1" novelty="None" advantage="None"/><text>Finally, the solution was placed in an oven at 353 K and heated for two weeks without stirring.</text></s> <s sid="26"><CoreSc1 atype="GSC" type="Exp" conceptID="Exp1" novelty="None" advantage="None"/><text>The products obtained were filtered, washed with distilled water, and dried at 323 K for 24 h.</text></s></P><P><s sid="27"><CoreSc1 atype="GSC" type="Exp" conceptID="Exp2" novelty="None" advantage="None"/><text>For HRTEM observation, gold particles were attached to the surface of zeolite A to distinguish the original external surface from the surfaces cleaved during the sample preparation.</text></s> <s sid="28"><CoreSc1 atype="GSC" type="Exp" conceptID="Exp2" novelty="None" advantage="None"/><text>At first, 0.01 g of zeolite A and 0.1 ml of a solution of gold particles in ethanol (0.05 wt%, <IT>ca</IT>.</text></s> <s sid="29"><CoreSc1 atype="GSC" type="Exp" conceptID="Exp2" novelty="None" advantage="None"/><text>5 nm, Nippon Paint Co., Ltd.) were mixed.</text></s> <s sid="30"><CoreSc1 atype="GSC" type="Exp" conceptID="Exp2" novelty="None" advantage="None"/><text>The mixture was then dried in an oven at 323 K for 24 h (see ESI<SUP TYPE="FOOTNOTE_MARKER" ID="fn1"/>).</text></s> <s sid="31"><CoreSc1 atype="GSC" type="Exp" conceptID="Exp2" novelty="None" advantage="None"/><text>The crystals recovered were crushed, fixed on a Cu mesh grid and observed by HRTEM.</text></s> <s sid="32"><CoreSc1 atype="GSC" type="Exp" conceptID="Exp2" novelty="None" advantage="None"/><text>As zeolites are very sensitive to electron beam irradiation, low-dose HRTEM observation must be carried out, and so HRTEM photographs were obtained with negative films at <IT>ca</IT>.</text></s> <s sid="33"><CoreSc1 atype="GSC" type="Exp" conceptID="Exp2" novelty="None" advantage="None"/><text>1/30 electron beam density of ordinary observation conditions (0.05–0.1 A cm<SP>−2</SP>).</text></s> <s sid="34"><CoreSc1 atype="GSC" type="Exp" conceptID="Exp2" novelty="None" advantage="None"/><text>Acceleration voltage was 200 kV.</text></s> <s sid="35"><CoreSc1 atype="GSC" type="Exp" conceptID="Exp2" novelty="None" advantage="None"/><text>The terminal structure was simulated using a Crystal Kit and a Mac Tempas (Total Resolution).</text></s> <s sid="36"><CoreSc1 atype="GSC" type="Exp" conceptID="Exp2" novelty="None" advantage="None"/><text>The thickness of the sample and the focus condition calculated were 20 nm and −60 nm, respectively.</text></s></P><P><s sid="37"><CoreSc1 atype="GSC" type="Obs" conceptID="Obs1" novelty="None" advantage="None"/><text>Fig. 1a shows an FE-SEM image of zeolite A synthesized in this study.</text></s> <s sid="38"><CoreSc1 atype="GSC" type="Obs" conceptID="Obs1" novelty="None" advantage="None"/><text>The crystals have a uniform cubic morphology in a size range of 5–50 μm, and the squared faces observed were assigned as {100}.</text></s> <s sid="39"><CoreSc1 atype="GSC" type="Obs" conceptID="Obs2" novelty="None" advantage="None"/><text>Fig. 1b shows a magnified FE-SEM image of zeolite A; steps can be clearly observed.</text></s> <s sid="40"><CoreSc1 atype="GSC" type="Res" conceptID="Res1" novelty="None" advantage="None"/><text>The image observed here supports the layer-by-layer growth model as reported by Agger <IT>et al.</IT><REF TYPE="P" ID="cit16">16</REF></text></s> <s sid="41"><CoreSc1 atype="GSC" type="Obs" conceptID="Obs3" novelty="None" advantage="None"/><text>Fig. 1c and 1d show an AFM image of zeolite A and its cross-sectional profile, respectively.</text></s> <s sid="42"><CoreSc1 atype="GSC" type="Obs" conceptID="Obs3" novelty="None" advantage="None"/><text>As with the result by FE-SEM (Fig. 1b), steps without adhesion of amorphous matter can be clearly observed on the surface of zeolite A. A cross-sectional profile indicates that the steps observed are all <IT>ca</IT>.</text></s> <s sid="43"><CoreSc1 atype="GSC" type="Obs" conceptID="Obs3" novelty="None" advantage="None"/><text>1.23 nm high in this condition.</text></s> <s sid="44"><CoreSc1 atype="GSC" type="Obs" conceptID="Obs4" novelty="None" advantage="None"/><text>The framework structure of zeolite A, shown in Fig. 2a, consists of sodalite cages connected by double four membered rings (D4Rs).</text></s> <s sid="45"><CoreSc1 atype="GSC" type="Obs" conceptID="Obs4" novelty="None" advantage="None"/><text>A central void in the structure is called an α-cage.</text></s> <s sid="46"><CoreSc1 atype="GSC" type="Obs" conceptID="Obs5" novelty="None" advantage="None"/><text>In Fig. 2, four possible terminal structures of zeolite A surface are shown.</text></s> <s sid="47"><CoreSc1 atype="GSC" type="Obs" conceptID="Obs5" novelty="None" advantage="None"/><text>The surface can be terminated either with double four membered rings (b-1), complete sodalite cages (b-2), incomplete sodalite cages (b-3), or α-cages (b-4).</text></s> <s sid="48"><CoreSc1 atype="GSC" type="Res" conceptID="Res2" novelty="None" advantage="None"/><text>A step height of 1.23 nm corresponds to the characteristic length of the structure along 〈111〉 as reported by Agger<REF TYPE="P" ID="cit16">16</REF> and Sugiyama.<REF TYPE="P" ID="cit19">19</REF></text></s> <s sid="49"><CoreSc1 atype="GSC" type="Res" conceptID="Res3" novelty="None" advantage="None"/><text>From AFM observation, however, it is impossible to determine which of the four structures represents the real terminal surface at this stage; it can only be concluded that the steps observed by FE-SEM and AFM are 1.23 nm high, and that all steps are terminated with the same face.</text></s></P><P><s sid="50"><CoreSc1 atype="GSC" type="Obs" conceptID="Obs6" novelty="None" advantage="None"/><text>Next, the cross-section of the surface was observed by HRTEM.</text></s> <s sid="51"><CoreSc1 atype="GSC" type="Obs" conceptID="Obs6" novelty="None" advantage="None"/><text>Large crystals must be pulverized for HRTEM observation; however, it is difficult to distinguish an original external surface from a cleaved surface.</text></s> <s sid="52"><CoreSc1 atype="GSC" type="Exp" conceptID="Exp2" novelty="None" advantage="None"/><text>Thus, gold particles were used as markers to determine the original surface (see Experimental section and ESI<SUP TYPE="FOOTNOTE_MARKER" ID="fn1"/>).</text></s> <s sid="53"><CoreSc1 atype="GSC" type="Res" conceptID="Res4" novelty="None" advantage="None"/><text>In this study, clear HRTEM images were successfully obtained although zeolite A is usually easily damaged by the electron irradiation (an HRTEM image of the internal structure is shown in the ESI<SUP TYPE="FOOTNOTE_MARKER" ID="fn1"/>).</text></s> <s sid="54"><CoreSc1 atype="GSC" type="Res" conceptID="Res4" novelty="None" advantage="None"/><text>However, it was quite difficult to get clear images of the external structure of zeolite A due to Fresnel fringes, since it is difficult to prepare a sample thin enough to be observed.</text></s></P><P><s sid="55"><CoreSc1 atype="GSC" type="Obs" conceptID="Obs7" novelty="None" advantage="None"/><text>Fig. 3 shows the best image of zeolite A taken from the [100] direction.</text></s> <s sid="56"><CoreSc1 atype="GSC" type="Obs" conceptID="Obs7" novelty="None" advantage="None"/><text>Gold particles are observed on the surface, which guarantees that the observed surfaces are not cleaved ones (a low magnification image is shown in the ESI<SUP TYPE="FOOTNOTE_MARKER" ID="fn1"/>).</text></s> <s sid="57"><CoreSc1 atype="GSC" type="Obs" conceptID="Obs8" novelty="None" advantage="None"/><text>Fig. 4a, b, c and d shows enlarged images of Fig. 3.</text></s> <s sid="58"><CoreSc1 atype="GSC" type="Obs" conceptID="Obs8" novelty="None" advantage="None"/><text>Note that one image is duplicated in Fig. 4a, b, c and d for comparison.</text></s> <s sid="59"><CoreSc1 atype="GSC" type="Obs" conceptID="Obs9" novelty="None" advantage="None"/><text>Four different kinds of simulated terminal structures are shown in Fig. 4e, f, g and h, and the corresponding framework structures are illustrated in Fig. 4i, j, k and l, respectively.</text></s> <s sid="60"><CoreSc1 atype="GSC" type="Obs" conceptID="Obs10" novelty="None" advantage="None"/><text>Si and Al atoms are marked in the simulated images in Fig. 4e, f, g and h.</text></s> <s sid="61"><CoreSc1 atype="GSC" type="Obs" conceptID="Obs11" novelty="None" advantage="None"/><text>The four terminal structures are as follows;</text></s></P><P><s sid="62"><CoreSc1 atype="GSC" type="Obs" conceptID="Obs11" novelty="None" advantage="None"/><text>4i: terminated with double four membered rings (D4Rs).</text></s></P><P><s sid="63"><CoreSc1 atype="GSC" type="Obs" conceptID="Obs11" novelty="None" advantage="None"/><text>4j: terminated with complete sodalite cages (four membered rings (4Rs) are removed from the surface of Fig. 4i).</text></s></P><P><s sid="64"><CoreSc1 atype="GSC" type="Obs" conceptID="Obs11" novelty="None" advantage="None"/><text>4k: terminated with incomplete sodalite cages (D4Rs are removed from the surface of Fig. 4i).</text></s></P><P><s sid="65"><CoreSc1 atype="GSC" type="Obs" conceptID="Obs11" novelty="None" advantage="None"/><text>4l: terminated with α-cages.</text></s></P><P><s sid="66"><CoreSc1 atype="GSC" type="Res" conceptID="Res5" novelty="None" advantage="None"/><text>By comparing the observed and simulated images, the models in Fig. 4i and j are rejected, since the shaded part on the surface is different from that of the HRTEM image (see arrows).</text></s> <s sid="67"><CoreSc1 atype="GSC" type="Res" conceptID="Res5" novelty="None" advantage="None"/><text>The model in Fig. 4l is also different from the HRTEM image, since the light and shade simulated is different from that in the HRTEM image (see arrows).</text></s> <s sid="68"><CoreSc1 atype="GSC" type="Res" conceptID="Res5" novelty="None" advantage="None"/><text>Thus, the model in Fig. 4k gives the best fit.</text></s> <s sid="69"><CoreSc1 atype="GSC" type="Con" conceptID="Con2" novelty="None" advantage="None"/><text>By comparing the best image observed with the simulated one, the terminal structure of zeolite A as synthesized in this study can be identified as incomplete sodalite cages, as shown in Fig. 4k.</text></s> <s sid="70"><CoreSc1 atype="GSC" type="Con" conceptID="Con3" novelty="None" advantage="None"/><text>This result supports one of the terminal structures proposed by Sugiyama <IT>et al</IT><REF TYPE="P" ID="cit19">19</REF>. although the result obtained is not always applicable to all zeolite A synthesized by various ways; therefore, there is room for improving the analysis using various methods including HRTEM, AFM and computational calculation.<REF TYPE="P" ID="cit25">25</REF></text></s> <s sid="71"><CoreSc1 atype="GSC" type="Res" conceptID="Res6" novelty="None" advantage="None"/><text>It also suggests that the precursors contributing to the crystal growth are smaller than sodalite cages, such as 4R or D4R.</text></s></P><P><s sid="72"><CoreSc1 atype="GSC" type="Con" conceptID="Con4" novelty="None" advantage="None"/><text>In summary, the surface structure of zeolite A was investigated by the combined analysis of FE-SEM, AFM, and HRTEM.</text></s> <s sid="73"><CoreSc1 atype="GSC" type="Con" conceptID="Con1" novelty="None" advantage="None"/><text>By FE-SEM and AFM, it was shown that the surface of zeolite A characterized here was terminated with the same face.</text></s> <s sid="74"><CoreSc1 atype="GSC" type="Con" conceptID="Con2" novelty="None" advantage="None"/><text>Then, by HRTEM the terminal structure was revealed to be incomplete sodalite cages.</text></s></P></DIV></BODY></PAPER>